gate_id,location_id,collected_at,motor_temperature_c,motor_current_a,voltage_v,open_close_time_sec,vibration_mm_s,operation_count,error_count,days_since_maintenance,risk_score,risk_level,maintenance_event,failure_event
GATE-01,PARKING-01,2026-01-01 00:00:00,35.09,3.25,24.46,2.43,0.56,31198,0,37,0,정상,0,0
GATE-01,PARKING-01,2026-01-01 01:00:00,36.78,3.61,23.91,2.2,0.46,31204,0,37,0,정상,0,0
GATE-01,PARKING-01,2026-01-01 02:00:00,35.89,3.03,24.51,2.18,0.79,31206,0,37,2.16,정상,0,0
GATE-01,PARKING-01,2026-01-01 03:00:00,34.85,3.11,23.42,2.51,0.7,31210,1,37,5.18,정상,0,0
GATE-01,PARKING-01,2026-01-01 04:00:00,35.19,3.06,24.07,2.5,0.6,31213,1,37,7.51,정상,0,0
GATE-01,PARKING-01,2026-01-01 05:00:00,34.81,3.45,23.21,2.57,0.62,31220,0,37,2.44,정상,0,0
GATE-01,PARKING-01,2026-01-01 06:00:00,37.08,3.43,23.82,2.02,0.67,31240,0,37,0,정상,0,0
GATE-01,PARKING-01,2026-01-01 07:00:00,39.28,4.39,23.86,2.33,0.61,31293,0,37,1.69,정상,0,0
GATE-01,PARKING-01,2026-01-01 08:00:00,41.33,4.05,23.92,2.28,0.76,31334,0,37,3.74,정상,0,0
GATE-01,PARKING-01,2026-01-01 09:00:00,41.5,3.96,23.78,2.24,0.85,31385,0,37,0,정상,0,0
GATE-01,PARKING-01,2026-01-01 10:00:00,38.31,3.05,23.94,2.28,0.73,31401,0,37,0,정상,0,0
GATE-01,PARKING-01,2026-01-01 11:00:00,33.07,3.19,23.74,2.21,0.68,31419,0,37,1.37,정상,0,0
GATE-01,PARKING-01,2026-01-01 12:00:00,42.9,4.01,24.22,2.29,0.73,31460,0,37,1.87,정상,0,0
GATE-01,PARKING-01,2026-01-01 13:00:00,32.31,3.44,24.41,2.44,0.66,31479,1,37,8.79,정상,0,0
GATE-01,PARKING-01,2026-01-01 14:00:00,37.2,3.43,24.1,2.69,0.71,31496,0,37,0,정상,0,0
GATE-01,PARKING-01,2026-01-01 15:00:00,37.07,3.27,24.2,2.29,0.54,31521,0,37,1.63,정상,0,0
GATE-01,PARKING-01,2026-01-01 16:00:00,35.75,3.41,24.01,2.37,0.58,31540,1,37,1.6,정상,0,0
GATE-01,PARKING-01,2026-01-01 17:00:00,39.91,3.82,24.28,2.71,0.62,31589,1,37,7.68,정상,0,0
GATE-01,PARKING-01,2026-01-01 18:00:00,39.97,4.11,24.06,2.27,0.76,31636,0,37,0,정상,0,0
GATE-01,PARKING-01,2026-01-01 19:00:00,42.74,3.99,23.7,2.52,0.73,31684,0,37,1.87,정상,0,0
GATE-01,PARKING-01,2026-01-01 20:00:00,39.91,3.81,23.8,2.33,0.66,31715,0,37,2.29,정상,0,0
GATE-01,PARKING-01,2026-01-01 21:00:00,36.53,3.62,23.84,2.48,0.84,31742,0,37,2.25,정상,0,0
GATE-01,PARKING-01,2026-01-01 22:00:00,38.06,3.32,23.82,2.43,0.72,31771,0,37,0.94,정상,0,0
GATE-01,PARKING-01,2026-01-01 23:00:00,36.26,3.7,24.01,2.58,1.07,31788,0,37,1.68,정상,0,0
GATE-01,PARKING-01,2026-01-02 00:00:00,34.24,3.27,24,2.35,0.84,31788,0,38,4.66,정상,0,0
GATE-01,PARKING-01,2026-01-02 01:00:00,32.26,2.99,24.29,2.53,0.87,31788,0,38,2.57,정상,0,0
GATE-01,PARKING-01,2026-01-02 02:00:00,35.91,3.49,24.02,2.38,0.61,31796,0,38,0,정상,0,0
GATE-01,PARKING-01,2026-01-02 03:00:00,35.18,3.37,24.38,2.01,0.6,31806,1,38,8.79,정상,0,0
GATE-01,PARKING-01,2026-01-02 04:00:00,30.26,3.26,24.41,2.23,0.46,31809,0,38,3.89,정상,0,0
GATE-01,PARKING-01,2026-01-02 05:00:00,37.22,3.72,24.16,2.47,0.35,31818,0,38,3.19,정상,0,0
GATE-01,PARKING-01,2026-01-02 06:00:00,38.26,3.38,24.27,2.18,0.74,31846,0,38,0,정상,0,0
GATE-01,PARKING-01,2026-01-02 07:00:00,34.99,4.46,23.99,2.05,0.81,31879,0,38,0,정상,0,0
GATE-01,PARKING-01,2026-01-02 08:00:00,37.12,3.86,24.16,2.39,0.71,31917,0,38,2.91,정상,0,0
GATE-01,PARKING-01,2026-01-02 09:00:00,40.23,4.24,24.21,2.22,0.35,31957,0,38,1.32,정상,0,0
GATE-01,PARKING-01,2026-01-02 10:00:00,37.66,3.74,24.22,2.43,0.72,31984,0,38,0,정상,0,0
GATE-01,PARKING-01,2026-01-02 11:00:00,35.59,3.83,24.06,2.22,0.76,32013,0,38,0,정상,0,0
GATE-01,PARKING-01,2026-01-02 12:00:00,34.25,3.65,24.17,2.32,0.41,32022,0,38,1.06,정상,0,0
GATE-01,PARKING-01,2026-01-02 13:00:00,36.16,3.3,24.34,2.34,0.61,32052,0,38,1.61,정상,0,0
GATE-01,PARKING-01,2026-01-02 14:00:00,37.16,3.78,24.08,2.43,0.77,32068,0,38,0,정상,0,0
GATE-01,PARKING-01,2026-01-02 15:00:00,35.59,4.38,23.93,2.12,0.74,32089,1,38,6.81,정상,0,0
GATE-01,PARKING-01,2026-01-02 16:00:00,34,3.42,24.3,2.28,0.72,32119,0,38,2.11,정상,0,0
GATE-01,PARKING-01,2026-01-02 17:00:00,41.81,4.15,24.18,2.44,0.51,32165,1,38,5.87,정상,0,0
GATE-01,PARKING-01,2026-01-02 18:00:00,38.93,4.64,24.49,2.12,0.7,32208,0,38,0.4,정상,0,0
GATE-01,PARKING-01,2026-01-02 19:00:00,38.5,4.34,24.23,2.21,0.94,32249,0,38,2.42,정상,0,0
GATE-01,PARKING-01,2026-01-02 20:00:00,38.41,4.08,23.8,2.44,0.47,32286,0,38,2.1,정상,0,0
GATE-01,PARKING-01,2026-01-02 21:00:00,39.38,4,24.64,2.58,0.89,32309,0,38,2.21,정상,0,0
GATE-01,PARKING-01,2026-01-02 22:00:00,33.79,3.69,24.3,2.35,0.63,32329,0,38,2.88,정상,0,0
GATE-01,PARKING-01,2026-01-02 23:00:00,34.05,3.5,23.73,2.79,0.44,32347,1,38,9.55,정상,0,0
GATE-01,PARKING-01,2026-01-03 00:00:00,35.98,3.8,23.81,2.4,0.54,32353,0,39,0,정상,0,0
GATE-01,PARKING-01,2026-01-03 01:00:00,33.74,3.5,24.03,2.56,0.64,32353,0,39,0,정상,0,0
GATE-01,PARKING-01,2026-01-03 02:00:00,36.94,3.09,24.39,2.58,0.56,32360,0,39,4.61,정상,0,0
GATE-01,PARKING-01,2026-01-03 03:00:00,37.2,3.03,23.89,2.24,0.92,32368,0,39,3.1,정상,0,0
GATE-01,PARKING-01,2026-01-03 04:00:00,35.04,3.52,24.03,2.54,0.59,32380,0,39,2.89,정상,0,0
GATE-01,PARKING-01,2026-01-03 05:00:00,35.74,2.6,23.78,2.47,0.58,32381,0,39,1.26,정상,0,0
GATE-01,PARKING-01,2026-01-03 06:00:00,37.65,3.3,24.14,2,0.71,32405,1,39,7.67,정상,0,0
GATE-01,PARKING-01,2026-01-03 07:00:00,36.01,4.09,24,2.29,0.93,32455,0,39,0,정상,0,0
GATE-01,PARKING-01,2026-01-03 08:00:00,37.98,3.79,24.29,2.32,0.87,32499,0,39,3.27,정상,0,0
GATE-01,PARKING-01,2026-01-03 09:00:00,39.88,4.2,24.1,2.49,0.7,32550,0,39,0.3,정상,0,0
GATE-01,PARKING-01,2026-01-03 10:00:00,38.35,3.8,23.92,2.35,0.61,32574,0,39,2.21,정상,0,0
GATE-01,PARKING-01,2026-01-03 11:00:00,36.4,3.74,24.1,2.31,0.51,32599,0,39,1.72,정상,0,0
GATE-01,PARKING-01,2026-01-03 12:00:00,36.45,3.43,24.47,2.32,0.74,32614,1,39,4.49,정상,0,0
GATE-01,PARKING-01,2026-01-03 13:00:00,37.1,3.46,24.27,2.62,0.85,32636,0,39,2.8,정상,0,0
GATE-01,PARKING-01,2026-01-03 14:00:00,35.4,3.71,24.23,2.37,0.89,32661,1,39,7.1,정상,0,0
GATE-01,PARKING-01,2026-01-03 15:00:00,38.2,3.52,24.27,2.35,0.46,32682,1,39,7.98,정상,0,0
GATE-01,PARKING-01,2026-01-03 16:00:00,38.92,3.79,24.32,2.28,0.8,32704,0,39,3.81,정상,0,0
GATE-01,PARKING-01,2026-01-03 17:00:00,38.74,4.43,24.35,2.3,0.73,32745,0,39,3.1,정상,0,0
GATE-01,PARKING-01,2026-01-03 18:00:00,37.71,3.97,24.02,2.22,0.88,32797,0,39,0,정상,0,0
GATE-01,PARKING-01,2026-01-03 19:00:00,39.23,4.46,24.49,2.51,0.24,32845,0,39,2.72,정상,0,0
GATE-01,PARKING-01,2026-01-03 20:00:00,38.11,3.13,24.07,2.58,0.61,32876,0,39,0,정상,0,0
GATE-01,PARKING-01,2026-01-03 21:00:00,38.07,3.42,23.94,2.49,0.4,32890,0,39,1.45,정상,0,0
GATE-01,PARKING-01,2026-01-03 22:00:00,37.34,3.52,23.99,2.39,0.77,32914,1,39,5.72,정상,0,0
GATE-01,PARKING-01,2026-01-03 23:00:00,36.5,3.54,24.02,2.17,0.61,32931,0,39,1.02,정상,0,0
GATE-01,PARKING-01,2026-01-04 00:00:00,32.49,3.1,24.07,2.4,0.82,32933,0,40,2.63,정상,0,0
GATE-01,PARKING-01,2026-01-04 01:00:00,36.11,3.34,24.1,2.63,0.69,32944,0,40,0.79,정상,0,0
GATE-01,PARKING-01,2026-01-04 02:00:00,33.46,3.53,24.38,1.99,0.66,32949,0,40,1.43,정상,0,0
GATE-01,PARKING-01,2026-01-04 03:00:00,34.15,4,24.1,2.42,0.66,32964,1,40,5.01,정상,0,0
GATE-01,PARKING-01,2026-01-04 04:00:00,34.94,3.4,23.97,2.56,0.64,32974,0,40,0,정상,0,0
GATE-01,PARKING-01,2026-01-04 05:00:00,35.65,3.18,23.98,2.42,0.49,32980,0,40,0.91,정상,0,0
GATE-01,PARKING-01,2026-01-04 06:00:00,34.99,3.67,23.96,2.38,0.76,32998,0,40,2.78,정상,0,0
GATE-01,PARKING-01,2026-01-04 07:00:00,37.76,3.64,23.86,2.37,0.81,33031,0,40,3.83,정상,0,0
GATE-01,PARKING-01,2026-01-04 08:00:00,39.43,3.98,24.32,2.57,0.5,33081,0,40,1.69,정상,0,0
GATE-01,PARKING-01,2026-01-04 09:00:00,41.41,3.82,24.22,2.33,0.93,33140,1,40,6.57,정상,0,0
GATE-01,PARKING-01,2026-01-04 10:00:00,37.58,3.28,24.02,2.68,1,33167,0,40,0,정상,0,0
GATE-01,PARKING-01,2026-01-04 11:00:00,39.09,3.33,23.61,2.21,0.97,33181,1,40,4.87,정상,0,0
GATE-01,PARKING-01,2026-01-04 12:00:00,34.4,3.33,24.18,2.16,0.89,33201,0,40,0.19,정상,0,0
GATE-01,PARKING-01,2026-01-04 13:00:00,37.59,3.68,24.72,2.38,0.81,33227,0,40,1.89,정상,0,0
GATE-01,PARKING-01,2026-01-04 14:00:00,37.72,3.54,23.72,2.45,0.69,33259,0,40,0,정상,0,0
GATE-01,PARKING-01,2026-01-04 15:00:00,36.06,3.69,23.8,2.23,0.44,33272,0,40,2.01,정상,0,0
GATE-01,PARKING-01,2026-01-04 16:00:00,35.14,3.32,23.98,2.29,0.46,33290,1,40,7.23,정상,0,0
GATE-01,PARKING-01,2026-01-04 17:00:00,38.65,4.19,23.71,2.56,0.62,33332,1,40,8.8,정상,0,0
GATE-01,PARKING-01,2026-01-04 18:00:00,38.39,3.89,24.65,2.45,0.75,33369,0,40,1.46,정상,0,0
GATE-01,PARKING-01,2026-01-04 19:00:00,37.94,3.31,24.32,2.42,0.82,33417,0,40,0.85,정상,0,0
GATE-01,PARKING-01,2026-01-04 20:00:00,37.88,3.17,24.23,2.67,0.58,33448,0,40,5.53,정상,0,0
GATE-01,PARKING-01,2026-01-04 21:00:00,35.54,3.55,24.23,2.43,0.39,33472,0,40,1.07,정상,0,0
GATE-01,PARKING-01,2026-01-04 22:00:00,34.72,3.82,23.99,2.32,0.77,33490,0,40,0,정상,0,0
GATE-01,PARKING-01,2026-01-04 23:00:00,38.35,3.4,24.54,2.26,0.59,33514,0,40,4.4,정상,0,0
GATE-01,PARKING-01,2026-01-05 00:00:00,35.6,2.98,23.86,2.1,0.89,33515,0,41,1.6,정상,0,0
GATE-01,PARKING-01,2026-01-05 01:00:00,34.3,3.32,24.39,2.45,0.62,33515,1,41,8.21,정상,0,0
GATE-01,PARKING-01,2026-01-05 02:00:00,33.47,3.94,24.04,2.58,0.53,33524,1,41,6.23,정상,0,0
GATE-01,PARKING-01,2026-01-05 03:00:00,32.47,2.98,24.19,2.3,0.75,33525,0,41,1.05,정상,0,0
GATE-01,PARKING-01,2026-01-05 04:00:00,33.49,2.97,24.1,2.38,0.67,33528,0,41,3.5,정상,0,0
GATE-01,PARKING-01,2026-01-05 05:00:00,35.07,2.99,24.12,2.66,0.47,33538,0,41,0,정상,0,0
GATE-01,PARKING-01,2026-01-05 06:00:00,35.52,3.45,23.9,2.33,0.65,33555,0,41,0.09,정상,0,0
GATE-01,PARKING-01,2026-01-05 07:00:00,38.11,3.57,24.3,2.41,0.61,33584,0,41,0,정상,0,0
GATE-01,PARKING-01,2026-01-05 08:00:00,37.6,4.29,24.1,2.25,0.57,33619,0,41,0.92,정상,0,0
GATE-01,PARKING-01,2026-01-05 09:00:00,39.27,3.51,23.75,2.17,0.61,33663,1,41,7.09,정상,0,0
GATE-01,PARKING-01,2026-01-05 10:00:00,35.94,3.32,24.26,2.34,0.54,33686,0,41,2.84,정상,0,0
GATE-01,PARKING-01,2026-01-05 11:00:00,36.63,3.66,23.82,2.28,0.44,33709,1,41,1.83,정상,0,0
GATE-01,PARKING-01,2026-01-05 12:00:00,36.29,4.29,23.97,2.35,0.24,33727,1,41,8.9,정상,0,0
GATE-01,PARKING-01,2026-01-05 13:00:00,30.17,2.83,23.95,2.19,0.27,33734,1,41,4.81,정상,0,0
GATE-01,PARKING-01,2026-01-05 14:00:00,36.83,4.24,24.68,2.47,0.84,33758,0,41,0,정상,0,0
GATE-01,PARKING-01,2026-01-05 15:00:00,37.16,4.45,24.19,2.47,0.82,33790,0,41,1.39,정상,0,0
GATE-01,PARKING-01,2026-01-05 16:00:00,38.58,3.47,24.02,2.3,0.72,33823,0,41,0,정상,0,0
GATE-01,PARKING-01,2026-01-05 17:00:00,39.6,3.07,24.01,2.44,1.16,33869,0,41,0,정상,0,0
GATE-01,PARKING-01,2026-01-05 18:00:00,41.1,4.27,24.1,2.55,0.6,33922,0,41,0.83,정상,0,0
GATE-01,PARKING-01,2026-01-05 19:00:00,40.56,4.32,24.22,2.17,0.79,33973,0,41,0,정상,0,0
GATE-01,PARKING-01,2026-01-05 20:00:00,40.94,4.24,24.09,2.75,1.01,34024,0,41,3.27,정상,0,0
GATE-01,PARKING-01,2026-01-05 21:00:00,35.84,3.15,24.52,2.29,0.69,34034,0,41,2.47,정상,0,0
GATE-01,PARKING-01,2026-01-05 22:00:00,39.37,3.81,23.85,2.68,0.41,34058,0,41,0,정상,0,0
GATE-01,PARKING-01,2026-01-05 23:00:00,37.64,3.55,24.31,2.05,0.59,34085,0,41,4.86,정상,0,0
GATE-01,PARKING-01,2026-01-06 00:00:00,35.58,3.68,23.94,2.33,0.67,34092,0,42,1.64,정상,0,0
GATE-01,PARKING-01,2026-01-06 01:00:00,34.41,3.04,23.81,2.25,0.64,34095,0,42,4.71,정상,0,0
GATE-01,PARKING-01,2026-01-06 02:00:00,32.64,3.57,24.04,2.3,0.28,34095,0,42,1.52,정상,0,0
GATE-01,PARKING-01,2026-01-06 03:00:00,33.73,3.05,24.11,2.28,0.7,34097,1,42,4.87,정상,0,0
GATE-01,PARKING-01,2026-01-06 04:00:00,36.34,3.5,24.24,2.57,0.54,34102,0,42,3.75,정상,0,0
GATE-01,PARKING-01,2026-01-06 05:00:00,34.04,2.78,24.06,2.18,0.54,34109,0,42,1.04,정상,0,0
GATE-01,PARKING-01,2026-01-06 06:00:00,38.04,3.37,23.83,2.32,0.88,34131,1,42,6.59,정상,0,0
GATE-01,PARKING-01,2026-01-06 07:00:00,37.67,3.86,24.02,2.18,0.49,34160,1,42,6.81,정상,0,0
GATE-01,PARKING-01,2026-01-06 08:00:00,41.62,4.41,24.15,2.37,0.65,34200,0,42,0.33,정상,0,0
GATE-01,PARKING-01,2026-01-06 09:00:00,39.69,3.9,23.96,2.44,0.89,34254,0,42,0,정상,0,0
GATE-01,PARKING-01,2026-01-06 10:00:00,37.16,3.69,24.13,2.59,0.84,34284,0,42,0.55,정상,0,0
GATE-01,PARKING-01,2026-01-06 11:00:00,35.91,3.72,23.66,2.31,0.71,34306,0,42,5.46,정상,0,0
GATE-01,PARKING-01,2026-01-06 12:00:00,35.5,3.73,24.03,2.4,0.62,34327,0,42,0,정상,0,0
GATE-01,PARKING-01,2026-01-06 13:00:00,37.01,3.71,24.05,2.6,0.85,34346,0,42,0,정상,0,0
GATE-01,PARKING-01,2026-01-06 14:00:00,37.06,3.62,23.82,2.53,1,34366,0,42,0,정상,0,0
GATE-01,PARKING-01,2026-01-06 15:00:00,38.08,4.17,23.94,2.24,0.61,34386,0,42,0.48,정상,0,0
GATE-01,PARKING-01,2026-01-06 16:00:00,32.7,3.63,24.1,2.32,0.91,34393,0,42,4.44,정상,0,0
GATE-01,PARKING-01,2026-01-06 17:00:00,39.17,3.71,23.87,2.42,0.47,34436,0,42,0.29,정상,0,0
GATE-01,PARKING-01,2026-01-06 18:00:00,39.91,3.47,24.11,2.44,0.35,34474,0,42,0,정상,0,0
GATE-01,PARKING-01,2026-01-06 19:00:00,38.72,3.52,24.13,2.35,0.81,34512,0,42,0,정상,0,0
GATE-01,PARKING-01,2026-01-06 20:00:00,36.64,4.26,24.33,2.43,0.65,34553,0,42,3.38,정상,0,0
GATE-01,PARKING-01,2026-01-06 21:00:00,37.39,3.68,24.36,2.26,0.69,34576,0,42,1.86,정상,0,0
GATE-01,PARKING-01,2026-01-06 22:00:00,35.36,3.68,23.64,2.29,1.22,34596,0,42,1.57,정상,0,0
GATE-01,PARKING-01,2026-01-06 23:00:00,37.12,3.9,24.15,2.17,0.86,34614,1,42,9.19,정상,0,0
GATE-01,PARKING-01,2026-01-07 00:00:00,36.91,3.03,23.96,2.34,0.82,34614,0,43,0,정상,0,0
GATE-01,PARKING-01,2026-01-07 01:00:00,33.46,2.84,24.4,2.09,1.02,34614,1,43,8.3,정상,0,0
GATE-01,PARKING-01,2026-01-07 02:00:00,36.21,3.66,24.11,2.14,0.76,34617,0,43,0,정상,0,0
GATE-01,PARKING-01,2026-01-07 03:00:00,32.3,3.48,24.26,2.55,0.82,34617,0,43,0,정상,0,0
GATE-01,PARKING-01,2026-01-07 04:00:00,38.46,3.8,24.15,2.51,0.7,34630,0,43,0.44,정상,0,0
GATE-01,PARKING-01,2026-01-07 05:00:00,34.68,2.93,24.16,2.71,0.94,34635,0,43,1.23,정상,0,0
GATE-01,PARKING-01,2026-01-07 06:00:00,37.27,4.1,24.22,2.44,0.68,34654,0,43,2.73,정상,0,0
GATE-01,PARKING-01,2026-01-07 07:00:00,41.13,4.58,24.26,2.18,0.62,34701,0,43,1.9,정상,0,0
GATE-01,PARKING-01,2026-01-07 08:00:00,37.66,3.64,24.09,2.51,0.69,34736,0,43,0.04,정상,0,0
GATE-01,PARKING-01,2026-01-07 09:00:00,38.99,3.84,24.01,2.33,1.24,34780,0,43,0.77,정상,0,0
GATE-01,PARKING-01,2026-01-07 10:00:00,38.12,3.84,23.81,2.54,0.78,34809,0,43,1.12,정상,0,0
GATE-01,PARKING-01,2026-01-07 11:00:00,37.31,3.2,24.12,2.4,0.87,34830,0,43,0,정상,0,0
GATE-01,PARKING-01,2026-01-07 12:00:00,35.77,3.82,23.79,2.5,0.85,34850,0,43,0.55,정상,0,0
GATE-01,PARKING-01,2026-01-07 13:00:00,36.37,3.25,24.06,2.36,0.73,34861,0,43,0,정상,0,0
GATE-01,PARKING-01,2026-01-07 14:00:00,36.12,3.74,24.38,2.32,0.73,34891,0,43,1.86,정상,0,0
GATE-01,PARKING-01,2026-01-07 15:00:00,38.61,4.16,24.24,2.44,0.61,34918,2,43,9.37,정상,0,0
GATE-01,PARKING-01,2026-01-07 16:00:00,35.95,3.51,24.22,2.36,0.89,34932,1,43,8.94,정상,0,0
GATE-01,PARKING-01,2026-01-07 17:00:00,37.96,4.23,24.25,2.08,1.33,34968,0,43,3.56,정상,0,0
GATE-01,PARKING-01,2026-01-07 18:00:00,36.13,3.63,24.09,2.69,1.06,34991,1,43,4.7,정상,0,0
GATE-01,PARKING-01,2026-01-07 19:00:00,38.51,4.92,23.86,2.52,0.91,35038,0,43,4.03,정상,0,0
GATE-01,PARKING-01,2026-01-07 20:00:00,40.88,4.13,24.19,2.11,0.72,35106,1,43,6.23,정상,0,0
GATE-01,PARKING-01,2026-01-07 21:00:00,36.03,3.46,23.88,2.79,0.83,35125,0,43,0,정상,0,0
GATE-01,PARKING-01,2026-01-07 22:00:00,34.09,3.43,23.96,2.63,0.81,35141,1,43,8.55,정상,0,0
GATE-01,PARKING-01,2026-01-07 23:00:00,35.85,3.71,24.29,2.57,0.36,35163,0,43,5.21,정상,0,0
GATE-01,PARKING-01,2026-01-08 00:00:00,35.08,3.83,24.36,2.18,0.44,35163,1,44,6.09,정상,0,0
GATE-01,PARKING-01,2026-01-08 01:00:00,33.72,3.76,24.31,2.16,0.91,35175,0,44,2.82,정상,0,0
GATE-01,PARKING-01,2026-01-08 02:00:00,34.78,3.17,24.21,2.39,0.79,35175,0,44,0,정상,0,0
GATE-01,PARKING-01,2026-01-08 03:00:00,33.64,3.44,23.73,2.39,0.66,35177,0,44,3.49,정상,0,0
GATE-01,PARKING-01,2026-01-08 04:00:00,32.41,3.45,23.91,2.84,0.81,35177,0,44,2.41,정상,0,0
GATE-01,PARKING-01,2026-01-08 05:00:00,35.61,3,24.16,2.32,0.77,35183,1,44,4.58,정상,0,0
GATE-01,PARKING-01,2026-01-08 06:00:00,38.63,3.82,24.09,2.34,0.89,35209,0,44,2.2,정상,0,0
GATE-01,PARKING-01,2026-01-08 07:00:00,39.14,4.23,23.48,2.67,0.58,35256,0,44,2.67,정상,0,0
GATE-01,PARKING-01,2026-01-08 08:00:00,43.41,4.09,24.42,2.19,0.83,35296,1,44,8.4,정상,0,0
GATE-01,PARKING-01,2026-01-08 09:00:00,41.55,4.44,24.09,2.66,0.54,35335,0,44,0,정상,0,0
GATE-01,PARKING-01,2026-01-08 10:00:00,36.12,3.66,24.31,2.48,1.18,35360,0,44,1.37,정상,0,0
GATE-01,PARKING-01,2026-01-08 11:00:00,36.1,3.79,24.13,2.42,0.77,35375,0,44,0,정상,0,0
GATE-01,PARKING-01,2026-01-08 12:00:00,36.27,3.72,23.86,2.65,0.87,35409,0,44,3.58,정상,0,0
GATE-01,PARKING-01,2026-01-08 13:00:00,38.52,3.53,24.08,2.28,0.85,35428,0,44,3.08,정상,0,0
GATE-01,PARKING-01,2026-01-08 14:00:00,38.42,3.69,23.99,2.64,0.7,35448,0,44,1.89,정상,0,0
GATE-01,PARKING-01,2026-01-08 15:00:00,36.77,3.94,23.93,2.75,0.54,35473,0,44,0.18,정상,0,0
GATE-01,PARKING-01,2026-01-08 16:00:00,36.2,3.57,24.06,2.3,1.06,35497,0,44,0,정상,0,0
GATE-01,PARKING-01,2026-01-08 17:00:00,36.92,3.96,24.13,2.31,0.95,35531,0,44,0.71,정상,0,0
GATE-01,PARKING-01,2026-01-08 18:00:00,43.69,4.53,23.69,2.29,0.91,35592,0,44,3.97,정상,0,0
GATE-01,PARKING-01,2026-01-08 19:00:00,38.83,4.07,24.18,2.46,0.92,35631,0,44,0.06,정상,0,0
GATE-01,PARKING-01,2026-01-08 20:00:00,36.59,3.57,24.22,2.34,0.47,35662,0,44,2.1,정상,0,0
GATE-01,PARKING-01,2026-01-08 21:00:00,36.37,4.03,23.87,2.34,0.8,35696,0,44,0,정상,0,0
GATE-01,PARKING-01,2026-01-08 22:00:00,39.13,3.6,24.04,2.54,0.69,35720,1,44,5.91,정상,0,0
GATE-01,PARKING-01,2026-01-08 23:00:00,39.83,3.31,24.23,2.3,0.78,35743,1,44,7.08,정상,0,0
GATE-01,PARKING-01,2026-01-09 00:00:00,34.99,3.12,23.71,2.35,0.53,35743,0,45,2.33,정상,0,0
GATE-01,PARKING-01,2026-01-09 01:00:00,34.31,2.72,24.12,2.22,0.62,35743,0,45,1.57,정상,0,0
GATE-01,PARKING-01,2026-01-09 02:00:00,37.52,3.39,23.87,2.62,0.74,35743,0,45,0.94,정상,0,0
GATE-01,PARKING-01,2026-01-09 03:00:00,36.6,3.62,23.61,2.65,0.75,35752,0,45,0.9,정상,0,0
GATE-01,PARKING-01,2026-01-09 04:00:00,32.97,3.41,23.86,2.85,0.88,35752,0,45,0,정상,0,0
GATE-01,PARKING-01,2026-01-09 05:00:00,35.39,3.53,24.09,2.22,0.88,35755,0,45,2.12,정상,0,0
GATE-01,PARKING-01,2026-01-09 06:00:00,39.79,4.29,24.17,2.49,0.91,35785,1,45,6.74,정상,0,0
GATE-01,PARKING-01,2026-01-09 07:00:00,41.39,4.08,23.77,2.54,0.97,35828,0,45,0.51,정상,0,0
GATE-01,PARKING-01,2026-01-09 08:00:00,40.73,3.8,24.26,2.5,0.62,35856,0,45,0,정상,0,0
GATE-01,PARKING-01,2026-01-09 09:00:00,38.1,4.09,24.13,2.72,0.62,35888,1,45,5.64,정상,0,0
GATE-01,PARKING-01,2026-01-09 10:00:00,39.15,4.03,24.25,2.56,0.91,35909,1,45,4.6,정상,0,0
GATE-01,PARKING-01,2026-01-09 11:00:00,36.75,3.32,24.57,2.48,0.71,35925,0,45,1.59,정상,0,0
GATE-01,PARKING-01,2026-01-09 12:00:00,36.82,3.25,24.24,2.56,1.04,35948,1,45,7.68,정상,0,0
GATE-01,PARKING-01,2026-01-09 13:00:00,38.13,4.07,24.22,2.39,0.67,35976,1,45,5.73,정상,0,0
GATE-01,PARKING-01,2026-01-09 14:00:00,36.76,4.26,24.36,2.5,0.65,36002,0,45,1.22,정상,0,0
GATE-01,PARKING-01,2026-01-09 15:00:00,38.2,3.23,24.02,2.69,0.94,36022,0,45,0,정상,0,0
GATE-01,PARKING-01,2026-01-09 16:00:00,38.72,3.74,24.21,2.33,0.94,36043,0,45,5.34,정상,0,0
GATE-01,PARKING-01,2026-01-09 17:00:00,37.8,4.23,24.26,2.42,0.33,36062,0,45,2.78,정상,0,0
GATE-01,PARKING-01,2026-01-09 18:00:00,40.6,4.37,24.12,2.29,1.11,36107,0,45,4.51,정상,0,0
GATE-01,PARKING-01,2026-01-09 19:00:00,39.15,4.06,23.82,2.34,0.65,36140,0,45,3.11,정상,0,0
GATE-01,PARKING-01,2026-01-09 20:00:00,38.19,3.79,23.78,2.32,0.78,36174,0,45,1.6,정상,0,0
GATE-01,PARKING-01,2026-01-09 21:00:00,36.6,3.87,23.83,2.55,0.88,36191,0,45,0,정상,0,0
GATE-01,PARKING-01,2026-01-09 22:00:00,36.59,3.53,24.01,2.45,0.91,36218,0,45,1.26,정상,0,0
GATE-01,PARKING-01,2026-01-09 23:00:00,37.68,3.76,23.65,2.6,0.5,36245,0,45,0,정상,0,0
GATE-01,PARKING-01,2026-01-10 00:00:00,35.91,3.53,23.77,2.05,0.47,36258,0,46,0,정상,0,0
GATE-01,PARKING-01,2026-01-10 01:00:00,35.51,3.98,24.32,2.65,0.69,36269,0,46,3,정상,0,0
GATE-01,PARKING-01,2026-01-10 02:00:00,35.19,3.56,24.16,2.28,0.83,36269,0,46,0,정상,0,0
GATE-01,PARKING-01,2026-01-10 03:00:00,34.88,3.72,24.07,2.68,0.85,36271,0,46,0.18,정상,0,0
GATE-01,PARKING-01,2026-01-10 04:00:00,36.27,2.92,24.03,2.57,0.87,36275,0,46,0,정상,0,0
GATE-01,PARKING-01,2026-01-10 05:00:00,36.21,3.54,24.02,2.52,0.68,36279,1,46,5.04,정상,0,0
GATE-01,PARKING-01,2026-01-10 06:00:00,38.56,3.91,24.4,2.36,0.45,36304,1,46,6.91,정상,0,0
GATE-01,PARKING-01,2026-01-10 07:00:00,39.72,4,23.89,2.47,0.75,36352,0,46,0,정상,0,0
GATE-01,PARKING-01,2026-01-10 08:00:00,37.16,4.07,23.93,2.49,0.58,36386,1,46,5.72,정상,0,0
GATE-01,PARKING-01,2026-01-10 09:00:00,42.6,4.59,23.95,2.86,0.86,36431,0,46,0.5,정상,0,0
GATE-01,PARKING-01,2026-01-10 10:00:00,43.25,3.88,24.34,2.31,1.08,36468,1,46,7.82,정상,0,0
GATE-01,PARKING-01,2026-01-10 11:00:00,38.38,3.93,24.05,2.62,0.89,36490,0,46,0,정상,0,0
GATE-01,PARKING-01,2026-01-10 12:00:00,38.17,3.62,24.48,3.06,0.91,36511,1,46,6.88,정상,0,0
GATE-01,PARKING-01,2026-01-10 13:00:00,37.52,3.93,24.21,2.53,1.04,36531,0,46,0.22,정상,0,0
GATE-01,PARKING-01,2026-01-10 14:00:00,37.93,3.9,24.29,2.25,0.79,36558,1,46,8.96,정상,0,0
GATE-01,PARKING-01,2026-01-10 15:00:00,42.95,3.69,24.03,2.5,0.93,36586,0,46,1.14,정상,0,0
GATE-01,PARKING-01,2026-01-10 16:00:00,36.51,4.6,24.23,2.41,0.83,36618,0,46,1.33,정상,0,0
GATE-01,PARKING-01,2026-01-10 17:00:00,39.28,3.93,24.35,2.49,0.86,36651,1,46,7.24,정상,0,0
GATE-01,PARKING-01,2026-01-10 18:00:00,37.19,4.07,24.05,2.46,0.9,36683,0,46,3.25,정상,0,0
GATE-01,PARKING-01,2026-01-10 19:00:00,42.29,4.33,24.23,2.16,0.86,36738,0,46,0,정상,0,0
GATE-01,PARKING-01,2026-01-10 20:00:00,34.77,3.6,24.01,2.95,0.91,36760,0,46,0.18,정상,0,0
GATE-01,PARKING-01,2026-01-10 21:00:00,39.66,3.83,24.31,2.47,0.76,36793,0,46,0.84,정상,0,0
GATE-01,PARKING-01,2026-01-10 22:00:00,34.74,3.83,23.68,2.41,0.84,36809,0,46,0,정상,0,0
GATE-01,PARKING-01,2026-01-10 23:00:00,38.69,3.63,23.85,2.64,0.87,36829,0,46,0,정상,0,0
GATE-01,PARKING-01,2026-01-11 00:00:00,33.95,3.21,24,2.14,0.96,36830,1,47,4.37,정상,0,0
GATE-01,PARKING-01,2026-01-11 01:00:00,33.31,3.3,24.29,2.48,0.92,36830,1,47,4.5,정상,0,0
GATE-01,PARKING-01,2026-01-11 02:00:00,34.74,4.24,24.15,2.62,0.65,36842,0,47,1.16,정상,0,0
GATE-01,PARKING-01,2026-01-11 03:00:00,34.11,4.26,24.11,2.49,0.96,36845,0,47,0,정상,0,0
GATE-01,PARKING-01,2026-01-11 04:00:00,38.33,3.24,24.7,2.6,0.72,36853,0,47,5.97,정상,0,0
GATE-01,PARKING-01,2026-01-11 05:00:00,38.03,3.79,24.37,2.37,1.07,36866,0,47,2.79,정상,0,0
GATE-01,PARKING-01,2026-01-11 06:00:00,38.44,3.89,24.14,2.56,1.03,36882,1,47,7.32,정상,0,0
GATE-01,PARKING-01,2026-01-11 07:00:00,39.63,4.56,24.52,2.68,0.91,36930,0,47,3.61,정상,0,0
GATE-01,PARKING-01,2026-01-11 08:00:00,40.92,4.3,24.27,2.32,0.94,36982,1,47,3.35,정상,0,0
GATE-01,PARKING-01,2026-01-11 09:00:00,43.62,4.11,24.1,2.35,0.97,37027,1,47,7.5,정상,0,0
GATE-01,PARKING-01,2026-01-11 10:00:00,34.79,3.34,24.24,2.32,0.78,37045,0,47,0,정상,0,0
GATE-01,PARKING-01,2026-01-11 11:00:00,39.86,3.71,23.53,2.3,1,37073,0,47,4.14,정상,0,0
GATE-01,PARKING-01,2026-01-11 12:00:00,39.64,3.84,24.35,2.57,1.09,37094,0,47,1.53,정상,0,0
GATE-01,PARKING-01,2026-01-11 13:00:00,36.08,3.89,24.28,2.52,0.82,37118,0,47,0.7,정상,0,0
GATE-01,PARKING-01,2026-01-11 14:00:00,36.77,4.11,24.18,2.37,0.91,37139,0,47,0,정상,0,0
GATE-01,PARKING-01,2026-01-11 15:00:00,37.61,3.9,24.13,2.38,0.89,37164,0,47,0.75,정상,0,0
GATE-01,PARKING-01,2026-01-11 16:00:00,35.61,3.89,24.14,2.64,0.47,37184,1,47,3.36,정상,0,0
GATE-01,PARKING-01,2026-01-11 17:00:00,40.18,4.7,23.77,2.73,1.11,37231,1,47,5.96,정상,0,0
GATE-01,PARKING-01,2026-01-11 18:00:00,40.09,4.46,24.34,2.39,1.07,37281,0,47,4.18,정상,0,0
GATE-01,PARKING-01,2026-01-11 19:00:00,41.66,4.12,23.91,2.53,0.92,37332,0,47,0,정상,0,0
GATE-01,PARKING-01,2026-01-11 20:00:00,35.74,3.71,23.85,2.49,0.62,37363,0,47,2.17,정상,0,0
GATE-01,PARKING-01,2026-01-11 21:00:00,38.72,3.68,24.07,2.63,0.98,37377,0,47,0,정상,0,0
GATE-01,PARKING-01,2026-01-11 22:00:00,37.61,3.54,23.92,2.72,0.9,37389,0,47,0,정상,0,0
GATE-01,PARKING-01,2026-01-11 23:00:00,38.04,4.29,24.07,2.39,0.74,37409,0,47,1.86,정상,0,0
GATE-01,PARKING-01,2026-01-12 00:00:00,37.61,3.66,23.62,2.45,0.83,37414,0,48,1.53,정상,0,0
GATE-01,PARKING-01,2026-01-12 01:00:00,34.17,3.39,24.05,2.4,0.98,37417,0,48,1.51,정상,0,0
GATE-01,PARKING-01,2026-01-12 02:00:00,38.44,3.85,23.86,2.5,0.85,37432,0,48,0.59,정상,0,0
GATE-01,PARKING-01,2026-01-12 03:00:00,32.6,2.97,24.01,2.67,0.87,37437,0,48,0,정상,0,0
GATE-01,PARKING-01,2026-01-12 04:00:00,33.59,3.33,24.23,2.51,0.95,37445,1,48,9.29,정상,0,0
GATE-01,PARKING-01,2026-01-12 05:00:00,35.8,3.77,23.7,2.27,0.95,37458,0,48,2.9,정상,0,0
GATE-01,PARKING-01,2026-01-12 06:00:00,39.54,3.63,23.9,2.59,0.88,37475,1,48,7.02,정상,0,0
GATE-01,PARKING-01,2026-01-12 07:00:00,39.26,3.94,24.02,2.5,0.95,37507,0,48,0,정상,0,0
GATE-01,PARKING-01,2026-01-12 08:00:00,41.31,4.47,24.19,2.44,0.74,37557,1,48,6.06,정상,0,0
GATE-01,PARKING-01,2026-01-12 09:00:00,40.3,4.05,24.27,2.55,0.85,37592,0,48,1.57,정상,0,0
GATE-01,PARKING-01,2026-01-12 10:00:00,38.87,3.63,24.03,2.42,0.74,37612,1,48,5.34,정상,0,0
GATE-01,PARKING-01,2026-01-12 11:00:00,36.99,3.74,24.06,2.62,1.08,37638,0,48,0,정상,0,0
GATE-01,PARKING-01,2026-01-12 12:00:00,36.01,4.21,24.16,2.28,0.95,37658,0,48,0.6,정상,0,0
GATE-01,PARKING-01,2026-01-12 13:00:00,38.3,4.17,24.19,2.47,0.77,37682,1,48,4.65,정상,0,0
GATE-01,PARKING-01,2026-01-12 14:00:00,38.28,4.33,23.98,2.56,1.01,37706,1,48,5.59,정상,0,0
GATE-01,PARKING-01,2026-01-12 15:00:00,42.79,3.83,23.67,2.51,0.77,37725,1,48,5.75,정상,0,0
GATE-01,PARKING-01,2026-01-12 16:00:00,39.17,3.81,24,2.38,0.81,37751,0,48,0.33,정상,0,0
GATE-01,PARKING-01,2026-01-12 17:00:00,39.31,4.33,23.95,2.61,0.79,37779,0,48,0,정상,0,0
GATE-01,PARKING-01,2026-01-12 18:00:00,39.1,3.68,23.77,2.52,0.98,37819,1,48,7.43,정상,0,0
GATE-01,PARKING-01,2026-01-12 19:00:00,39.4,4.22,24.35,2.45,0.79,37857,0,48,0,정상,0,0
GATE-01,PARKING-01,2026-01-12 20:00:00,43.05,4.29,23.91,2.63,0.56,37906,0,48,2.78,정상,0,0
GATE-01,PARKING-01,2026-01-12 21:00:00,41.18,4.04,24.25,2.67,0.98,37931,0,48,0,정상,0,0
GATE-01,PARKING-01,2026-01-12 22:00:00,40.02,3.76,24.06,2.67,1.12,37957,0,48,1.34,정상,0,0
GATE-01,PARKING-01,2026-01-12 23:00:00,41.22,3.7,24.13,2.65,0.54,37978,0,48,4,정상,0,0
GATE-01,PARKING-01,2026-01-13 00:00:00,33.45,3.68,24.29,2.63,0.57,37982,0,49,1.97,정상,0,0
GATE-01,PARKING-01,2026-01-13 01:00:00,35.71,3.32,23.99,2.75,0.99,37983,0,49,0,정상,0,0
GATE-01,PARKING-01,2026-01-13 02:00:00,33.7,3.6,23.93,2.84,0.72,37983,0,49,0.56,정상,0,0
GATE-01,PARKING-01,2026-01-13 03:00:00,35.9,3.94,23.56,2.25,1.09,37986,0,49,0.33,정상,0,0
GATE-01,PARKING-01,2026-01-13 04:00:00,35.6,3.42,24.13,2.64,0.82,37990,0,49,0,정상,0,0
GATE-01,PARKING-01,2026-01-13 05:00:00,34.94,3.37,23.87,2.47,1.16,37997,1,49,4.87,정상,0,0
GATE-01,PARKING-01,2026-01-13 06:00:00,38.83,3.39,24.25,2.58,0.88,38014,0,49,0,정상,0,0
GATE-01,PARKING-01,2026-01-13 07:00:00,39.74,3.97,23.99,2.58,0.73,38046,0,49,0,정상,0,0
GATE-01,PARKING-01,2026-01-13 08:00:00,40.46,3.91,23.5,2.64,0.82,38081,0,49,0,정상,0,0
GATE-01,PARKING-01,2026-01-13 09:00:00,37.87,4.64,24.25,2.74,1.04,38126,1,49,6.26,정상,0,0
GATE-01,PARKING-01,2026-01-13 10:00:00,41.69,4.39,23.98,2.48,0.95,38150,0,49,0,정상,0,0
GATE-01,PARKING-01,2026-01-13 11:00:00,37.11,4.17,23.52,2.73,0.9,38172,1,49,3.25,정상,0,0
GATE-01,PARKING-01,2026-01-13 12:00:00,38.04,4.47,23.69,2.41,0.93,38198,0,49,2.21,정상,0,0
GATE-01,PARKING-01,2026-01-13 13:00:00,39.79,3.19,24.05,2.82,0.84,38214,1,49,3.69,정상,0,0
GATE-01,PARKING-01,2026-01-13 14:00:00,38.43,4.08,23.93,2.64,1.1,38237,0,49,1.55,정상,0,0
GATE-01,PARKING-01,2026-01-13 15:00:00,40.98,3.74,24.05,2.83,0.85,38257,0,49,1.46,정상,0,0
GATE-01,PARKING-01,2026-01-13 16:00:00,37.92,3.94,23.87,2.47,0.96,38280,0,49,0.77,정상,0,0
GATE-01,PARKING-01,2026-01-13 17:00:00,38.05,4.09,23.38,2.35,0.77,38314,1,49,7.25,정상,0,0
GATE-01,PARKING-01,2026-01-13 18:00:00,36.4,4.27,24.02,2.38,0.62,38346,0,49,0,정상,0,0
GATE-01,PARKING-01,2026-01-13 19:00:00,41.06,4.28,23.96,2.38,0.85,38396,0,49,0,정상,0,0
GATE-01,PARKING-01,2026-01-13 20:00:00,39.67,4.05,24.4,2.46,1.1,38433,0,49,2.04,정상,0,0
GATE-01,PARKING-01,2026-01-13 21:00:00,38.18,3.72,23.77,2.6,0.82,38457,0,49,2.36,정상,0,0
GATE-01,PARKING-01,2026-01-13 22:00:00,38.05,3.37,24.2,2.57,1.02,38475,1,49,7.3,정상,0,0
GATE-01,PARKING-01,2026-01-13 23:00:00,36.42,4.28,24.08,2.52,0.6,38501,1,49,5.64,정상,0,0
GATE-01,PARKING-01,2026-01-14 00:00:00,33.39,3.36,24.22,2.83,1.37,38501,0,50,0.64,정상,0,0
GATE-01,PARKING-01,2026-01-14 01:00:00,35.1,3.66,24.38,2.44,1.12,38513,0,50,2.61,정상,0,0
GATE-01,PARKING-01,2026-01-14 02:00:00,35.96,3.42,24.09,2.47,0.96,38515,0,50,0.45,정상,0,0
GATE-01,PARKING-01,2026-01-14 03:00:00,38.28,3.41,24.24,2.66,1.13,38523,0,50,3.12,정상,0,0
GATE-01,PARKING-01,2026-01-14 04:00:00,38.8,3.53,23.97,2.45,0.66,38525,0,50,0,정상,0,0
GATE-01,PARKING-01,2026-01-14 05:00:00,35.34,3.19,23.86,2.44,0.89,38531,1,50,7.52,정상,0,0
GATE-01,PARKING-01,2026-01-14 06:00:00,37.53,3.98,24.59,2.59,0.72,38557,0,50,1.21,정상,0,0
GATE-01,PARKING-01,2026-01-14 07:00:00,39.79,4.56,23.97,2.63,0.94,38607,0,50,0.35,정상,0,0
GATE-01,PARKING-01,2026-01-14 08:00:00,37.71,4.18,24.68,2.75,1.11,38643,0,50,3.55,정상,0,0
GATE-01,PARKING-01,2026-01-14 09:00:00,39.83,4.17,23.83,2.49,0.86,38681,0,50,4.62,정상,0,0
GATE-01,PARKING-01,2026-01-14 10:00:00,38.88,4.31,24.3,2.55,0.74,38708,1,50,7.72,정상,0,0
GATE-01,PARKING-01,2026-01-14 11:00:00,38.42,3.64,23.89,2.37,1.5,38733,0,50,3.12,정상,0,0
GATE-01,PARKING-01,2026-01-14 12:00:00,36.35,3.77,24.42,2.59,0.97,38757,1,50,9.09,정상,0,0
GATE-01,PARKING-01,2026-01-14 13:00:00,37.49,3.85,23.65,2.51,0.93,38781,0,50,0.35,정상,0,0
GATE-01,PARKING-01,2026-01-14 14:00:00,42.31,4.23,23.51,2.49,0.64,38810,0,50,0,정상,0,0
GATE-01,PARKING-01,2026-01-14 15:00:00,38.35,3.99,24.14,2.44,1.08,38819,1,50,5.63,정상,0,0
GATE-01,PARKING-01,2026-01-14 16:00:00,36.93,3.91,24.38,2.45,1.18,38840,0,50,3.91,정상,0,0
GATE-01,PARKING-01,2026-01-14 17:00:00,40.82,4.36,24.1,2.5,0.86,38875,1,50,6.9,정상,0,0
GATE-01,PARKING-01,2026-01-14 18:00:00,38.47,4.03,24.33,2.83,0.97,38916,0,50,2.2,정상,0,0
GATE-01,PARKING-01,2026-01-14 19:00:00,36.28,4.07,23.95,2.64,1.28,38948,0,50,0.01,정상,0,0
GATE-01,PARKING-01,2026-01-14 20:00:00,40.46,4.43,24.27,2.52,0.82,39005,1,50,6.4,정상,0,0
GATE-01,PARKING-01,2026-01-14 21:00:00,37.58,4.18,23.66,2.54,0.8,39035,0,50,4.21,정상,0,0
GATE-01,PARKING-01,2026-01-14 22:00:00,40.07,3.95,23.99,2.89,0.96,39057,0,50,2.69,정상,0,0
GATE-01,PARKING-01,2026-01-14 23:00:00,36.5,3.87,24.12,2.46,1.11,39078,1,50,2.37,정상,0,0
GATE-01,PARKING-01,2026-01-15 00:00:00,36.08,4.07,23.78,2.82,0.75,39078,0,51,0,정상,0,0
GATE-01,PARKING-01,2026-01-15 01:00:00,35.77,3.69,24.14,2.63,0.56,39081,1,51,9.68,정상,0,0
GATE-01,PARKING-01,2026-01-15 02:00:00,35.05,3.95,24,2.52,1,39093,1,51,5.32,정상,0,0
GATE-01,PARKING-01,2026-01-15 03:00:00,37.53,3.64,23.8,2.56,0.94,39098,0,51,0,정상,0,0
GATE-01,PARKING-01,2026-01-15 04:00:00,33.86,4.1,24.38,2.62,1.12,39105,0,51,1.59,정상,0,0
GATE-01,PARKING-01,2026-01-15 05:00:00,37.44,3.76,23.95,2.38,1.21,39111,0,51,0,정상,0,0
GATE-01,PARKING-01,2026-01-15 06:00:00,38.23,3.8,24.07,2.77,1.1,39130,1,51,4.45,정상,0,0
GATE-01,PARKING-01,2026-01-15 07:00:00,38.8,4.59,24.47,2.67,0.87,39163,1,51,8.78,정상,0,0
GATE-01,PARKING-01,2026-01-15 08:00:00,39.23,4.46,23.53,2.5,0.82,39209,1,51,4.39,정상,0,0
GATE-01,PARKING-01,2026-01-15 09:00:00,38.85,4.07,24.62,2.73,1.08,39248,1,51,12.38,정상,0,0
GATE-01,PARKING-01,2026-01-15 10:00:00,39.01,4.12,24.14,2.47,0.83,39271,0,51,0,정상,0,0
GATE-01,PARKING-01,2026-01-15 11:00:00,36.4,3.92,24.35,2.34,0.91,39293,0,51,0.41,정상,0,0
GATE-01,PARKING-01,2026-01-15 12:00:00,36.65,3.36,23.92,2.71,1.1,39310,0,51,1,정상,0,0
GATE-01,PARKING-01,2026-01-15 13:00:00,36.55,3.6,24.13,2.94,0.76,39327,1,51,6.35,정상,0,0
GATE-01,PARKING-01,2026-01-15 14:00:00,36.01,4.05,24.03,2.66,0.53,39341,0,51,2.92,정상,0,0
GATE-01,PARKING-01,2026-01-15 15:00:00,42.2,4.26,24.16,2.5,0.88,39373,0,51,0,정상,0,0
GATE-01,PARKING-01,2026-01-15 16:00:00,40.93,4.4,23.73,2.54,0.44,39395,0,51,4.78,정상,0,0
GATE-01,PARKING-01,2026-01-15 17:00:00,37.39,4.57,24.28,2.69,0.93,39446,0,51,3.2,정상,0,0
GATE-01,PARKING-01,2026-01-15 18:00:00,42.88,4.34,24.36,2.63,0.96,39489,0,51,5.24,정상,0,0
GATE-01,PARKING-01,2026-01-15 19:00:00,40.62,4.4,23.9,2.34,0.95,39536,1,51,4.97,정상,0,0
GATE-01,PARKING-01,2026-01-15 20:00:00,40.53,4.44,23.99,2.65,0.87,39584,0,51,0.18,정상,0,0
GATE-01,PARKING-01,2026-01-15 21:00:00,38.27,3.99,23.88,2.76,0.93,39607,1,51,3.75,정상,0,0
GATE-01,PARKING-01,2026-01-15 22:00:00,37.33,3.1,24.03,2.59,0.69,39616,0,51,1.6,정상,0,0
GATE-01,PARKING-01,2026-01-15 23:00:00,40.36,3.64,24.29,2.41,0.9,39643,0,51,0,정상,0,0
GATE-01,PARKING-01,2026-01-16 00:00:00,33.83,3.65,23.95,2.69,1.27,39646,0,52,1.25,정상,0,0
GATE-01,PARKING-01,2026-01-16 01:00:00,35.67,4.09,24.48,2.54,0.95,39649,0,52,0.76,정상,0,0
GATE-01,PARKING-01,2026-01-16 02:00:00,34.35,3.37,23.94,2.58,1.15,39649,0,52,3.29,정상,0,0
GATE-01,PARKING-01,2026-01-16 03:00:00,35.33,3.83,24.18,2.66,0.88,39649,0,52,0,정상,0,0
GATE-01,PARKING-01,2026-01-16 04:00:00,37.7,2.96,24.14,2.63,0.81,39657,0,52,0,정상,0,0
GATE-01,PARKING-01,2026-01-16 05:00:00,36.27,3.24,24.35,2.55,0.96,39657,1,52,7.01,정상,0,0
GATE-01,PARKING-01,2026-01-16 06:00:00,41.11,4.24,23.77,3.03,1.18,39676,1,52,5.78,정상,0,0
GATE-01,PARKING-01,2026-01-16 07:00:00,39.95,5.2,24.15,2.93,1.33,39725,1,52,11.1,정상,0,0
GATE-01,PARKING-01,2026-01-16 08:00:00,43.61,4.17,24.12,2.92,1.47,39767,0,52,7.35,정상,0,0
GATE-01,PARKING-01,2026-01-16 09:00:00,43.55,5,24.23,2.82,2.01,39811,0,52,9,정상,0,0
GATE-01,PARKING-01,2026-01-16 10:00:00,39.66,4.58,23.78,3,1.19,39833,1,52,8.54,정상,0,0
GATE-01,PARKING-01,2026-01-16 11:00:00,39.36,4.28,23.68,3.01,1.61,39859,0,52,5.64,정상,0,0
GATE-01,PARKING-01,2026-01-16 12:00:00,38.94,4.33,23.71,3.06,1.43,39881,1,52,7.58,정상,0,0
GATE-01,PARKING-01,2026-01-16 13:00:00,40.48,4.45,23.87,3.28,1.85,39897,0,52,9.27,정상,0,0
GATE-01,PARKING-01,2026-01-16 14:00:00,42.34,4.76,23.39,3.46,1.63,39919,1,52,17.15,정상,0,0
GATE-01,PARKING-01,2026-01-16 15:00:00,43.33,4.91,23.96,3.45,2.02,39950,0,52,14.51,정상,0,0
GATE-01,PARKING-01,2026-01-16 16:00:00,42.65,4.86,23.85,3.3,1.68,39970,0,52,10.7,정상,0,0
GATE-01,PARKING-01,2026-01-16 17:00:00,46.2,5.33,23.21,3.56,2.21,40009,1,52,32.09,정상,0,0
GATE-01,PARKING-01,2026-01-16 18:00:00,44.87,5.75,23.92,3.18,1.95,40051,0,52,15.03,정상,0,0
GATE-01,PARKING-01,2026-01-16 19:00:00,48.82,6.05,23.68,3.22,2.21,40101,0,52,29.07,정상,0,0
GATE-01,PARKING-01,2026-01-16 20:00:00,45.87,5.23,23.63,3.52,2.04,40144,1,52,25.03,정상,0,0
GATE-01,PARKING-01,2026-01-16 21:00:00,43.21,5.32,24.11,3.47,2.59,40168,2,52,30,정상,0,0
GATE-01,PARKING-01,2026-01-16 22:00:00,41.48,5.09,23.45,3.88,2.47,40179,1,52,25.64,정상,0,0
GATE-01,PARKING-01,2026-01-16 23:00:00,45.72,6.14,23.89,3.39,2.66,40200,0,52,24.35,정상,0,0
GATE-01,PARKING-01,2026-01-17 00:00:00,43.49,6.08,23.67,3.7,2.37,40207,2,53,36.44,정상,0,0
GATE-01,PARKING-01,2026-01-17 01:00:00,43.19,5.63,23.37,3.89,2.69,40207,0,53,28.54,정상,0,0
GATE-01,PARKING-01,2026-01-17 02:00:00,45.39,5.48,23.26,3.95,2.9,40213,1,53,37.99,정상,0,0
GATE-01,PARKING-01,2026-01-17 03:00:00,42.27,6.04,23.32,3.86,2.52,40222,2,53,39.83,주의,0,0
GATE-01,PARKING-01,2026-01-17 04:00:00,45.24,6.07,23.44,4.17,2.84,40234,2,53,43.16,주의,0,0
GATE-01,PARKING-01,2026-01-17 05:00:00,45.63,6.27,23.31,3.93,2.8,40241,1,53,45.02,주의,0,0
GATE-01,PARKING-01,2026-01-17 06:00:00,46.84,7.08,23.35,4.1,2.78,40274,2,53,53.19,주의,0,0
GATE-01,PARKING-01,2026-01-17 07:00:00,48.42,7.09,23.19,4.41,3.47,40303,3,53,67.31,주의,0,0
GATE-01,PARKING-01,2026-01-17 08:00:00,52.65,5.98,23.33,4.39,3.52,40335,3,53,63.95,주의,0,0
GATE-01,PARKING-01,2026-01-17 09:00:00,52.88,7.04,23.4,4.36,3.18,40390,2,53,59.6,주의,0,0
GATE-01,PARKING-01,2026-01-17 10:00:00,55.17,5.81,23.6,4.07,3.29,40412,2,53,58.53,주의,0,0
GATE-01,PARKING-01,2026-01-17 11:00:00,49.59,6.56,23.22,4.49,3.91,40434,2,53,64.81,주의,0,0
GATE-01,PARKING-01,2026-01-17 12:00:00,51.21,6.62,22.5,4.63,3.63,40459,3,53,75.44,주의,0,0
GATE-01,PARKING-01,2026-01-17 13:00:00,49.74,6.6,22.79,4.62,3.54,40473,3,53,73.5,주의,0,0
GATE-01,PARKING-01,2026-01-17 14:00:00,49.59,6.91,22.97,4.32,3.7,40495,3,53,69.88,주의,0,0
GATE-01,PARKING-01,2026-01-17 15:00:00,52.68,7.36,23.29,4.52,3.66,40517,3,53,73.71,주의,0,0
GATE-01,PARKING-01,2026-01-17 16:00:00,53.54,7.33,22.79,4.89,4.42,40552,3,53,86.44,주의,0,0
GATE-01,PARKING-01,2026-01-17 17:00:00,42.36,4.98,23.81,2.74,1.09,40600,0,53,3.59,정상,0,0
GATE-01,PARKING-01,2026-01-17 18:00:00,39.89,4.41,24.25,2.8,0.9,40646,0,53,0,정상,0,0
GATE-01,PARKING-01,2026-01-17 19:00:00,42.07,3.89,23.96,3.02,0.93,40686,0,53,0,정상,0,0
GATE-01,PARKING-01,2026-01-17 20:00:00,41.05,4.21,23.75,2.96,1.2,40727,0,53,5.17,정상,0,0
GATE-01,PARKING-01,2026-01-17 21:00:00,39.1,3.84,23.56,2.62,0.8,40748,0,53,4.59,정상,0,0
GATE-01,PARKING-01,2026-01-17 22:00:00,38.5,4.18,24.34,2.43,0.92,40763,0,53,0,정상,0,0
GATE-01,PARKING-01,2026-01-17 23:00:00,39.58,4.25,23.78,2.44,1.03,40787,0,53,2.03,정상,0,0
GATE-01,PARKING-01,2026-01-18 00:00:00,37.61,3.02,23.88,2.72,1.33,40795,0,54,0,정상,0,0
GATE-01,PARKING-01,2026-01-18 01:00:00,33.39,3.77,24.13,2.45,1.27,40810,0,54,0,정상,0,0
GATE-01,PARKING-01,2026-01-18 02:00:00,36.87,3.41,23.72,2.78,1.09,40816,0,54,4.51,정상,0,0
GATE-01,PARKING-01,2026-01-18 03:00:00,39.16,3.52,23.8,2.9,1.16,40820,2,54,7.47,정상,0,0
GATE-01,PARKING-01,2026-01-18 04:00:00,37.81,3.8,24.43,2.91,1.25,40826,0,54,4.93,정상,0,0
GATE-01,PARKING-01,2026-01-18 05:00:00,39.34,4.3,23.85,2.81,0.79,40834,0,54,3.11,정상,0,0
GATE-01,PARKING-01,2026-01-18 06:00:00,39.66,4.17,24.06,2.53,1.22,40858,0,54,0,정상,0,0
GATE-01,PARKING-01,2026-01-18 07:00:00,42.25,4.29,23.5,2.6,0.98,40902,1,54,9.88,정상,0,0
GATE-01,PARKING-01,2026-01-18 08:00:00,39.54,3.59,24.09,2.73,1.3,40936,1,54,2.14,정상,0,0
GATE-01,PARKING-01,2026-01-18 09:00:00,38.05,5.14,23.99,2.67,1.17,40976,0,54,5.58,정상,0,0
GATE-01,PARKING-01,2026-01-18 10:00:00,38.01,3.66,23.74,2.48,1.12,40995,1,54,9.89,정상,0,0
GATE-01,PARKING-01,2026-01-18 11:00:00,39.99,3.92,23.8,2.58,1.46,41020,1,54,9.54,정상,0,0
GATE-01,PARKING-01,2026-01-18 12:00:00,39.57,4.09,23.86,2.59,1.07,41041,0,54,0,정상,0,0
GATE-01,PARKING-01,2026-01-18 13:00:00,38.95,4.2,24.19,2.73,0.98,41061,0,54,3.59,정상,0,0
GATE-01,PARKING-01,2026-01-18 14:00:00,38.91,4.55,23.87,2.68,0.81,41078,1,54,8.86,정상,0,0
GATE-01,PARKING-01,2026-01-18 15:00:00,38.17,3.73,23.95,2.71,0.93,41097,0,54,0,정상,0,0
GATE-01,PARKING-01,2026-01-18 16:00:00,38.97,4.5,23.82,2.75,1.37,41126,0,54,7.58,정상,0,0
GATE-01,PARKING-01,2026-01-18 17:00:00,41.91,4.25,23.6,2.57,1.44,41167,1,54,8.38,정상,0,0
GATE-01,PARKING-01,2026-01-18 18:00:00,42.31,4.24,23.94,2.7,0.96,41201,0,54,1.76,정상,0,0
GATE-01,PARKING-01,2026-01-18 19:00:00,40.31,3.63,23.73,2.89,1.02,41227,0,54,0,정상,0,0
GATE-01,PARKING-01,2026-01-18 20:00:00,40.39,4.77,23.95,2.54,0.95,41265,0,54,0,정상,0,0
GATE-01,PARKING-01,2026-01-18 21:00:00,40.21,3.96,23.7,2.73,1.05,41292,2,54,13.36,정상,0,0
GATE-01,PARKING-01,2026-01-18 22:00:00,37.99,4.25,23.86,2.56,1.15,41320,0,54,4.16,정상,0,0
GATE-01,PARKING-01,2026-01-18 23:00:00,40.43,4.24,24.16,2.4,1,41350,0,54,0,정상,0,0
GATE-01,PARKING-01,2026-01-19 00:00:00,35.25,3.94,23.86,2.78,1.06,41351,0,55,2.11,정상,0,0
GATE-01,PARKING-01,2026-01-19 01:00:00,36.39,3.95,24.19,2.63,1.27,41357,0,55,3.38,정상,0,0
GATE-01,PARKING-01,2026-01-19 02:00:00,36.81,4.3,24.38,2.85,1.04,41367,0,55,1.88,정상,0,0
GATE-01,PARKING-01,2026-01-19 03:00:00,36.38,3.66,23.99,2.81,0.73,41371,0,55,0,정상,0,0
GATE-01,PARKING-01,2026-01-19 04:00:00,35.91,3.69,23.76,2.5,1.24,41380,1,55,9.39,정상,0,0
GATE-01,PARKING-01,2026-01-19 05:00:00,35.66,3.67,24.22,2.62,1.03,41381,1,55,5.72,정상,0,0
GATE-01,PARKING-01,2026-01-19 06:00:00,39.27,4.11,23.91,3.01,0.9,41399,0,55,0,정상,0,0
GATE-01,PARKING-01,2026-01-19 07:00:00,41.26,4.73,24.19,2.69,1.12,41442,1,55,7.19,정상,0,0
GATE-01,PARKING-01,2026-01-19 08:00:00,40.71,4.68,24.06,2.87,1.03,41482,0,55,1.3,정상,0,0
GATE-01,PARKING-01,2026-01-19 09:00:00,42.96,4.22,23.78,2.63,1.09,41528,1,55,8.28,정상,0,0
GATE-01,PARKING-01,2026-01-19 10:00:00,38.14,4.36,23.86,2.85,1.21,41551,1,55,0,정상,0,0
GATE-01,PARKING-01,2026-01-19 11:00:00,38.56,4.4,23.94,2.67,1.11,41566,0,55,1.27,정상,0,0
GATE-01,PARKING-01,2026-01-19 12:00:00,36.44,3.99,23.94,2.53,1.07,41585,0,55,1.9,정상,0,0
GATE-01,PARKING-01,2026-01-19 13:00:00,36.92,4.46,23.86,2.22,1.18,41601,0,55,0,정상,0,0
GATE-01,PARKING-01,2026-01-19 14:00:00,40.29,4.73,24.11,2.69,1.32,41627,0,55,2.3,정상,0,0
GATE-01,PARKING-01,2026-01-19 15:00:00,41.37,4.41,24.01,2.71,0.96,41650,0,55,2.12,정상,0,0
GATE-01,PARKING-01,2026-01-19 16:00:00,38.83,4.49,24.06,2.83,1,41676,0,55,0,정상,0,0
GATE-01,PARKING-01,2026-01-19 17:00:00,45.25,4.05,24.02,2.77,1.2,41722,0,55,2.04,정상,0,0
GATE-01,PARKING-01,2026-01-19 18:00:00,39.31,4.32,24.14,2.71,1.35,41754,0,55,5.73,정상,0,0
GATE-01,PARKING-01,2026-01-19 19:00:00,40.62,4.05,24.02,2.72,1.34,41788,0,55,0,정상,0,0
GATE-01,PARKING-01,2026-01-19 20:00:00,42.52,3.91,23.97,2.62,0.91,41827,0,55,0.82,정상,0,0
GATE-01,PARKING-01,2026-01-19 21:00:00,36.85,4.52,24.09,2.94,1.13,41846,0,55,2.14,정상,0,0
GATE-01,PARKING-01,2026-01-19 22:00:00,35.1,4.01,23.91,3.06,0.56,41863,0,55,0,정상,0,0
GATE-01,PARKING-01,2026-01-19 23:00:00,36.81,4.45,23.67,2.46,0.94,41881,0,55,2.26,정상,0,0
GATE-01,PARKING-01,2026-01-20 00:00:00,36.48,4.2,23.49,2.61,1.21,41885,0,56,1.36,정상,0,0
GATE-01,PARKING-01,2026-01-20 01:00:00,38.09,3.95,24.17,2.56,1.03,41890,0,56,2.4,정상,0,0
GATE-01,PARKING-01,2026-01-20 02:00:00,39.32,3.93,23.87,2.27,0.93,41899,1,56,4.57,정상,0,0
GATE-01,PARKING-01,2026-01-20 03:00:00,38.41,4.14,24.22,2.81,1.01,41907,1,56,11.45,정상,0,0
GATE-01,PARKING-01,2026-01-20 04:00:00,35.24,3.58,23.86,2.39,0.83,41914,0,56,0,정상,0,0
GATE-01,PARKING-01,2026-01-20 05:00:00,37.05,3.62,23.6,2.86,1.04,41915,0,56,0,정상,0,0
GATE-01,PARKING-01,2026-01-20 06:00:00,38.09,4.28,23.88,2.79,1.44,41939,0,56,4.23,정상,0,0
GATE-01,PARKING-01,2026-01-20 07:00:00,42.61,4.77,23.7,2.59,0.94,41986,1,56,8.12,정상,0,0
GATE-01,PARKING-01,2026-01-20 08:00:00,42.42,4.7,24.11,2.93,1.12,42029,1,56,5.45,정상,0,0
GATE-01,PARKING-01,2026-01-20 09:00:00,43.12,4.49,23.59,2.81,1.4,42069,0,56,5.92,정상,0,0
GATE-01,PARKING-01,2026-01-20 10:00:00,40.99,4.53,23.6,2.58,1.15,42095,0,56,3.1,정상,0,0
GATE-01,PARKING-01,2026-01-20 11:00:00,36.97,3.6,23.72,2.74,1.4,42111,1,56,5.29,정상,0,0
GATE-01,PARKING-01,2026-01-20 12:00:00,36.98,4.32,23.77,2.46,0.98,42129,1,56,4.36,정상,0,0
GATE-01,PARKING-01,2026-01-20 13:00:00,40.83,3.95,24.16,2.96,1.06,42151,0,56,0.18,정상,0,0
GATE-01,PARKING-01,2026-01-20 14:00:00,40.16,4.45,24.21,2.88,1.39,42167,0,56,2.33,정상,0,0
GATE-01,PARKING-01,2026-01-20 15:00:00,37.12,3.85,23.76,2.58,1.18,42186,0,56,2.67,정상,0,0
GATE-01,PARKING-01,2026-01-20 16:00:00,39.82,4.16,23.76,2.5,0.88,42211,2,56,11.12,정상,0,0
GATE-01,PARKING-01,2026-01-20 17:00:00,41.1,3.95,23.85,2.84,1.05,42257,0,56,0,정상,0,0
GATE-01,PARKING-01,2026-01-20 18:00:00,43.23,4.53,24.68,2.58,1.11,42310,1,56,11.08,정상,0,0
GATE-01,PARKING-01,2026-01-20 19:00:00,42.23,5.12,24.41,2.79,1.28,42352,0,56,6.17,정상,0,0
GATE-01,PARKING-01,2026-01-20 20:00:00,39.55,4.15,23.88,2.77,1.08,42389,0,56,0,정상,0,0
GATE-01,PARKING-01,2026-01-20 21:00:00,40.89,4.24,24.33,2.87,1.21,42416,1,56,6.89,정상,0,0
GATE-01,PARKING-01,2026-01-20 22:00:00,37.34,4.87,23.73,2.88,1.3,42431,1,56,9.92,정상,0,0
GATE-01,PARKING-01,2026-01-20 23:00:00,37.57,4.21,24.43,2.71,1.19,42446,1,56,5.6,정상,0,0
GATE-01,PARKING-01,2026-01-21 00:00:00,38.73,3.87,24.01,2.63,1.18,42456,0,57,0.46,정상,0,0
GATE-01,PARKING-01,2026-01-21 01:00:00,35.2,4.34,24.06,2.85,1,42462,0,57,0,정상,0,0
GATE-01,PARKING-01,2026-01-21 02:00:00,37.11,4.21,23.48,2.65,1.24,42468,1,57,8.93,정상,0,0
GATE-01,PARKING-01,2026-01-21 03:00:00,37.14,4.03,23.62,2.45,1.48,42468,1,57,8.94,정상,0,0
GATE-01,PARKING-01,2026-01-21 04:00:00,39.13,3.46,23.91,2.87,1.19,42468,0,57,1.43,정상,0,0
GATE-01,PARKING-01,2026-01-21 05:00:00,36.55,4.2,23.97,2.75,1.31,42468,0,57,4.44,정상,0,0
GATE-01,PARKING-01,2026-01-21 06:00:00,39.04,4.22,23.99,2.99,1.16,42485,1,57,2.17,정상,0,0
GATE-01,PARKING-01,2026-01-21 07:00:00,39.9,4.94,24.08,2.94,1.49,42536,0,57,4.37,정상,0,0
GATE-01,PARKING-01,2026-01-21 08:00:00,43.03,4.72,24.31,2.54,1.08,42586,0,57,3.33,정상,0,0
GATE-01,PARKING-01,2026-01-21 09:00:00,39.93,4.6,24.22,2.76,0.87,42635,0,57,5.7,정상,0,0
GATE-01,PARKING-01,2026-01-21 10:00:00,38.95,3.62,23.78,2.53,0.97,42652,0,57,2.47,정상,0,0
GATE-01,PARKING-01,2026-01-21 11:00:00,37.29,4.36,23.93,2.9,1.05,42679,0,57,0.81,정상,0,0
GATE-01,PARKING-01,2026-01-21 12:00:00,41.26,3.99,23.66,2.65,0.9,42707,0,57,4.34,정상,0,0
GATE-01,PARKING-01,2026-01-21 13:00:00,40.57,4.46,23.7,2.61,1.2,42727,1,57,10.18,정상,0,0
GATE-01,PARKING-01,2026-01-21 14:00:00,39.61,3.91,24.47,2.88,1.17,42752,0,57,2.74,정상,0,0
GATE-01,PARKING-01,2026-01-21 15:00:00,40.67,4.12,23.94,2.63,1.23,42782,1,57,6.75,정상,0,0
GATE-01,PARKING-01,2026-01-21 16:00:00,38.16,4.03,23.97,2.69,1.18,42800,0,57,0,정상,0,0
GATE-01,PARKING-01,2026-01-21 17:00:00,39.94,4.74,23.89,2.73,1.4,42847,0,57,2.86,정상,0,0
GATE-01,PARKING-01,2026-01-21 18:00:00,38.83,4.11,23.64,2.32,0.88,42890,0,57,0.34,정상,0,0
GATE-01,PARKING-01,2026-01-21 19:00:00,44.41,4.22,24.28,2.59,1.03,42948,0,57,2.71,정상,0,0
GATE-01,PARKING-01,2026-01-21 20:00:00,43.73,4.44,24.26,2.71,1.18,42996,1,57,9.97,정상,0,0
GATE-01,PARKING-01,2026-01-21 21:00:00,40.61,4.77,23.71,2.67,1.08,43030,1,57,7.05,정상,0,0
GATE-01,PARKING-01,2026-01-21 22:00:00,38.1,4.03,23.86,3.1,1.28,43050,0,57,3.51,정상,0,0
GATE-01,PARKING-01,2026-01-21 23:00:00,37.87,4.19,24.06,2.96,1.3,43071,0,57,0.53,정상,0,0
GATE-01,PARKING-01,2026-01-22 00:00:00,36.56,3.99,23.8,2.62,1.15,43073,2,58,13.35,정상,0,0
GATE-01,PARKING-01,2026-01-22 01:00:00,34.51,3.85,24.2,2.73,0.81,43080,0,58,0.2,정상,0,0
GATE-01,PARKING-01,2026-01-22 02:00:00,38.05,3.64,24.22,2.4,0.89,43086,0,58,4.86,정상,0,0
GATE-01,PARKING-01,2026-01-22 03:00:00,34.37,3.78,23.98,2.76,1.28,43086,0,58,1.79,정상,0,0
GATE-01,PARKING-01,2026-01-22 04:00:00,40.04,3.25,23.55,2.69,1.25,43088,0,58,2.5,정상,0,0
GATE-01,PARKING-01,2026-01-22 05:00:00,38.68,3.77,23.89,2.96,1.48,43088,0,58,1.39,정상,0,0
GATE-01,PARKING-01,2026-01-22 06:00:00,36.66,3.87,23.96,2.79,1.49,43109,1,58,8.45,정상,0,0
GATE-01,PARKING-01,2026-01-22 07:00:00,42.05,4.99,23.92,2.76,1.12,43160,1,58,8.36,정상,0,0
GATE-01,PARKING-01,2026-01-22 08:00:00,39.09,4.78,24.15,2.68,1.33,43195,0,58,1.63,정상,0,0
GATE-01,PARKING-01,2026-01-22 09:00:00,39.59,4.54,24.06,2.79,1.3,43228,0,58,0.03,정상,0,0
GATE-01,PARKING-01,2026-01-22 10:00:00,38.16,4.6,23.71,2.44,1.26,43259,0,58,3.69,정상,0,0
GATE-01,PARKING-01,2026-01-22 11:00:00,39.63,3.77,24.19,2.84,1.27,43284,0,58,2.36,정상,0,0
GATE-01,PARKING-01,2026-01-22 12:00:00,38.29,4.32,23.84,2.57,1.44,43303,1,58,5.62,정상,0,0
GATE-01,PARKING-01,2026-01-22 13:00:00,40.51,4.28,23.71,2.63,0.47,43329,0,58,1.96,정상,0,0
GATE-01,PARKING-01,2026-01-22 14:00:00,37.07,4.17,24.22,2.74,1.4,43350,0,58,3.71,정상,0,0
GATE-01,PARKING-01,2026-01-22 15:00:00,38.66,4.71,23.99,2.77,1.13,43368,0,58,1.32,정상,0,0
GATE-01,PARKING-01,2026-01-22 16:00:00,38.02,3.71,23.89,2.91,1.33,43399,0,58,0,정상,0,0
GATE-01,PARKING-01,2026-01-22 17:00:00,41.4,4.58,23.74,2.76,1.15,43453,0,58,3.09,정상,0,0
GATE-01,PARKING-01,2026-01-22 18:00:00,43.19,4.29,24.11,2.83,0.94,43496,0,58,0.55,정상,0,0
GATE-01,PARKING-01,2026-01-22 19:00:00,40.85,4.96,23.57,2.61,1.21,43540,0,58,1.58,정상,0,0
GATE-01,PARKING-01,2026-01-22 20:00:00,39.83,4.06,23.68,2.51,1.2,43576,0,58,0.04,정상,0,0
GATE-01,PARKING-01,2026-01-22 21:00:00,39.2,4.4,24.29,2.69,1.21,43604,0,58,1.2,정상,0,0
GATE-01,PARKING-01,2026-01-22 22:00:00,40.63,4.34,23.87,2.91,1.23,43630,0,58,0.61,정상,0,0
GATE-01,PARKING-01,2026-01-22 23:00:00,40.52,4.48,23.77,2.86,0.92,43651,0,58,0,정상,0,0
GATE-01,PARKING-01,2026-01-23 00:00:00,35.84,3.97,24.04,2.98,1.61,43656,1,59,9.06,정상,0,0
GATE-01,PARKING-01,2026-01-23 01:00:00,39.97,3.7,24.09,3.09,1.23,43661,1,59,3.21,정상,0,0
GATE-01,PARKING-01,2026-01-23 02:00:00,37.97,3.45,23.43,2.52,1.28,43666,1,59,11.91,정상,0,0
GATE-01,PARKING-01,2026-01-23 03:00:00,37.27,3.56,24.02,2.75,1.05,43674,0,59,4.86,정상,0,0
GATE-01,PARKING-01,2026-01-23 04:00:00,36.27,4.04,23.87,2.7,1.27,43681,0,59,1.57,정상,0,0
GATE-01,PARKING-01,2026-01-23 05:00:00,35.69,4.49,23.79,2.89,1.3,43683,1,59,6.77,정상,0,0
GATE-01,PARKING-01,2026-01-23 06:00:00,39.39,4.69,23.91,2.53,1.66,43703,0,59,4.51,정상,0,0
GATE-01,PARKING-01,2026-01-23 07:00:00,43.4,4.95,23.75,3.02,1.29,43742,0,59,7.8,정상,0,0
GATE-01,PARKING-01,2026-01-23 08:00:00,45.31,4.68,24.25,3.06,1.32,43797,0,59,7.53,정상,0,0
GATE-01,PARKING-01,2026-01-23 09:00:00,39.79,4.44,23.77,2.7,1.21,43842,0,59,1.77,정상,0,0
GATE-01,PARKING-01,2026-01-23 10:00:00,38.46,4.42,23.7,2.63,1.36,43862,0,59,0,정상,0,0
GATE-01,PARKING-01,2026-01-23 11:00:00,38.67,4.48,23.98,2.75,1.55,43888,0,59,0,정상,0,0
GATE-01,PARKING-01,2026-01-23 12:00:00,40.79,4.34,23.58,2.85,1.15,43908,0,59,3.84,정상,0,0
GATE-01,PARKING-01,2026-01-23 13:00:00,36.34,4.52,23.91,2.94,1.37,43933,0,59,1.09,정상,0,0
GATE-01,PARKING-01,2026-01-23 14:00:00,36.26,4.29,23.79,2.8,1.28,43954,0,59,0,정상,0,0
GATE-01,PARKING-01,2026-01-23 15:00:00,39.67,4.17,23.9,2.82,1.37,43964,1,59,7.64,정상,0,0
GATE-01,PARKING-01,2026-01-23 16:00:00,38.86,4.08,24.14,2.72,1.12,43988,0,59,1.48,정상,0,0
GATE-01,PARKING-01,2026-01-23 17:00:00,42.53,4.86,23.81,3.09,1.04,44039,0,59,5.46,정상,0,0
GATE-01,PARKING-01,2026-01-23 18:00:00,43.71,4.72,23.86,2.86,1.17,44085,0,59,3.1,정상,0,0
GATE-01,PARKING-01,2026-01-23 19:00:00,44.18,4.55,24.01,2.76,1.35,44137,0,59,5.03,정상,0,0
GATE-01,PARKING-01,2026-01-23 20:00:00,43.85,5.31,23.77,2.85,0.87,44188,0,59,7.1,정상,0,0
GATE-01,PARKING-01,2026-01-23 21:00:00,38.91,4.28,24.02,2.9,1.16,44214,0,59,0,정상,0,0
GATE-01,PARKING-01,2026-01-23 22:00:00,38.93,4.19,24.37,2.54,1.33,44232,0,59,1.33,정상,0,0
GATE-01,PARKING-01,2026-01-23 23:00:00,38.32,4.42,23.57,2.83,1.27,44241,0,59,3.32,정상,0,0
GATE-01,PARKING-01,2026-01-24 00:00:00,36.67,4.27,23.93,2.86,1.12,44245,0,60,1.72,정상,0,0
GATE-01,PARKING-01,2026-01-24 01:00:00,39.01,4.12,23.94,2.76,1.38,44252,1,60,5.07,정상,0,0
GATE-01,PARKING-01,2026-01-24 02:00:00,37.07,3.98,24.14,2.87,1.37,44255,1,60,8.14,정상,0,0
GATE-01,PARKING-01,2026-01-24 03:00:00,39.59,3.67,23.91,2.76,1.44,44265,0,60,0,정상,0,0
GATE-01,PARKING-01,2026-01-24 04:00:00,39.11,4.18,24.14,2.98,1.25,44272,0,60,0,정상,0,0
GATE-01,PARKING-01,2026-01-24 05:00:00,34.63,4.2,23.71,2.57,1.37,44274,0,60,0,정상,0,0
GATE-01,PARKING-01,2026-01-24 06:00:00,38.91,4.07,23.93,2.72,1.47,44294,2,60,12.33,정상,0,0
GATE-01,PARKING-01,2026-01-24 07:00:00,42.81,4.64,23.56,2.78,1.27,44336,1,60,6.8,정상,0,0
GATE-01,PARKING-01,2026-01-24 08:00:00,46.03,5.28,24.13,2.91,1.26,44382,0,60,11.12,정상,0,0
GATE-01,PARKING-01,2026-01-24 09:00:00,39.78,4.17,24,2.88,1.21,44408,0,60,0,정상,0,0
GATE-01,PARKING-01,2026-01-24 10:00:00,33.1,4.79,23.96,3.01,1.22,44426,0,60,2.9,정상,0,0
GATE-01,PARKING-01,2026-01-24 11:00:00,40.66,4.89,23.54,2.58,1.09,44446,0,60,5.29,정상,0,0
GATE-01,PARKING-01,2026-01-24 12:00:00,39.23,3.99,24.24,2.58,1.38,44467,0,60,2.5,정상,0,0
GATE-01,PARKING-01,2026-01-24 13:00:00,38.49,4.02,24.3,2.86,1.09,44484,0,60,1.25,정상,0,0
GATE-01,PARKING-01,2026-01-24 14:00:00,41.54,4.14,24.06,2.61,1.34,44509,0,60,2.63,정상,0,0
GATE-01,PARKING-01,2026-01-24 15:00:00,36.78,3.86,24.11,3.03,1.03,44522,1,60,8.06,정상,0,0
GATE-01,PARKING-01,2026-01-24 16:00:00,40.05,3.91,23.98,2.66,1.31,44546,1,60,4.87,정상,0,0
GATE-01,PARKING-01,2026-01-24 17:00:00,41.37,4.4,23.55,3,1.71,44585,0,60,3.55,정상,0,0
GATE-01,PARKING-01,2026-01-24 18:00:00,39.67,4.77,24.03,2.66,1.36,44619,0,60,3.18,정상,0,0
GATE-01,PARKING-01,2026-01-24 19:00:00,41.67,4.4,24.18,2.95,1.3,44663,1,60,7.65,정상,0,0
GATE-01,PARKING-01,2026-01-24 20:00:00,39.21,4.5,24.41,2.79,1.32,44691,0,60,3.05,정상,0,0
GATE-01,PARKING-01,2026-01-24 21:00:00,38.09,4.13,23.81,2.69,1.65,44713,1,60,6.78,정상,0,0
GATE-01,PARKING-01,2026-01-24 22:00:00,41.17,4.23,24.16,2.82,1.46,44736,1,60,8.39,정상,0,0
GATE-01,PARKING-01,2026-01-24 23:00:00,39.93,4.45,24.14,2.59,1.28,44758,0,60,0,정상,0,0
GATE-01,PARKING-01,2026-01-25 00:00:00,36.7,3.99,23.89,3.07,1.3,44766,0,61,1.71,정상,0,0
GATE-01,PARKING-01,2026-01-25 01:00:00,36.38,3.83,24.22,2.91,1.38,44766,0,61,0.97,정상,0,0
GATE-01,PARKING-01,2026-01-25 02:00:00,35.86,3.4,24.06,2.9,1.26,44766,0,61,4.5,정상,0,0
GATE-01,PARKING-01,2026-01-25 03:00:00,39.64,3.99,23.49,3.09,1.38,44770,0,61,8.01,정상,0,0
GATE-01,PARKING-01,2026-01-25 04:00:00,36.08,3.95,23.89,2.7,1.3,44770,0,61,1.67,정상,0,0
GATE-01,PARKING-01,2026-01-25 05:00:00,35.46,3.59,24.25,2.65,1.02,44771,0,61,2.98,정상,0,0
GATE-01,PARKING-01,2026-01-25 06:00:00,34.34,4.2,23.81,2.83,1.16,44787,1,61,4.58,정상,0,0
GATE-01,PARKING-01,2026-01-25 07:00:00,43.23,4.94,24.29,2.69,1.39,44827,0,61,5.92,정상,0,0
GATE-01,PARKING-01,2026-01-25 08:00:00,42.84,4.88,23.81,2.78,1.04,44872,0,61,0.79,정상,0,0
GATE-01,PARKING-01,2026-01-25 09:00:00,40.96,3.92,24.02,2.92,1.37,44906,1,61,5.7,정상,0,0
GATE-01,PARKING-01,2026-01-25 10:00:00,37.97,3.97,24.01,2.58,1.35,44922,0,61,0.77,정상,0,0
GATE-01,PARKING-01,2026-01-25 11:00:00,38.29,4.78,23.86,3.23,1.01,44945,0,61,3.28,정상,0,0
GATE-01,PARKING-01,2026-01-25 12:00:00,39.87,4.51,23.85,2.71,1.27,44970,1,61,6.44,정상,0,0
GATE-01,PARKING-01,2026-01-25 13:00:00,42.45,4.03,23.76,3.04,1.54,44996,0,61,3.61,정상,0,0
GATE-01,PARKING-01,2026-01-25 14:00:00,41.53,4.11,23.59,2.79,1.26,45014,0,61,3.66,정상,0,0
GATE-01,PARKING-01,2026-01-25 15:00:00,41.8,4.1,24.09,2.9,1.49,45033,0,61,2.24,정상,0,0
GATE-01,PARKING-01,2026-01-25 16:00:00,38.9,4.89,23.85,2.96,1.32,45059,0,61,7.92,정상,0,0
GATE-01,PARKING-01,2026-01-25 17:00:00,43.25,4.93,23.85,2.82,0.99,45093,1,61,5.48,정상,0,0
GATE-01,PARKING-01,2026-01-25 18:00:00,40.87,4.95,23.89,3.02,1.02,45141,0,61,3.77,정상,0,0
GATE-01,PARKING-01,2026-01-25 19:00:00,43.08,5.1,23.54,3.22,1.25,45193,0,61,8.13,정상,0,0
GATE-01,PARKING-01,2026-01-25 20:00:00,42.04,5.04,23.93,2.74,1.28,45249,0,61,6.99,정상,0,0
GATE-01,PARKING-01,2026-01-25 21:00:00,37.34,3.86,24.02,2.85,1.13,45267,2,61,9.59,정상,0,0
GATE-01,PARKING-01,2026-01-25 22:00:00,39.45,4.34,23.8,3.06,1.71,45288,0,61,3.79,정상,0,0
GATE-01,PARKING-01,2026-01-25 23:00:00,40.07,4.21,24.17,2.96,1.24,45302,1,61,5.06,정상,0,0
GATE-01,PARKING-01,2026-01-26 00:00:00,37.26,4.01,23.73,2.49,1.09,45303,0,62,0.95,정상,0,0
GATE-01,PARKING-01,2026-01-26 01:00:00,38.26,4.32,23.57,2.94,1.2,45318,1,62,5.62,정상,0,0
GATE-01,PARKING-01,2026-01-26 02:00:00,37.45,3.21,23.44,2.82,1.53,45318,0,62,5.75,정상,0,0
GATE-01,PARKING-01,2026-01-26 03:00:00,37.84,4.77,23.71,3.06,1.31,45327,0,62,5.51,정상,0,0
GATE-01,PARKING-01,2026-01-26 04:00:00,36.7,3.8,23.77,2.7,1.27,45333,0,62,1.05,정상,0,0
GATE-01,PARKING-01,2026-01-26 05:00:00,37.62,4.71,24.03,2.93,1.57,45347,0,62,1.66,정상,0,0
GATE-01,PARKING-01,2026-01-26 06:00:00,39.2,4.16,24.01,2.86,1.39,45363,0,62,3.93,정상,0,0
GATE-01,PARKING-01,2026-01-26 07:00:00,40.82,4.9,24.1,2.74,1.25,45402,1,62,7.27,정상,0,0
GATE-01,PARKING-01,2026-01-26 08:00:00,39.94,5.13,23.93,3.05,0.95,45444,0,62,4.62,정상,0,0
GATE-01,PARKING-01,2026-01-26 09:00:00,41.76,4.68,23.94,2.67,1.37,45496,0,62,2.06,정상,0,0
GATE-01,PARKING-01,2026-01-26 10:00:00,41.16,4.39,23.58,2.99,1.42,45520,0,62,4.89,정상,0,0
GATE-01,PARKING-01,2026-01-26 11:00:00,38.84,4.51,23.71,2.66,1.31,45538,1,62,3.47,정상,0,0
GATE-01,PARKING-01,2026-01-26 12:00:00,40.98,5.15,24.27,2.77,1.45,45565,0,62,9.03,정상,0,0
GATE-01,PARKING-01,2026-01-26 13:00:00,40.97,4.4,23.81,3.18,1.09,45585,1,62,5.49,정상,0,0
GATE-01,PARKING-01,2026-01-26 14:00:00,39.36,5.09,23.56,2.91,1.39,45610,1,62,10.07,정상,0,0
GATE-01,PARKING-01,2026-01-26 15:00:00,41.25,4.24,24.04,2.95,1.14,45626,0,62,0,정상,0,0
GATE-01,PARKING-01,2026-01-26 16:00:00,41.37,4.78,24.02,2.89,1.12,45651,1,62,8.88,정상,0,0
GATE-01,PARKING-01,2026-01-26 17:00:00,41.55,4.97,24.05,3.04,1.58,45690,0,62,5.44,정상,0,0
GATE-01,PARKING-01,2026-01-26 18:00:00,42.96,4.71,23.7,2.94,1.5,45730,0,62,6.57,정상,0,0
GATE-01,PARKING-01,2026-01-26 19:00:00,40.43,4.69,23.89,2.75,1.38,45759,0,62,4,정상,0,0
GATE-01,PARKING-01,2026-01-26 20:00:00,37.98,4.43,24.3,2.46,1.14,45782,1,62,8.76,정상,0,0
GATE-01,PARKING-01,2026-01-26 21:00:00,40.18,4.7,23.69,3.01,1.51,45808,0,62,4.59,정상,0,0
GATE-01,PARKING-01,2026-01-26 22:00:00,41.56,4.48,23.53,3.12,1.33,45832,0,62,6.4,정상,0,0
GATE-01,PARKING-01,2026-01-26 23:00:00,41.3,4.42,23.77,2.79,1.28,45857,0,62,2.81,정상,0,0
GATE-01,PARKING-01,2026-01-27 00:00:00,40.65,4.28,23.52,2.69,1.18,45872,0,63,8.37,정상,0,0
GATE-01,PARKING-01,2026-01-27 01:00:00,39.68,3.97,23.58,2.54,1.6,45874,1,63,11.06,정상,0,0
GATE-01,PARKING-01,2026-01-27 02:00:00,31.89,4,23.9,2.8,1.63,45874,0,63,1.85,정상,0,0
GATE-01,PARKING-01,2026-01-27 03:00:00,38.42,4.06,24.21,3.15,1.29,45876,1,63,6.11,정상,0,0
GATE-01,PARKING-01,2026-01-27 04:00:00,39.38,3.94,23.78,2.72,1.37,45887,1,63,7.85,정상,0,0
GATE-01,PARKING-01,2026-01-27 05:00:00,37.75,4.29,23.63,2.82,1.4,45896,1,63,9.53,정상,0,0
GATE-01,PARKING-01,2026-01-27 06:00:00,42.27,4.72,23.48,2.82,1.61,45922,0,63,4.01,정상,0,0
GATE-01,PARKING-01,2026-01-27 07:00:00,42.01,4.64,24.05,2.51,1.43,45945,0,63,0.69,정상,0,0
GATE-01,PARKING-01,2026-01-27 08:00:00,43.7,5.25,23.68,3,1.15,46003,0,63,7.31,정상,0,0
GATE-01,PARKING-01,2026-01-27 09:00:00,42.38,4.44,24.05,3.2,1.21,46041,0,63,4.33,정상,0,0
GATE-01,PARKING-01,2026-01-27 10:00:00,41.7,4.48,24.28,2.98,1.27,46063,1,63,10.37,정상,0,0
GATE-01,PARKING-01,2026-01-27 11:00:00,39.21,4.43,23.58,2.8,1.29,46081,0,63,2.84,정상,0,0
GATE-01,PARKING-01,2026-01-27 12:00:00,40.29,3.87,24,3.05,1.57,46094,0,63,1.48,정상,0,0
GATE-01,PARKING-01,2026-01-27 13:00:00,40.31,4.39,23.65,2.8,1.43,46121,0,63,1.58,정상,0,0
GATE-01,PARKING-01,2026-01-27 14:00:00,36.82,4.47,24.08,2.81,1.5,46146,1,63,4.46,정상,0,0
GATE-01,PARKING-01,2026-01-27 15:00:00,41.38,4.69,23.82,2.85,1.33,46171,0,63,3.39,정상,0,0
GATE-01,PARKING-01,2026-01-27 16:00:00,39.05,4.83,23.63,2.68,1.16,46197,1,63,10.68,정상,0,0
GATE-01,PARKING-01,2026-01-27 17:00:00,43.51,4.56,23.85,2.72,1.23,46245,0,63,7.82,정상,0,0
GATE-01,PARKING-01,2026-01-27 18:00:00,42.06,4.6,23.91,2.93,1.31,46293,0,63,0.56,정상,0,0
GATE-01,PARKING-01,2026-01-27 19:00:00,40.06,4.87,23.97,2.77,1.36,46339,0,63,0.93,정상,0,0
GATE-01,PARKING-01,2026-01-27 20:00:00,42.62,5.11,24.04,2.97,1.42,46386,0,63,2.37,정상,0,0
GATE-01,PARKING-01,2026-01-27 21:00:00,40.73,3.88,24.11,2.83,1.22,46403,0,63,0,정상,0,0
GATE-01,PARKING-01,2026-01-27 22:00:00,41.84,4.41,24.04,2.87,1.25,46428,1,63,2.44,정상,0,0
GATE-01,PARKING-01,2026-01-27 23:00:00,39.36,4.39,23.87,3.17,1.48,46458,1,63,8.72,정상,0,0
GATE-01,PARKING-01,2026-01-28 00:00:00,36.02,4.18,23.68,2.75,1.34,46464,0,64,0,정상,0,0
GATE-01,PARKING-01,2026-01-28 01:00:00,39.09,4.53,23.66,2.67,1.28,46470,0,64,0,정상,0,0
GATE-01,PARKING-01,2026-01-28 02:00:00,40.3,4.1,23.57,2.78,1.69,46486,0,64,5.07,정상,0,0
GATE-01,PARKING-01,2026-01-28 03:00:00,39.83,3.94,23.82,2.54,1.34,46490,0,64,4.02,정상,0,0
GATE-01,PARKING-01,2026-01-28 04:00:00,39.01,4.23,24.04,2.47,1.11,46490,0,64,1.23,정상,0,0
GATE-01,PARKING-01,2026-01-28 05:00:00,40.27,4.1,23.45,2.97,1.31,46490,0,64,4.52,정상,0,0
GATE-01,PARKING-01,2026-01-28 06:00:00,40.77,4.93,23.32,2.93,1.75,46513,0,64,12.06,정상,0,0
GATE-01,PARKING-01,2026-01-28 07:00:00,41.49,4.93,23.85,3.07,1.55,46553,0,64,3.24,정상,0,0
GATE-01,PARKING-01,2026-01-28 08:00:00,42.07,5.06,23.71,2.58,1.28,46594,0,64,2.22,정상,0,0
GATE-01,PARKING-01,2026-01-28 09:00:00,42.18,4.44,24.16,2.58,1.7,46628,1,64,7.32,정상,0,0
GATE-01,PARKING-01,2026-01-28 10:00:00,38.99,4.04,23.81,2.95,1.39,46644,0,64,4.3,정상,0,0
GATE-01,PARKING-01,2026-01-28 11:00:00,40.1,4.2,23.69,3.12,1.19,46665,0,64,4.55,정상,0,0
GATE-01,PARKING-01,2026-01-28 12:00:00,38.76,4.71,24.1,2.68,1.21,46693,0,64,0.89,정상,0,0
GATE-01,PARKING-01,2026-01-28 13:00:00,39.49,4.28,24.53,2.85,1.08,46713,0,64,3.5,정상,0,0
GATE-01,PARKING-01,2026-01-28 14:00:00,39.47,4.44,23.72,2.71,1.35,46729,1,64,8.53,정상,0,0
GATE-01,PARKING-01,2026-01-28 15:00:00,40.88,4.6,23.92,2.81,1.22,46750,0,64,3.27,정상,0,0
GATE-01,PARKING-01,2026-01-28 16:00:00,38.04,3.42,23.97,3.05,1.37,46758,0,64,0.92,정상,0,0
GATE-01,PARKING-01,2026-01-28 17:00:00,44.44,5.08,24.12,3.07,1.98,46795,0,64,13.04,정상,0,0
GATE-01,PARKING-01,2026-01-28 18:00:00,44.31,5.48,23.66,3.31,1.77,46838,1,64,23.97,정상,0,0
GATE-01,PARKING-01,2026-01-28 19:00:00,42.84,4.82,24.05,2.54,1.5,46877,0,64,6.62,정상,0,0
GATE-01,PARKING-01,2026-01-28 20:00:00,40.71,5.38,23.87,2.79,1.37,46913,0,64,6.71,정상,0,0
GATE-01,PARKING-01,2026-01-28 21:00:00,41.53,4.49,23.93,2.77,1.47,46930,0,64,3.21,정상,0,0
GATE-01,PARKING-01,2026-01-28 22:00:00,40.56,5.02,23.68,3.07,1.5,46961,0,64,7.26,정상,0,0
GATE-01,PARKING-01,2026-01-28 23:00:00,41.09,5.18,24.07,3.18,1.55,46981,0,64,10,정상,0,0
GATE-01,PARKING-01,2026-01-29 00:00:00,39.08,4.49,24,3,1.42,46986,1,65,4.84,정상,0,0
GATE-01,PARKING-01,2026-01-29 01:00:00,38.53,4.13,23.74,2.56,1.69,46986,0,65,4.42,정상,0,0
GATE-01,PARKING-01,2026-01-29 02:00:00,39,4.26,23.98,2.71,1.38,46992,0,65,0.41,정상,0,0
GATE-01,PARKING-01,2026-01-29 03:00:00,37.7,4.67,23.63,2.64,1.5,47001,0,65,5.13,정상,0,0
GATE-01,PARKING-01,2026-01-29 04:00:00,36.3,4.56,23.55,3.07,1.17,47008,0,65,5.35,정상,0,0
GATE-01,PARKING-01,2026-01-29 05:00:00,35.47,4.25,23.75,2.58,1.4,47009,0,65,3.43,정상,0,0
GATE-01,PARKING-01,2026-01-29 06:00:00,40.02,4.41,23.83,2.87,1.36,47039,1,65,6.3,정상,0,0
GATE-01,PARKING-01,2026-01-29 07:00:00,39.25,4.92,23.76,2.83,1.54,47070,0,65,8.21,정상,0,0
GATE-01,PARKING-01,2026-01-29 08:00:00,45.48,5.21,23.84,2.67,1.39,47119,1,65,15.87,정상,0,0
GATE-01,PARKING-01,2026-01-29 09:00:00,44.41,4.81,24.18,3.01,1.54,47163,0,65,3.17,정상,0,0
GATE-01,PARKING-01,2026-01-29 10:00:00,38.59,4.26,24.09,3.06,1.36,47178,0,65,4.68,정상,0,0
GATE-01,PARKING-01,2026-01-29 11:00:00,40.62,4.6,23.88,2.88,1.39,47201,1,65,6.79,정상,0,0
GATE-01,PARKING-01,2026-01-29 12:00:00,37.92,4.15,24.03,2.84,1.38,47217,0,65,5.6,정상,0,0
GATE-01,PARKING-01,2026-01-29 13:00:00,42.73,4.16,23.62,2.84,1.6,47240,0,65,10.98,정상,0,0
GATE-01,PARKING-01,2026-01-29 14:00:00,39.82,4.53,24.14,3.03,1.53,47258,0,65,6.52,정상,0,0
GATE-01,PARKING-01,2026-01-29 15:00:00,40.28,4.44,23.98,2.76,1.68,47280,0,65,3.79,정상,0,0
GATE-01,PARKING-01,2026-01-29 16:00:00,40.81,3.91,24.02,3.08,1.5,47309,0,65,0,정상,0,0
GATE-01,PARKING-01,2026-01-29 17:00:00,44.46,4.39,24.05,2.96,1.25,47351,1,65,11.89,정상,0,0
GATE-01,PARKING-01,2026-01-29 18:00:00,40.88,4.75,23.45,2.81,1.79,47388,0,65,7.17,정상,0,0
GATE-01,PARKING-01,2026-01-29 19:00:00,41.27,5.08,24.03,2.92,1.44,47439,0,65,4.1,정상,0,0
GATE-01,PARKING-01,2026-01-29 20:00:00,40.95,5.14,23.52,2.76,1.62,47482,0,65,8.93,정상,0,0
GATE-01,PARKING-01,2026-01-29 21:00:00,38.24,4.54,23.66,3.11,1.43,47501,1,65,10.46,정상,0,0
GATE-01,PARKING-01,2026-01-29 22:00:00,40.46,4.6,23.48,3.09,1.54,47524,1,65,8.91,정상,0,0
GATE-01,PARKING-01,2026-01-29 23:00:00,40.87,4.42,23.71,2.87,1.4,47548,1,65,9.69,정상,0,0
GATE-01,PARKING-01,2026-01-30 00:00:00,37.01,4.28,23.8,3.01,1.71,47550,0,66,3.14,정상,0,0
GATE-01,PARKING-01,2026-01-30 01:00:00,41.66,4.89,23.74,3.14,1.53,47567,0,66,8.83,정상,0,0
GATE-01,PARKING-01,2026-01-30 02:00:00,39.05,4.38,23.66,2.72,1.62,47577,0,66,6.33,정상,0,0
GATE-01,PARKING-01,2026-01-30 03:00:00,40.8,4.31,23.91,2.74,1.55,47582,0,66,0.36,정상,0,0
GATE-01,PARKING-01,2026-01-30 04:00:00,40.35,4.56,23.73,2.81,1.66,47589,0,66,3.61,정상,0,0
GATE-01,PARKING-01,2026-01-30 05:00:00,39.15,4.63,24.1,2.93,1.77,47597,0,66,2.95,정상,0,0
GATE-01,PARKING-01,2026-01-30 06:00:00,40.79,4.41,23.96,2.97,1.01,47629,0,66,0,정상,0,0
GATE-01,PARKING-01,2026-01-30 07:00:00,42.91,4.58,23.64,2.94,1.3,47662,1,66,5.67,정상,0,0
GATE-01,PARKING-01,2026-01-30 08:00:00,46.18,5.07,23.87,3.18,1.34,47711,0,66,11,정상,0,0
GATE-01,PARKING-01,2026-01-30 09:00:00,40.7,5,23.74,2.74,1.52,47746,0,66,4.26,정상,0,0
GATE-01,PARKING-01,2026-01-30 10:00:00,41.37,4.95,23.65,2.7,1.51,47763,0,66,8.58,정상,0,0
GATE-01,PARKING-01,2026-01-30 11:00:00,37.81,4.36,24.24,3.03,1.43,47777,0,66,6.01,정상,0,0
GATE-01,PARKING-01,2026-01-30 12:00:00,41.68,4.12,24,2.87,1.42,47807,0,66,3.93,정상,0,0
GATE-01,PARKING-01,2026-01-30 13:00:00,38.56,4.64,24.04,3.16,1.39,47820,0,66,3.54,정상,0,0
GATE-01,PARKING-01,2026-01-30 14:00:00,44.41,5.02,23.93,2.84,1.39,47849,0,66,7.89,정상,0,0
GATE-01,PARKING-01,2026-01-30 15:00:00,41.99,4.05,24,3,1.45,47869,0,66,2.14,정상,0,0
GATE-01,PARKING-01,2026-01-30 16:00:00,40.26,4.74,23.64,3.16,1.41,47883,0,66,3.4,정상,0,0
GATE-01,PARKING-01,2026-01-30 17:00:00,42.64,5.03,23.24,2.95,1.22,47928,0,66,10.28,정상,0,0
GATE-01,PARKING-01,2026-01-30 18:00:00,43.2,4.76,23.52,2.74,1.63,47968,1,66,12.66,정상,0,0
GATE-01,PARKING-01,2026-01-30 19:00:00,43.21,5.26,23.34,2.96,1.46,48011,0,66,8.88,정상,0,0
GATE-01,PARKING-01,2026-01-30 20:00:00,41.07,4.72,23.81,3.03,1.34,48059,1,66,9.82,정상,0,0
GATE-01,PARKING-01,2026-01-30 21:00:00,40.4,4.88,23.69,3.03,1.66,48079,1,66,10.38,정상,0,0
GATE-01,PARKING-01,2026-01-30 22:00:00,42.24,4.53,23.44,3.23,1.37,48105,1,66,6.65,정상,0,0
GATE-01,PARKING-01,2026-01-30 23:00:00,38.97,4.32,23.92,2.53,1.71,48127,0,66,4.92,정상,0,0
GATE-01,PARKING-01,2026-01-31 00:00:00,36.33,4.16,23.97,2.76,1.55,48127,1,67,6.36,정상,0,0
GATE-01,PARKING-01,2026-01-31 01:00:00,37.26,4.24,23.69,3.02,1.42,48127,1,67,5.63,정상,0,0
GATE-01,PARKING-01,2026-01-31 02:00:00,39.63,3.82,24.27,3.1,1.42,48137,1,67,9.04,정상,0,0
GATE-01,PARKING-01,2026-01-31 03:00:00,39.06,4.17,23.56,3.16,1.6,48149,0,67,8.27,정상,0,0
GATE-01,PARKING-01,2026-01-31 04:00:00,35.39,4.62,23.84,3.35,1.39,48154,1,67,6.42,정상,0,0
GATE-01,PARKING-01,2026-01-31 05:00:00,35.87,4.4,24.01,3.06,1.56,48160,0,67,2.6,정상,0,0
GATE-01,PARKING-01,2026-01-31 06:00:00,40.71,4.28,23.72,2.81,1.34,48182,0,67,1.23,정상,0,0
GATE-01,PARKING-01,2026-01-31 07:00:00,43.6,5.06,23.98,3.13,1.33,48230,2,67,19.91,정상,0,0
GATE-01,PARKING-01,2026-01-31 08:00:00,40.88,5.23,23.89,2.95,1.41,48272,1,67,10.15,정상,0,0
GATE-01,PARKING-01,2026-01-31 09:00:00,43.58,4.96,24.01,2.82,1.59,48308,0,67,7.4,정상,0,0
GATE-01,PARKING-01,2026-01-31 10:00:00,42.22,4.09,23.67,3,1.59,48335,0,67,4.75,정상,0,0
GATE-01,PARKING-01,2026-01-31 11:00:00,40.6,4.17,23.78,2.99,1.52,48359,0,67,3.83,정상,0,0
GATE-01,PARKING-01,2026-01-31 12:00:00,39.97,4.76,23.74,2.94,1.5,48372,1,67,6.15,정상,0,0
GATE-01,PARKING-01,2026-01-31 13:00:00,43.34,4.42,23.71,2.89,1.15,48396,0,67,1.54,정상,0,0
GATE-01,PARKING-01,2026-01-31 14:00:00,41.07,4.71,23.58,2.84,1.92,48420,0,67,6.15,정상,0,0
GATE-01,PARKING-01,2026-01-31 15:00:00,41.57,4.92,23.43,3.06,1.42,48445,0,67,5.72,정상,0,0
GATE-01,PARKING-01,2026-01-31 16:00:00,38.97,4.53,23.84,3.08,2.08,48464,0,67,13.04,정상,0,0
GATE-01,PARKING-01,2026-01-31 17:00:00,40.05,5.23,23.88,2.94,1.51,48506,0,67,7.2,정상,0,0
GATE-01,PARKING-01,2026-01-31 18:00:00,43.99,5.11,23.74,3.05,1.45,48556,0,67,6.55,정상,0,0
GATE-01,PARKING-01,2026-01-31 19:00:00,43.29,4.81,23.79,2.81,1.55,48608,0,67,7.39,정상,0,0
GATE-01,PARKING-01,2026-01-31 20:00:00,40.61,5.06,23.91,2.88,1.45,48653,0,67,5.62,정상,0,0
GATE-01,PARKING-01,2026-01-31 21:00:00,40.93,4.88,23.83,3.24,1.27,48674,1,67,13.82,정상,0,0
GATE-01,PARKING-01,2026-01-31 22:00:00,41.81,4.26,23.85,2.79,1.6,48695,0,67,4.42,정상,0,0
GATE-01,PARKING-01,2026-01-31 23:00:00,43.05,4.98,23.69,3.2,1.34,48725,1,67,11.38,정상,0,0
GATE-01,PARKING-01,2026-02-01 00:00:00,39.98,4,23.51,2.89,1.64,48736,0,68,5.1,정상,0,0
GATE-01,PARKING-01,2026-02-01 01:00:00,37.78,4.25,24.23,3.06,1.47,48740,1,68,10.38,정상,0,0
GATE-01,PARKING-01,2026-02-01 02:00:00,39.84,3.59,23.39,2.84,1.69,48742,0,68,9.26,정상,0,0
GATE-01,PARKING-01,2026-02-01 03:00:00,39.95,4.65,23.69,2.84,1.39,48751,2,68,15.57,정상,0,0
GATE-01,PARKING-01,2026-02-01 04:00:00,38.22,4.22,23.74,2.94,1.28,48751,0,68,3.01,정상,0,0
GATE-01,PARKING-01,2026-02-01 05:00:00,44.2,4.56,23.75,3.14,1.57,48762,0,68,4.55,정상,0,0
GATE-01,PARKING-01,2026-02-01 06:00:00,41.66,4.16,23.28,2.78,1.68,48790,1,68,12.11,정상,0,0
GATE-01,PARKING-01,2026-02-01 07:00:00,44.04,5.52,24.08,3.07,1.58,48851,1,68,13.52,정상,0,0
GATE-01,PARKING-01,2026-02-01 08:00:00,46.25,5.09,23.76,3.27,1.59,48915,1,68,20.96,정상,0,0
GATE-01,PARKING-01,2026-02-01 09:00:00,42.4,4.89,23.46,2.88,1.78,48965,1,68,15.02,정상,0,0
GATE-01,PARKING-01,2026-02-01 10:00:00,39.78,4.69,24.17,2.96,1.85,48990,0,68,10.7,정상,0,0
GATE-01,PARKING-01,2026-02-01 11:00:00,38.85,4.59,23.63,2.96,1.59,49017,0,68,6.4,정상,0,0
GATE-01,PARKING-01,2026-02-01 12:00:00,43.4,4.18,23.87,2.86,1.57,49039,0,68,2.87,정상,0,0
GATE-01,PARKING-01,2026-02-01 13:00:00,42.07,5.15,23.99,3.07,1.44,49062,0,68,5.78,정상,0,0
GATE-01,PARKING-01,2026-02-01 14:00:00,40.96,4.99,23.91,3.06,1.64,49088,0,68,7.48,정상,0,0
GATE-01,PARKING-01,2026-02-01 15:00:00,42.26,4.03,23.62,3.17,1.71,49110,0,68,8.06,정상,0,0
GATE-01,PARKING-01,2026-02-01 16:00:00,41.12,4.68,23.45,3.08,1.91,49134,0,68,8.11,정상,0,0
GATE-01,PARKING-01,2026-02-01 17:00:00,41.14,4.94,24.04,2.9,1.27,49163,0,68,7.01,정상,0,0
GATE-01,PARKING-01,2026-02-01 18:00:00,40.98,4.42,24.04,3.06,1.65,49196,0,68,3.85,정상,0,0
GATE-01,PARKING-01,2026-02-01 19:00:00,44.8,4.81,23.89,2.83,1.64,49238,0,68,6.72,정상,0,0
GATE-01,PARKING-01,2026-02-01 20:00:00,44.44,4.87,23.82,2.86,1.38,49289,0,68,4.84,정상,0,0
GATE-01,PARKING-01,2026-02-01 21:00:00,42.38,4.45,24.3,3.04,1.53,49314,0,68,8.63,정상,0,0
GATE-01,PARKING-01,2026-02-01 22:00:00,41.76,5.07,23.71,3.16,1.71,49344,0,68,8.3,정상,0,0
GATE-01,PARKING-01,2026-02-01 23:00:00,42.75,5.1,23.78,3.15,1.65,49357,0,68,10.38,정상,0,0
GATE-01,PARKING-01,2026-02-02 00:00:00,36.89,4.1,23.7,3.17,1.53,49362,1,69,9.64,정상,0,0
GATE-01,PARKING-01,2026-02-02 01:00:00,39.12,4.71,23.35,3.29,1.85,49364,0,69,11.8,정상,0,0
GATE-01,PARKING-01,2026-02-02 02:00:00,40.27,4.99,23.72,3.29,1.9,49376,1,69,17.94,정상,0,0
GATE-01,PARKING-01,2026-02-02 03:00:00,40.52,4.98,23.37,3.3,2.37,49387,1,69,20.97,정상,0,0
GATE-01,PARKING-01,2026-02-02 04:00:00,42.31,4.55,23.22,3.36,1.98,49387,1,69,18.43,정상,0,0
GATE-01,PARKING-01,2026-02-02 05:00:00,40.78,5.18,23.63,3.59,2.18,49389,0,69,15.83,정상,0,0
GATE-01,PARKING-01,2026-02-02 06:00:00,47.11,5.41,23.42,3.51,2.02,49414,1,69,27.51,정상,0,0
GATE-01,PARKING-01,2026-02-02 07:00:00,44.31,5.85,23.53,3.81,2.44,49451,1,69,31.86,정상,0,0
GATE-01,PARKING-01,2026-02-02 08:00:00,48.1,6.01,23.68,3.86,2.48,49498,1,69,37.38,정상,0,0
GATE-01,PARKING-01,2026-02-02 09:00:00,47.9,5.88,23.61,3.53,2.71,49545,1,69,33.41,정상,0,0
GATE-01,PARKING-01,2026-02-02 10:00:00,44.94,5.82,23.52,3.81,2.56,49565,1,69,33.96,정상,0,0
GATE-01,PARKING-01,2026-02-02 11:00:00,45.04,6.16,23.78,3.95,2.62,49582,1,69,34.64,정상,0,0
GATE-01,PARKING-01,2026-02-02 12:00:00,46.53,6.14,23.5,4.05,2.81,49607,2,69,44.84,주의,0,0
GATE-01,PARKING-01,2026-02-02 13:00:00,48.28,5.6,23.35,3.67,2.48,49624,1,69,35.29,정상,0,0
GATE-01,PARKING-01,2026-02-02 14:00:00,45.82,5.88,23.61,4.02,3.27,49645,1,69,41.37,주의,0,0
GATE-01,PARKING-01,2026-02-02 15:00:00,49.62,6.04,23.74,3.96,2.91,49665,2,69,48.18,주의,0,0
GATE-01,PARKING-01,2026-02-02 16:00:00,48.83,5.98,23.67,4.29,3.11,49682,1,69,46,주의,0,0
GATE-01,PARKING-01,2026-02-02 17:00:00,52.41,7.06,23.22,4.37,3.33,49729,2,69,62.8,주의,0,0
GATE-01,PARKING-01,2026-02-02 18:00:00,51.28,7.1,23.17,4.27,3.1,49769,2,69,62.57,주의,0,0
GATE-01,PARKING-01,2026-02-02 19:00:00,51.3,7.32,22.91,4.39,3.23,49811,3,69,73.71,주의,0,0
GATE-01,PARKING-01,2026-02-02 20:00:00,53.77,7.17,23.33,4.16,3.35,49854,2,69,66.73,주의,0,0
GATE-01,PARKING-01,2026-02-02 21:00:00,51.31,6.99,23.14,4.46,3.36,49875,3,69,66.06,주의,0,0
GATE-01,PARKING-01,2026-02-02 22:00:00,48.74,7.1,23.53,4.41,3.61,49904,3,69,65.51,주의,0,0
GATE-01,PARKING-01,2026-02-02 23:00:00,49.03,6.8,22.89,4.18,3.69,49915,3,69,68.09,주의,0,0
GATE-01,PARKING-01,2026-02-03 00:00:00,46.87,6.31,23.2,4.77,3.54,49919,3,70,62.35,주의,0,0
GATE-01,PARKING-01,2026-02-03 01:00:00,52.11,6.37,23.07,4.6,3.56,49928,3,70,73.39,주의,0,0
GATE-01,PARKING-01,2026-02-03 02:00:00,47.68,6.58,23.36,4.49,3.86,49933,3,70,67.17,주의,0,0
GATE-01,PARKING-01,2026-02-03 03:00:00,52.44,7.05,22.79,5.01,3.82,49941,3,70,80.89,주의,0,0
GATE-01,PARKING-01,2026-02-03 04:00:00,51.56,6.77,23.26,4.95,4.15,49953,3,70,77.34,주의,0,0
GATE-01,PARKING-01,2026-02-03 05:00:00,50.39,7.05,22.85,5.04,3.96,49960,4,70,82.2,주의,0,0
GATE-01,PARKING-01,2026-02-03 06:00:00,55.97,7.42,23.02,4.97,4.09,49989,2,70,84.09,주의,0,0
GATE-01,PARKING-01,2026-02-03 07:00:00,57.24,7.91,23.02,4.91,4.57,50018,4,70,98.76,위험,0,0
GATE-01,PARKING-01,2026-02-03 08:00:00,54.51,8.3,23.16,5.24,4.27,50064,4,70,100,위험,0,0
GATE-01,PARKING-01,2026-02-03 09:00:00,54.65,8.14,22.83,4.87,4.36,50099,4,70,97.35,위험,0,0
GATE-01,PARKING-01,2026-02-03 10:00:00,38.52,4.77,23.9,2.94,1.26,50125,0,70,0,정상,0,0
GATE-01,PARKING-01,2026-02-03 11:00:00,41.87,4.76,23.9,2.93,1.15,50154,0,70,1.04,정상,0,0
GATE-01,PARKING-01,2026-02-03 12:00:00,41.67,4.31,23.65,2.8,1.89,50180,1,70,11.12,정상,0,0
GATE-01,PARKING-01,2026-02-03 13:00:00,42.92,4.5,23.88,2.6,1.83,50192,0,70,5.35,정상,0,0
GATE-01,PARKING-01,2026-02-03 14:00:00,40.66,4.7,23.41,2.83,1.69,50215,1,70,11.36,정상,0,0
GATE-01,PARKING-01,2026-02-03 15:00:00,40.88,4.54,23.72,2.82,1.63,50237,0,70,3.72,정상,0,0
GATE-01,PARKING-01,2026-02-03 16:00:00,40.19,4.77,23.6,2.86,1.62,50262,0,70,3.77,정상,0,0
GATE-01,PARKING-01,2026-02-03 17:00:00,42.89,4.55,23.13,3.25,1.58,50299,0,70,11.93,정상,0,0
GATE-01,PARKING-01,2026-02-03 18:00:00,44,4.93,23.99,2.87,1.55,50339,0,70,6.59,정상,0,0
GATE-01,PARKING-01,2026-02-03 19:00:00,44.86,5.11,23.6,2.93,1.69,50382,1,70,15.66,정상,0,0
GATE-01,PARKING-01,2026-02-03 20:00:00,43.65,4.93,24.11,2.89,1.65,50428,0,70,4.99,정상,0,0
GATE-01,PARKING-01,2026-02-03 21:00:00,42.77,4.33,23.77,3.09,1.65,50454,0,70,3.01,정상,0,0
GATE-01,PARKING-01,2026-02-03 22:00:00,40.17,4.64,23.88,3.07,1.61,50481,0,70,3.76,정상,0,0
GATE-01,PARKING-01,2026-02-03 23:00:00,43.14,4.83,23.67,3.04,1.91,50503,1,70,16.98,정상,0,0
GATE-01,PARKING-01,2026-02-04 00:00:00,36.51,4.49,23.43,3.01,1.51,50503,0,71,6,정상,0,0
GATE-01,PARKING-01,2026-02-04 01:00:00,37.47,4.06,23.87,3,1.53,50504,0,71,1.68,정상,0,0
GATE-01,PARKING-01,2026-02-04 02:00:00,36.49,4.46,24.08,3.21,1.76,50504,0,71,6.29,정상,0,0
GATE-01,PARKING-01,2026-02-04 03:00:00,40.81,4.73,23.75,3.18,1.52,50511,1,71,11.32,정상,0,0
GATE-01,PARKING-01,2026-02-04 04:00:00,39.3,4.24,23.94,3.39,1.53,50520,0,71,6.02,정상,0,0
GATE-01,PARKING-01,2026-02-04 05:00:00,34.37,3.86,23.81,2.77,1.7,50520,0,71,6.22,정상,0,0
GATE-01,PARKING-01,2026-02-04 06:00:00,39.45,4.72,23.71,3.09,1.44,50539,1,71,10.66,정상,0,0
GATE-01,PARKING-01,2026-02-04 07:00:00,42.48,4.74,24.38,3.25,1.4,50583,1,71,12.82,정상,0,0
GATE-01,PARKING-01,2026-02-04 08:00:00,42.31,4.89,24.15,3.03,1.83,50627,0,71,5.15,정상,0,0
GATE-01,PARKING-01,2026-02-04 09:00:00,44.02,4.85,23.63,3.12,1.74,50673,0,71,10.24,정상,0,0
GATE-01,PARKING-01,2026-02-04 10:00:00,42.93,4.51,23.87,2.84,1.53,50701,0,71,3.36,정상,0,0
GATE-01,PARKING-01,2026-02-04 11:00:00,38.06,5.07,23.87,3.03,1.69,50720,0,71,5.82,정상,0,0
GATE-01,PARKING-01,2026-02-04 12:00:00,39.88,4.16,23.64,3.28,1.68,50730,1,71,7.19,정상,0,0
GATE-01,PARKING-01,2026-02-04 13:00:00,38.8,4.45,23.55,3.29,1.58,50748,1,71,13.47,정상,0,0
GATE-01,PARKING-01,2026-02-04 14:00:00,42.34,4.72,23.9,3,1.64,50775,0,71,5.72,정상,0,0
GATE-01,PARKING-01,2026-02-04 15:00:00,42.9,4.02,23.28,2.64,1.78,50793,0,71,10.63,정상,0,0
GATE-01,PARKING-01,2026-02-04 16:00:00,42.17,4.43,23.36,2.97,1.77,50817,0,71,9.19,정상,0,0
GATE-01,PARKING-01,2026-02-04 17:00:00,43.47,5,24.16,3.33,1.69,50868,0,71,15.34,정상,0,0
GATE-01,PARKING-01,2026-02-04 18:00:00,45.39,5.52,23.99,3.04,1.49,50914,0,71,9.59,정상,0,0
GATE-01,PARKING-01,2026-02-04 19:00:00,44.07,5.34,24.33,3.14,1.74,50961,0,71,13.64,정상,0,0
GATE-01,PARKING-01,2026-02-04 20:00:00,41.79,4.81,23.67,3.12,1.68,51004,0,71,5.45,정상,0,0
GATE-01,PARKING-01,2026-02-04 21:00:00,41.96,5,23.97,3.04,1.66,51029,2,71,15.53,정상,0,0
GATE-01,PARKING-01,2026-02-04 22:00:00,42.95,4.64,23.62,3.13,1.66,51057,2,71,18.42,정상,0,0
GATE-01,PARKING-01,2026-02-04 23:00:00,42.29,4.59,23.78,2.77,1.59,51079,0,71,3,정상,0,0
GATE-01,PARKING-01,2026-02-05 00:00:00,36.68,4.57,24.36,2.91,1.76,51080,0,72,2.35,정상,0,0
GATE-01,PARKING-01,2026-02-05 01:00:00,40.51,4.6,23.91,3.22,1.67,51086,0,72,5.15,정상,0,0
GATE-01,PARKING-01,2026-02-05 02:00:00,40.59,4.12,23.89,3.27,1.55,51086,1,72,11.1,정상,0,0
GATE-01,PARKING-01,2026-02-05 03:00:00,40.01,4.31,23.89,3.01,1.61,51091,0,72,4.09,정상,0,0
GATE-01,PARKING-01,2026-02-05 04:00:00,42.39,4.29,23.58,2.94,1.44,51095,0,72,2.88,정상,0,0
GATE-01,PARKING-01,2026-02-05 05:00:00,40.74,4.34,23.66,3.3,1.48,51095,0,72,8.27,정상,0,0
GATE-01,PARKING-01,2026-02-05 06:00:00,43.96,4.97,23.69,3.02,1.69,51116,1,72,15.41,정상,0,0
GATE-01,PARKING-01,2026-02-05 07:00:00,43.68,5.5,24.01,3.13,1.71,51181,1,72,16.02,정상,0,0
GATE-01,PARKING-01,2026-02-05 08:00:00,44.91,4.99,23.62,2.79,1.67,51225,0,72,8.97,정상,0,0
GATE-01,PARKING-01,2026-02-05 09:00:00,43.46,4.3,23.6,3.42,1.45,51266,1,72,10.67,정상,0,0
GATE-01,PARKING-01,2026-02-05 10:00:00,41.41,4.92,23.81,2.99,1.69,51290,1,72,9.91,정상,0,0
GATE-01,PARKING-01,2026-02-05 11:00:00,43.39,4.44,23.96,3.04,1.93,51309,0,72,8.64,정상,0,0
GATE-01,PARKING-01,2026-02-05 12:00:00,40.48,4.44,24.23,3.24,1.35,51328,0,72,5.16,정상,0,0
GATE-01,PARKING-01,2026-02-05 13:00:00,43.14,5.79,23.73,3.12,1.69,51358,0,72,14.92,정상,0,0
GATE-01,PARKING-01,2026-02-05 14:00:00,38.38,4.25,23.81,3.23,1.77,51370,1,72,11.76,정상,0,0
GATE-01,PARKING-01,2026-02-05 15:00:00,44.23,4.73,24,2.98,1.68,51394,1,72,10.95,정상,0,0
GATE-01,PARKING-01,2026-02-05 16:00:00,39.75,4.34,23.71,3.08,1.97,51415,1,72,13.24,정상,0,0
GATE-01,PARKING-01,2026-02-05 17:00:00,48.06,5.46,23.5,2.93,1.44,51477,1,72,22.93,정상,0,0
GATE-01,PARKING-01,2026-02-05 18:00:00,43.8,5.04,23.38,2.97,1.64,51537,0,72,10.24,정상,0,0
GATE-01,PARKING-01,2026-02-05 19:00:00,44.6,5.21,23.46,3.02,1.69,51579,0,72,11.75,정상,0,0
GATE-01,PARKING-01,2026-02-05 20:00:00,42.43,5.35,23.27,3.13,1.46,51620,0,72,14.46,정상,0,0
GATE-01,PARKING-01,2026-02-05 21:00:00,41.28,5.04,23.51,3.16,1.73,51639,0,72,10.63,정상,0,0
GATE-01,PARKING-01,2026-02-05 22:00:00,40.29,4.82,23.52,3.26,1.57,51660,0,72,8.59,정상,0,0
GATE-01,PARKING-01,2026-02-05 23:00:00,44.47,4.4,23.82,2.88,1.49,51680,0,72,8.93,정상,0,0
GATE-01,PARKING-01,2026-02-06 00:00:00,42.44,4.31,23.37,3.24,1.71,51687,1,73,13.94,정상,0,0
GATE-01,PARKING-01,2026-02-06 01:00:00,37.13,4.15,23.99,3.45,1.76,51692,0,73,8.83,정상,0,0
GATE-01,PARKING-01,2026-02-06 02:00:00,42.18,4.16,23.63,3.02,1.82,51699,0,73,9.24,정상,0,0
GATE-01,PARKING-01,2026-02-06 03:00:00,36.92,4.36,23.83,2.97,1.74,51704,1,73,11.85,정상,0,0
GATE-01,PARKING-01,2026-02-06 04:00:00,39.39,4.13,23.68,2.96,1.64,51704,0,73,5.6,정상,0,0
GATE-01,PARKING-01,2026-02-06 05:00:00,40.65,3.95,24.07,3.16,1.53,51713,0,73,0.83,정상,0,0
GATE-01,PARKING-01,2026-02-06 06:00:00,41.42,4.64,23.65,3.02,1.85,51743,1,73,11.42,정상,0,0
GATE-01,PARKING-01,2026-02-06 07:00:00,42.82,5.41,24.1,3.06,1.43,51791,1,73,15.99,정상,0,0
GATE-01,PARKING-01,2026-02-06 08:00:00,45.18,5,24.43,2.97,1.5,51834,0,73,7.22,정상,0,0
GATE-01,PARKING-01,2026-02-06 09:00:00,45.76,5.67,23.8,3.26,1.4,51877,0,73,9.4,정상,0,0
GATE-01,PARKING-01,2026-02-06 10:00:00,38.72,4.69,23.74,2.93,1.4,51903,2,73,11.04,정상,0,0
GATE-01,PARKING-01,2026-02-06 11:00:00,42.45,4.8,24.04,2.93,1.83,51926,1,73,12.95,정상,0,0
GATE-01,PARKING-01,2026-02-06 12:00:00,39.85,4.92,23.39,2.76,1.47,51945,0,73,8.35,정상,0,0
GATE-01,PARKING-01,2026-02-06 13:00:00,39.07,4.86,24.03,3.26,1.69,51964,0,73,6.25,정상,0,0
GATE-01,PARKING-01,2026-02-06 14:00:00,41.02,4.78,23.44,3.38,1.89,51987,0,73,9.89,정상,0,0
GATE-01,PARKING-01,2026-02-06 15:00:00,43.05,4.57,23.48,3.16,1.6,52011,0,73,8.54,정상,0,0
GATE-01,PARKING-01,2026-02-06 16:00:00,39.9,4.84,24.12,3.26,1.51,52028,0,73,8.53,정상,0,0
GATE-01,PARKING-01,2026-02-06 17:00:00,44.1,4.8,23.56,3.26,1.76,52070,1,73,16.63,정상,0,0
GATE-01,PARKING-01,2026-02-06 18:00:00,40.82,5.16,23.95,3.19,1.5,52103,1,73,11.35,정상,0,0
GATE-01,PARKING-01,2026-02-06 19:00:00,41.83,4.84,23.54,3.24,1.59,52139,1,73,13.05,정상,0,0
GATE-01,PARKING-01,2026-02-06 20:00:00,42.61,4.54,23.65,3.13,2.14,52172,0,73,8.86,정상,0,0
GATE-01,PARKING-01,2026-02-06 21:00:00,40.4,4.66,23.78,3.12,1.43,52194,0,73,4.87,정상,0,0
GATE-01,PARKING-01,2026-02-06 22:00:00,41.44,4.62,23.62,3.14,1.35,52207,0,73,5,정상,0,0
GATE-01,PARKING-01,2026-02-06 23:00:00,42.1,5.25,23.57,3.08,1.71,52233,0,73,8.44,정상,0,0
GATE-01,PARKING-01,2026-02-07 00:00:00,38.64,4.18,23.76,3.12,1.99,52233,0,74,2.23,정상,0,0
GATE-01,PARKING-01,2026-02-07 01:00:00,42.84,4.35,23.44,3.37,1.85,52244,0,74,10.93,정상,0,0
GATE-01,PARKING-01,2026-02-07 02:00:00,41.32,3.97,23.86,3.35,1.84,52252,0,74,8.35,정상,0,0
GATE-01,PARKING-01,2026-02-07 03:00:00,43.02,4.76,23.72,3.14,1.95,52252,0,74,8.78,정상,0,0
GATE-01,PARKING-01,2026-02-07 04:00:00,43.54,4.4,23.76,2.91,1.82,52262,0,74,11.18,정상,0,0
GATE-01,PARKING-01,2026-02-07 05:00:00,42.64,4.52,23.47,3.06,1.76,52277,0,74,4.37,정상,0,0
GATE-01,PARKING-01,2026-02-07 06:00:00,42.59,5.13,23.5,3.16,1.64,52302,0,74,9.99,정상,0,0
GATE-01,PARKING-01,2026-02-07 07:00:00,44.3,5.35,23.37,3.31,2.01,52345,0,74,15.97,정상,0,0
GATE-01,PARKING-01,2026-02-07 08:00:00,43.33,5.6,23.92,3.01,1.34,52396,0,74,6.7,정상,0,0
GATE-01,PARKING-01,2026-02-07 09:00:00,43.47,5.03,23.56,2.98,1.55,52425,0,74,7.46,정상,0,0
GATE-01,PARKING-01,2026-02-07 10:00:00,37.28,5.31,23.73,3.07,1.68,52446,0,74,9.94,정상,0,0
GATE-01,PARKING-01,2026-02-07 11:00:00,42.96,4.67,23.35,3.2,1.8,52471,0,74,11.11,정상,0,0
GATE-01,PARKING-01,2026-02-07 12:00:00,42.94,4.53,23.92,3,1.67,52488,0,74,4.92,정상,0,0
GATE-01,PARKING-01,2026-02-07 13:00:00,39.72,4.77,23.62,3.17,1.81,52508,1,74,16,정상,0,0
GATE-01,PARKING-01,2026-02-07 14:00:00,39.85,4.81,23.33,3.22,1.53,52526,0,74,9.26,정상,0,0
GATE-01,PARKING-01,2026-02-07 15:00:00,41.18,4.61,23.76,2.91,1.77,52542,0,74,4.95,정상,0,0
GATE-01,PARKING-01,2026-02-07 16:00:00,42.76,5,23.57,3.03,1.46,52569,0,74,7.24,정상,0,0
GATE-01,PARKING-01,2026-02-07 17:00:00,45.49,5.19,23.56,2.87,2.03,52615,0,74,15.33,정상,0,0
GATE-01,PARKING-01,2026-02-07 18:00:00,44.24,5.16,23.76,2.97,2.06,52659,1,74,17.71,정상,0,0
GATE-01,PARKING-01,2026-02-07 19:00:00,44.26,5.48,24.35,3,1.35,52693,0,74,10.53,정상,0,0
GATE-01,PARKING-01,2026-02-07 20:00:00,45.62,5.82,24.18,3,1.66,52735,0,74,16.38,정상,0,0
GATE-01,PARKING-01,2026-02-07 21:00:00,41.13,4.82,23.76,3.04,1.84,52754,0,74,7.35,정상,0,0
GATE-01,PARKING-01,2026-02-07 22:00:00,41.74,5.01,23.48,3.03,1.76,52765,0,74,9.26,정상,0,0
GATE-01,PARKING-01,2026-02-07 23:00:00,38.53,4.75,23.99,3.02,1.83,52777,0,74,3.87,정상,0,0
GATE-01,PARKING-01,2026-02-08 00:00:00,36.95,3.92,23.81,3.13,1.68,52777,0,75,8.27,정상,0,0
GATE-01,PARKING-01,2026-02-08 01:00:00,41.74,4.66,23.75,3.04,1.69,52782,0,75,4.47,정상,0,0
GATE-01,PARKING-01,2026-02-08 02:00:00,38.36,4.52,23.43,2.93,1.56,52782,1,75,10.77,정상,0,0
GATE-01,PARKING-01,2026-02-08 03:00:00,39.73,4.84,24.11,3.12,1.86,52787,0,75,6.01,정상,0,0
GATE-01,PARKING-01,2026-02-08 04:00:00,43.96,4.44,23.91,3.2,1.72,52787,0,75,10.69,정상,0,0
GATE-01,PARKING-01,2026-02-08 05:00:00,37.14,4.62,23.91,3.16,1.49,52790,0,75,3.54,정상,0,0
GATE-01,PARKING-01,2026-02-08 06:00:00,43.85,4.54,23.45,3.08,1.83,52816,0,75,10.9,정상,0,0
GATE-01,PARKING-01,2026-02-08 07:00:00,42.2,4.98,24.17,3.02,1.66,52860,0,75,5.13,정상,0,0
GATE-01,PARKING-01,2026-02-08 08:00:00,44.92,5.34,24.09,3.05,1.75,52904,0,75,16.57,정상,0,0
GATE-01,PARKING-01,2026-02-08 09:00:00,45.54,6.01,23.78,3.15,1.32,52966,0,75,16.82,정상,0,0
GATE-01,PARKING-01,2026-02-08 10:00:00,39.18,4.39,23.78,2.92,1.86,52981,0,75,6.14,정상,0,0
GATE-01,PARKING-01,2026-02-08 11:00:00,42.54,4.47,23.91,3.11,2.03,52999,0,75,9.68,정상,0,0
GATE-01,PARKING-01,2026-02-08 12:00:00,44.08,5.21,23.87,3.14,1.8,53028,0,75,14.35,정상,0,0
GATE-01,PARKING-01,2026-02-08 13:00:00,41.84,4.96,23.91,3.15,1.84,53051,0,75,5.31,정상,0,0
GATE-01,PARKING-01,2026-02-08 14:00:00,41.28,4.78,24.14,3.26,1.86,53069,1,75,16.16,정상,0,0
GATE-01,PARKING-01,2026-02-08 15:00:00,42.2,4.62,23.66,2.95,2.01,53093,0,75,5.81,정상,0,0
GATE-01,PARKING-01,2026-02-08 16:00:00,41.52,4.93,24.09,2.85,2.05,53121,0,75,8.86,정상,0,0
GATE-01,PARKING-01,2026-02-08 17:00:00,45.41,5.25,23.91,3.17,2,53163,1,75,21.43,정상,0,0
GATE-01,PARKING-01,2026-02-08 18:00:00,44.23,5.71,23.8,3.19,1.88,53208,0,75,18.86,정상,0,0
GATE-01,PARKING-01,2026-02-08 19:00:00,46.07,4.96,23.56,3.47,1.98,53254,1,75,26.31,정상,0,0
GATE-01,PARKING-01,2026-02-08 20:00:00,42.88,4.9,23.99,3.4,1.75,53308,0,75,12.11,정상,0,0
GATE-01,PARKING-01,2026-02-08 21:00:00,38.36,5.12,24.09,3.26,1.9,53342,0,75,13.82,정상,0,0
GATE-01,PARKING-01,2026-02-08 22:00:00,45.56,5.19,24,3.27,1.71,53374,0,75,10.47,정상,0,0
GATE-01,PARKING-01,2026-02-08 23:00:00,39.95,4.07,23.62,3.2,1.79,53388,1,75,14.67,정상,0,0
GATE-01,PARKING-01,2026-02-09 00:00:00,40.17,4.75,24.07,2.94,1.75,53395,0,76,5.51,정상,0,0
GATE-01,PARKING-01,2026-02-09 01:00:00,39.64,4.76,24.09,2.91,1.9,53403,0,76,6.19,정상,0,0
GATE-01,PARKING-01,2026-02-09 02:00:00,40.45,4.3,23.74,3.08,1.79,53406,0,76,5.84,정상,0,0
GATE-01,PARKING-01,2026-02-09 03:00:00,39.1,4.37,24.14,3.33,1.86,53409,1,76,11.09,정상,0,0
GATE-01,PARKING-01,2026-02-09 04:00:00,41.27,4.31,23.77,3.11,1.92,53418,0,76,5.68,정상,0,0
GATE-01,PARKING-01,2026-02-09 05:00:00,40.78,4.35,23.92,3.08,1.68,53418,0,76,5.05,정상,0,0
GATE-01,PARKING-01,2026-02-09 06:00:00,42.83,4.66,23.8,2.84,1.76,53441,1,76,13.26,정상,0,0
GATE-01,PARKING-01,2026-02-09 07:00:00,45,5.77,23.64,3.13,1.83,53487,0,76,18.92,정상,0,0
GATE-01,PARKING-01,2026-02-09 08:00:00,42.12,5.2,23.96,3.27,1.7,53518,1,76,17.17,정상,0,0
GATE-01,PARKING-01,2026-02-09 09:00:00,44.05,5.2,23.56,3.1,1.3,53561,0,76,12.33,정상,0,0
GATE-01,PARKING-01,2026-02-09 10:00:00,39.3,5.29,23.81,3.1,1.7,53582,0,76,9.82,정상,0,0
GATE-01,PARKING-01,2026-02-09 11:00:00,42.13,4.85,23.66,3.34,1.97,53602,0,76,15.1,정상,0,0
GATE-01,PARKING-01,2026-02-09 12:00:00,42.45,4.92,23.82,3.07,1.94,53621,0,76,7.01,정상,0,0
GATE-01,PARKING-01,2026-02-09 13:00:00,44.55,4.57,23.39,3.19,1.73,53643,0,76,13.69,정상,0,0
GATE-01,PARKING-01,2026-02-09 14:00:00,40.7,5.54,23.91,3.23,1.98,53670,0,76,10.95,정상,0,0
GATE-01,PARKING-01,2026-02-09 15:00:00,38.31,4.92,23.82,3.23,1.28,53683,1,76,9.75,정상,0,0
GATE-01,PARKING-01,2026-02-09 16:00:00,42.05,4.96,23.73,3.1,1.91,53699,0,76,8.63,정상,0,0
GATE-01,PARKING-01,2026-02-09 17:00:00,45.29,5.68,23.78,3.2,1.89,53752,0,76,17.65,정상,0,0
GATE-01,PARKING-01,2026-02-09 18:00:00,45.3,5.54,23.37,3.27,1.93,53786,0,76,18.34,정상,0,0
GATE-01,PARKING-01,2026-02-09 19:00:00,43.54,5.94,23.85,3.22,1.73,53832,2,76,24.15,정상,0,0
GATE-01,PARKING-01,2026-02-09 20:00:00,43.22,5.83,23.93,3.21,1.86,53870,0,76,12.46,정상,0,0
GATE-01,PARKING-01,2026-02-09 21:00:00,44.67,4.78,23.83,3.12,1.5,53899,0,76,9.41,정상,0,0
GATE-01,PARKING-01,2026-02-09 22:00:00,41.71,4.89,24.04,3.28,1.79,53918,1,76,10.09,정상,0,0
GATE-01,PARKING-01,2026-02-09 23:00:00,44.21,5.07,24.09,3.16,1.91,53940,0,76,13.98,정상,0,0
GATE-01,PARKING-01,2026-02-10 00:00:00,39.07,4.71,24.16,3.12,1.83,53940,1,77,13.83,정상,0,0
GATE-01,PARKING-01,2026-02-10 01:00:00,38.78,4.59,23.54,3.14,1.64,53947,0,77,8.02,정상,0,0
GATE-01,PARKING-01,2026-02-10 02:00:00,38.18,3.89,23.25,3.27,1.52,53947,0,77,7.68,정상,0,0
GATE-01,PARKING-01,2026-02-10 03:00:00,42.65,4.5,24.32,3.43,1.9,53947,0,77,11.16,정상,0,0
GATE-01,PARKING-01,2026-02-10 04:00:00,39.18,4.12,23.68,3.21,1.6,53954,0,77,8.54,정상,0,0
GATE-01,PARKING-01,2026-02-10 05:00:00,40.99,4.81,23.49,3.18,2.12,53959,0,77,14.11,정상,0,0
GATE-01,PARKING-01,2026-02-10 06:00:00,41.34,5.24,23.6,3.28,1.89,53971,0,77,13.77,정상,0,0
GATE-01,PARKING-01,2026-02-10 07:00:00,44.31,5.36,23.67,3.22,1.78,54011,0,77,16.57,정상,0,0
GATE-01,PARKING-01,2026-02-10 08:00:00,46.03,4.82,23.65,3.37,1.92,54047,0,77,18.74,정상,0,0
GATE-01,PARKING-01,2026-02-10 09:00:00,46.11,5.67,23.32,3.29,1.61,54104,0,77,23.43,정상,0,0
GATE-01,PARKING-01,2026-02-10 10:00:00,44.35,5.18,23.84,2.96,1.62,54129,0,77,10.37,정상,0,0
GATE-01,PARKING-01,2026-02-10 11:00:00,45.08,4.79,23.51,3.49,2.03,54146,1,77,26.12,정상,0,0
GATE-01,PARKING-01,2026-02-10 12:00:00,41,5.06,23.71,3.28,1.87,54165,1,77,16.6,정상,0,0
GATE-01,PARKING-01,2026-02-10 13:00:00,41.63,5.05,23.57,3.6,1.77,54182,0,77,15.83,정상,0,0
GATE-01,PARKING-01,2026-02-10 14:00:00,42.21,5.11,23.7,2.94,2.19,54209,1,77,17.35,정상,0,0
GATE-01,PARKING-01,2026-02-10 15:00:00,43.46,4.84,23.45,3.08,1.88,54234,0,77,10.68,정상,0,0
GATE-01,PARKING-01,2026-02-10 16:00:00,43.29,5.02,23.8,3.64,1.86,54250,1,77,20.32,정상,0,0
GATE-01,PARKING-01,2026-02-10 17:00:00,45.04,5.14,24,3.23,1.89,54284,0,77,14.32,정상,0,0
GATE-01,PARKING-01,2026-02-10 18:00:00,46.57,5.41,23.73,3.15,2.08,54327,0,77,19.02,정상,0,0
GATE-01,PARKING-01,2026-02-10 19:00:00,45.84,4.97,23.79,3.27,1.77,54363,2,77,26.26,정상,0,0
GATE-01,PARKING-01,2026-02-10 20:00:00,46.45,5.6,23.75,3.18,1.8,54415,0,77,19.14,정상,0,0
GATE-01,PARKING-01,2026-02-10 21:00:00,44.53,5.27,23.97,3.57,1.52,54446,0,77,13.28,정상,0,0
GATE-01,PARKING-01,2026-02-10 22:00:00,42.44,5.24,23.29,3.32,1.81,54471,0,77,14.35,정상,0,0
GATE-01,PARKING-01,2026-02-10 23:00:00,39.3,4.91,23.77,3,2.01,54489,0,77,12.31,정상,0,0
GATE-01,PARKING-01,2026-02-11 00:00:00,41.35,4.37,23.75,3.29,1.72,54489,1,78,15.95,정상,0,0
GATE-01,PARKING-01,2026-02-11 01:00:00,39.49,4.03,23.36,3.25,1.73,54489,1,78,13.41,정상,0,0
GATE-01,PARKING-01,2026-02-11 02:00:00,43.11,4.34,23.64,3.19,1.82,54493,0,78,12.15,정상,0,0
GATE-01,PARKING-01,2026-02-11 03:00:00,38.93,4.2,23.35,2.94,1.95,54493,0,78,11.35,정상,0,0
GATE-01,PARKING-01,2026-02-11 04:00:00,40.68,5.12,23.98,3.1,1.79,54504,1,78,14.96,정상,0,0
GATE-01,PARKING-01,2026-02-11 05:00:00,38.38,4.64,23.75,3.17,1.59,54509,0,78,3.37,정상,0,0
GATE-01,PARKING-01,2026-02-11 06:00:00,40.69,4.84,24.27,3.07,1.77,54531,0,78,6.58,정상,0,0
GATE-01,PARKING-01,2026-02-11 07:00:00,43.37,5.5,23.57,3.49,2.07,54566,0,78,15.78,정상,0,0
GATE-01,PARKING-01,2026-02-11 08:00:00,43.09,5.38,23.69,3.19,1.64,54612,0,78,13.11,정상,0,0
GATE-01,PARKING-01,2026-02-11 09:00:00,43.47,5.64,23.96,3.31,1.87,54650,0,78,13.12,정상,0,0
GATE-01,PARKING-01,2026-02-11 10:00:00,39.55,4.57,23.75,3.27,2.1,54668,0,78,10.24,정상,0,0
GATE-01,PARKING-01,2026-02-11 11:00:00,42.98,4.7,23.54,3.16,1.61,54687,0,78,7.03,정상,0,0
GATE-01,PARKING-01,2026-02-11 12:00:00,42.04,5.11,23.82,3.29,1.97,54708,0,78,17.23,정상,0,0
GATE-01,PARKING-01,2026-02-11 13:00:00,42.83,4.81,23.66,3.09,2.35,54733,0,78,16.55,정상,0,0
GATE-01,PARKING-01,2026-02-11 14:00:00,42.86,4.84,23.59,3.39,1.96,54757,0,78,15.8,정상,0,0
GATE-01,PARKING-01,2026-02-11 15:00:00,41.68,4.77,23.46,3.3,2.09,54772,1,78,22.23,정상,0,0
GATE-02,PARKING-02,2026-01-01 00:00:00,37.35,3.91,24.12,2.32,0.64,52003,0,69,0,정상,0,0
GATE-02,PARKING-02,2026-01-01 01:00:00,34.78,3.6,24.09,2.49,0.52,52010,1,69,6.53,정상,0,0
GATE-02,PARKING-02,2026-01-01 02:00:00,34.07,2.66,24.22,2.41,0.67,52012,0,69,1.78,정상,0,0
GATE-02,PARKING-02,2026-01-01 03:00:00,33.12,3.82,24.37,2.51,0.45,52021,0,69,0,정상,0,0
GATE-02,PARKING-02,2026-01-01 04:00:00,32.82,3.29,24.26,2.45,0.74,52023,0,69,3.54,정상,0,0
GATE-02,PARKING-02,2026-01-01 05:00:00,32.73,3.23,24.59,2.44,0.55,52025,0,69,1.38,정상,0,0
GATE-02,PARKING-02,2026-01-01 06:00:00,36.84,3.31,24.18,2.11,1.06,52051,0,69,5.48,정상,0,0
GATE-02,PARKING-02,2026-01-01 07:00:00,39.83,3.79,24.18,2.12,1.04,52094,0,69,0,정상,0,0
GATE-02,PARKING-02,2026-01-01 08:00:00,39.65,3.71,24.06,2.35,0.87,52133,1,69,4.71,정상,0,0
GATE-02,PARKING-02,2026-01-01 09:00:00,37.83,4.25,24.2,2.51,0.77,52171,0,69,0,정상,0,0
GATE-02,PARKING-02,2026-01-01 10:00:00,35.86,3.45,23.81,2.46,0.77,52188,0,69,0,정상,0,0
GATE-02,PARKING-02,2026-01-01 11:00:00,33.94,3.92,24.23,1.88,0.66,52208,0,69,3.02,정상,0,0
GATE-02,PARKING-02,2026-01-01 12:00:00,37.28,3.33,24.25,2.14,0.57,52233,1,69,7.1,정상,0,0
GATE-02,PARKING-02,2026-01-01 13:00:00,35.28,4.02,24.14,2.27,0.51,52260,0,69,0,정상,0,0
GATE-02,PARKING-02,2026-01-01 14:00:00,35.6,4.01,23.91,2.27,0.48,52283,0,69,0.32,정상,0,0
GATE-02,PARKING-02,2026-01-01 15:00:00,37.78,3.35,23.92,2.19,0.82,52303,0,69,0,정상,0,0
GATE-02,PARKING-02,2026-01-01 16:00:00,35.74,3.88,24.18,2.47,0.62,52325,0,69,1.11,정상,0,0
GATE-02,PARKING-02,2026-01-01 17:00:00,40.23,3.96,24,2.66,0.65,52369,1,69,2.56,정상,0,0
GATE-02,PARKING-02,2026-01-01 18:00:00,39.38,4.05,24.08,1.94,0.69,52414,0,69,3.01,정상,0,0
GATE-02,PARKING-02,2026-01-01 19:00:00,39.76,3.8,23.94,2.37,0.51,52452,2,69,11.53,정상,0,0
GATE-02,PARKING-02,2026-01-01 20:00:00,39.78,3.63,24.45,2.74,0.62,52494,0,69,3.75,정상,0,0
GATE-02,PARKING-02,2026-01-01 21:00:00,36.36,3.52,24.14,2.08,0.4,52514,0,69,0.72,정상,0,0
GATE-02,PARKING-02,2026-01-01 22:00:00,35.34,3.42,23.59,2.2,0.83,52530,0,69,3.22,정상,0,0
GATE-02,PARKING-02,2026-01-01 23:00:00,34.42,3.69,24.25,1.96,0.57,52557,1,69,8.78,정상,0,0
GATE-02,PARKING-02,2026-01-02 00:00:00,36.39,2.92,24.33,2.55,0.29,52564,1,70,7.34,정상,0,0
GATE-02,PARKING-02,2026-01-02 01:00:00,32.53,3.08,24.22,2.16,0.6,52564,1,70,3.43,정상,0,0
GATE-02,PARKING-02,2026-01-02 02:00:00,33.55,3.46,23.97,2.46,0.42,52564,0,70,0.29,정상,0,0
GATE-02,PARKING-02,2026-01-02 03:00:00,33.51,3.75,24,2.5,0.73,52569,0,70,0,정상,0,0
GATE-02,PARKING-02,2026-01-02 04:00:00,33.62,3.18,23.69,2.51,0.42,52575,0,70,0,정상,0,0
GATE-02,PARKING-02,2026-01-02 05:00:00,36.26,3.61,24.35,2.43,0.57,52579,0,70,3.29,정상,0,0
GATE-02,PARKING-02,2026-01-02 06:00:00,38.25,3.06,24.33,2.59,1.12,52601,0,70,0,정상,0,0
GATE-02,PARKING-02,2026-01-02 07:00:00,38.97,4.38,24.23,2.54,0.83,52662,1,70,4.84,정상,0,0
GATE-02,PARKING-02,2026-01-02 08:00:00,37.4,4.04,24.1,2.21,0.92,52696,1,70,2.94,정상,0,0
GATE-02,PARKING-02,2026-01-02 09:00:00,38.49,3.51,24.05,2.36,0.59,52726,0,70,0,정상,0,0
GATE-02,PARKING-02,2026-01-02 10:00:00,37.12,3.62,24,2.32,0.76,52753,0,70,0,정상,0,0
GATE-02,PARKING-02,2026-01-02 11:00:00,37.59,4.1,23.79,2.23,0.69,52784,0,70,1.73,정상,0,0
GATE-02,PARKING-02,2026-01-02 12:00:00,38.3,3.4,24.59,2.02,0.4,52809,1,70,7.68,정상,0,0
GATE-02,PARKING-02,2026-01-02 13:00:00,36.12,3.78,24.68,2.69,0.61,52835,1,70,11.78,정상,0,0
GATE-02,PARKING-02,2026-01-02 14:00:00,35.05,3.44,23.94,2,0.54,52851,0,70,0,정상,0,0
GATE-02,PARKING-02,2026-01-02 15:00:00,36.85,3.59,24.82,2.36,0.62,52876,0,70,5.6,정상,0,0
GATE-02,PARKING-02,2026-01-02 16:00:00,37.38,3.32,23.84,2.26,0.69,52899,1,70,7.29,정상,0,0
GATE-02,PARKING-02,2026-01-02 17:00:00,37.99,3.9,23.97,2.54,0.58,52939,0,70,1.92,정상,0,0
GATE-02,PARKING-02,2026-01-02 18:00:00,40.07,4.66,24.42,2.27,0.84,53000,1,70,6.95,정상,0,0
GATE-02,PARKING-02,2026-01-02 19:00:00,38.05,3.76,24.32,2.12,0.7,53037,0,70,2.12,정상,0,0
GATE-02,PARKING-02,2026-01-02 20:00:00,42.84,4.17,24.26,2.43,0.5,53081,0,70,1.89,정상,0,0
GATE-02,PARKING-02,2026-01-02 21:00:00,35.69,3.69,24.56,2.35,0.88,53091,0,70,0.24,정상,0,0
GATE-02,PARKING-02,2026-01-02 22:00:00,34.85,3.59,24.04,2.4,0.82,53107,1,70,0,정상,0,0
GATE-02,PARKING-02,2026-01-02 23:00:00,36.05,3.93,24.02,2.08,0.33,53132,0,70,1.19,정상,0,0
GATE-02,PARKING-02,2026-01-03 00:00:00,36.55,3.09,24.06,2.37,0.63,53138,0,71,2.04,정상,0,0
GATE-02,PARKING-02,2026-01-03 01:00:00,36.4,2.96,24.49,2.4,0.56,53138,0,71,3.19,정상,0,0
GATE-02,PARKING-02,2026-01-03 02:00:00,33.96,2.66,24.06,2.4,0.5,53142,0,71,1.88,정상,0,0
GATE-02,PARKING-02,2026-01-03 03:00:00,32.82,2.91,24.61,2.34,0.73,53147,0,71,5.15,정상,0,0
GATE-02,PARKING-02,2026-01-03 04:00:00,33.59,3.24,23.98,2.48,0.71,53148,0,71,1.32,정상,0,0
GATE-02,PARKING-02,2026-01-03 05:00:00,35.06,3.32,24.09,2.56,0.77,53150,0,71,0,정상,0,0
GATE-02,PARKING-02,2026-01-03 06:00:00,38.65,3.42,24.15,2.37,0.77,53162,0,71,0,정상,0,0
GATE-02,PARKING-02,2026-01-03 07:00:00,39.12,4.41,23.7,2.07,0.37,53203,0,71,1.66,정상,0,0
GATE-02,PARKING-02,2026-01-03 08:00:00,37.76,3.92,24,2.34,0.65,53241,0,71,1.16,정상,0,0
GATE-02,PARKING-02,2026-01-03 09:00:00,37.9,4.43,24.38,2.4,0.6,53288,0,71,0.8,정상,0,0
GATE-02,PARKING-02,2026-01-03 10:00:00,37.43,3.29,23.64,2.22,0.67,53304,1,71,7.23,정상,0,0
GATE-02,PARKING-02,2026-01-03 11:00:00,38.68,3.61,24.07,2.38,0.95,53332,0,71,3.57,정상,0,0
GATE-02,PARKING-02,2026-01-03 12:00:00,36.09,4.08,24.45,2.07,0.5,53349,0,71,1.63,정상,0,0
GATE-02,PARKING-02,2026-01-03 13:00:00,37.71,4.13,24.38,2.24,0.85,53375,1,71,6.51,정상,0,0
GATE-02,PARKING-02,2026-01-03 14:00:00,35.75,3.88,24.21,2.52,0.65,53396,0,71,0.12,정상,0,0
GATE-02,PARKING-02,2026-01-03 15:00:00,36.96,3.8,23.97,2.2,0.61,53425,0,71,0,정상,0,0
GATE-02,PARKING-02,2026-01-03 16:00:00,36.16,3.96,24.51,2.41,0.71,53452,0,71,2.49,정상,0,0
GATE-02,PARKING-02,2026-01-03 17:00:00,39.24,4.19,24.07,2.21,0.43,53495,0,71,0,정상,0,0
GATE-02,PARKING-02,2026-01-03 18:00:00,40.95,3.96,24.11,2.39,0.85,53542,1,71,7.97,정상,0,0
GATE-02,PARKING-02,2026-01-03 19:00:00,35.18,3.36,23.93,2.49,0.43,53568,0,71,0,정상,0,0
GATE-02,PARKING-02,2026-01-03 20:00:00,41.34,3.75,23.97,2.4,0.8,53620,0,71,0.32,정상,0,0
GATE-02,PARKING-02,2026-01-03 21:00:00,36.02,3.57,23.86,2.27,1.01,53643,1,71,6.86,정상,0,0
GATE-02,PARKING-02,2026-01-03 22:00:00,36.21,3.67,23.78,2.28,0.73,53666,1,71,4.54,정상,0,0
GATE-02,PARKING-02,2026-01-03 23:00:00,36.82,3.74,24.23,2.39,0.8,53679,0,71,0,정상,0,0
GATE-02,PARKING-02,2026-01-04 00:00:00,36.62,3.53,23.8,2.46,0.79,53689,0,72,3.94,정상,0,0
GATE-02,PARKING-02,2026-01-04 01:00:00,34.44,3.18,24.08,2.45,0.91,53693,0,72,0.39,정상,0,0
GATE-02,PARKING-02,2026-01-04 02:00:00,36.42,2.85,24.44,2.05,0.88,53696,0,72,1.54,정상,0,0
GATE-02,PARKING-02,2026-01-04 03:00:00,32.12,3.81,23.98,2.49,0.58,53697,0,72,2.39,정상,0,0
GATE-02,PARKING-02,2026-01-04 04:00:00,35.12,3.34,24.12,2.39,0.52,53700,1,72,8.79,정상,0,0
GATE-02,PARKING-02,2026-01-04 05:00:00,33.27,3.39,24.12,2.66,0.66,53700,1,72,3.21,정상,0,0
GATE-02,PARKING-02,2026-01-04 06:00:00,36.23,3.91,24.44,2.62,0.55,53719,1,72,7.46,정상,0,0
GATE-02,PARKING-02,2026-01-04 07:00:00,38.67,4.09,24.23,2.37,0.68,53748,0,72,0.23,정상,0,0
GATE-02,PARKING-02,2026-01-04 08:00:00,36.78,3.87,24.49,2.53,0.56,53786,1,72,9.19,정상,0,0
GATE-02,PARKING-02,2026-01-04 09:00:00,40.35,3.5,24.22,2.24,1.08,53823,0,72,0.85,정상,0,0
GATE-02,PARKING-02,2026-01-04 10:00:00,35.78,3.46,23.43,2.27,0.75,53846,0,72,1.28,정상,0,0
GATE-02,PARKING-02,2026-01-04 11:00:00,35.82,3.73,24.17,2.39,0.5,53867,1,72,6.54,정상,0,0
GATE-02,PARKING-02,2026-01-04 12:00:00,39.62,3.93,23.69,2.19,0.8,53890,0,72,3.15,정상,0,0
GATE-02,PARKING-02,2026-01-04 13:00:00,38.02,3.53,24.06,2.52,0.68,53914,0,72,0.45,정상,0,0
GATE-02,PARKING-02,2026-01-04 14:00:00,37.58,3.83,24.3,2.48,0.82,53950,0,72,3.02,정상,0,0
GATE-02,PARKING-02,2026-01-04 15:00:00,39.25,3.77,23.92,2.45,1.02,53973,0,72,0,정상,0,0
GATE-02,PARKING-02,2026-01-04 16:00:00,39.92,3.21,24.43,2.48,0.45,53995,0,72,0.77,정상,0,0
GATE-02,PARKING-02,2026-01-04 17:00:00,38.23,4.28,23.82,2.28,0.78,54035,0,72,0.95,정상,0,0
GATE-02,PARKING-02,2026-01-04 18:00:00,38.34,4.47,23.87,2.53,0.61,54085,0,72,0.1,정상,0,0
GATE-02,PARKING-02,2026-01-04 19:00:00,40.93,3.8,23.75,2.5,0.83,54127,1,72,7.28,정상,0,0
GATE-02,PARKING-02,2026-01-04 20:00:00,36.97,4.52,23.83,2.3,0.57,54167,0,72,0,정상,0,0
GATE-02,PARKING-02,2026-01-04 21:00:00,39.39,3.61,23.73,2.64,0.64,54190,0,72,4.04,정상,0,0
GATE-02,PARKING-02,2026-01-04 22:00:00,35.78,4.26,23.97,2.28,0.44,54204,0,72,0,정상,0,0
GATE-02,PARKING-02,2026-01-04 23:00:00,36.45,3.46,23.57,2.45,1.25,54229,0,72,0,정상,0,0
GATE-02,PARKING-02,2026-01-05 00:00:00,36.32,3.16,24.09,2.53,0.7,54234,0,73,0,정상,0,0
GATE-02,PARKING-02,2026-01-05 01:00:00,39.47,3.16,23.99,2.66,0.86,54246,1,73,7.25,정상,0,0
GATE-02,PARKING-02,2026-01-05 02:00:00,33.6,3.15,24.12,2.33,0.66,54248,0,73,2.83,정상,0,0
GATE-02,PARKING-02,2026-01-05 03:00:00,35.85,3.54,24.06,2.3,0.79,54253,0,73,0.52,정상,0,0
GATE-02,PARKING-02,2026-01-05 04:00:00,37.62,3.54,24.18,2.65,0.55,54261,0,73,0,정상,0,0
GATE-02,PARKING-02,2026-01-05 05:00:00,35.13,2.99,24.02,2.62,0.82,54268,0,73,0,정상,0,0
GATE-02,PARKING-02,2026-01-05 06:00:00,33.39,4.23,24.44,2.38,0.67,54287,0,73,4.61,정상,0,0
GATE-02,PARKING-02,2026-01-05 07:00:00,41.89,3.54,24.09,2.21,0.82,54333,0,73,0,정상,0,0
GATE-02,PARKING-02,2026-01-05 08:00:00,36.48,3.9,24.14,2.35,0.78,54356,1,73,6.46,정상,0,0
GATE-02,PARKING-02,2026-01-05 09:00:00,40.65,4.34,24.28,2.46,0.63,54412,0,73,0,정상,0,0
GATE-02,PARKING-02,2026-01-05 10:00:00,37.82,3.58,24.22,2.37,1.09,54433,0,73,0.71,정상,0,0
GATE-02,PARKING-02,2026-01-05 11:00:00,37.19,3.43,24.32,2.43,0.61,54458,1,73,5.73,정상,0,0
GATE-02,PARKING-02,2026-01-05 12:00:00,36.75,3.29,24.08,2.25,0.57,54480,1,73,6.41,정상,0,0
GATE-02,PARKING-02,2026-01-05 13:00:00,39.55,3.82,24.26,2.36,0.9,54510,0,73,0.01,정상,0,0
GATE-02,PARKING-02,2026-01-05 14:00:00,39.05,3.62,24.24,2.4,0.82,54539,0,73,2.03,정상,0,0
GATE-02,PARKING-02,2026-01-05 15:00:00,36.23,3.63,24.13,2.29,0.77,54562,0,73,0.96,정상,0,0
GATE-02,PARKING-02,2026-01-05 16:00:00,39.15,3.11,24.34,2.45,0.8,54594,0,73,0.61,정상,0,0
GATE-02,PARKING-02,2026-01-05 17:00:00,40.41,4.46,24.5,2.46,0.69,54642,0,73,2.29,정상,0,0
GATE-02,PARKING-02,2026-01-05 18:00:00,38.71,4.37,23.77,2.78,0.54,54682,0,73,0,정상,0,0
GATE-02,PARKING-02,2026-01-05 19:00:00,36.47,3.74,24.26,2.49,0.91,54723,0,73,1.7,정상,0,0
GATE-02,PARKING-02,2026-01-05 20:00:00,40.5,4.83,23.96,2.39,0.98,54769,0,73,1.29,정상,0,0
GATE-02,PARKING-02,2026-01-05 21:00:00,39.81,3.4,24.16,2.39,0.52,54792,0,73,0.9,정상,0,0
GATE-02,PARKING-02,2026-01-05 22:00:00,37.53,3.21,23.77,2.19,0.75,54811,1,73,5.32,정상,0,0
GATE-02,PARKING-02,2026-01-05 23:00:00,34.35,3.53,24.14,2.46,1.1,54824,0,73,3.85,정상,0,0
GATE-02,PARKING-02,2026-01-06 00:00:00,33.74,3.26,24.14,2.57,0.9,54824,0,74,2.56,정상,0,0
GATE-02,PARKING-02,2026-01-06 01:00:00,35.3,3.66,23.97,2.12,0.65,54840,0,74,1.13,정상,0,0
GATE-02,PARKING-02,2026-01-06 02:00:00,33.91,2.61,23.54,2.32,0.75,54844,0,74,0,정상,0,0
GATE-02,PARKING-02,2026-01-06 03:00:00,33.85,3.23,23.97,2.51,0.79,54846,0,74,1.75,정상,0,0
GATE-02,PARKING-02,2026-01-06 04:00:00,36.87,3.77,23.8,2.4,0.86,54850,0,74,0,정상,0,0
GATE-02,PARKING-02,2026-01-06 05:00:00,34.37,3.54,23.99,2.39,0.85,54858,1,74,4.96,정상,0,0
GATE-02,PARKING-02,2026-01-06 06:00:00,37.43,3.83,23.99,2.63,0.81,54870,0,74,0,정상,0,0
GATE-02,PARKING-02,2026-01-06 07:00:00,40.56,3.94,23.96,2.51,0.86,54910,2,74,11.14,정상,0,0
GATE-02,PARKING-02,2026-01-06 08:00:00,37.94,4.02,23.86,2.47,0.83,54948,1,74,2.92,정상,0,0
GATE-02,PARKING-02,2026-01-06 09:00:00,40.84,3.79,24.13,2.42,0.84,54998,0,74,0.48,정상,0,0
GATE-02,PARKING-02,2026-01-06 10:00:00,37.58,3.53,23.95,2.39,0.85,55024,0,74,0.07,정상,0,0
GATE-02,PARKING-02,2026-01-06 11:00:00,37.68,3.77,24.4,2.5,0.51,55052,0,74,5.37,정상,0,0
GATE-02,PARKING-02,2026-01-06 12:00:00,37.05,4.26,24.15,2.31,0.71,55070,1,74,3.74,정상,0,0
GATE-02,PARKING-02,2026-01-06 13:00:00,38.46,3.39,23.86,2.24,0.66,55085,0,74,0,정상,0,0
GATE-02,PARKING-02,2026-01-06 14:00:00,36.01,4.27,23.71,2.25,0.76,55117,0,74,1.41,정상,0,0
GATE-02,PARKING-02,2026-01-06 15:00:00,36.3,3.61,23.82,2.1,0.68,55138,0,74,0,정상,0,0
GATE-02,PARKING-02,2026-01-06 16:00:00,39.33,3.37,24.03,2.45,1.25,55166,1,74,7.49,정상,0,0
GATE-02,PARKING-02,2026-01-06 17:00:00,40.45,3.8,24.13,2.43,0.7,55211,1,74,2.3,정상,0,0
GATE-02,PARKING-02,2026-01-06 18:00:00,39.45,4.63,24.63,2.66,0.82,55255,0,74,4.23,정상,0,0
GATE-02,PARKING-02,2026-01-06 19:00:00,41.7,4.33,24.31,2.49,1,55297,0,74,0.65,정상,0,0
GATE-02,PARKING-02,2026-01-06 20:00:00,38.2,4.02,23.93,2.34,0.96,55329,0,74,0,정상,0,0
GATE-02,PARKING-02,2026-01-06 21:00:00,37.95,3.49,23.43,2.32,0.58,55345,0,74,5.89,정상,0,0
GATE-02,PARKING-02,2026-01-06 22:00:00,38.82,3.61,24.25,2.51,0.55,55364,0,74,1.13,정상,0,0
GATE-02,PARKING-02,2026-01-06 23:00:00,37.18,3.78,24.27,2.76,0.99,55387,0,74,0,정상,0,0
GATE-02,PARKING-02,2026-01-07 00:00:00,37.66,3.22,24.32,2.37,0.57,55398,0,75,0,정상,0,0
GATE-02,PARKING-02,2026-01-07 01:00:00,33.13,3.51,24.31,2.75,0.76,55414,1,75,4.8,정상,0,0
GATE-02,PARKING-02,2026-01-07 02:00:00,35.92,3.76,24.01,2.28,0.85,55421,0,75,0,정상,0,0
GATE-02,PARKING-02,2026-01-07 03:00:00,35.54,3.51,24.1,2.47,0.71,55433,1,75,4.12,정상,0,0
GATE-02,PARKING-02,2026-01-07 04:00:00,33.68,3.55,23.97,2.44,0.9,55439,0,75,1.78,정상,0,0
GATE-02,PARKING-02,2026-01-07 05:00:00,32.96,3.4,24.38,2.34,0.4,55439,0,75,1.71,정상,0,0
GATE-02,PARKING-02,2026-01-07 06:00:00,35.12,3.63,23.98,2.87,1,55458,0,75,0,정상,0,0
GATE-02,PARKING-02,2026-01-07 07:00:00,39.08,4.25,24.06,2.19,1.17,55506,1,75,3.05,정상,0,0
GATE-02,PARKING-02,2026-01-07 08:00:00,39.95,4.28,24.14,2.19,0.8,55554,0,75,0.42,정상,0,0
GATE-02,PARKING-02,2026-01-07 09:00:00,41.22,3.78,24.28,2.51,0.63,55591,0,75,0,정상,0,0
GATE-02,PARKING-02,2026-01-07 10:00:00,36.58,3.76,23.75,2.56,0.8,55614,0,75,0.87,정상,0,0
GATE-02,PARKING-02,2026-01-07 11:00:00,38,3.76,24.15,2.5,0.68,55646,0,75,0.67,정상,0,0
GATE-02,PARKING-02,2026-01-07 12:00:00,36.58,3.94,24.46,2.52,0.75,55665,0,75,2.82,정상,0,0
GATE-02,PARKING-02,2026-01-07 13:00:00,37.76,3.49,23.85,2.39,0.85,55685,0,75,0,정상,0,0
GATE-02,PARKING-02,2026-01-07 14:00:00,34.16,3.55,24.17,2.43,1.02,55709,0,75,0.51,정상,0,0
GATE-02,PARKING-02,2026-01-07 15:00:00,39.99,3.78,23.69,2.49,0.65,55729,0,75,2.37,정상,0,0
GATE-02,PARKING-02,2026-01-07 16:00:00,36.41,3.83,24.23,2.6,0.86,55753,0,75,0.07,정상,0,0
GATE-02,PARKING-02,2026-01-07 17:00:00,39.85,4.38,23.79,2.34,0.91,55801,0,75,0,정상,0,0
GATE-02,PARKING-02,2026-01-07 18:00:00,40.89,4.4,23.88,2.45,0.85,55853,1,75,5.13,정상,0,0
GATE-02,PARKING-02,2026-01-07 19:00:00,38.35,3.94,24.16,2.41,0.91,55897,0,75,1.2,정상,0,0
GATE-02,PARKING-02,2026-01-07 20:00:00,39.12,4.02,24.04,2.46,0.9,55930,0,75,0,정상,0,0
GATE-02,PARKING-02,2026-01-07 21:00:00,37.15,3.71,23.86,2.5,1.04,55950,0,75,0.17,정상,0,0
GATE-02,PARKING-02,2026-01-07 22:00:00,37.3,4.04,23.8,2.66,0.55,55971,0,75,1.87,정상,0,0
GATE-02,PARKING-02,2026-01-07 23:00:00,39.17,3.97,23.71,2.34,0.9,56000,0,75,1.39,정상,0,0
GATE-02,PARKING-02,2026-01-08 00:00:00,35.32,3.13,23.61,2.65,0.85,56010,1,76,4.82,정상,0,0
GATE-02,PARKING-02,2026-01-08 01:00:00,35.21,2.91,24.11,2.61,0.89,56010,0,76,2.81,정상,0,0
GATE-02,PARKING-02,2026-01-08 02:00:00,35.93,3.8,23.76,2.41,0.72,56016,2,76,15.22,정상,0,0
GATE-02,PARKING-02,2026-01-08 03:00:00,35.71,3.53,23.91,2.42,0.82,56025,0,76,3.15,정상,0,0
GATE-02,PARKING-02,2026-01-08 04:00:00,34.46,3.64,23.98,2.38,0.58,56032,0,76,1.5,정상,0,0
GATE-02,PARKING-02,2026-01-08 05:00:00,37.59,3.35,24.01,2.41,0.73,56034,0,76,1.22,정상,0,0
GATE-02,PARKING-02,2026-01-08 06:00:00,38.89,3.49,24.35,2.38,0.88,56053,0,76,2.76,정상,0,0
GATE-02,PARKING-02,2026-01-08 07:00:00,37.27,4,23.97,2.43,0.9,56096,1,76,4.69,정상,0,0
GATE-02,PARKING-02,2026-01-08 08:00:00,36.67,4.13,23.72,2.72,0.4,56144,0,76,0,정상,0,0
GATE-02,PARKING-02,2026-01-08 09:00:00,37.3,3.82,23.81,2.5,1.21,56161,0,76,0,정상,0,0
GATE-02,PARKING-02,2026-01-08 10:00:00,36.18,3.77,24.13,2.52,0.95,56181,0,76,1.11,정상,0,0
GATE-02,PARKING-02,2026-01-08 11:00:00,38.25,4.52,24.28,2.68,0.69,56206,0,76,0.37,정상,0,0
GATE-02,PARKING-02,2026-01-08 12:00:00,37.45,2.87,24.03,2.19,1.07,56227,1,76,6.09,정상,0,0
GATE-02,PARKING-02,2026-01-08 13:00:00,31.98,4.22,23.96,2.24,0.69,56241,0,76,2.39,정상,0,0
GATE-02,PARKING-02,2026-01-08 14:00:00,39.63,4.01,23.9,2.55,1,56265,1,76,4.82,정상,0,0
GATE-02,PARKING-02,2026-01-08 15:00:00,39.46,3.9,23.79,2.59,0.97,56299,0,76,2.8,정상,0,0
GATE-02,PARKING-02,2026-01-08 16:00:00,37.35,3.71,24.55,2.7,0.84,56329,0,76,2.58,정상,0,0
GATE-02,PARKING-02,2026-01-08 17:00:00,40.42,3.7,24.36,2.5,0.96,56365,0,76,3.3,정상,0,0
GATE-02,PARKING-02,2026-01-08 18:00:00,36.41,3.43,24.47,2.56,0.97,56382,0,76,2.91,정상,0,0
GATE-02,PARKING-02,2026-01-08 19:00:00,43.8,4.14,23.84,2.52,0.9,56438,0,76,4.86,정상,0,0
GATE-02,PARKING-02,2026-01-08 20:00:00,42.24,4.29,23.88,2.91,0.86,56500,0,76,2.89,정상,0,0
GATE-02,PARKING-02,2026-01-08 21:00:00,38.82,4.27,23.84,2.37,0.59,56523,0,76,0.52,정상,0,0
GATE-02,PARKING-02,2026-01-08 22:00:00,37.58,3.57,24.13,2.66,0.87,56539,0,76,0.81,정상,0,0
GATE-02,PARKING-02,2026-01-08 23:00:00,35.66,4.45,24.17,2.45,1.14,56559,0,76,1.27,정상,0,0
GATE-02,PARKING-02,2026-01-09 00:00:00,38.72,3.97,24.11,2.5,1.02,56567,0,77,1.41,정상,0,0
GATE-02,PARKING-02,2026-01-09 01:00:00,35.92,3.44,24.25,2.76,0.81,56570,0,77,1.45,정상,0,0
GATE-02,PARKING-02,2026-01-09 02:00:00,33.66,3.55,24.3,2.47,0.88,56577,1,77,4.64,정상,0,0
GATE-02,PARKING-02,2026-01-09 03:00:00,34.39,3.47,23.72,2.52,0.69,56583,0,77,2.95,정상,0,0
GATE-02,PARKING-02,2026-01-09 04:00:00,34.1,3.33,24.5,2.57,0.84,56587,0,77,5.82,정상,0,0
GATE-02,PARKING-02,2026-01-09 05:00:00,34.78,3.3,23.95,2.2,0.85,56587,0,77,5.43,정상,0,0
GATE-02,PARKING-02,2026-01-09 06:00:00,35.23,3.98,24.3,2.44,0.85,56606,0,77,4.09,정상,0,0
GATE-02,PARKING-02,2026-01-09 07:00:00,40.64,3.77,24.06,2.27,1.29,56653,0,77,0,정상,0,0
GATE-02,PARKING-02,2026-01-09 08:00:00,43.59,4.31,24.25,2.48,1.18,56712,0,77,4.45,정상,0,0
GATE-02,PARKING-02,2026-01-09 09:00:00,39.93,4.07,23.88,2.43,0.68,56749,0,77,1.65,정상,0,0
GATE-02,PARKING-02,2026-01-09 10:00:00,36.12,3.91,24.1,2.82,0.8,56771,0,77,2.47,정상,0,0
GATE-02,PARKING-02,2026-01-09 11:00:00,38.22,4.07,24.03,2.25,0.82,56794,1,77,7.98,정상,0,0
GATE-02,PARKING-02,2026-01-09 12:00:00,37.64,4.1,24.23,2.61,0.72,56822,0,77,2.1,정상,0,0
GATE-02,PARKING-02,2026-01-09 13:00:00,37.58,4.2,23.57,2.57,0.96,56849,0,77,4.61,정상,0,0
GATE-02,PARKING-02,2026-01-09 14:00:00,32.88,3.42,23.81,2.39,0.85,56869,0,77,6.39,정상,0,0
GATE-02,PARKING-02,2026-01-09 15:00:00,37.55,3.86,24.08,2.52,0.9,56888,1,77,6.49,정상,0,0
GATE-02,PARKING-02,2026-01-09 16:00:00,37.06,3.2,23.7,2.53,0.98,56916,0,77,0.46,정상,0,0
GATE-02,PARKING-02,2026-01-09 17:00:00,38.97,3.88,23.54,2.58,0.73,56948,1,77,7.03,정상,0,0
GATE-02,PARKING-02,2026-01-09 18:00:00,36.27,3.87,23.65,2.59,0.83,56998,1,77,7.13,정상,0,0
GATE-02,PARKING-02,2026-01-09 19:00:00,37.73,3.74,23.84,2.44,1.13,57029,0,77,1.7,정상,0,0
GATE-02,PARKING-02,2026-01-09 20:00:00,39.69,3.91,23.99,2.7,1.02,57056,0,77,0,정상,0,0
GATE-02,PARKING-02,2026-01-09 21:00:00,36.14,3.6,24.15,2.41,0.75,57071,0,77,0.04,정상,0,0
GATE-02,PARKING-02,2026-01-09 22:00:00,36.93,4.19,24.15,2.58,0.84,57093,2,77,11.17,정상,0,0
GATE-02,PARKING-02,2026-01-09 23:00:00,36.1,3.21,23.57,2.54,0.97,57121,0,77,5.1,정상,0,0
GATE-02,PARKING-02,2026-01-10 00:00:00,38.75,3.08,23.49,2.36,1.05,57126,0,78,2.14,정상,0,0
GATE-02,PARKING-02,2026-01-10 01:00:00,36.95,3.58,23.78,2.53,1.08,57132,0,78,4.93,정상,0,0
GATE-02,PARKING-02,2026-01-10 02:00:00,36.64,3.91,23.99,2.86,0.98,57139,0,78,0,정상,0,0
GATE-02,PARKING-02,2026-01-10 03:00:00,33.05,3.41,23.93,2.28,0.86,57140,0,78,0,정상,0,0
GATE-02,PARKING-02,2026-01-10 04:00:00,36.15,3.69,23.69,2.32,1.26,57147,0,78,0.95,정상,0,0
GATE-02,PARKING-02,2026-01-10 05:00:00,35.45,3.64,24.37,2.63,0.68,57149,0,78,4.15,정상,0,0
GATE-02,PARKING-02,2026-01-10 06:00:00,35.45,3.35,24.49,2.27,0.82,57167,1,78,6.75,정상,0,0
GATE-02,PARKING-02,2026-01-10 07:00:00,41.72,4.26,24.25,2.25,0.75,57201,0,78,2.33,정상,0,0
GATE-02,PARKING-02,2026-01-10 08:00:00,42.69,4.47,23.79,2.96,0.7,57253,0,78,4.93,정상,0,0
GATE-02,PARKING-02,2026-01-10 09:00:00,37.69,4.09,24.27,2.23,0.95,57287,1,78,5.13,정상,0,0
GATE-02,PARKING-02,2026-01-10 10:00:00,41.75,4.35,24.24,2.47,0.56,57311,0,78,1.87,정상,0,0
GATE-02,PARKING-02,2026-01-10 11:00:00,35.17,3.86,23.87,2.66,0.99,57330,0,78,0,정상,0,0
GATE-02,PARKING-02,2026-01-10 12:00:00,38.47,4.11,23.95,2.46,0.88,57349,1,78,5.02,정상,0,0
GATE-02,PARKING-02,2026-01-10 13:00:00,37.66,4.38,24.23,2.78,1.23,57380,0,78,0,정상,0,0
GATE-02,PARKING-02,2026-01-10 14:00:00,39.53,3.56,24.02,2.5,1.49,57396,0,78,0.62,정상,0,0
GATE-02,PARKING-02,2026-01-10 15:00:00,39.52,4.49,23.69,2.68,1.53,57415,0,78,5.27,정상,0,0
GATE-02,PARKING-02,2026-01-10 16:00:00,41.47,4.13,23.88,3.02,1.48,57445,0,78,2.39,정상,0,0
GATE-02,PARKING-02,2026-01-10 17:00:00,43.54,4.69,23.84,3.09,1.21,57500,0,78,5.68,정상,0,0
GATE-02,PARKING-02,2026-01-10 18:00:00,44.96,5.17,23.96,2.91,1.48,57536,1,78,16.74,정상,0,0
GATE-02,PARKING-02,2026-01-10 19:00:00,46.74,4.76,23.81,3.15,1.56,57583,1,78,14.81,정상,0,0
GATE-02,PARKING-02,2026-01-10 20:00:00,42.51,5.2,23.12,3.18,1.46,57632,2,78,20.39,정상,0,0
GATE-02,PARKING-02,2026-01-10 21:00:00,41.19,4.95,23.57,3.49,1.77,57660,1,78,20.74,정상,0,0
GATE-02,PARKING-02,2026-01-10 22:00:00,43.98,5.09,23.6,3.07,1.76,57685,0,78,12.91,정상,0,0
GATE-02,PARKING-02,2026-01-10 23:00:00,41.33,4.65,23.57,3.3,1.68,57701,1,78,13.11,정상,0,0
GATE-02,PARKING-02,2026-01-11 00:00:00,43.61,4.58,23.73,3.01,1.72,57720,0,79,8.11,정상,0,0
GATE-02,PARKING-02,2026-01-11 01:00:00,40.93,4.93,23.86,3.49,2.14,57722,1,79,18.61,정상,0,0
GATE-02,PARKING-02,2026-01-11 02:00:00,43.95,5.41,23.72,3.71,1.96,57733,0,79,22.33,정상,0,0
GATE-02,PARKING-02,2026-01-11 03:00:00,41.9,5.11,23.66,3.66,2.17,57733,1,79,22.09,정상,0,0
GATE-02,PARKING-02,2026-01-11 04:00:00,43.47,5.45,23.52,3.52,2.6,57741,1,79,25.7,정상,0,0
GATE-02,PARKING-02,2026-01-11 05:00:00,42.77,4.96,23.67,3.47,2.45,57741,1,79,24.48,정상,0,0
GATE-02,PARKING-02,2026-01-11 06:00:00,45.09,5.7,23.12,3.76,2.21,57770,1,79,29.4,정상,0,0
GATE-02,PARKING-02,2026-01-11 07:00:00,47.16,6,23.6,3.62,2.57,57801,1,79,33.35,정상,0,0
GATE-02,PARKING-02,2026-01-11 08:00:00,47.52,6.15,23.46,3.96,2.62,57844,2,79,44.86,주의,0,0
GATE-02,PARKING-02,2026-01-11 09:00:00,52,6.12,23.3,3.65,2.47,57895,1,79,47.14,주의,0,0
GATE-02,PARKING-02,2026-01-11 10:00:00,44.28,5.88,23.37,3.88,2.38,57912,1,79,33.65,정상,0,0
GATE-02,PARKING-02,2026-01-11 11:00:00,46.91,5.53,23.44,4.11,2.65,57932,2,79,44.01,주의,0,0
GATE-02,PARKING-02,2026-01-11 12:00:00,47.66,5.67,23.12,4.16,2.89,57958,2,79,50.31,주의,0,0
GATE-02,PARKING-02,2026-01-11 13:00:00,48.74,6.07,23.44,4.49,3.13,57971,3,79,59.2,주의,0,0
GATE-02,PARKING-02,2026-01-11 14:00:00,47.55,5.99,23.68,3.96,2.96,57990,2,79,46.9,주의,0,0
GATE-02,PARKING-02,2026-01-11 15:00:00,46.44,6.69,23.2,4.03,3.31,58013,2,79,52.92,주의,0,0
GATE-02,PARKING-02,2026-01-11 16:00:00,51.72,6.39,23.46,4.42,3,58034,2,79,58,주의,0,0
GATE-02,PARKING-02,2026-01-11 17:00:00,50.34,6.89,23.19,4.3,3.27,58073,3,79,64.74,주의,0,0
GATE-02,PARKING-02,2026-01-11 18:00:00,54.42,7.14,23.49,4.44,3.74,58118,3,79,74.18,주의,0,0
GATE-02,PARKING-02,2026-01-11 19:00:00,51.93,7.36,22.95,4.33,3.65,58166,3,79,75.36,주의,0,0
GATE-02,PARKING-02,2026-01-11 20:00:00,54.21,7.54,23.29,4.39,3.64,58213,2,79,69.58,주의,0,0
GATE-02,PARKING-02,2026-01-11 21:00:00,51.48,6.87,23.07,4.38,3.83,58228,3,79,75.83,주의,0,0
GATE-02,PARKING-02,2026-01-11 22:00:00,52.07,6.89,23.43,4.44,3.8,58255,1,79,61.94,주의,0,0
GATE-02,PARKING-02,2026-01-11 23:00:00,52.93,6.98,23.27,4.49,4.07,58283,4,79,80.73,주의,0,0
GATE-02,PARKING-02,2026-01-12 00:00:00,34.66,3.33,24.2,2.51,1.12,58283,0,80,1.34,정상,0,0
GATE-02,PARKING-02,2026-01-12 01:00:00,37.87,3.76,24.18,2.47,0.94,58294,0,80,0,정상,0,0
GATE-02,PARKING-02,2026-01-12 02:00:00,33.95,3.37,23.7,2.63,0.94,58294,1,80,5.2,정상,0,0
GATE-02,PARKING-02,2026-01-12 03:00:00,36.5,3.99,24.1,2.81,0.83,58294,0,80,0.21,정상,0,0
GATE-02,PARKING-02,2026-01-12 04:00:00,36.89,3.27,24.32,2.65,1.24,58302,0,80,1.6,정상,0,0
GATE-02,PARKING-02,2026-01-12 05:00:00,35.01,3.82,23.87,2.45,0.62,58304,0,80,5.85,정상,0,0
GATE-02,PARKING-02,2026-01-12 06:00:00,39.11,4.01,24.36,2.23,1.14,58334,1,80,9.6,정상,0,0
GATE-02,PARKING-02,2026-01-12 07:00:00,43.76,4.73,24.72,2.59,0.81,58384,0,80,7.96,정상,0,0
GATE-02,PARKING-02,2026-01-12 08:00:00,37.47,4.02,24.73,2.88,0.84,58410,1,80,9.08,정상,0,0
GATE-02,PARKING-02,2026-01-12 09:00:00,41.96,4.37,24.07,2.62,0.78,58456,0,80,1.12,정상,0,0
GATE-02,PARKING-02,2026-01-12 10:00:00,36.19,3.58,23.77,2.48,0.93,58483,0,80,5.48,정상,0,0
GATE-02,PARKING-02,2026-01-12 11:00:00,38.91,3.83,23.88,2.74,0.74,58508,0,80,2.87,정상,0,0
GATE-02,PARKING-02,2026-01-12 12:00:00,36.65,3.74,23.53,2.72,0.48,58530,0,80,3.89,정상,0,0
GATE-02,PARKING-02,2026-01-12 13:00:00,39.93,3.95,23.88,2.83,1.18,58548,0,80,0,정상,0,0
GATE-02,PARKING-02,2026-01-12 14:00:00,38.16,3.76,24.33,2.51,1.13,58575,0,80,0.33,정상,0,0
GATE-02,PARKING-02,2026-01-12 15:00:00,38.45,3.77,23.77,2.6,0.93,58595,0,80,2.19,정상,0,0
GATE-02,PARKING-02,2026-01-12 16:00:00,37.81,3.61,23.79,2.51,1.14,58615,0,80,0.64,정상,0,0
GATE-02,PARKING-02,2026-01-12 17:00:00,42.12,4.66,23.69,2.2,0.88,58658,0,80,3.8,정상,0,0
GATE-02,PARKING-02,2026-01-12 18:00:00,41.34,4.57,24.02,2.78,0.91,58704,0,80,1.2,정상,0,0
GATE-02,PARKING-02,2026-01-12 19:00:00,38.58,4.53,24.32,2.23,0.99,58743,0,80,3.26,정상,0,0
GATE-02,PARKING-02,2026-01-12 20:00:00,35.86,4.45,24.54,2.6,1.23,58781,1,80,12.44,정상,0,0
GATE-02,PARKING-02,2026-01-12 21:00:00,38.99,3.79,23.9,2.28,0.86,58807,0,80,0.95,정상,0,0
GATE-02,PARKING-02,2026-01-12 22:00:00,38.19,3.88,23.8,2.51,0.51,58832,0,80,0.47,정상,0,0
GATE-02,PARKING-02,2026-01-12 23:00:00,36.8,3.54,23.64,2.8,0.93,58857,0,80,5.61,정상,0,0
GATE-02,PARKING-02,2026-01-13 00:00:00,33.63,4.06,23.72,2.34,1.23,58864,0,81,0.79,정상,0,0
GATE-02,PARKING-02,2026-01-13 01:00:00,39.28,3.1,24.34,2.59,1.28,58872,0,81,1.19,정상,0,0
GATE-02,PARKING-02,2026-01-13 02:00:00,35.32,3.97,23.51,2.56,1.27,58875,0,81,1.35,정상,0,0
GATE-02,PARKING-02,2026-01-13 03:00:00,36.7,3.49,24.14,2.58,1.16,58890,1,81,3.21,정상,0,0
GATE-02,PARKING-02,2026-01-13 04:00:00,34.03,4.51,24.16,2.79,0.9,58900,1,81,6.82,정상,0,0
GATE-02,PARKING-02,2026-01-13 05:00:00,34.96,4.12,23.71,2.39,1.09,58900,0,81,0,정상,0,0
GATE-02,PARKING-02,2026-01-13 06:00:00,39.54,3.85,24.28,2.36,0.89,58924,1,81,7.56,정상,0,0
GATE-02,PARKING-02,2026-01-13 07:00:00,42.63,4.43,24.04,2.5,1.18,58957,1,81,6.03,정상,0,0
GATE-02,PARKING-02,2026-01-13 08:00:00,38.59,4.43,23.83,2.64,0.85,58998,0,81,2.73,정상,0,0
GATE-02,PARKING-02,2026-01-13 09:00:00,40.41,3.63,23.76,2.51,1.09,59038,0,81,0,정상,0,0
GATE-02,PARKING-02,2026-01-13 10:00:00,36.64,4.56,23.77,2.45,0.81,59065,0,81,2.75,정상,0,0
GATE-02,PARKING-02,2026-01-13 11:00:00,40.8,3.74,23.92,2.84,1.35,59086,0,81,1.91,정상,0,0
GATE-02,PARKING-02,2026-01-13 12:00:00,39.45,3.79,23.8,2.48,0.97,59106,0,81,2.18,정상,0,0
GATE-02,PARKING-02,2026-01-13 13:00:00,36.95,3.88,23.78,2.69,0.88,59128,0,81,2.37,정상,0,0
GATE-02,PARKING-02,2026-01-13 14:00:00,38.48,4.28,24.06,2.75,0.88,59155,0,81,1.91,정상,0,0
GATE-02,PARKING-02,2026-01-13 15:00:00,34.89,4.31,24.01,2.61,0.95,59179,0,81,0,정상,0,0
GATE-02,PARKING-02,2026-01-13 16:00:00,39.39,3.93,23.86,2.84,1.18,59196,1,81,8.23,정상,0,0
GATE-02,PARKING-02,2026-01-13 17:00:00,37.85,4.73,24.32,2.33,0.98,59236,0,81,4.63,정상,0,0
GATE-02,PARKING-02,2026-01-13 18:00:00,44.52,5.03,23.83,2.95,0.85,59286,0,81,10.02,정상,0,0
GATE-02,PARKING-02,2026-01-13 19:00:00,39.26,4.38,24.1,2.51,1.12,59321,0,81,0.47,정상,0,0
GATE-02,PARKING-02,2026-01-13 20:00:00,43.19,4.71,24.29,2.8,0.97,59366,0,81,5.82,정상,0,0
GATE-02,PARKING-02,2026-01-13 21:00:00,36.79,4.04,24.02,2.6,0.92,59387,0,81,0,정상,0,0
GATE-02,PARKING-02,2026-01-13 22:00:00,37.49,4.1,24,2.52,1.22,59411,0,81,0,정상,0,0
GATE-02,PARKING-02,2026-01-13 23:00:00,36.88,3.8,23.63,2.65,1,59432,0,81,4.95,정상,0,0
GATE-02,PARKING-02,2026-01-14 00:00:00,34.82,3.28,24.05,2.84,1.12,59436,0,82,4.27,정상,0,0
GATE-02,PARKING-02,2026-01-14 01:00:00,38.69,3.37,24,2.42,0.92,59455,0,82,3.72,정상,0,0
GATE-02,PARKING-02,2026-01-14 02:00:00,36.47,3.9,23.99,2.49,1.16,59467,0,82,0.73,정상,0,0
GATE-02,PARKING-02,2026-01-14 03:00:00,39.99,3.61,23.66,2.26,1.28,59474,1,82,7.56,정상,0,0
GATE-02,PARKING-02,2026-01-14 04:00:00,36.18,3.96,24.06,2.62,0.98,59475,0,82,1.1,정상,0,0
GATE-02,PARKING-02,2026-01-14 05:00:00,38.36,3.63,23.7,2.53,1.09,59482,0,82,0,정상,0,0
GATE-02,PARKING-02,2026-01-14 06:00:00,38.11,4.14,24.3,2.52,0.87,59510,1,82,7.11,정상,0,0
GATE-02,PARKING-02,2026-01-14 07:00:00,39.63,5.16,23.53,2.89,1.28,59559,1,82,12.3,정상,0,0
GATE-02,PARKING-02,2026-01-14 08:00:00,40.13,4.13,24.15,2.75,1.37,59594,1,82,9.01,정상,0,0
GATE-02,PARKING-02,2026-01-14 09:00:00,38.22,4.92,23.99,2.73,0.82,59637,1,82,9.58,정상,0,0
GATE-02,PARKING-02,2026-01-14 10:00:00,40.02,4.41,23.87,2.43,1.13,59667,0,82,4.2,정상,0,0
GATE-02,PARKING-02,2026-01-14 11:00:00,39.81,4.5,24.16,2.97,0.91,59694,0,82,2.09,정상,0,0
GATE-02,PARKING-02,2026-01-14 12:00:00,39.11,3.66,23.69,2.75,1.25,59711,0,82,3.64,정상,0,0
GATE-02,PARKING-02,2026-01-14 13:00:00,36.74,4.14,23.93,2.66,0.82,59731,1,82,3.28,정상,0,0
GATE-02,PARKING-02,2026-01-14 14:00:00,39.89,3.85,24.48,3.02,0.98,59755,1,82,10.6,정상,0,0
GATE-02,PARKING-02,2026-01-14 15:00:00,40.72,4.31,24.06,2.55,1.13,59783,0,82,0,정상,0,0
GATE-02,PARKING-02,2026-01-14 16:00:00,43.12,4.53,24.05,2.45,1.2,59804,0,82,0.87,정상,0,0
GATE-02,PARKING-02,2026-01-14 17:00:00,43.2,4.21,24.4,2.66,1.1,59856,0,82,4.03,정상,0,0
GATE-02,PARKING-02,2026-01-14 18:00:00,39.21,4.09,23.66,3.06,0.85,59889,1,82,9.84,정상,0,0
GATE-02,PARKING-02,2026-01-14 19:00:00,40.96,4.07,24.23,2.58,0.87,59916,0,82,3.45,정상,0,0
GATE-02,PARKING-02,2026-01-14 20:00:00,39.12,4.44,23.77,2.74,1.31,59952,0,82,0.37,정상,0,0
GATE-02,PARKING-02,2026-01-14 21:00:00,39.32,3.61,23.83,2.71,1.14,59978,0,82,3.14,정상,0,0
GATE-02,PARKING-02,2026-01-14 22:00:00,41.5,4.47,24.08,2.74,1.29,60012,1,82,6.83,정상,0,0
GATE-02,PARKING-02,2026-01-14 23:00:00,37.01,3.93,23.76,2.62,1.12,60028,1,82,8.46,정상,0,0
GATE-02,PARKING-02,2026-01-15 00:00:00,37.09,3.85,24.11,2.78,0.71,60029,0,83,0.24,정상,0,0
GATE-02,PARKING-02,2026-01-15 01:00:00,36.9,3.58,23.68,2.77,1.03,60032,1,83,5.43,정상,0,0
GATE-02,PARKING-02,2026-01-15 02:00:00,39.04,3.89,23.94,2.72,1.02,60039,0,83,1.33,정상,0,0
GATE-02,PARKING-02,2026-01-15 03:00:00,38.94,3.98,23.52,2.53,1.23,60039,1,83,8.46,정상,0,0
GATE-02,PARKING-02,2026-01-15 04:00:00,36.53,3.44,23.98,2.87,1.55,60050,2,83,12.48,정상,0,0
GATE-02,PARKING-02,2026-01-15 05:00:00,36.14,3.78,24.11,2.37,1.19,60053,0,83,0.51,정상,0,0
GATE-02,PARKING-02,2026-01-15 06:00:00,37.6,4.02,23.7,2.85,0.9,60070,0,83,1.35,정상,0,0
GATE-02,PARKING-02,2026-01-15 07:00:00,41.32,4.34,24.13,2.64,1.39,60113,0,83,5.06,정상,0,0
GATE-02,PARKING-02,2026-01-15 08:00:00,41.06,4.64,23.99,2.76,1.31,60153,0,83,1.3,정상,0,0
GATE-02,PARKING-02,2026-01-15 09:00:00,40.64,4.27,23.96,2.55,1.05,60194,0,83,2.53,정상,0,0
GATE-02,PARKING-02,2026-01-15 10:00:00,40.76,4.11,24.26,2.47,0.95,60210,1,83,6.51,정상,0,0
GATE-02,PARKING-02,2026-01-15 11:00:00,38.42,4.08,23.63,2.62,1.31,60236,0,83,6.11,정상,0,0
GATE-02,PARKING-02,2026-01-15 12:00:00,38.49,4.07,23.95,2.51,1.19,60265,0,83,0,정상,0,0
GATE-02,PARKING-02,2026-01-15 13:00:00,39.54,3.79,23.8,2.59,0.96,60286,0,83,4.37,정상,0,0
GATE-02,PARKING-02,2026-01-15 14:00:00,38.14,3.84,23.68,2.41,1.1,60306,0,83,0,정상,0,0
GATE-02,PARKING-02,2026-01-15 15:00:00,37.67,4.11,24.11,2.7,1.31,60325,1,83,8.24,정상,0,0
GATE-02,PARKING-02,2026-01-15 16:00:00,39.45,4.6,23.91,2.56,1.1,60346,0,83,0,정상,0,0
GATE-02,PARKING-02,2026-01-15 17:00:00,43.53,4.67,24.25,2.68,0.98,60391,0,83,5.63,정상,0,0
GATE-02,PARKING-02,2026-01-15 18:00:00,40.52,4.05,23.48,2.66,1.4,60437,0,83,3.25,정상,0,0
GATE-02,PARKING-02,2026-01-15 19:00:00,40.61,4.3,23.77,2.75,1.18,60488,0,83,4.36,정상,0,0
GATE-02,PARKING-02,2026-01-15 20:00:00,39.79,4.49,24.3,2.79,1.11,60524,0,83,0,정상,0,0
GATE-02,PARKING-02,2026-01-15 21:00:00,37.37,4.03,23.91,2.82,0.81,60547,0,83,5.12,정상,0,0
GATE-02,PARKING-02,2026-01-15 22:00:00,38.27,4.15,24.28,2.55,0.87,60569,0,83,3.99,정상,0,0
GATE-02,PARKING-02,2026-01-15 23:00:00,39.05,3.66,23.88,2.53,1.18,60596,0,83,4.62,정상,0,0
GATE-02,PARKING-02,2026-01-16 00:00:00,34.83,3.66,23.86,2.44,0.82,60604,0,84,2.27,정상,0,0
GATE-02,PARKING-02,2026-01-16 01:00:00,39.57,3.98,24.15,2.5,1.34,60613,0,84,2.45,정상,0,0
GATE-02,PARKING-02,2026-01-16 02:00:00,37.28,4.01,23.41,2.71,0.91,60620,0,84,4.45,정상,0,0
GATE-02,PARKING-02,2026-01-16 03:00:00,37.11,3.59,23.54,2.68,1.05,60622,0,84,2.61,정상,0,0
GATE-02,PARKING-02,2026-01-16 04:00:00,39.14,3.69,23.8,2.57,1.19,60628,2,84,12.69,정상,0,0
GATE-02,PARKING-02,2026-01-16 05:00:00,37.9,3.75,23.59,2.51,1.07,60632,0,84,3.01,정상,0,0
GATE-02,PARKING-02,2026-01-16 06:00:00,38.18,3.74,23.87,3,1.13,60653,0,84,5.86,정상,0,0
GATE-02,PARKING-02,2026-01-16 07:00:00,41.02,4.84,24.29,2.58,0.89,60695,0,84,5.19,정상,0,0
GATE-02,PARKING-02,2026-01-16 08:00:00,41.84,4.71,24.22,2.74,1.27,60732,1,84,8.99,정상,0,0
GATE-02,PARKING-02,2026-01-16 09:00:00,43.76,4.41,23.65,2.86,0.93,60783,0,84,6.21,정상,0,0
GATE-02,PARKING-02,2026-01-16 10:00:00,34.8,4.25,24.18,2.52,1.47,60806,0,84,5.78,정상,0,0
GATE-02,PARKING-02,2026-01-16 11:00:00,39.7,4.33,23.8,2.78,1.09,60827,1,84,8.58,정상,0,0
GATE-02,PARKING-02,2026-01-16 12:00:00,39.49,4.18,24.04,2.93,1.14,60848,0,84,1.25,정상,0,0
GATE-02,PARKING-02,2026-01-16 13:00:00,36.77,3.99,24.06,2.88,1.15,60877,0,84,5.11,정상,0,0
GATE-02,PARKING-02,2026-01-16 14:00:00,40.86,4.27,24.05,2.55,0.81,60897,0,84,3.94,정상,0,0
GATE-02,PARKING-02,2026-01-16 15:00:00,38.56,4.42,23.81,2.64,0.86,60921,0,84,3.02,정상,0,0
GATE-02,PARKING-02,2026-01-16 16:00:00,40.16,3.82,24.22,2.58,1.2,60945,0,84,3.82,정상,0,0
GATE-02,PARKING-02,2026-01-16 17:00:00,38.7,4.13,24.06,2.2,0.7,60976,0,84,2.94,정상,0,0
GATE-02,PARKING-02,2026-01-16 18:00:00,37.76,3.95,23.86,2.73,1.15,61006,1,84,9.08,정상,0,0
GATE-02,PARKING-02,2026-01-16 19:00:00,43.78,4.64,23.78,2.59,0.9,61044,1,84,13.86,정상,0,0
GATE-02,PARKING-02,2026-01-16 20:00:00,40.36,3.68,24.08,2.28,1.08,61078,0,84,0,정상,0,0
GATE-02,PARKING-02,2026-01-16 21:00:00,36.48,3.72,23.97,2.62,1.6,61101,0,84,4.21,정상,0,0
GATE-02,PARKING-02,2026-01-16 22:00:00,40.5,4.18,24.25,2.7,1.28,61125,0,84,4.33,정상,0,0
GATE-02,PARKING-02,2026-01-16 23:00:00,39.71,4.33,24.06,2.63,1.11,61147,0,84,5.28,정상,0,0
GATE-02,PARKING-02,2026-01-17 00:00:00,38.93,3.67,23.98,2.93,1.08,61151,0,85,1.28,정상,0,0
GATE-02,PARKING-02,2026-01-17 01:00:00,35.63,3.48,23.76,2.73,1.14,61155,0,85,4.51,정상,0,0
GATE-02,PARKING-02,2026-01-17 02:00:00,37.19,4.03,23.33,2.69,1.1,61165,0,85,6.27,정상,0,0
GATE-02,PARKING-02,2026-01-17 03:00:00,37.05,4.03,23.82,2.65,0.94,61167,0,85,0.05,정상,0,0
GATE-02,PARKING-02,2026-01-17 04:00:00,37.36,3.55,23.86,2.77,1.15,61169,2,85,11.27,정상,0,0
GATE-02,PARKING-02,2026-01-17 05:00:00,40.01,3.35,23.93,2.72,1.42,61172,0,85,5.48,정상,0,0
GATE-02,PARKING-02,2026-01-17 06:00:00,38.94,3.72,24.16,2.87,1.14,61187,0,85,3.83,정상,0,0
GATE-02,PARKING-02,2026-01-17 07:00:00,39.08,4.2,23.94,2.6,1.4,61220,0,85,2.68,정상,0,0
GATE-02,PARKING-02,2026-01-17 08:00:00,44.02,5.02,24.07,2.74,0.67,61271,0,85,6.56,정상,0,0
GATE-02,PARKING-02,2026-01-17 09:00:00,40.31,4.11,24.02,2.8,1.34,61308,1,85,5.31,정상,0,0
GATE-02,PARKING-02,2026-01-17 10:00:00,40.72,4.44,23.57,2.92,1.26,61325,0,85,4.59,정상,0,0
GATE-02,PARKING-02,2026-01-17 11:00:00,37.51,4.75,24.33,2.81,1.08,61350,1,85,9.55,정상,0,0
GATE-02,PARKING-02,2026-01-17 12:00:00,39.42,4.26,24.06,2.49,1.03,61375,0,85,1.98,정상,0,0
GATE-02,PARKING-02,2026-01-17 13:00:00,40.89,3.99,24.45,2.36,0.76,61400,1,85,7.41,정상,0,0
GATE-02,PARKING-02,2026-01-17 14:00:00,39.12,3.99,23.86,2.83,1.17,61426,0,85,0.84,정상,0,0
GATE-02,PARKING-02,2026-01-17 15:00:00,37.92,3.78,23.52,2.54,0.98,61457,0,85,4.05,정상,0,0
GATE-02,PARKING-02,2026-01-17 16:00:00,39.07,3.83,24.15,2.67,1.06,61472,1,85,7.8,정상,0,0
GATE-02,PARKING-02,2026-01-17 17:00:00,40.12,4.73,23.78,2.47,1.2,61518,1,85,7.19,정상,0,0
GATE-02,PARKING-02,2026-01-17 18:00:00,41.72,4.46,23.5,2.64,1.06,61569,1,85,5.93,정상,0,0
GATE-02,PARKING-02,2026-01-17 19:00:00,41.65,4.38,23.92,2.52,1.49,61606,0,85,3.97,정상,0,0
GATE-02,PARKING-02,2026-01-17 20:00:00,37.73,3.98,23.29,2.76,1.39,61635,0,85,3.15,정상,0,0
GATE-02,PARKING-02,2026-01-17 21:00:00,41.04,4.3,23.89,2.64,1.2,61667,1,85,7.77,정상,0,0
GATE-02,PARKING-02,2026-01-17 22:00:00,39.34,4,24.1,2.75,1.56,61687,0,85,4.21,정상,0,0
GATE-02,PARKING-02,2026-01-17 23:00:00,41.12,4.02,24.04,2.51,1.36,61714,0,85,3.55,정상,0,0
GATE-02,PARKING-02,2026-01-18 00:00:00,36.01,3.6,24.01,2.49,1.33,61722,0,86,3.49,정상,0,0
GATE-02,PARKING-02,2026-01-18 01:00:00,36.2,3.75,23.82,2.66,1.06,61726,0,86,1.55,정상,0,0
GATE-02,PARKING-02,2026-01-18 02:00:00,37.3,3.65,24.02,2.86,1.1,61726,1,86,5.61,정상,0,0
GATE-02,PARKING-02,2026-01-18 03:00:00,37.22,4.12,23.89,2.6,1.24,61736,0,86,2.99,정상,0,0
GATE-02,PARKING-02,2026-01-18 04:00:00,36.95,3.72,23.62,2.71,1.19,61737,0,86,5.95,정상,0,0
GATE-02,PARKING-02,2026-01-18 05:00:00,40.11,4.19,24.41,2.7,1.25,61744,0,86,7.71,정상,0,0
GATE-02,PARKING-02,2026-01-18 06:00:00,37.28,4.53,23.84,2.36,1.15,61761,0,86,4.31,정상,0,0
GATE-02,PARKING-02,2026-01-18 07:00:00,42.84,4.25,23.55,2.62,1.05,61796,0,86,6.73,정상,0,0
GATE-02,PARKING-02,2026-01-18 08:00:00,43.46,4.52,23.54,2.72,1.31,61834,0,86,5.58,정상,0,0
GATE-02,PARKING-02,2026-01-18 09:00:00,40.26,4.61,23.91,2.66,1.16,61880,0,86,0,정상,0,0
GATE-02,PARKING-02,2026-01-18 10:00:00,38.45,4.33,23.86,2.62,1.61,61901,0,86,6.5,정상,0,0
GATE-02,PARKING-02,2026-01-18 11:00:00,41.38,4,23.76,2.77,1.09,61937,1,86,11.58,정상,0,0
GATE-02,PARKING-02,2026-01-18 12:00:00,37.83,4.16,24.09,2.92,1.21,61964,0,86,3.86,정상,0,0
GATE-02,PARKING-02,2026-01-18 13:00:00,40.48,4.65,24.12,2.78,1.3,61985,1,86,9.44,정상,0,0
GATE-02,PARKING-02,2026-01-18 14:00:00,39.84,4.04,23.45,2.73,1.11,62006,0,86,4.02,정상,0,0
GATE-02,PARKING-02,2026-01-18 15:00:00,39.44,3.95,23.53,2.66,1.06,62029,0,86,2.85,정상,0,0
GATE-02,PARKING-02,2026-01-18 16:00:00,41.1,4.21,24.15,2.51,1.27,62052,0,86,2.95,정상,0,0
GATE-02,PARKING-02,2026-01-18 17:00:00,42.12,4.63,23.58,2.68,1.2,62085,0,86,4.1,정상,0,0
GATE-02,PARKING-02,2026-01-18 18:00:00,40.96,4.12,24.22,2.6,1.14,62120,1,86,7.47,정상,0,0
GATE-02,PARKING-02,2026-01-18 19:00:00,44.52,4.46,23.6,2.64,1.11,62152,0,86,4.76,정상,0,0
GATE-02,PARKING-02,2026-01-18 20:00:00,39.9,4.22,24.04,2.86,1.57,62182,0,86,6.24,정상,0,0
GATE-02,PARKING-02,2026-01-18 21:00:00,37.77,3.97,23.73,2.95,1.5,62192,0,86,7.34,정상,0,0
GATE-02,PARKING-02,2026-01-18 22:00:00,39.17,4.45,23.58,2.67,0.99,62215,0,86,4.83,정상,0,0
GATE-02,PARKING-02,2026-01-18 23:00:00,39.03,4.29,24.12,2.72,1.17,62238,0,86,3.2,정상,0,0
GATE-02,PARKING-02,2026-01-19 00:00:00,37.15,3.54,23.94,2.8,1.49,62240,0,87,1.43,정상,0,0
GATE-02,PARKING-02,2026-01-19 01:00:00,37.09,3.88,23.66,2.68,0.86,62251,0,87,3.43,정상,0,0
GATE-02,PARKING-02,2026-01-19 02:00:00,40.3,4.25,23.72,2.93,1.44,62270,0,87,4.33,정상,0,0
GATE-02,PARKING-02,2026-01-19 03:00:00,35.56,3.89,24.35,2.69,1.06,62270,0,87,5.79,정상,0,0
GATE-02,PARKING-02,2026-01-19 04:00:00,37.27,3.9,24.4,2.78,1.21,62272,0,87,4.09,정상,0,0
GATE-02,PARKING-02,2026-01-19 05:00:00,40.25,4.18,23.44,2.78,1.25,62282,1,87,12.15,정상,0,0
GATE-02,PARKING-02,2026-01-19 06:00:00,39.99,3.94,23.8,2.62,0.98,62309,1,87,10.54,정상,0,0
GATE-02,PARKING-02,2026-01-19 07:00:00,42.66,4.77,23.91,2.64,1.57,62349,0,87,6.11,정상,0,0
GATE-02,PARKING-02,2026-01-19 08:00:00,41.33,4.47,23.88,2.95,1.32,62394,0,87,4.12,정상,0,0
GATE-02,PARKING-02,2026-01-19 09:00:00,39.73,4.62,23.49,2.78,1.17,62425,1,87,9.14,정상,0,0
GATE-02,PARKING-02,2026-01-19 10:00:00,40.93,4,23.96,2.96,1.26,62453,0,87,0.83,정상,0,0
GATE-02,PARKING-02,2026-01-19 11:00:00,39.65,4.47,23.74,2.74,1.47,62481,0,87,5.18,정상,0,0
GATE-02,PARKING-02,2026-01-19 12:00:00,39.42,4.15,23.79,2.8,1.29,62501,0,87,3.12,정상,0,0
GATE-02,PARKING-02,2026-01-19 13:00:00,39.6,4.19,23.68,2.73,1.01,62529,0,87,4.67,정상,0,0
GATE-02,PARKING-02,2026-01-19 14:00:00,38.35,4.27,24.2,2.81,1.06,62551,0,87,2.91,정상,0,0
GATE-02,PARKING-02,2026-01-19 15:00:00,37.54,3.85,23.84,2.68,1.52,62563,1,87,7.67,정상,0,0
GATE-02,PARKING-02,2026-01-19 16:00:00,37.83,4.22,24.08,3.07,1.35,62580,1,87,9.49,정상,0,0
GATE-02,PARKING-02,2026-01-19 17:00:00,40.95,4.83,24.22,2.39,1.45,62609,0,87,3.31,정상,0,0
GATE-02,PARKING-02,2026-01-19 18:00:00,38.94,4.74,23.95,2.85,1.35,62643,0,87,3.56,정상,0,0
GATE-02,PARKING-02,2026-01-19 19:00:00,44.66,5.12,24.12,2.88,1.25,62692,0,87,8.97,정상,0,0
GATE-02,PARKING-02,2026-01-19 20:00:00,45.26,4.57,23.87,2.8,1.24,62738,1,87,14.88,정상,0,0
GATE-02,PARKING-02,2026-01-19 21:00:00,39.56,3.53,23.82,2.75,1.18,62760,0,87,4.57,정상,0,0
GATE-02,PARKING-02,2026-01-19 22:00:00,39.32,3.85,23.33,2.76,1.2,62777,0,87,9,정상,0,0
GATE-02,PARKING-02,2026-01-19 23:00:00,36.88,3.96,23.85,2.54,1.2,62793,1,87,6.94,정상,0,0
GATE-02,PARKING-02,2026-01-20 00:00:00,36.57,3.73,23.65,2.44,1.12,62793,0,88,4.85,정상,0,0
GATE-02,PARKING-02,2026-01-20 01:00:00,36.71,4.28,23.66,2.81,1.2,62793,0,88,3.9,정상,0,0
GATE-02,PARKING-02,2026-01-20 02:00:00,41.21,4.72,24.08,2.97,1.47,62803,0,88,3.57,정상,0,0
GATE-02,PARKING-02,2026-01-20 03:00:00,39.96,3.67,23.89,2.66,1.11,62813,1,88,8.28,정상,0,0
GATE-02,PARKING-02,2026-01-20 04:00:00,37.27,3.52,23.64,2.62,1.5,62813,0,88,6.31,정상,0,0
GATE-02,PARKING-02,2026-01-20 05:00:00,39.42,3.62,24.01,2.77,1.16,62822,1,88,6.03,정상,0,0
GATE-02,PARKING-02,2026-01-20 06:00:00,37.91,4.85,24.38,2.96,1.23,62837,0,88,5.89,정상,0,0
GATE-02,PARKING-02,2026-01-20 07:00:00,41.41,4.5,23.83,2.71,1.74,62876,0,88,5.37,정상,0,0
GATE-02,PARKING-02,2026-01-20 08:00:00,43.34,4.24,24.2,2.82,1.28,62913,0,88,4.26,정상,0,0
GATE-02,PARKING-02,2026-01-20 09:00:00,39.57,4.55,23.74,2.76,0.92,62955,0,88,0.67,정상,0,0
GATE-02,PARKING-02,2026-01-20 10:00:00,39.4,3.89,23.83,3,1.35,62971,1,88,8.22,정상,0,0
GATE-02,PARKING-02,2026-01-20 11:00:00,37.94,4.24,24,2.71,1.1,62993,1,88,8.23,정상,0,0
GATE-02,PARKING-02,2026-01-20 12:00:00,38.59,3.96,23.96,2.96,1.15,63014,0,88,3.71,정상,0,0
GATE-02,PARKING-02,2026-01-20 13:00:00,39.12,4.39,24.07,2.75,1.35,63037,0,88,1.26,정상,0,0
GATE-02,PARKING-02,2026-01-20 14:00:00,38.81,3.81,24.1,2.57,1.13,63059,0,88,2.98,정상,0,0
GATE-02,PARKING-02,2026-01-20 15:00:00,39.46,4.19,23.82,2.97,1.31,63090,0,88,4.1,정상,0,0
GATE-02,PARKING-02,2026-01-20 16:00:00,39.9,4.3,23.81,2.73,1.07,63113,0,88,2.33,정상,0,0
GATE-02,PARKING-02,2026-01-20 17:00:00,41.84,4.17,24.08,2.43,1.41,63159,0,88,3.96,정상,0,0
GATE-02,PARKING-02,2026-01-20 18:00:00,41.16,4.15,23.7,3.02,1.32,63197,0,88,6.94,정상,0,0
GATE-02,PARKING-02,2026-01-20 19:00:00,39.67,4.49,23.91,2.58,1.04,63236,0,88,3.76,정상,0,0
GATE-02,PARKING-02,2026-01-20 20:00:00,42.37,4.92,23.55,2.73,1.06,63287,0,88,8.63,정상,0,0
GATE-02,PARKING-02,2026-01-20 21:00:00,39.8,4.45,23.93,2.86,1.31,63315,1,88,10.57,정상,0,0
GATE-02,PARKING-02,2026-01-20 22:00:00,39.05,4.03,23.73,2.71,1.24,63337,0,88,5.51,정상,0,0
GATE-02,PARKING-02,2026-01-20 23:00:00,42.46,4.24,23.47,2.88,1.19,63362,1,88,10.23,정상,0,0
GATE-02,PARKING-02,2026-01-21 00:00:00,43.17,4.15,23.87,3.02,1.44,63373,0,89,3.98,정상,0,0
GATE-02,PARKING-02,2026-01-21 01:00:00,35.84,3.89,23.89,2.83,1.4,63378,0,89,2.66,정상,0,0
GATE-02,PARKING-02,2026-01-21 02:00:00,36.57,4.09,24.46,2.56,1.38,63381,0,89,6.46,정상,0,0
GATE-02,PARKING-02,2026-01-21 03:00:00,40.07,4.28,23.92,3,1.43,63395,0,89,0.06,정상,0,0
GATE-02,PARKING-02,2026-01-21 04:00:00,35.82,3.85,23.81,3.11,1.09,63397,0,89,3.59,정상,0,0
GATE-02,PARKING-02,2026-01-21 05:00:00,36.35,3.86,23.91,2.58,1.15,63397,0,89,2.94,정상,0,0
GATE-02,PARKING-02,2026-01-21 06:00:00,39.94,4.53,23.72,2.62,0.95,63423,0,89,5.43,정상,0,0
GATE-02,PARKING-02,2026-01-21 07:00:00,42.1,4.7,24.1,3.03,1.45,63468,0,89,6.86,정상,0,0
GATE-02,PARKING-02,2026-01-21 08:00:00,41.78,4.26,23.89,3.08,1.23,63494,0,89,3.11,정상,0,0
GATE-02,PARKING-02,2026-01-21 09:00:00,38.75,4.43,24.37,2.77,1.33,63535,0,89,3.96,정상,0,0
GATE-02,PARKING-02,2026-01-21 10:00:00,40.8,4.39,23.86,2.7,1.17,63558,2,89,13.49,정상,0,0
GATE-02,PARKING-02,2026-01-21 11:00:00,38.17,4.33,24.58,2.98,1.32,63573,1,89,9.66,정상,0,0
GATE-02,PARKING-02,2026-01-21 12:00:00,40.89,4.54,23.94,2.68,1.18,63594,0,89,1.66,정상,0,0
GATE-02,PARKING-02,2026-01-21 13:00:00,39.35,4.6,23.17,2.93,1.68,63624,1,89,12.47,정상,0,0
GATE-02,PARKING-02,2026-01-21 14:00:00,38.64,4.27,24.18,2.72,1.43,63643,1,89,10.23,정상,0,0
GATE-02,PARKING-02,2026-01-21 15:00:00,39.56,4.1,24.31,2.67,1.21,63653,1,89,11.89,정상,0,0
GATE-02,PARKING-02,2026-01-21 16:00:00,39.49,4.39,24.06,2.8,1.1,63670,0,89,5.7,정상,0,0
GATE-02,PARKING-02,2026-01-21 17:00:00,43.04,4.13,24.02,3.03,1.57,63712,0,89,10.49,정상,0,0
GATE-02,PARKING-02,2026-01-21 18:00:00,41.66,4.43,24.04,2.84,1.24,63760,0,89,5.49,정상,0,0
GATE-02,PARKING-02,2026-01-21 19:00:00,46.82,4.3,23.93,3.08,1.38,63821,1,89,15.28,정상,0,0
GATE-02,PARKING-02,2026-01-21 20:00:00,41.32,4.89,24.04,2.74,1.05,63859,1,89,10.2,정상,0,0
GATE-02,PARKING-02,2026-01-21 21:00:00,40.48,4.43,23.89,2.94,1.11,63881,0,89,1.03,정상,0,0
GATE-02,PARKING-02,2026-01-21 22:00:00,39.02,4.75,23.72,2.75,0.96,63900,0,89,7.2,정상,0,0
GATE-02,PARKING-02,2026-01-21 23:00:00,37.89,3.89,24,2.43,1.33,63915,0,89,5.14,정상,0,0
GATE-02,PARKING-02,2026-01-22 00:00:00,38,3.75,24.23,2.71,1.39,63915,0,90,7.26,정상,0,0
GATE-02,PARKING-02,2026-01-22 01:00:00,38.26,3.85,23.99,2.86,1.3,63925,0,90,3.94,정상,0,0
GATE-02,PARKING-02,2026-01-22 02:00:00,33.63,4.33,23.72,2.71,1.43,63927,0,90,4.76,정상,0,0
GATE-02,PARKING-02,2026-01-22 03:00:00,37.28,3.32,23.54,3.06,1.03,63927,0,90,5.34,정상,0,0
GATE-02,PARKING-02,2026-01-22 04:00:00,42.7,3.89,23.99,2.81,1.78,63933,0,90,6.08,정상,0,0
GATE-02,PARKING-02,2026-01-22 05:00:00,39.92,4.35,23.91,2.97,1.5,63939,0,90,3.8,정상,0,0
GATE-02,PARKING-02,2026-01-22 06:00:00,39.32,4.38,24.07,2.48,1.32,63959,0,90,0,정상,0,0
GATE-02,PARKING-02,2026-01-22 07:00:00,41.52,5.24,23.66,3.05,1.02,63994,0,90,9.27,정상,0,0
GATE-02,PARKING-02,2026-01-22 08:00:00,39.29,4.1,24.01,2.65,0.97,64028,0,90,2.35,정상,0,0
GATE-02,PARKING-02,2026-01-22 09:00:00,43.46,4.51,24.19,2.73,1.29,64065,0,90,7.25,정상,0,0
GATE-02,PARKING-02,2026-01-22 10:00:00,41.92,4.37,24.11,2.7,1.63,64090,0,90,4.77,정상,0,0
GATE-02,PARKING-02,2026-01-22 11:00:00,37.69,4.54,24.27,3.06,1.1,64102,0,90,3.05,정상,0,0
GATE-02,PARKING-02,2026-01-22 12:00:00,38.02,4.24,23.57,2.88,1.54,64129,1,90,10.99,정상,0,0
GATE-02,PARKING-02,2026-01-22 13:00:00,37.17,4.27,24.11,2.72,1.62,64146,0,90,4.7,정상,0,0
GATE-02,PARKING-02,2026-01-22 14:00:00,39.69,4.59,23.63,2.58,1.18,64168,0,90,7.64,정상,0,0
GATE-02,PARKING-02,2026-01-22 15:00:00,41.59,4.66,23.89,2.8,1.29,64194,0,90,5.23,정상,0,0
GATE-02,PARKING-02,2026-01-22 16:00:00,41.89,4.84,24.04,2.4,1.25,64215,0,90,4.86,정상,0,0
GATE-02,PARKING-02,2026-01-22 17:00:00,45.69,4.48,23.62,2.89,1.43,64274,0,90,7.76,정상,0,0
GATE-02,PARKING-02,2026-01-22 18:00:00,40.23,4.25,24,2.77,0.99,64315,0,90,1.84,정상,0,0
GATE-02,PARKING-02,2026-01-22 19:00:00,41.26,4.72,24.19,2.75,1.28,64366,0,90,6.48,정상,0,0
GATE-02,PARKING-02,2026-01-22 20:00:00,41.07,4.66,23.81,2.71,1.36,64408,0,90,4.98,정상,0,0
GATE-02,PARKING-02,2026-01-22 21:00:00,37.8,4.24,23.78,2.82,1.37,64436,0,90,10.03,정상,0,0
GATE-02,PARKING-02,2026-01-22 22:00:00,37.82,4.17,24.11,2.59,1.2,64453,1,90,5.83,정상,0,0
GATE-02,PARKING-02,2026-01-22 23:00:00,40.33,4.28,24.01,2.82,1.02,64475,2,90,11.98,정상,0,0
GATE-02,PARKING-02,2026-01-23 00:00:00,39.4,3.95,24.2,2.76,1.2,64475,1,91,12.38,정상,0,0
GATE-02,PARKING-02,2026-01-23 01:00:00,36.93,4.32,23.92,2.88,1.37,64483,0,91,6.39,정상,0,0
GATE-02,PARKING-02,2026-01-23 02:00:00,36.99,4.12,23.84,2.81,1.09,64491,0,91,6.74,정상,0,0
GATE-02,PARKING-02,2026-01-23 03:00:00,40.16,3.84,24.36,2.73,1.21,64497,0,91,4.29,정상,0,0
GATE-02,PARKING-02,2026-01-23 04:00:00,36.94,3.85,23.64,2.93,1.41,64509,0,91,8.03,정상,0,0
GATE-02,PARKING-02,2026-01-23 05:00:00,35.88,3.87,23.67,2.78,1.28,64514,0,91,5.76,정상,0,0
GATE-02,PARKING-02,2026-01-23 06:00:00,41.13,4.57,23.69,2.86,1.18,64542,0,91,4.04,정상,0,0
GATE-02,PARKING-02,2026-01-23 07:00:00,41.9,4.81,23.76,2.88,1.16,64593,0,91,1.65,정상,0,0
GATE-02,PARKING-02,2026-01-23 08:00:00,43.75,4.95,23.77,2.83,0.91,64631,0,91,7.81,정상,0,0
GATE-02,PARKING-02,2026-01-23 09:00:00,39.4,4.67,23.62,2.92,1.54,64667,0,91,7.98,정상,0,0
GATE-02,PARKING-02,2026-01-23 10:00:00,41.4,4.54,24.09,2.76,1.27,64687,0,91,0,정상,0,0
GATE-02,PARKING-02,2026-01-23 11:00:00,41.3,4.4,24.41,2.86,1.44,64706,0,91,8.29,정상,0,0
GATE-02,PARKING-02,2026-01-23 12:00:00,41.44,4.81,23.73,3.03,1.41,64730,0,91,5.88,정상,0,0
GATE-02,PARKING-02,2026-01-23 13:00:00,38.96,4.76,23.99,2.55,1.48,64757,0,91,4.54,정상,0,0
GATE-02,PARKING-02,2026-01-23 14:00:00,40.41,4.02,23.82,2.97,1.78,64771,1,91,17.64,정상,0,0
GATE-02,PARKING-02,2026-01-23 15:00:00,39.68,4.15,24.03,2.83,1.17,64794,1,91,8.58,정상,0,0
GATE-02,PARKING-02,2026-01-23 16:00:00,39.74,4.35,23.99,2.85,1.45,64814,0,91,4.12,정상,0,0
GATE-02,PARKING-02,2026-01-23 17:00:00,45.4,5.42,24.01,2.69,1.3,64863,0,91,11.8,정상,0,0
GATE-02,PARKING-02,2026-01-23 18:00:00,44.26,5.11,24.17,2.76,1.64,64904,0,91,11.89,정상,0,0
GATE-02,PARKING-02,2026-01-23 19:00:00,45.94,4.73,23.96,2.66,1.41,64950,0,91,13.34,정상,0,0
GATE-02,PARKING-02,2026-01-23 20:00:00,41.5,5.28,24.13,2.7,1.63,65001,1,91,13.99,정상,0,0
GATE-02,PARKING-02,2026-01-23 21:00:00,39.39,4.89,24.12,2.91,1.33,65020,1,91,13.45,정상,0,0
GATE-02,PARKING-02,2026-01-23 22:00:00,40.99,4.04,24.22,2.9,1.3,65042,0,91,4.41,정상,0,0
GATE-02,PARKING-02,2026-01-23 23:00:00,38.73,4.06,23.69,2.69,1.66,65055,0,91,6.53,정상,0,0
GATE-02,PARKING-02,2026-01-24 00:00:00,37.3,4.15,23.61,2.86,1.49,65063,0,92,7.75,정상,0,0
GATE-02,PARKING-02,2026-01-24 01:00:00,38.43,4.13,23.75,2.77,1.19,65076,0,92,5.3,정상,0,0
GATE-02,PARKING-02,2026-01-24 02:00:00,36.78,4.27,23.75,2.93,1.26,65083,1,92,8.83,정상,0,0
GATE-02,PARKING-02,2026-01-24 03:00:00,37.01,3.67,23.5,2.86,1.74,65085,1,92,14.08,정상,0,0
GATE-02,PARKING-02,2026-01-24 04:00:00,37.41,4.18,23.41,2.75,1.18,65095,0,92,5.08,정상,0,0
GATE-02,PARKING-02,2026-01-24 05:00:00,35.13,3.64,23.92,2.95,1.58,65096,0,92,3.54,정상,0,0
GATE-02,PARKING-02,2026-01-24 06:00:00,43.37,4.11,24.23,2.64,1.15,65122,0,92,8.36,정상,0,0
GATE-02,PARKING-02,2026-01-24 07:00:00,41.16,4.66,23.46,2.9,1.44,65153,1,92,15.62,정상,0,0
GATE-02,PARKING-02,2026-01-24 08:00:00,42.05,5.18,24.26,2.94,1.37,65205,1,92,10.9,정상,0,0
GATE-02,PARKING-02,2026-01-24 09:00:00,45.68,4.97,23.72,2.98,1.12,65258,3,92,24.92,정상,0,0
GATE-02,PARKING-02,2026-01-24 10:00:00,38.53,3.76,24.17,2.61,1.4,65276,0,92,7.24,정상,0,0
GATE-02,PARKING-02,2026-01-24 11:00:00,37.91,4.67,24.03,2.8,1.19,65301,1,92,6.01,정상,0,0
GATE-02,PARKING-02,2026-01-24 12:00:00,42.36,4.65,24.03,3.15,1.39,65321,0,92,5.74,정상,0,0
GATE-02,PARKING-02,2026-01-24 13:00:00,38.68,4.29,24.01,2.82,1.29,65341,0,92,4.5,정상,0,0
GATE-02,PARKING-02,2026-01-24 14:00:00,39.54,4.23,23.89,2.98,1.39,65368,0,92,4.24,정상,0,0
GATE-02,PARKING-02,2026-01-24 15:00:00,41.94,4.76,24.02,3.12,1.39,65397,1,92,9.78,정상,0,0
GATE-02,PARKING-02,2026-01-24 16:00:00,39.13,4.32,23.87,2.63,1.52,65420,0,92,3.58,정상,0,0
GATE-02,PARKING-02,2026-01-24 17:00:00,41.83,4.52,23.79,2.98,1.42,65470,0,92,5.01,정상,0,0
GATE-02,PARKING-02,2026-01-24 18:00:00,42.85,4.69,24,2.88,1.27,65519,1,92,9.35,정상,0,0
GATE-02,PARKING-02,2026-01-24 19:00:00,44.52,4.74,24.29,2.79,1.59,65566,1,92,17.81,정상,0,0
GATE-02,PARKING-02,2026-01-24 20:00:00,43.74,4.88,23.6,3.02,1.29,65603,0,92,10.5,정상,0,0
GATE-02,PARKING-02,2026-01-24 21:00:00,39.84,4.35,23.63,3.2,1.31,65621,1,92,10.98,정상,0,0
GATE-02,PARKING-02,2026-01-24 22:00:00,41.62,4.53,24.07,2.84,1.68,65641,0,92,9.45,정상,0,0
GATE-02,PARKING-02,2026-01-24 23:00:00,40.62,4.59,23.91,2.98,1.31,65662,0,92,5.89,정상,0,0
GATE-02,PARKING-02,2026-01-25 00:00:00,40.18,4.25,24.07,2.75,1.5,65677,0,93,5.57,정상,0,0
GATE-02,PARKING-02,2026-01-25 01:00:00,36.43,3.55,23.79,2.87,1.52,65687,1,93,10.75,정상,0,0
GATE-02,PARKING-02,2026-01-25 02:00:00,36.42,3.97,23.74,3.11,1.54,65696,0,93,2.54,정상,0,0
GATE-02,PARKING-02,2026-01-25 03:00:00,38.87,4.38,23.75,2.88,1.24,65698,0,93,0.66,정상,0,0
GATE-02,PARKING-02,2026-01-25 04:00:00,36.22,3.76,24,2.65,1.13,65700,1,93,8.17,정상,0,0
GATE-02,PARKING-02,2026-01-25 05:00:00,42.41,3.66,24.01,2.81,1.34,65706,1,93,10.33,정상,0,0
GATE-02,PARKING-02,2026-01-25 06:00:00,39.91,4.64,23.87,2.75,1.06,65731,0,93,5.97,정상,0,0
GATE-02,PARKING-02,2026-01-25 07:00:00,42.45,4.85,23.92,3.07,1.61,65768,0,93,7.36,정상,0,0
GATE-02,PARKING-02,2026-01-25 08:00:00,46.76,4.36,24.07,2.81,1.52,65813,0,93,11.43,정상,0,0
GATE-02,PARKING-02,2026-01-25 09:00:00,43.06,4.59,23.78,2.99,1.29,65846,1,93,9.69,정상,0,0
GATE-02,PARKING-02,2026-01-25 10:00:00,39.57,4.58,24.2,2.82,1.56,65871,0,93,4.85,정상,0,0
GATE-02,PARKING-02,2026-01-25 11:00:00,40.66,4.45,23.59,2.57,1.31,65891,0,93,7.84,정상,0,0
GATE-02,PARKING-02,2026-01-25 12:00:00,41.75,4.54,23.75,2.97,1.6,65913,1,93,12.74,정상,0,0
GATE-02,PARKING-02,2026-01-25 13:00:00,40.16,4.27,23.89,2.83,1.1,65935,0,93,0,정상,0,0
GATE-02,PARKING-02,2026-01-25 14:00:00,39.22,4.38,24,2.99,1.59,65959,0,93,6.17,정상,0,0
GATE-02,PARKING-02,2026-01-25 15:00:00,39.14,5.01,23.71,2.93,1.27,65989,0,93,5.75,정상,0,0
GATE-02,PARKING-02,2026-01-25 16:00:00,41.32,4.28,24.27,2.66,1.7,66008,1,93,13.76,정상,0,0
GATE-02,PARKING-02,2026-01-25 17:00:00,42.19,4.74,24,2.86,1.42,66056,1,93,8.95,정상,0,0
GATE-02,PARKING-02,2026-01-25 18:00:00,41.11,5.05,23.92,2.91,1.7,66098,1,93,14.67,정상,0,0
GATE-02,PARKING-02,2026-01-25 19:00:00,41.77,5.51,24.08,2.74,1.4,66148,0,93,8.9,정상,0,0
GATE-02,PARKING-02,2026-01-25 20:00:00,45.32,4.72,24.1,3.15,1.41,66195,0,93,8.95,정상,0,0
GATE-02,PARKING-02,2026-01-25 21:00:00,39.37,4.75,24.04,3.1,1.32,66213,0,93,4.98,정상,0,0
GATE-02,PARKING-02,2026-01-25 22:00:00,40.48,4.65,24.06,2.61,1.37,66242,0,93,1.2,정상,0,0
GATE-02,PARKING-02,2026-01-25 23:00:00,40.51,4.01,23.8,2.71,1.44,66263,0,93,3.55,정상,0,0
GATE-02,PARKING-02,2026-01-26 00:00:00,35.97,4.42,23.96,2.9,1.53,66272,0,94,5.35,정상,0,0
GATE-02,PARKING-02,2026-01-26 01:00:00,40.66,3.93,23.89,3.07,1.63,66278,0,94,5.28,정상,0,0
GATE-02,PARKING-02,2026-01-26 02:00:00,40.17,4.45,23.72,2.69,1.72,66289,0,94,8.82,정상,0,0
GATE-02,PARKING-02,2026-01-26 03:00:00,37.25,4.3,24.18,3.07,1.74,66296,1,94,13.09,정상,0,0
GATE-02,PARKING-02,2026-01-26 04:00:00,37.83,3.64,23.35,2.86,1.37,66296,0,94,11.16,정상,0,0
GATE-02,PARKING-02,2026-01-26 05:00:00,37.35,4.65,23.73,2.77,1.65,66302,1,94,11.55,정상,0,0
GATE-02,PARKING-02,2026-01-26 06:00:00,41.01,5.35,23.95,2.99,1.21,66333,0,94,11.29,정상,0,0
GATE-02,PARKING-02,2026-01-26 07:00:00,43.24,4.43,24.25,3,1.13,66366,0,94,4.36,정상,0,0
GATE-02,PARKING-02,2026-01-26 08:00:00,45.04,4.58,23.78,2.89,1.56,66422,0,94,11.84,정상,0,0
GATE-02,PARKING-02,2026-01-26 09:00:00,39.48,4.55,23.89,2.87,1.26,66451,0,94,4,정상,0,0
GATE-02,PARKING-02,2026-01-26 10:00:00,42,4.63,24.13,2.86,1.67,66482,0,94,7,정상,0,0
GATE-02,PARKING-02,2026-01-26 11:00:00,40.62,3.8,23.72,2.94,1.39,66502,1,94,9.65,정상,0,0
GATE-02,PARKING-02,2026-01-26 12:00:00,40.6,4.37,23.98,2.82,1.44,66529,0,94,4.3,정상,0,0
GATE-02,PARKING-02,2026-01-26 13:00:00,40.11,4.55,24.03,2.97,1.47,66547,0,94,4.86,정상,0,0
GATE-02,PARKING-02,2026-01-26 14:00:00,40.87,5.15,23.67,3.02,1.29,66576,0,94,8.09,정상,0,0
GATE-02,PARKING-02,2026-01-26 15:00:00,41.26,4.67,23.94,2.84,1.13,66603,1,94,8.52,정상,0,0
GATE-02,PARKING-02,2026-01-26 16:00:00,43.29,4.91,23.87,2.92,1.45,66627,1,94,14.37,정상,0,0
GATE-02,PARKING-02,2026-01-26 17:00:00,41.23,5.19,24.35,2.79,1.2,66665,0,94,4.79,정상,0,0
GATE-02,PARKING-02,2026-01-26 18:00:00,42.05,4.99,23.37,3.04,1.18,66706,1,94,12.62,정상,0,0
GATE-02,PARKING-02,2026-01-26 19:00:00,41.35,4.2,23.99,3.15,1.5,66723,0,94,9.28,정상,0,0
GATE-02,PARKING-02,2026-01-26 20:00:00,44.76,4.46,23.58,2.87,1.53,66766,0,94,14.17,정상,0,0
GATE-02,PARKING-02,2026-01-26 21:00:00,39.5,5.21,24.14,2.91,1.03,66792,1,94,12.28,정상,0,0
GATE-02,PARKING-02,2026-01-26 22:00:00,38.97,4.51,23.49,3.33,1.7,66815,0,94,17.55,정상,0,0
GATE-02,PARKING-02,2026-01-26 23:00:00,41.96,4.68,23.64,2.95,1.57,66845,0,94,8.61,정상,0,0
GATE-02,PARKING-02,2026-01-27 00:00:00,38.48,4.23,24.12,2.98,1.56,66849,0,95,4.13,정상,0,0
GATE-02,PARKING-02,2026-01-27 01:00:00,38.42,3.79,24.05,2.76,2.03,66854,0,95,8.45,정상,0,0
GATE-02,PARKING-02,2026-01-27 02:00:00,40.2,4.11,24.23,3.18,1.23,66872,0,95,4.57,정상,0,0
GATE-02,PARKING-02,2026-01-27 03:00:00,43.68,4.18,23.95,2.77,1.51,66884,1,0,9.66,정상,1,0
GATE-02,PARKING-02,2026-01-27 04:00:00,34.12,3.22,24.1,2.37,0.66,66896,0,0,0,정상,0,0
GATE-02,PARKING-02,2026-01-27 05:00:00,34.03,3.21,24.82,2.46,0.66,66904,0,0,6.44,정상,0,0
GATE-02,PARKING-02,2026-01-27 06:00:00,39.38,3.79,24.03,2.45,0.76,66928,0,0,0,정상,0,0
GATE-02,PARKING-02,2026-01-27 07:00:00,38.89,4.34,24.08,2.68,0.74,66980,1,0,4.08,정상,0,0
GATE-02,PARKING-02,2026-01-27 08:00:00,41.06,4.54,24.32,2.66,1.05,67025,0,0,0.33,정상,0,0
GATE-02,PARKING-02,2026-01-27 09:00:00,37.22,4.25,24,2.43,0.85,67050,1,0,0,정상,0,0
GATE-02,PARKING-02,2026-01-27 10:00:00,39.62,3.97,23.6,2.4,0.84,67079,0,0,0.97,정상,0,0
GATE-02,PARKING-02,2026-01-27 11:00:00,38.61,3.68,23.87,2.95,0.91,67092,0,0,3.45,정상,0,0
GATE-02,PARKING-02,2026-01-27 12:00:00,40.05,4.36,24.05,2.74,1.47,67109,1,0,8.57,정상,0,0
GATE-02,PARKING-02,2026-01-27 13:00:00,40.2,4.41,24.04,3.21,1.19,67131,0,0,2.05,정상,0,0
GATE-02,PARKING-02,2026-01-27 14:00:00,40.91,4.57,23.74,2.79,1.33,67149,0,0,2.56,정상,0,0
GATE-02,PARKING-02,2026-01-27 15:00:00,40.7,4.73,23.54,3.27,1.62,67169,0,0,10.74,정상,0,0
GATE-02,PARKING-02,2026-01-27 16:00:00,39.39,4.5,23.68,3.07,1.83,67192,1,0,10.41,정상,0,0
GATE-02,PARKING-02,2026-01-27 17:00:00,43.34,5.5,23.97,3.02,1.82,67217,1,0,19.14,정상,0,0
GATE-02,PARKING-02,2026-01-27 18:00:00,43.94,5.18,24.14,3.38,1.67,67250,0,0,11.08,정상,0,0
GATE-02,PARKING-02,2026-01-27 19:00:00,44.04,5.2,24.25,3,1.83,67285,1,0,13.43,정상,0,0
GATE-02,PARKING-02,2026-01-27 20:00:00,46.16,5.48,23.93,3.24,2.07,67333,2,0,31.47,정상,0,0
GATE-02,PARKING-02,2026-01-27 21:00:00,42.25,5.59,24.14,3.32,2.41,67354,2,0,25.74,정상,0,0
GATE-02,PARKING-02,2026-01-27 22:00:00,46.54,5.21,23.34,3.34,2.32,67376,1,0,30,정상,0,0
GATE-02,PARKING-02,2026-01-27 23:00:00,42.71,5.17,23.63,3.35,2.24,67392,3,0,28.35,정상,0,0
GATE-02,PARKING-02,2026-01-28 00:00:00,41.37,4.46,23.21,3.83,2.22,67392,2,1,23.71,정상,0,0
GATE-02,PARKING-02,2026-01-28 01:00:00,41.79,4.95,23.73,3.53,2.45,67394,1,1,17.35,정상,0,0
GATE-02,PARKING-02,2026-01-28 02:00:00,44.5,5.47,23.55,3.46,2.5,67400,1,1,30.64,정상,0,0
GATE-02,PARKING-02,2026-01-28 03:00:00,42.33,5.54,23.71,3.59,2.73,67400,1,1,27.24,정상,0,0
GATE-02,PARKING-02,2026-01-28 04:00:00,46.72,5.41,23.3,3.65,2.55,67409,1,1,32.32,정상,0,0
GATE-02,PARKING-02,2026-01-28 05:00:00,45.19,5.59,23.82,3.71,2.42,67418,2,1,35.83,정상,0,0
GATE-02,PARKING-02,2026-01-28 06:00:00,45.11,6.1,23.11,3.76,2.76,67434,2,1,43.05,주의,0,0
GATE-02,PARKING-02,2026-01-28 07:00:00,47.85,6.85,23.62,3.75,2.69,67478,2,1,45.64,주의,0,0
GATE-02,PARKING-02,2026-01-28 08:00:00,48.89,6.23,23.32,3.62,3.12,67506,2,1,46.75,주의,0,0
GATE-02,PARKING-02,2026-01-28 09:00:00,48,6.66,23.44,3.97,2.95,67541,2,1,50.8,주의,0,0
GATE-02,PARKING-02,2026-01-28 10:00:00,44.8,6.2,23.44,4.27,3.09,67564,2,1,50.31,주의,0,0
GATE-02,PARKING-02,2026-01-28 11:00:00,47.11,5.63,23.29,4.23,3.43,67584,3,1,57.12,주의,0,0
GATE-02,PARKING-02,2026-01-28 12:00:00,50.04,6.84,23.35,4.61,2.63,67610,2,1,56.69,주의,0,0
GATE-02,PARKING-02,2026-01-28 13:00:00,48.43,6.74,22.71,4.39,3.33,67633,2,1,62.02,주의,0,0
GATE-02,PARKING-02,2026-01-28 14:00:00,49.63,6.91,23.1,4.32,3.67,67659,3,1,72.15,주의,0,0
GATE-02,PARKING-02,2026-01-28 15:00:00,48.66,6.32,23.36,4.48,3.54,67670,3,1,59.14,주의,0,0
GATE-02,PARKING-02,2026-01-28 16:00:00,54.17,6.92,23.26,4.47,3.58,67700,2,1,69.63,주의,0,0
GATE-02,PARKING-02,2026-01-28 17:00:00,38.06,3.46,23.97,2.25,0.53,67747,0,1,2.44,정상,0,0
GATE-02,PARKING-02,2026-01-28 18:00:00,38.12,3.99,24.02,2.5,0.67,67787,0,1,0,정상,0,0
GATE-02,PARKING-02,2026-01-28 19:00:00,37.23,3.66,24.19,2.38,0.81,67813,0,1,0.65,정상,0,0
GATE-02,PARKING-02,2026-01-28 20:00:00,43.65,4.19,23.85,2.39,0.68,67861,1,1,7.03,정상,0,0
GATE-02,PARKING-02,2026-01-28 21:00:00,38.06,3.73,23.82,2.29,0.76,67882,0,1,0.48,정상,0,0
GATE-02,PARKING-02,2026-01-28 22:00:00,35.4,3.85,24.06,2.46,0.52,67906,0,1,1.08,정상,0,0
GATE-02,PARKING-02,2026-01-28 23:00:00,36.27,3.31,24.38,2.74,0.71,67921,0,1,0.77,정상,0,0
GATE-02,PARKING-02,2026-01-29 00:00:00,34.58,3.31,24.65,2.74,0.89,67925,0,2,0.1,정상,0,0
GATE-02,PARKING-02,2026-01-29 01:00:00,35.73,3.06,24.37,2.39,1.1,67930,0,2,6.66,정상,0,0
GATE-02,PARKING-02,2026-01-29 02:00:00,35.06,3.37,23.95,2.43,0.86,67939,0,2,0.63,정상,0,0
GATE-02,PARKING-02,2026-01-29 03:00:00,38.48,3.03,24.06,2.43,0.5,67943,0,2,0,정상,0,0
GATE-02,PARKING-02,2026-01-29 04:00:00,33.95,3.33,24.32,2.67,0.58,67950,0,2,1.51,정상,0,0
GATE-02,PARKING-02,2026-01-29 05:00:00,37.93,3.55,24.31,2.27,0.74,67961,0,2,4.15,정상,0,0
GATE-02,PARKING-02,2026-01-29 06:00:00,37.04,3.78,23.97,2.05,0.9,67987,0,2,0,정상,0,0
GATE-02,PARKING-02,2026-01-29 07:00:00,40.83,4.1,23.43,2.26,0.59,68026,0,2,7.26,정상,0,0
GATE-02,PARKING-02,2026-01-29 08:00:00,38.19,4.22,23.68,2.23,0.74,68072,1,2,5.43,정상,0,0
GATE-02,PARKING-02,2026-01-29 09:00:00,35.84,3.9,24.13,2.63,0.47,68103,0,2,0,정상,0,0
GATE-02,PARKING-02,2026-01-29 10:00:00,37.3,4.08,24.21,2.44,0.6,68124,0,2,2.05,정상,0,0
GATE-02,PARKING-02,2026-01-29 11:00:00,33.41,3.44,23.95,2.4,0.67,68131,0,2,0.93,정상,0,0
GATE-02,PARKING-02,2026-01-29 12:00:00,39.99,3.53,23.93,2.37,0.69,68155,0,2,5.93,정상,0,0
GATE-02,PARKING-02,2026-01-29 13:00:00,34.88,3.98,23.96,2.55,0.56,68171,0,2,0.92,정상,0,0
GATE-02,PARKING-02,2026-01-29 14:00:00,36.64,3.77,24.06,2.18,1.04,68192,1,2,3.16,정상,0,0
GATE-02,PARKING-02,2026-01-29 15:00:00,37.01,4.34,23.98,2.26,0.73,68225,1,2,8,정상,0,0
GATE-02,PARKING-02,2026-01-29 16:00:00,38.61,3.25,24.1,2.15,0.57,68249,0,2,0.17,정상,0,0
GATE-02,PARKING-02,2026-01-29 17:00:00,40.23,4.39,24.14,2.42,0.65,68296,0,2,0,정상,0,0
GATE-02,PARKING-02,2026-01-29 18:00:00,37.79,4.3,24.31,2.25,0.59,68335,0,2,0.49,정상,0,0
GATE-02,PARKING-02,2026-01-29 19:00:00,42.82,4.06,24.3,2.66,0.79,68382,0,2,1.39,정상,0,0
GATE-02,PARKING-02,2026-01-29 20:00:00,38.73,4.36,23.92,2.21,0.68,68416,1,2,8.25,정상,0,0
GATE-02,PARKING-02,2026-01-29 21:00:00,35.52,3.61,24.2,2.33,0.56,68429,1,2,6.25,정상,0,0
GATE-02,PARKING-02,2026-01-29 22:00:00,34.89,3.93,24.1,2.5,1.03,68450,0,2,0,정상,0,0
GATE-02,PARKING-02,2026-01-29 23:00:00,37.11,3.68,24.27,2.49,1.05,68474,1,2,7.19,정상,0,0
GATE-02,PARKING-02,2026-01-30 00:00:00,32.04,3.42,24.15,2.32,1.03,68477,0,3,0,정상,0,0
GATE-02,PARKING-02,2026-01-30 01:00:00,33.35,3,24.34,2.33,0.75,68480,1,3,8.63,정상,0,0
GATE-02,PARKING-02,2026-01-30 02:00:00,36.57,3.52,24,2.52,1.09,68486,0,3,0.25,정상,0,0
GATE-02,PARKING-02,2026-01-30 03:00:00,33.69,2.98,24.05,2.27,1,68492,0,3,0.22,정상,0,0
GATE-02,PARKING-02,2026-01-30 04:00:00,36.38,3.39,23.73,2.34,0.81,68492,0,3,0.87,정상,0,0
GATE-02,PARKING-02,2026-01-30 05:00:00,37.87,3.96,24.23,2.55,0.66,68501,0,3,2.07,정상,0,0
GATE-02,PARKING-02,2026-01-30 06:00:00,34.09,4.14,24.07,2.64,1.06,68523,1,3,4.46,정상,0,0
GATE-02,PARKING-02,2026-01-30 07:00:00,36.64,4.35,24.21,2.27,0.86,68565,0,3,0.8,정상,0,0
GATE-02,PARKING-02,2026-01-30 08:00:00,42.01,4.53,23.79,2.26,0.59,68615,0,3,2.76,정상,0,0
GATE-02,PARKING-02,2026-01-30 09:00:00,40.37,4.23,23.99,2.69,0.58,68665,0,3,0,정상,0,0
GATE-02,PARKING-02,2026-01-30 10:00:00,38.94,4.16,23.99,2.46,0.86,68692,0,3,1.08,정상,0,0
GATE-02,PARKING-02,2026-01-30 11:00:00,36.5,3.54,23.97,2.59,0.55,68711,0,3,0.74,정상,0,0
GATE-02,PARKING-02,2026-01-30 12:00:00,37.04,4.03,23.68,2.79,0.74,68726,0,3,0.95,정상,0,0
GATE-02,PARKING-02,2026-01-30 13:00:00,38.77,3.91,24.27,2.54,0.92,68753,0,3,0,정상,0,0
GATE-02,PARKING-02,2026-01-30 14:00:00,38.53,3.67,24.31,2.57,0.79,68780,0,3,1.85,정상,0,0
GATE-02,PARKING-02,2026-01-30 15:00:00,36.04,3.5,24.68,2.6,0.75,68800,0,3,4.81,정상,0,0
GATE-02,PARKING-02,2026-01-30 16:00:00,37.04,3.84,23.9,2.67,0.89,68829,0,3,0,정상,0,0
GATE-02,PARKING-02,2026-01-30 17:00:00,38.15,3.72,23.93,2.3,0.52,68862,1,3,4.04,정상,0,0
GATE-02,PARKING-02,2026-01-30 18:00:00,38.15,4.49,24.12,2.48,0.7,68910,1,3,5.03,정상,0,0
GATE-02,PARKING-02,2026-01-30 19:00:00,40,4,23.96,2.37,0.85,68939,0,3,0,정상,0,0
GATE-02,PARKING-02,2026-01-30 20:00:00,42.97,3.62,24.08,2.47,0.75,68985,0,3,0.58,정상,0,0
GATE-02,PARKING-02,2026-01-30 21:00:00,37.38,3.67,24.11,2.47,0.74,69020,0,3,1.69,정상,0,0
GATE-02,PARKING-02,2026-01-30 22:00:00,37.08,3.45,24.05,2.47,0.88,69045,0,3,1.79,정상,0,0
GATE-02,PARKING-02,2026-01-30 23:00:00,35.91,3.95,24.45,2.28,0.66,69062,1,3,4.91,정상,0,0
GATE-02,PARKING-02,2026-01-31 00:00:00,33.77,3.37,24.11,2.55,0.66,69063,0,4,0,정상,0,0
GATE-02,PARKING-02,2026-01-31 01:00:00,35.57,3.32,24.05,2.3,0.85,69069,0,4,3.17,정상,0,0
GATE-02,PARKING-02,2026-01-31 02:00:00,34.19,3.54,24.43,2.71,0.56,69069,0,4,4.98,정상,0,0
GATE-02,PARKING-02,2026-01-31 03:00:00,32.66,3.54,24.53,2.48,0.53,69075,1,4,8.38,정상,0,0
GATE-02,PARKING-02,2026-01-31 04:00:00,35.66,3.91,24.31,2.28,0.82,69086,0,4,3.67,정상,0,0
GATE-02,PARKING-02,2026-01-31 05:00:00,34.11,3.74,23.94,2.47,0.65,69086,0,4,0,정상,0,0
GATE-02,PARKING-02,2026-01-31 06:00:00,38.34,3.63,23.57,2.35,0.97,69105,0,4,0,정상,0,0
GATE-02,PARKING-02,2026-01-31 07:00:00,38.63,4.33,23.87,2.67,0.83,69155,0,4,2.76,정상,0,0
GATE-02,PARKING-02,2026-01-31 08:00:00,40.55,4.05,24.13,2.1,0.6,69201,0,4,1.37,정상,0,0
GATE-02,PARKING-02,2026-01-31 09:00:00,40.2,3.74,24.36,2.36,0.89,69238,0,4,2.85,정상,0,0
GATE-02,PARKING-02,2026-01-31 10:00:00,38.93,3.37,24.41,2.41,0.88,69260,0,4,2.79,정상,0,0
GATE-02,PARKING-02,2026-01-31 11:00:00,37.47,3.67,23.73,2.3,0.97,69282,1,4,7.56,정상,0,0
GATE-02,PARKING-02,2026-01-31 12:00:00,40.92,4.13,23.88,2.56,0.92,69316,0,4,0,정상,0,0
GATE-02,PARKING-02,2026-01-31 13:00:00,35.99,4.27,23.85,2.3,0.61,69345,1,4,4.23,정상,0,0
GATE-02,PARKING-02,2026-01-31 14:00:00,33.7,3.81,23.84,2.45,0.94,69358,1,4,5.22,정상,0,0
GATE-02,PARKING-02,2026-01-31 15:00:00,39.26,2.94,24.06,2.7,0.68,69376,0,4,0,정상,0,0
GATE-02,PARKING-02,2026-01-31 16:00:00,37.81,3.82,23.54,2.58,1.13,69396,0,4,5.56,정상,0,0
GATE-02,PARKING-02,2026-01-31 17:00:00,39.58,4.58,24.28,2.73,0.81,69446,0,4,5.6,정상,0,0
GATE-02,PARKING-02,2026-01-31 18:00:00,39.99,4.05,24.09,2.44,0.92,69486,0,4,0,정상,0,0
GATE-02,PARKING-02,2026-01-31 19:00:00,36.35,4.56,24.11,2.37,0.46,69533,0,4,0,정상,0,0
GATE-02,PARKING-02,2026-01-31 20:00:00,37.8,3.6,24.08,2.34,0.85,69559,0,4,1.1,정상,0,0
GATE-02,PARKING-02,2026-01-31 21:00:00,36.84,3.51,23.98,2.48,0.99,69586,0,4,0,정상,0,0
GATE-02,PARKING-02,2026-01-31 22:00:00,37.44,3.69,23.52,2.41,0.82,69611,0,4,1.8,정상,0,0
GATE-02,PARKING-02,2026-01-31 23:00:00,35.78,3.8,24.16,2.29,0.68,69629,0,4,0,정상,0,0
GATE-02,PARKING-02,2026-02-01 00:00:00,36.27,3.74,23.88,2.64,0.76,69633,0,5,2.39,정상,0,0
GATE-02,PARKING-02,2026-02-01 01:00:00,34.08,3.86,24.68,2.82,0.52,69635,0,5,5.56,정상,0,0
GATE-02,PARKING-02,2026-02-01 02:00:00,37.53,3.55,23.79,2.37,0.64,69640,0,5,0,정상,0,0
GATE-02,PARKING-02,2026-02-01 03:00:00,34.18,3.49,24.18,2.66,0.74,69640,0,5,2.23,정상,0,0
GATE-02,PARKING-02,2026-02-01 04:00:00,35.54,3.24,24.21,2.53,0.5,69642,0,5,4.68,정상,0,0
GATE-02,PARKING-02,2026-02-01 05:00:00,33.63,3.51,24.61,2.84,0.92,69642,0,5,6.63,정상,0,0
GATE-02,PARKING-02,2026-02-01 06:00:00,37.55,4.21,24.21,2.68,0.38,69663,0,5,0,정상,0,0
GATE-02,PARKING-02,2026-02-01 07:00:00,39.21,3.89,24.41,2.7,0.7,69702,0,5,3.74,정상,0,0
GATE-02,PARKING-02,2026-02-01 08:00:00,42.96,4.67,24.12,2.45,1,69750,0,5,0.77,정상,0,0
GATE-02,PARKING-02,2026-02-01 09:00:00,40.08,3.57,24.32,2.61,0.97,69781,2,5,11.1,정상,0,0
GATE-02,PARKING-02,2026-02-01 10:00:00,39.52,4.69,24.02,2.66,0.62,69807,0,5,1.59,정상,0,0
GATE-02,PARKING-02,2026-02-01 11:00:00,35.01,3.72,23.99,2.29,0.75,69828,0,5,0,정상,0,0
GATE-02,PARKING-02,2026-02-01 12:00:00,38.28,4.39,24.42,2.37,0.71,69865,0,5,1.02,정상,0,0
GATE-02,PARKING-02,2026-02-01 13:00:00,37.24,3.78,23.89,2.32,0.74,69886,0,5,0.19,정상,0,0
GATE-02,PARKING-02,2026-02-01 14:00:00,37.94,3.66,24.05,2.34,0.68,69903,0,5,2.11,정상,0,0
GATE-02,PARKING-02,2026-02-01 15:00:00,36.07,4.13,23.74,2.43,0.56,69923,0,5,0,정상,0,0
GATE-02,PARKING-02,2026-02-01 16:00:00,36.14,4.11,23.81,2.42,0.88,69948,1,5,6.45,정상,0,0
GATE-02,PARKING-02,2026-02-01 17:00:00,37.2,3.51,23.88,2.45,0.92,69974,0,5,0,정상,0,0
GATE-02,PARKING-02,2026-02-01 18:00:00,39.27,4.15,24.24,2.7,0.74,70019,0,5,1.89,정상,0,0
GATE-02,PARKING-02,2026-02-01 19:00:00,39.2,4.26,24.27,2.51,1.06,70063,0,5,3.03,정상,0,0
GATE-02,PARKING-02,2026-02-01 20:00:00,40.97,3.78,24.04,2.82,1.12,70113,1,5,4.96,정상,0,0
GATE-02,PARKING-02,2026-02-01 21:00:00,36.91,3.36,24.1,2.42,0.72,70131,0,5,0.07,정상,0,0
GATE-02,PARKING-02,2026-02-01 22:00:00,40.22,3.41,24.17,2.22,0.8,70146,0,5,1.44,정상,0,0
GATE-02,PARKING-02,2026-02-01 23:00:00,35.65,3.72,24.25,2.25,1.29,70171,0,5,0,정상,0,0
GATE-02,PARKING-02,2026-02-02 00:00:00,33.84,3.11,23.72,2.7,0.74,70171,0,6,0,정상,0,0
GATE-02,PARKING-02,2026-02-02 01:00:00,33.75,3.28,24,2.28,0.76,70174,0,6,2.78,정상,0,0
GATE-02,PARKING-02,2026-02-02 02:00:00,36.57,4.07,24.2,2.47,0.9,70182,0,6,2.61,정상,0,0
GATE-02,PARKING-02,2026-02-02 03:00:00,37.63,2.97,24.09,2.42,0.97,70195,0,6,0,정상,0,0
GATE-02,PARKING-02,2026-02-02 04:00:00,38.03,3.28,24.29,2.69,0.95,70197,0,6,0,정상,0,0
GATE-02,PARKING-02,2026-02-02 05:00:00,35.71,3.2,24.13,2.55,0.63,70203,0,6,1.4,정상,0,0
GATE-02,PARKING-02,2026-02-02 06:00:00,37.72,3.59,24.44,2.79,0.73,70232,0,6,1.11,정상,0,0
GATE-02,PARKING-02,2026-02-02 07:00:00,38.27,3.91,23.85,2.53,0.68,70278,1,6,2.38,정상,0,0
GATE-02,PARKING-02,2026-02-02 08:00:00,38.59,4.11,23.72,2.25,0.71,70306,0,6,0,정상,0,0
GATE-02,PARKING-02,2026-02-02 09:00:00,42.15,4.65,24.54,2.7,1.06,70366,0,6,3.6,정상,0,0
GATE-02,PARKING-02,2026-02-02 10:00:00,34.98,3.69,23.98,2.5,0.87,70388,0,6,2.32,정상,0,0
GATE-02,PARKING-02,2026-02-02 11:00:00,36.68,3.87,24.32,2.54,0.7,70409,0,6,4.16,정상,0,0
GATE-02,PARKING-02,2026-02-02 12:00:00,39.64,4.07,24.46,2.5,0.88,70434,0,6,0,정상,0,0
GATE-02,PARKING-02,2026-02-02 13:00:00,36.34,3.88,24.07,2.83,0.8,70460,0,6,0.64,정상,0,0
GATE-02,PARKING-02,2026-02-02 14:00:00,36.67,3.52,24.31,2.65,1.03,70484,0,6,0,정상,0,0
GATE-02,PARKING-02,2026-02-02 15:00:00,39.12,3.76,23.77,2.16,0.79,70499,1,6,7.28,정상,0,0
GATE-02,PARKING-02,2026-02-02 16:00:00,38.31,4.04,24.47,2.79,0.85,70524,0,6,0,정상,0,0
GATE-02,PARKING-02,2026-02-02 17:00:00,37.61,4.26,23.99,2.44,0.85,70564,0,6,0.81,정상,0,0
GATE-02,PARKING-02,2026-02-02 18:00:00,39.23,3.58,23.94,2.77,0.96,70599,0,6,0,정상,0,0
GATE-02,PARKING-02,2026-02-02 19:00:00,37.11,3.77,24.13,2.48,0.94,70639,0,6,0,정상,0,0
GATE-02,PARKING-02,2026-02-02 20:00:00,41.57,4.44,23.45,2.9,1.01,70673,0,6,1.09,정상,0,0
GATE-02,PARKING-02,2026-02-02 21:00:00,34.91,3.56,23.83,2.71,0.97,70699,0,6,1.78,정상,0,0
GATE-02,PARKING-02,2026-02-02 22:00:00,35.36,3.93,23.98,2.27,0.93,70715,0,6,0,정상,0,0
GATE-02,PARKING-02,2026-02-02 23:00:00,38.33,4.14,24.24,2.72,1.11,70742,0,6,0.65,정상,0,0
GATE-02,PARKING-02,2026-02-03 00:00:00,34.14,3.47,24.48,2.28,0.54,70742,0,7,3.23,정상,0,0
GATE-02,PARKING-02,2026-02-03 01:00:00,38.05,3.59,23.81,2.51,0.43,70744,1,7,6.63,정상,0,0
GATE-02,PARKING-02,2026-02-03 02:00:00,35.34,3.34,24.11,2.48,0.15,70746,0,7,2.46,정상,0,0
GATE-02,PARKING-02,2026-02-03 03:00:00,37.09,3.56,24.09,2.38,0.97,70754,0,7,0,정상,0,0
GATE-02,PARKING-02,2026-02-03 04:00:00,33.84,3.09,23.93,2.38,0.8,70754,0,7,3.27,정상,0,0
GATE-02,PARKING-02,2026-02-03 05:00:00,35.9,3.6,23.79,2.41,0.83,70767,0,7,4.01,정상,0,0
GATE-02,PARKING-02,2026-02-03 06:00:00,37.69,3.98,23.7,2.63,0.88,70793,0,7,1.05,정상,0,0
GATE-02,PARKING-02,2026-02-03 07:00:00,40.78,4.16,24.18,2.43,0.69,70841,0,7,6.27,정상,0,0
GATE-02,PARKING-02,2026-02-03 08:00:00,39.73,4.15,24.28,2.34,1.03,70888,0,7,0.51,정상,0,0
GATE-02,PARKING-02,2026-02-03 09:00:00,38.14,4.33,24.03,2.63,0.84,70921,0,7,1.07,정상,0,0
GATE-02,PARKING-02,2026-02-03 10:00:00,35.75,4.08,23.87,2.42,1.06,70945,0,7,1.75,정상,0,0
GATE-02,PARKING-02,2026-02-03 11:00:00,36.66,3.76,24.04,2.35,0.82,70967,0,7,0,정상,0,0
GATE-02,PARKING-02,2026-02-03 12:00:00,33.31,3.76,23.82,2.43,0.5,70992,0,7,0,정상,0,0
GATE-02,PARKING-02,2026-02-03 13:00:00,37.9,3.85,23.94,2.58,0.7,71015,0,7,0,정상,0,0
GATE-02,PARKING-02,2026-02-03 14:00:00,31.85,4.23,23.59,2.47,0.84,71040,0,7,4.71,정상,0,0
GATE-02,PARKING-02,2026-02-03 15:00:00,39.35,3.67,23.91,2.5,0.81,71060,0,7,0,정상,0,0
GATE-02,PARKING-02,2026-02-03 16:00:00,38.5,3.92,24.19,2.34,1.21,71086,0,7,0,정상,0,0
GATE-02,PARKING-02,2026-02-03 17:00:00,44.17,4.22,24.16,2.61,0.59,71139,0,7,1.26,정상,0,0
GATE-02,PARKING-02,2026-02-03 18:00:00,39.83,4.3,23.81,2.61,0.82,71178,0,7,2.25,정상,0,0
GATE-02,PARKING-02,2026-02-03 19:00:00,39.35,4.49,24.37,2.72,1.11,71220,0,7,1.48,정상,0,0
GATE-02,PARKING-02,2026-02-03 20:00:00,42.59,4.2,24.37,2.32,0.85,71260,1,7,4.41,정상,0,0
GATE-02,PARKING-02,2026-02-03 21:00:00,34.78,3.57,24.45,2.55,0.82,71280,0,7,0.25,정상,0,0
GATE-02,PARKING-02,2026-02-03 22:00:00,36.42,3.64,24.24,2.61,1.05,71292,0,7,4.77,정상,0,0
GATE-02,PARKING-02,2026-02-03 23:00:00,38.57,3.69,24.11,2.67,1.14,71316,0,7,0,정상,0,0
GATE-02,PARKING-02,2026-02-04 00:00:00,38.52,3.6,23.89,2.52,0.72,71319,1,8,7.16,정상,0,0
GATE-02,PARKING-02,2026-02-04 01:00:00,38.65,3.45,24.32,2.36,1.06,71319,0,8,0,정상,0,0
GATE-02,PARKING-02,2026-02-04 02:00:00,36.73,3.64,24.26,2.47,0.84,71326,0,8,0.52,정상,0,0
GATE-02,PARKING-02,2026-02-04 03:00:00,38.44,2.84,23.79,2.8,0.85,71337,0,8,3.13,정상,0,0
GATE-02,PARKING-02,2026-02-04 04:00:00,34.72,3.66,23.96,2.63,0.99,71348,0,8,0.54,정상,0,0
GATE-02,PARKING-02,2026-02-04 05:00:00,38.85,3.61,23.77,2.44,0.65,71352,0,8,0.44,정상,0,0
GATE-02,PARKING-02,2026-02-04 06:00:00,37.46,3.37,24.18,2.71,0.91,71377,0,8,0,정상,0,0
GATE-02,PARKING-02,2026-02-04 07:00:00,44.58,4.33,24.04,2.67,0.98,71431,1,8,9.63,정상,0,0
GATE-02,PARKING-02,2026-02-04 08:00:00,41.98,4.07,24.16,2.62,0.92,71482,0,8,2.15,정상,0,0
GATE-02,PARKING-02,2026-02-04 09:00:00,39.92,4.48,23.92,2.64,0.75,71525,0,8,0.01,정상,0,0
GATE-02,PARKING-02,2026-02-04 10:00:00,37.33,3.68,24.02,2.4,1.19,71551,2,8,7.17,정상,0,0
GATE-02,PARKING-02,2026-02-04 11:00:00,39.44,3.54,23.85,2.37,1.01,71571,0,8,5.92,정상,0,0
GATE-02,PARKING-02,2026-02-04 12:00:00,35.47,3.72,23.75,2.37,0.85,71593,0,8,0,정상,0,0
GATE-02,PARKING-02,2026-02-04 13:00:00,38.83,3.87,24.05,2.53,0.74,71610,0,8,1.99,정상,0,0
GATE-02,PARKING-02,2026-02-04 14:00:00,37.91,3.85,24.52,2.31,1.19,71631,0,8,5.92,정상,0,0
GATE-02,PARKING-02,2026-02-04 15:00:00,41.82,4.2,23.95,2.82,1.09,71655,0,8,0,정상,0,0
GATE-02,PARKING-02,2026-02-04 16:00:00,39.65,4.18,24.03,2.29,0.86,71682,0,8,0.7,정상,0,0
GATE-02,PARKING-02,2026-02-04 17:00:00,41.15,4.78,23.86,2.25,0.99,71737,0,8,0,정상,0,0
GATE-02,PARKING-02,2026-02-04 18:00:00,42.83,4.61,24.06,2.14,1.04,71789,0,8,2.56,정상,0,0
GATE-02,PARKING-02,2026-02-04 19:00:00,39.48,4.39,24.52,2.21,1.15,71826,0,8,1.57,정상,0,0
GATE-02,PARKING-02,2026-02-04 20:00:00,44.69,4.09,23.95,2.1,0.89,71880,0,8,0.37,정상,0,0
GATE-02,PARKING-02,2026-02-04 21:00:00,36.55,3.54,24.32,2.25,1.12,71902,0,8,3.37,정상,0,0
GATE-02,PARKING-02,2026-02-04 22:00:00,41.24,3.58,23.65,2.31,0.9,71923,0,8,3.15,정상,0,0
GATE-02,PARKING-02,2026-02-04 23:00:00,37.94,3.9,24.08,2.67,0.78,71947,1,8,3.37,정상,0,0
GATE-02,PARKING-02,2026-02-05 00:00:00,39.58,3.35,24.09,2.6,1.09,71959,2,9,14.65,정상,0,0
GATE-02,PARKING-02,2026-02-05 01:00:00,35.72,3.68,24.08,2.72,1.31,71959,0,9,2.91,정상,0,0
GATE-02,PARKING-02,2026-02-05 02:00:00,33.03,4.1,23.88,2.65,1.14,71959,0,9,0.45,정상,0,0
GATE-02,PARKING-02,2026-02-05 03:00:00,35.78,3.84,24.15,2.67,0.96,71961,0,9,0,정상,0,0
GATE-02,PARKING-02,2026-02-05 04:00:00,35.99,3.32,23.61,2.37,0.76,71975,0,9,0,정상,0,0
GATE-02,PARKING-02,2026-02-05 05:00:00,36.7,3.33,24.13,2.67,1.06,71979,0,9,3.12,정상,0,0
GATE-02,PARKING-02,2026-02-05 06:00:00,37.97,3.93,24.12,2.38,0.99,72004,1,9,2,정상,0,0
GATE-02,PARKING-02,2026-02-05 07:00:00,41.51,3.9,24,2.49,0.95,72053,0,9,0,정상,0,0
GATE-02,PARKING-02,2026-02-05 08:00:00,43.73,4.59,24.01,2.75,1.01,72098,1,9,6.07,정상,0,0
GATE-02,PARKING-02,2026-02-05 09:00:00,41.36,4.47,23.94,2.3,0.88,72139,0,9,0,정상,0,0
GATE-02,PARKING-02,2026-02-05 10:00:00,35.21,4.24,23.98,2.98,1.22,72156,0,9,2.65,정상,0,0
GATE-02,PARKING-02,2026-02-05 11:00:00,38.6,3.48,23.52,2.95,0.86,72182,0,9,1.89,정상,0,0
GATE-02,PARKING-02,2026-02-05 12:00:00,35.86,4.07,23.78,2.69,0.96,72210,1,9,6.8,정상,0,0
GATE-02,PARKING-02,2026-02-05 13:00:00,40.74,3.87,23.92,2.55,0.92,72231,0,9,0.73,정상,0,0
GATE-02,PARKING-02,2026-02-05 14:00:00,39.81,4.23,23.97,2.75,0.98,72262,0,9,0,정상,0,0
GATE-02,PARKING-02,2026-02-05 15:00:00,40.27,4.3,23.75,2.44,1.05,72297,0,9,5.1,정상,0,0
GATE-02,PARKING-02,2026-02-05 16:00:00,37.61,4.56,23.54,2.5,1.02,72322,0,9,5.73,정상,0,0
GATE-02,PARKING-02,2026-02-05 17:00:00,41.13,4.24,23.74,2.57,1.18,72370,0,9,7.87,정상,0,0
GATE-02,PARKING-02,2026-02-05 18:00:00,38.38,4.34,24.03,2.44,0.44,72403,0,9,3.1,정상,0,0
GATE-02,PARKING-02,2026-02-05 19:00:00,41.1,4.14,24.14,2.48,0.97,72443,1,9,9.18,정상,0,0
GATE-02,PARKING-02,2026-02-05 20:00:00,40.94,4.39,24.08,2.5,0.7,72485,0,9,0.91,정상,0,0
GATE-02,PARKING-02,2026-02-05 21:00:00,41.84,3.48,24.06,2.49,1,72505,0,9,0,정상,0,0
GATE-02,PARKING-02,2026-02-05 22:00:00,38.03,4.45,24.2,2.44,0.71,72525,1,9,3.85,정상,0,0
GATE-02,PARKING-02,2026-02-05 23:00:00,38.8,4.31,24.34,2.55,0.86,72545,0,9,1.98,정상,0,0
GATE-02,PARKING-02,2026-02-06 00:00:00,37.86,3.6,23.98,2.63,1.16,72550,0,10,3.19,정상,0,0
GATE-02,PARKING-02,2026-02-06 01:00:00,35.94,3.45,24.19,2.62,1.16,72554,0,10,2.6,정상,0,0
GATE-02,PARKING-02,2026-02-06 02:00:00,35.52,3.84,23.58,2.68,1.09,72554,1,10,8.67,정상,0,0
GATE-02,PARKING-02,2026-02-06 03:00:00,34.51,3.04,23.49,2.52,1.13,72555,0,10,0.26,정상,0,0
GATE-02,PARKING-02,2026-02-06 04:00:00,38.43,2.98,24.02,2.56,0.64,72555,0,10,0,정상,0,0
GATE-02,PARKING-02,2026-02-06 05:00:00,34.78,3.68,23.9,2.63,0.72,72556,0,10,0.14,정상,0,0
GATE-02,PARKING-02,2026-02-06 06:00:00,37.92,3.78,23.69,2.18,0.83,72578,1,10,7.42,정상,0,0
GATE-02,PARKING-02,2026-02-06 07:00:00,41.7,4.46,23.93,2.48,0.98,72624,0,10,0,정상,0,0
GATE-02,PARKING-02,2026-02-06 08:00:00,44.25,4.22,23.97,2.78,1.18,72678,0,10,0.17,정상,0,0
GATE-02,PARKING-02,2026-02-06 09:00:00,38.02,4.23,23.97,2.64,1.07,72708,0,10,0,정상,0,0
GATE-02,PARKING-02,2026-02-06 10:00:00,36.74,3.68,24.17,2.78,1.07,72727,0,10,0.47,정상,0,0
GATE-02,PARKING-02,2026-02-06 11:00:00,38.67,4.23,24.01,2.56,1.12,72750,0,10,0,정상,0,0
GATE-02,PARKING-02,2026-02-06 12:00:00,36.03,4.04,23.78,2.56,1.16,72759,0,10,0.98,정상,0,0
GATE-02,PARKING-02,2026-02-06 13:00:00,38.62,4.15,24.26,2.15,1,72786,0,10,2.28,정상,0,0
GATE-02,PARKING-02,2026-02-06 14:00:00,36.54,3.17,24.48,2.41,0.97,72811,0,10,1.97,정상,0,0
GATE-02,PARKING-02,2026-02-06 15:00:00,37.11,4.66,24.31,2.67,1.22,72835,0,10,2.17,정상,0,0
GATE-02,PARKING-02,2026-02-06 16:00:00,40.14,4.15,23.88,2.57,0.73,72865,0,10,0,정상,0,0
GATE-02,PARKING-02,2026-02-06 17:00:00,41.93,4.59,23.88,2.48,1.12,72924,0,10,1.23,정상,0,0
GATE-02,PARKING-02,2026-02-06 18:00:00,41.28,4.08,24.18,2.52,1.13,72962,0,10,0,정상,0,0
GATE-02,PARKING-02,2026-02-06 19:00:00,37.68,4.38,24.27,2.94,1.08,72996,0,10,0,정상,0,0
GATE-02,PARKING-02,2026-02-06 20:00:00,39.76,3.91,23.94,2.61,0.75,73028,0,10,0,정상,0,0
GATE-02,PARKING-02,2026-02-06 21:00:00,36.6,3.98,24.23,2.53,1.21,73058,0,10,3.58,정상,0,0
GATE-02,PARKING-02,2026-02-06 22:00:00,39.52,4.16,24.25,2.56,0.93,73080,0,10,0.67,정상,0,0
GATE-02,PARKING-02,2026-02-06 23:00:00,38.04,3.63,24.16,2.69,1,73103,1,10,3.01,정상,0,0
GATE-02,PARKING-02,2026-02-07 00:00:00,38.18,3.54,23.86,2.67,1.02,73109,2,11,6.27,정상,0,0
GATE-02,PARKING-02,2026-02-07 01:00:00,33.83,3.82,23.9,2.42,1.23,73110,1,11,6.41,정상,0,0
GATE-02,PARKING-02,2026-02-07 02:00:00,42.1,3.81,23.95,2.64,0.65,73121,0,11,0,정상,0,0
GATE-02,PARKING-02,2026-02-07 03:00:00,41.33,3.54,24.46,2.62,0.96,73134,1,11,9,정상,0,0
GATE-02,PARKING-02,2026-02-07 04:00:00,35.94,3.07,23.38,2.49,0.87,73134,1,11,9.31,정상,0,0
GATE-02,PARKING-02,2026-02-07 05:00:00,32.99,3.97,23.82,2.55,1.12,73141,0,11,0,정상,0,0
GATE-02,PARKING-02,2026-02-07 06:00:00,39.05,3.63,23.52,2.6,1.18,73165,0,11,1.75,정상,0,0
GATE-02,PARKING-02,2026-02-07 07:00:00,40.77,4.28,23.92,2.65,1.16,73206,0,11,0,정상,0,0
GATE-02,PARKING-02,2026-02-07 08:00:00,42.35,4.11,24,3.14,0.73,73255,0,11,3.2,정상,0,0
GATE-02,PARKING-02,2026-02-07 09:00:00,41.08,4.4,24.32,2.75,0.92,73300,0,11,0.05,정상,0,0
GATE-02,PARKING-02,2026-02-07 10:00:00,36.64,4.35,23.76,2.41,0.72,73319,1,11,9.31,정상,0,0
GATE-02,PARKING-02,2026-02-07 11:00:00,37.7,3.74,23.94,2.59,0.85,73341,1,11,5.64,정상,0,0
GATE-02,PARKING-02,2026-02-07 12:00:00,38.08,4.26,23.82,2.37,1.36,73364,1,11,7.64,정상,0,0
GATE-02,PARKING-02,2026-02-07 13:00:00,37.1,3.79,23.73,2.71,1.05,73383,0,11,4.37,정상,0,0
GATE-02,PARKING-02,2026-02-07 14:00:00,38.01,3.7,23.96,2.44,0.87,73401,1,11,4.32,정상,0,0
GATE-02,PARKING-02,2026-02-07 15:00:00,39.29,4.02,23.24,2.83,1.17,73427,1,11,6.76,정상,0,0
GATE-02,PARKING-02,2026-02-07 16:00:00,39.14,3.88,23.74,2.59,1,73448,0,11,1.8,정상,0,0
GATE-02,PARKING-02,2026-02-07 17:00:00,41.62,3.9,24.11,2.5,0.97,73501,1,11,3.37,정상,0,0
GATE-02,PARKING-02,2026-02-07 18:00:00,40.65,4.32,23.62,2.51,0.98,73548,0,11,5.19,정상,0,0
GATE-02,PARKING-02,2026-02-07 19:00:00,39.36,3.83,24.18,2.62,1.02,73584,0,11,2.2,정상,0,0
GATE-02,PARKING-02,2026-02-07 20:00:00,43,4.32,24.05,2.62,1.29,73638,1,11,9.43,정상,0,0
GATE-02,PARKING-02,2026-02-07 21:00:00,35.56,3.88,24.02,2.71,0.87,73670,0,11,0,정상,0,0
GATE-02,PARKING-02,2026-02-07 22:00:00,35.79,3.8,23.8,2.72,1.04,73693,1,11,3.69,정상,0,0
GATE-02,PARKING-02,2026-02-07 23:00:00,37.92,4.18,23.89,2.61,1.13,73711,1,11,3.12,정상,0,0
GATE-02,PARKING-02,2026-02-08 00:00:00,34.81,3.48,24.01,2.44,0.95,73713,0,12,0.58,정상,0,0
GATE-02,PARKING-02,2026-02-08 01:00:00,38.99,3.26,23.78,2.78,1.04,73713,1,12,4.97,정상,0,0
GATE-02,PARKING-02,2026-02-08 02:00:00,32.96,3.36,23.99,2.52,0.98,73713,0,12,0,정상,0,0
GATE-02,PARKING-02,2026-02-08 03:00:00,34.27,3.91,23.81,2.47,0.81,73713,1,12,8.87,정상,0,0
GATE-02,PARKING-02,2026-02-08 04:00:00,39.33,4.18,24.42,2.72,1.18,73714,0,12,1.1,정상,0,0
GATE-02,PARKING-02,2026-02-08 05:00:00,34.56,3.35,23.8,2.91,1.26,73717,0,12,2.28,정상,0,0
GATE-02,PARKING-02,2026-02-08 06:00:00,36.59,4.2,24.34,2.74,0.92,73736,1,12,9.83,정상,0,0
GATE-02,PARKING-02,2026-02-08 07:00:00,41.87,4,24.25,2.53,1.3,73771,0,12,0.78,정상,0,0
GATE-02,PARKING-02,2026-02-08 08:00:00,40.83,4.47,24.25,2.62,0.72,73804,0,12,2.67,정상,0,0
GATE-02,PARKING-02,2026-02-08 09:00:00,41.82,4.13,24.04,2.68,0.91,73839,1,12,5.81,정상,0,0
GATE-02,PARKING-02,2026-02-08 10:00:00,36.04,3.99,24.28,2.63,1.31,73858,1,12,8.85,정상,0,0
GATE-02,PARKING-02,2026-02-08 11:00:00,37.71,3.81,23.94,2.68,0.59,73877,1,12,7.31,정상,0,0
GATE-02,PARKING-02,2026-02-08 12:00:00,40.25,3.76,24.29,2.77,1.34,73901,1,12,5.33,정상,0,0
GATE-02,PARKING-02,2026-02-08 13:00:00,38.53,4.52,24.37,2.63,1.42,73917,0,12,5.94,정상,0,0
GATE-02,PARKING-02,2026-02-08 14:00:00,42.75,4.1,24.36,2.64,0.68,73939,1,12,8.13,정상,0,0
GATE-02,PARKING-02,2026-02-08 15:00:00,37.84,4.09,24.3,2.57,0.88,73958,1,12,5.6,정상,0,0
GATE-02,PARKING-02,2026-02-08 16:00:00,36.51,4.08,23.87,2.8,1.11,73985,1,12,2.1,정상,0,0
GATE-02,PARKING-02,2026-02-08 17:00:00,38.56,4.33,24,2.65,0.77,74024,0,12,0.32,정상,0,0
GATE-02,PARKING-02,2026-02-08 18:00:00,43.29,4.65,24.07,2.7,0.97,74072,1,12,8.02,정상,0,0
GATE-02,PARKING-02,2026-02-08 19:00:00,41.8,4.11,23.88,2.5,1.07,74122,0,12,1.52,정상,0,0
GATE-02,PARKING-02,2026-02-08 20:00:00,43.84,4.35,24.37,2.59,0.95,74173,0,12,3,정상,0,0
GATE-02,PARKING-02,2026-02-08 21:00:00,37.07,4.18,23.53,2.64,1.17,74188,0,12,3.75,정상,0,0
GATE-02,PARKING-02,2026-02-08 22:00:00,36.99,3.76,24.38,2.66,0.9,74204,0,12,1.38,정상,0,0
GATE-02,PARKING-02,2026-02-08 23:00:00,36.22,4.21,24.02,2.57,1.12,74228,0,12,1.19,정상,0,0
GATE-02,PARKING-02,2026-02-09 00:00:00,36.12,4.07,24.06,2.54,0.87,74233,0,13,0.66,정상,0,0
GATE-02,PARKING-02,2026-02-09 01:00:00,37.63,4.02,24.18,2.78,0.77,74242,0,13,2.96,정상,0,0
GATE-02,PARKING-02,2026-02-09 02:00:00,36.21,3.56,23.75,2.67,1.46,74245,0,13,3.86,정상,0,0
GATE-02,PARKING-02,2026-02-09 03:00:00,39.85,3.17,24.13,2.51,1.24,74253,0,13,0,정상,0,0
GATE-02,PARKING-02,2026-02-09 04:00:00,35.85,3.61,24.01,2.82,0.78,74253,0,13,1.41,정상,0,0
GATE-02,PARKING-02,2026-02-09 05:00:00,37.02,3.91,23.76,2.74,1.48,74255,0,13,2.67,정상,0,0
GATE-02,PARKING-02,2026-02-09 06:00:00,36.57,4.31,24.17,2.39,1.3,74275,1,13,5.48,정상,0,0
GATE-02,PARKING-02,2026-02-09 07:00:00,37.89,4.25,23.94,2.68,0.96,74316,1,13,4.96,정상,0,0
GATE-02,PARKING-02,2026-02-09 08:00:00,41.26,4.25,23.48,2.78,0.94,74357,0,13,0,정상,0,0
GATE-02,PARKING-02,2026-02-09 09:00:00,41.63,4.62,23.8,2.6,1.15,74396,0,13,0,정상,0,0
GATE-02,PARKING-02,2026-02-09 10:00:00,41.59,4.25,24.36,2.49,1.02,74420,0,13,1.83,정상,0,0
GATE-02,PARKING-02,2026-02-09 11:00:00,39.24,4.08,24.39,2.64,0.98,74436,1,13,6.71,정상,0,0
GATE-02,PARKING-02,2026-02-09 12:00:00,41,4.25,23.92,2.85,0.96,74462,0,13,2.22,정상,0,0
GATE-02,PARKING-02,2026-02-09 13:00:00,38.02,4.06,23.72,2.67,1.23,74485,0,13,2.34,정상,0,0
GATE-02,PARKING-02,2026-02-09 14:00:00,37.68,4.13,23.95,2.66,1.39,74506,0,13,0,정상,0,0
GATE-02,PARKING-02,2026-02-09 15:00:00,39.16,3.91,23.96,2.6,1.17,74535,0,13,1.8,정상,0,0
GATE-02,PARKING-02,2026-02-09 16:00:00,38.41,3.58,23.78,2.43,1.04,74557,0,13,0.69,정상,0,0
GATE-02,PARKING-02,2026-02-09 17:00:00,40.04,4.13,24.16,2.8,1.13,74598,0,13,3.97,정상,0,0
GATE-02,PARKING-02,2026-02-09 18:00:00,38.42,4.37,23.92,2.68,0.74,74637,0,13,0,정상,0,0
GATE-02,PARKING-02,2026-02-09 19:00:00,43.29,4.98,23.85,2.6,1.02,74678,0,13,3.99,정상,0,0
GATE-02,PARKING-02,2026-02-09 20:00:00,42.84,4.37,24.19,2.79,1.1,74725,0,13,0,정상,0,0
GATE-02,PARKING-02,2026-02-09 21:00:00,39.62,4.47,23.81,2.37,1.06,74753,1,13,12.2,정상,0,0
GATE-02,PARKING-02,2026-02-09 22:00:00,38.95,3.65,24.34,2.64,1.05,74774,0,13,4.2,정상,0,0
GATE-02,PARKING-02,2026-02-09 23:00:00,38.06,3.66,24.17,2.68,1.13,74787,1,13,6.1,정상,0,0
GATE-02,PARKING-02,2026-02-10 00:00:00,36.19,3.31,23.87,2.83,1.21,74793,1,14,4.77,정상,0,0
GATE-02,PARKING-02,2026-02-10 01:00:00,38.35,4.32,24.12,2.4,0.9,74808,0,14,0,정상,0,0
GATE-02,PARKING-02,2026-02-10 02:00:00,36.89,3.88,24.19,2.44,1.23,74810,1,14,5.34,정상,0,0
GATE-02,PARKING-02,2026-02-10 03:00:00,37.39,4.5,23.95,2.85,0.86,74826,1,14,4.36,정상,0,0
GATE-02,PARKING-02,2026-02-10 04:00:00,37.87,3.52,23.68,2.77,0.94,74827,1,14,3.78,정상,0,0
GATE-02,PARKING-02,2026-02-10 05:00:00,38.87,3.61,23.88,2.57,1.15,74828,0,14,0.65,정상,0,0
GATE-02,PARKING-02,2026-02-10 06:00:00,41.84,4.12,23.9,2.71,1.23,74853,0,14,2.38,정상,0,0
GATE-02,PARKING-02,2026-02-10 07:00:00,40.23,4.72,23.94,2.81,1,74898,1,14,6.26,정상,0,0
GATE-02,PARKING-02,2026-02-10 08:00:00,38.46,4.29,23.91,2.82,0.88,74937,0,14,4.35,정상,0,0
GATE-02,PARKING-02,2026-02-10 09:00:00,41.45,4.43,23.78,2.61,1.22,74979,0,14,0,정상,0,0
GATE-02,PARKING-02,2026-02-10 10:00:00,40.15,4.24,23.58,2.78,0.95,75006,1,14,8.75,정상,0,0
GATE-02,PARKING-02,2026-02-10 11:00:00,37.62,4.23,23.9,2.67,1.07,75021,0,14,0.71,정상,0,0
GATE-02,PARKING-02,2026-02-10 12:00:00,36.89,3.79,23.72,2.97,0.81,75038,0,14,2.67,정상,0,0
GATE-02,PARKING-02,2026-02-10 13:00:00,37.49,4.53,23.92,2.66,1.07,75059,1,14,5.71,정상,0,0
GATE-02,PARKING-02,2026-02-10 14:00:00,40.34,3.86,23.79,2.79,1.09,75084,0,14,3.95,정상,0,0
GATE-02,PARKING-02,2026-02-10 15:00:00,40.44,4.6,23.93,2.54,1.49,75112,0,14,5.25,정상,0,0
GATE-02,PARKING-02,2026-02-10 16:00:00,37.47,4.32,23.77,2.62,1.05,75133,1,14,7.12,정상,0,0
GATE-02,PARKING-02,2026-02-10 17:00:00,42.54,4.64,23.87,2.38,1.36,75183,0,14,8.52,정상,0,0
GATE-02,PARKING-02,2026-02-10 18:00:00,39.14,5.08,23.99,2.87,1.15,75225,1,14,7.3,정상,0,0
GATE-02,PARKING-02,2026-02-10 19:00:00,41.72,4.82,24.02,2.67,1.19,75273,0,14,0.57,정상,0,0
GATE-02,PARKING-02,2026-02-10 20:00:00,40.29,5.2,23.46,2.47,1,75315,1,14,10.14,정상,0,0
GATE-02,PARKING-02,2026-02-10 21:00:00,34.99,4,23.72,2.96,1.36,75339,0,14,6.69,정상,0,0
GATE-02,PARKING-02,2026-02-10 22:00:00,39.85,4.43,24.09,2.6,1.11,75375,1,14,2.78,정상,0,0
GATE-02,PARKING-02,2026-02-10 23:00:00,44.13,4.77,24.21,2.77,0.78,75403,0,14,6.24,정상,0,0
GATE-02,PARKING-02,2026-02-11 00:00:00,36.35,3.69,23.97,2.54,1.23,75403,0,15,0,정상,0,0
GATE-02,PARKING-02,2026-02-11 01:00:00,36.17,4.29,23.92,2.96,0.93,75409,0,15,0.84,정상,0,0
GATE-02,PARKING-02,2026-02-11 02:00:00,40.15,3.96,24.05,2.45,1.07,75421,0,15,2.29,정상,0,0
GATE-02,PARKING-02,2026-02-11 03:00:00,38.17,3.72,23.86,2.7,0.86,75425,1,15,6.06,정상,0,0
GATE-02,PARKING-02,2026-02-11 04:00:00,38.83,3.53,23.86,3.03,0.96,75432,0,15,0.31,정상,0,0
GATE-02,PARKING-02,2026-02-11 05:00:00,37.87,3.37,23.8,2.64,0.94,75432,0,15,1.63,정상,0,0
GATE-02,PARKING-02,2026-02-11 06:00:00,38.03,4.24,23.6,2.71,1,75448,0,15,2.89,정상,0,0
GATE-02,PARKING-02,2026-02-11 07:00:00,41.82,4.08,23.79,2.96,1.37,75496,1,15,6.75,정상,0,0
GATE-02,PARKING-02,2026-02-11 08:00:00,43.78,5.18,23.65,2.66,1.2,75546,1,15,14.86,정상,0,0
GATE-02,PARKING-02,2026-02-11 09:00:00,42.79,5.08,23.66,2.77,1.1,75601,0,15,8.58,정상,0,0
GATE-02,PARKING-02,2026-02-11 10:00:00,38.82,4.27,24.17,2.49,1.09,75619,0,15,0,정상,0,0
GATE-02,PARKING-02,2026-02-11 11:00:00,42.79,4.31,23.39,2.61,1.06,75646,0,15,5.92,정상,0,0
GATE-02,PARKING-02,2026-02-11 12:00:00,38.23,3.6,23.55,2.81,0.78,75658,0,15,1.18,정상,0,0
GATE-02,PARKING-02,2026-02-11 13:00:00,40.98,4.44,24,2.78,1.01,75689,0,15,0.28,정상,0,0
GATE-02,PARKING-02,2026-02-11 14:00:00,41.72,3.74,23.53,3,1.22,75711,0,15,3.74,정상,0,0
GATE-02,PARKING-02,2026-02-11 15:00:00,39.47,3.65,23.91,2.48,1.33,75723,1,15,10.4,정상,0,0
GATE-03,PARKING-01,2026-01-01 00:00:00,36.34,3.97,23.96,2.78,0.87,24953,0,63,0.36,정상,0,0
GATE-03,PARKING-01,2026-01-01 01:00:00,39.76,3.69,23.73,3.08,0.89,24964,0,63,2.7,정상,0,0
GATE-03,PARKING-01,2026-01-01 02:00:00,36.79,3.63,24.02,2.69,1.21,24976,0,63,1.19,정상,0,0
GATE-03,PARKING-01,2026-01-01 03:00:00,34.26,3.55,23.58,2.98,1.04,24979,0,63,2.91,정상,0,0
GATE-03,PARKING-01,2026-01-01 04:00:00,40.49,3.81,23.97,2.63,0.74,24992,0,63,3.46,정상,0,0
GATE-03,PARKING-01,2026-01-01 05:00:00,34.69,3.72,23.97,2.37,0.96,25002,0,63,0,정상,0,0
GATE-03,PARKING-01,2026-01-01 06:00:00,38.24,4.35,24.47,2.87,0.93,25021,0,63,7.17,정상,0,0
GATE-03,PARKING-01,2026-01-01 07:00:00,44.15,4.63,23.99,2.54,1.02,25079,0,63,2.51,정상,0,0
GATE-03,PARKING-01,2026-01-01 08:00:00,41.23,4.35,23.6,2.39,0.75,25126,0,63,1.09,정상,0,0
GATE-03,PARKING-01,2026-01-01 09:00:00,38.89,4.91,23.59,2.4,0.78,25174,1,63,12.32,정상,0,0
GATE-03,PARKING-01,2026-01-01 10:00:00,39.29,3.79,24.21,2.56,0.6,25186,0,63,1.29,정상,0,0
GATE-03,PARKING-01,2026-01-01 11:00:00,37.32,4.53,24.21,2.6,1.03,25204,0,63,0,정상,0,0
GATE-03,PARKING-01,2026-01-01 12:00:00,39.64,4.38,24.38,2.57,1.21,25224,1,63,9.4,정상,0,0
GATE-03,PARKING-01,2026-01-01 13:00:00,40.18,3.72,23.85,2.59,0.98,25245,1,63,10.08,정상,0,0
GATE-03,PARKING-01,2026-01-01 14:00:00,36.79,3.67,24.14,2.73,0.77,25263,1,63,4.84,정상,0,0
GATE-03,PARKING-01,2026-01-01 15:00:00,36.7,4.07,24.11,2.28,0.61,25277,0,63,3.16,정상,0,0
GATE-03,PARKING-01,2026-01-01 16:00:00,39.42,4.52,24.11,2.56,1.06,25302,0,63,2.75,정상,0,0
GATE-03,PARKING-01,2026-01-01 17:00:00,41.11,4.25,24,2.67,1.01,25339,0,63,0,정상,0,0
GATE-03,PARKING-01,2026-01-01 18:00:00,39.05,4.41,24.2,2.71,0.77,25377,0,63,2.93,정상,0,0
GATE-03,PARKING-01,2026-01-01 19:00:00,37.95,4.45,23.9,2.49,0.76,25403,1,63,2.47,정상,0,0
GATE-03,PARKING-01,2026-01-01 20:00:00,40.15,4.43,24.33,2.32,0.85,25449,1,63,7.96,정상,0,0
GATE-03,PARKING-01,2026-01-01 21:00:00,39.59,4.35,23.76,2.71,1.16,25474,1,63,4.79,정상,0,0
GATE-03,PARKING-01,2026-01-01 22:00:00,39.61,3.8,24.27,2.86,0.92,25494,0,63,2.92,정상,0,0
GATE-03,PARKING-01,2026-01-01 23:00:00,40.29,3.61,23.89,2.67,1,25515,1,63,4.23,정상,0,0
GATE-03,PARKING-01,2026-01-02 00:00:00,36.21,4.12,24.01,2.75,1.03,25528,0,64,2.25,정상,0,0
GATE-03,PARKING-01,2026-01-02 01:00:00,37.39,3.44,23.67,2.84,0.96,25535,0,64,3.63,정상,0,0
GATE-03,PARKING-01,2026-01-02 02:00:00,37.11,4.15,23.72,2.81,0.89,25550,1,64,6.19,정상,0,0
GATE-03,PARKING-01,2026-01-02 03:00:00,35.52,2.93,24.36,2.71,1.1,25550,0,64,0.13,정상,0,0
GATE-03,PARKING-01,2026-01-02 04:00:00,38.4,3.61,24.1,2.77,0.9,25552,0,64,1.1,정상,0,0
GATE-03,PARKING-01,2026-01-02 05:00:00,38.35,4.36,23.89,2.68,0.95,25574,0,64,0,정상,0,0
GATE-03,PARKING-01,2026-01-02 06:00:00,38.58,4.07,24.4,2.48,0.85,25604,0,64,4.63,정상,0,0
GATE-03,PARKING-01,2026-01-02 07:00:00,39.91,4.58,24.12,2.57,1.25,25638,0,64,7.84,정상,0,0
GATE-03,PARKING-01,2026-01-02 08:00:00,41.08,4.5,24.25,2.77,1.17,25676,0,64,0.33,정상,0,0
GATE-03,PARKING-01,2026-01-02 09:00:00,41.49,4.42,24.34,2.8,0.97,25713,1,64,6.48,정상,0,0
GATE-03,PARKING-01,2026-01-02 10:00:00,35.2,3.87,24.38,2.72,1.21,25731,0,64,1.68,정상,0,0
GATE-03,PARKING-01,2026-01-02 11:00:00,40.49,4.54,24.05,2.5,1.1,25760,0,64,0,정상,0,0
GATE-03,PARKING-01,2026-01-02 12:00:00,38.28,3.74,23.66,2.61,0.99,25785,0,64,3.66,정상,0,0
GATE-03,PARKING-01,2026-01-02 13:00:00,39.76,4.31,23.77,2.7,1.57,25811,0,64,2.98,정상,0,0
GATE-03,PARKING-01,2026-01-02 14:00:00,39.82,4.14,24.1,2.55,1.16,25839,0,64,0,정상,0,0
GATE-03,PARKING-01,2026-01-02 15:00:00,40.4,3.56,24.41,2.68,0.73,25868,1,64,8.95,정상,0,0
GATE-03,PARKING-01,2026-01-02 16:00:00,36.62,3.82,24.07,2.74,0.94,25888,0,64,0,정상,0,0
GATE-03,PARKING-01,2026-01-02 17:00:00,41.33,4.64,24.17,2.69,0.99,25942,0,64,3.58,정상,0,0
GATE-03,PARKING-01,2026-01-02 18:00:00,40.82,4.26,23.98,2.79,1.25,25977,0,64,0,정상,0,0
GATE-03,PARKING-01,2026-01-02 19:00:00,40.37,4.75,24.36,2.76,1.28,26022,0,64,4.51,정상,0,0
GATE-03,PARKING-01,2026-01-02 20:00:00,40.1,3.87,23.6,2.51,0.98,26055,0,64,3.22,정상,0,0
GATE-03,PARKING-01,2026-01-02 21:00:00,39.29,4.48,23.78,2.54,0.98,26087,0,64,3.38,정상,0,0
GATE-03,PARKING-01,2026-01-02 22:00:00,39.95,3.79,23.81,2.5,0.93,26113,0,64,1.24,정상,0,0
GATE-03,PARKING-01,2026-01-02 23:00:00,39.23,4.31,23.94,2.64,0.95,26140,1,64,7.9,정상,0,0
GATE-03,PARKING-01,2026-01-03 00:00:00,35.56,3.24,24.35,2.78,1.02,26148,1,65,6.77,정상,0,0
GATE-03,PARKING-01,2026-01-03 01:00:00,36.06,3.5,23.83,2.75,1.28,26148,0,65,1.37,정상,0,0
GATE-03,PARKING-01,2026-01-03 02:00:00,37.48,3.43,23.8,2.71,0.8,26151,1,65,8.15,정상,0,0
GATE-03,PARKING-01,2026-01-03 03:00:00,37.33,3.69,23.82,2.67,0.85,26159,0,65,3.41,정상,0,0
GATE-03,PARKING-01,2026-01-03 04:00:00,33.74,3.12,23.79,2.78,1.01,26163,0,65,0.31,정상,0,0
GATE-03,PARKING-01,2026-01-03 05:00:00,34.68,3.63,23.63,2.8,1.05,26165,0,65,2.3,정상,0,0
GATE-03,PARKING-01,2026-01-03 06:00:00,32.59,4.03,24.22,2.61,1.28,26180,0,65,0,정상,0,0
GATE-03,PARKING-01,2026-01-03 07:00:00,43.18,4.72,24.35,2.63,1.02,26240,0,65,2.94,정상,0,0
GATE-03,PARKING-01,2026-01-03 08:00:00,39.25,4.12,23.89,2.85,0.93,26286,1,65,5.55,정상,0,0
GATE-03,PARKING-01,2026-01-03 09:00:00,43.92,4.54,23.82,2.68,0.92,26332,0,65,4.48,정상,0,0
GATE-03,PARKING-01,2026-01-03 10:00:00,38.9,4.18,23.88,2.89,0.86,26362,0,65,2.01,정상,0,0
GATE-03,PARKING-01,2026-01-03 11:00:00,37.43,3.86,23.6,2.74,0.89,26374,0,65,3.2,정상,0,0
GATE-03,PARKING-01,2026-01-03 12:00:00,37.75,4.42,24.07,2.69,1.48,26394,0,65,2.86,정상,0,0
GATE-03,PARKING-01,2026-01-03 13:00:00,36.12,3.82,23.39,2.55,1.03,26408,1,65,8.1,정상,0,0
GATE-03,PARKING-01,2026-01-03 14:00:00,39.64,3.98,23.98,2.66,1.12,26432,0,65,0.25,정상,0,0
GATE-03,PARKING-01,2026-01-03 15:00:00,39.98,4.04,23.75,2.88,1.11,26460,0,65,6.28,정상,0,0
GATE-03,PARKING-01,2026-01-03 16:00:00,36.86,4.24,23.83,2.6,1.16,26479,0,65,0,정상,0,0
GATE-03,PARKING-01,2026-01-03 17:00:00,38.28,4.29,23.55,2.42,0.96,26509,0,65,0.67,정상,0,0
GATE-03,PARKING-01,2026-01-03 18:00:00,38.4,3.45,24.44,2.71,1,26532,0,65,0.37,정상,0,0
GATE-03,PARKING-01,2026-01-03 19:00:00,38.65,4.29,24.02,2.85,1.18,26568,0,65,0.1,정상,0,0
GATE-03,PARKING-01,2026-01-03 20:00:00,43.13,4.62,24.21,2.72,1.08,26610,0,65,3.65,정상,0,0
GATE-03,PARKING-01,2026-01-03 21:00:00,37.65,3.93,24.09,2.76,1.47,26619,0,65,2.32,정상,0,0
GATE-03,PARKING-01,2026-01-03 22:00:00,41.74,4.57,24,2.65,1.2,26649,0,65,0,정상,0,0
GATE-03,PARKING-01,2026-01-03 23:00:00,35.17,4.14,24.11,2.59,1.13,26669,0,65,4.51,정상,0,0
GATE-03,PARKING-01,2026-01-04 00:00:00,34.09,4.04,24.05,2.87,1.07,26669,1,66,4.9,정상,0,0
GATE-03,PARKING-01,2026-01-04 01:00:00,38.46,4.1,24,2.44,1.05,26676,1,66,5.56,정상,0,0
GATE-03,PARKING-01,2026-01-04 02:00:00,36.76,4.24,24.21,2.53,1.05,26688,1,66,8.74,정상,0,0
GATE-03,PARKING-01,2026-01-04 03:00:00,35.73,3.37,24.44,2.54,1.04,26693,0,66,1.04,정상,0,0
GATE-03,PARKING-01,2026-01-04 04:00:00,36.96,3.78,24.21,2.69,1.12,26698,0,66,1.73,정상,0,0
GATE-03,PARKING-01,2026-01-04 05:00:00,34.63,3.46,23.49,2.61,1.15,26701,1,66,7.17,정상,0,0
GATE-03,PARKING-01,2026-01-04 06:00:00,38.62,3.87,23.72,2.81,1.01,26731,0,66,0,정상,0,0
GATE-03,PARKING-01,2026-01-04 07:00:00,38.1,4.27,24.13,2.79,1.41,26753,0,66,0.04,정상,0,0
GATE-03,PARKING-01,2026-01-04 08:00:00,40.73,4.12,24.03,2.89,1.16,26783,0,66,0,정상,0,0
GATE-03,PARKING-01,2026-01-04 09:00:00,39.63,4.18,23.91,2.96,1.28,26820,0,66,0.81,정상,0,0
GATE-03,PARKING-01,2026-01-04 10:00:00,39.06,4.47,24.18,2.62,1.49,26843,0,66,0,정상,0,0
GATE-03,PARKING-01,2026-01-04 11:00:00,39.03,4.45,24.13,2.53,0.88,26866,1,66,5.86,정상,0,0
GATE-03,PARKING-01,2026-01-04 12:00:00,38.94,4.43,23.74,2.74,1.09,26893,0,66,0.29,정상,0,0
GATE-03,PARKING-01,2026-01-04 13:00:00,37.15,3.62,24.19,2.65,1.01,26911,1,66,7.99,정상,0,0
GATE-03,PARKING-01,2026-01-04 14:00:00,37.7,3.92,24.36,2.47,1.24,26933,0,66,4.51,정상,0,0
GATE-03,PARKING-01,2026-01-04 15:00:00,37.34,4.3,23.91,2.69,0.52,26956,0,66,0,정상,0,0
GATE-03,PARKING-01,2026-01-04 16:00:00,38.58,4.78,23.88,2.59,1.28,26979,0,66,4.08,정상,0,0
GATE-03,PARKING-01,2026-01-04 17:00:00,42.06,4.96,23.35,2.49,1.44,27028,0,66,10.63,정상,0,0
GATE-03,PARKING-01,2026-01-04 18:00:00,41.76,4.19,23.85,2.84,1.09,27071,0,66,0.45,정상,0,0
GATE-03,PARKING-01,2026-01-04 19:00:00,43.94,4.71,23.93,2.56,1.13,27124,0,66,5.49,정상,0,0
GATE-03,PARKING-01,2026-01-04 20:00:00,44.04,4.8,23.67,2.89,1.25,27172,1,66,12.76,정상,0,0
GATE-03,PARKING-01,2026-01-04 21:00:00,40.92,4.46,23.64,2.85,1.39,27198,0,66,3.86,정상,0,0
GATE-03,PARKING-01,2026-01-04 22:00:00,40.39,4.39,23.59,2.94,1.15,27219,0,66,2.46,정상,0,0
GATE-03,PARKING-01,2026-01-04 23:00:00,40.44,4.37,23.77,2.82,1.39,27245,1,66,9.81,정상,0,0
GATE-03,PARKING-01,2026-01-05 00:00:00,38.5,4.24,23.91,2.94,1.64,27248,0,67,5.32,정상,0,0
GATE-03,PARKING-01,2026-01-05 01:00:00,38.29,4.65,23.68,3.07,1.63,27255,1,67,5.63,정상,0,0
GATE-03,PARKING-01,2026-01-05 02:00:00,37.76,4.89,23.92,3.37,1.99,27256,0,67,8.38,정상,0,0
GATE-03,PARKING-01,2026-01-05 03:00:00,39.02,5.15,23.93,3.07,1.71,27266,0,67,10.87,정상,0,0
GATE-03,PARKING-01,2026-01-05 04:00:00,39,4.68,23.82,3.34,2.17,27269,1,67,14.42,정상,0,0
GATE-03,PARKING-01,2026-01-05 05:00:00,41.38,4.43,24.08,2.99,2,27277,0,67,4.7,정상,0,0
GATE-03,PARKING-01,2026-01-05 06:00:00,43.55,5.54,23.56,3.23,1.92,27298,1,67,18.42,정상,0,0
GATE-03,PARKING-01,2026-01-05 07:00:00,50.01,5.46,23.81,3.5,2.18,27344,1,67,31.91,정상,0,0
GATE-03,PARKING-01,2026-01-05 08:00:00,46.53,5.43,23.73,3.36,2.24,27377,0,67,23.44,정상,0,0
GATE-03,PARKING-01,2026-01-05 09:00:00,47.81,6.34,23.37,3.62,2.52,27417,1,67,38.49,정상,0,0
GATE-03,PARKING-01,2026-01-05 10:00:00,46.94,5.05,23.72,3.62,2.29,27433,1,67,29.05,정상,0,0
GATE-03,PARKING-01,2026-01-05 11:00:00,45.79,4.84,23.2,3.83,2.47,27457,1,67,32.09,정상,0,0
GATE-03,PARKING-01,2026-01-05 12:00:00,47.32,5.75,23.59,3.51,2.26,27481,1,67,31.69,정상,0,0
GATE-03,PARKING-01,2026-01-05 13:00:00,45.85,5.49,23.72,3.56,2.48,27500,2,67,36.81,정상,0,0
GATE-03,PARKING-01,2026-01-05 14:00:00,45.43,5.77,23.69,3.75,2.83,27518,1,67,34.35,정상,0,0
GATE-03,PARKING-01,2026-01-05 15:00:00,46.43,5.83,22.99,3.95,2.75,27545,0,67,37.51,정상,0,0
GATE-03,PARKING-01,2026-01-05 16:00:00,47.2,5.77,23.15,4,2.8,27566,2,67,45.04,주의,0,0
GATE-03,PARKING-01,2026-01-05 17:00:00,49.07,6.67,23.4,4.31,3.08,27613,1,67,52.12,주의,0,0
GATE-03,PARKING-01,2026-01-05 18:00:00,50.54,5.82,23.84,4.08,3.08,27652,2,67,48.24,주의,0,0
GATE-03,PARKING-01,2026-01-05 19:00:00,54.68,6.99,23.54,3.86,3.52,27697,1,67,57.12,주의,0,0
GATE-03,PARKING-01,2026-01-05 20:00:00,51.64,7.33,23.63,3.9,3.37,27748,3,67,67.47,주의,0,0
GATE-03,PARKING-01,2026-01-05 21:00:00,49.37,6.28,23.49,3.89,3.06,27761,2,67,43.52,주의,0,0
GATE-03,PARKING-01,2026-01-05 22:00:00,47.81,6.66,23.36,4.31,3.36,27783,2,67,57.77,주의,0,0
GATE-03,PARKING-01,2026-01-05 23:00:00,52.77,7.13,23.14,4.38,3.46,27805,1,67,62.23,주의,0,0
GATE-03,PARKING-01,2026-01-06 00:00:00,43.66,6.69,22.5,4.53,3.68,27812,4,68,72.39,주의,0,0
GATE-03,PARKING-01,2026-01-06 01:00:00,49.85,6.41,23.07,4.47,3.59,27824,4,68,71.35,주의,0,0
GATE-03,PARKING-01,2026-01-06 02:00:00,51.45,6.77,23.41,4.62,3.82,27832,2,68,68.24,주의,0,0
GATE-03,PARKING-01,2026-01-06 03:00:00,48.88,6.85,23.06,4.85,3.75,27841,4,68,79.01,주의,0,0
GATE-03,PARKING-01,2026-01-06 04:00:00,48.1,7.16,23.09,4.58,3.8,27849,4,68,78.98,주의,0,0
GATE-03,PARKING-01,2026-01-06 05:00:00,49.24,7.28,23.11,4.72,3.99,27854,3,68,74.79,주의,0,0
GATE-03,PARKING-01,2026-01-06 06:00:00,50.46,6.87,23.19,4.84,3.97,27870,2,68,72.31,주의,0,0
GATE-03,PARKING-01,2026-01-06 07:00:00,41.99,4.86,23.9,2.51,1.05,27901,1,68,6.41,정상,0,0
GATE-03,PARKING-01,2026-01-06 08:00:00,40.31,4.78,24.41,2.69,1.39,27940,1,68,9.56,정상,0,0
GATE-03,PARKING-01,2026-01-06 09:00:00,39.19,4.41,23.6,2.62,1.29,27972,0,68,1.83,정상,0,0
GATE-03,PARKING-01,2026-01-06 10:00:00,37.48,4.01,23.83,2.61,1.09,27997,0,68,0.66,정상,0,0
GATE-03,PARKING-01,2026-01-06 11:00:00,40.97,3.87,23.82,2.56,1.37,28015,0,68,0.18,정상,0,0
GATE-03,PARKING-01,2026-01-06 12:00:00,39.92,3.76,23.94,3.01,1.37,28039,0,68,3.45,정상,0,0
GATE-03,PARKING-01,2026-01-06 13:00:00,36.34,3.68,23.9,2.58,1.17,28056,0,68,0,정상,0,0
GATE-03,PARKING-01,2026-01-06 14:00:00,41.51,3.77,23.84,2.66,0.99,28085,0,68,2.43,정상,0,0
GATE-03,PARKING-01,2026-01-06 15:00:00,37.55,3.44,23.83,2.48,1.3,28101,0,68,2.56,정상,0,0
GATE-03,PARKING-01,2026-01-06 16:00:00,42.33,3.7,24.24,2.85,1.09,28131,0,68,0,정상,0,0
GATE-03,PARKING-01,2026-01-06 17:00:00,38.73,4.9,23.61,2.75,1.44,28180,0,68,7.7,정상,0,0
GATE-03,PARKING-01,2026-01-06 18:00:00,41.21,4.36,23.77,2.85,1.07,28223,0,68,2.77,정상,0,0
GATE-03,PARKING-01,2026-01-06 19:00:00,42.07,4.54,23.66,2.33,1.5,28275,0,68,4.71,정상,0,0
GATE-03,PARKING-01,2026-01-06 20:00:00,39.54,4.43,24.38,2.77,1.13,28314,2,68,12.62,정상,0,0
GATE-03,PARKING-01,2026-01-06 21:00:00,39.59,4.2,23.91,2.68,1.14,28335,0,68,0.89,정상,0,0
GATE-03,PARKING-01,2026-01-06 22:00:00,38.26,3.64,23.76,3.04,1.39,28351,1,68,5.83,정상,0,0
GATE-03,PARKING-01,2026-01-06 23:00:00,37.81,3.82,24.07,2.54,1.27,28380,0,68,2.86,정상,0,0
GATE-03,PARKING-01,2026-01-07 00:00:00,36.08,4.08,23.95,2.79,1.18,28387,0,69,0,정상,0,0
GATE-03,PARKING-01,2026-01-07 01:00:00,37.88,3.81,24.17,2.92,1.19,28396,0,69,1.04,정상,0,0
GATE-03,PARKING-01,2026-01-07 02:00:00,36.83,3.98,24.14,2.55,1.08,28405,0,69,1.5,정상,0,0
GATE-03,PARKING-01,2026-01-07 03:00:00,37.02,3.94,24,2.7,1.32,28415,0,69,0.17,정상,0,0
GATE-03,PARKING-01,2026-01-07 04:00:00,35.16,3.71,24.33,3.02,1.33,28415,0,69,0,정상,0,0
GATE-03,PARKING-01,2026-01-07 05:00:00,35.75,3.49,23.5,2.76,1.29,28415,0,69,1.1,정상,0,0
GATE-03,PARKING-01,2026-01-07 06:00:00,37.81,4.14,23.72,2.77,1.27,28432,1,69,6.98,정상,0,0
GATE-03,PARKING-01,2026-01-07 07:00:00,41.17,4.99,23.87,2.47,1.18,28478,0,69,1.54,정상,0,0
GATE-03,PARKING-01,2026-01-07 08:00:00,46.44,4.56,24.04,2.95,1.56,28529,0,69,8.6,정상,0,0
GATE-03,PARKING-01,2026-01-07 09:00:00,39.23,4.59,23.91,2.98,1.18,28568,1,69,6.04,정상,0,0
GATE-03,PARKING-01,2026-01-07 10:00:00,42.03,3.89,24.11,2.88,1.37,28588,1,69,5.84,정상,0,0
GATE-03,PARKING-01,2026-01-07 11:00:00,37.22,4.18,23.4,2.97,1.17,28608,1,69,7.04,정상,0,0
GATE-03,PARKING-01,2026-01-07 12:00:00,43.58,4.15,24.33,2.98,0.9,28636,1,69,7.19,정상,0,0
GATE-03,PARKING-01,2026-01-07 13:00:00,37.68,4.09,23.5,2.76,1.27,28654,1,69,8.78,정상,0,0
GATE-03,PARKING-01,2026-01-07 14:00:00,40.52,4.62,23.99,2.96,1.39,28672,0,69,3.39,정상,0,0
GATE-03,PARKING-01,2026-01-07 15:00:00,35.88,3.56,23.89,2.84,1.04,28689,1,69,6.22,정상,0,0
GATE-03,PARKING-01,2026-01-07 16:00:00,36.82,4.53,23.75,2.41,1.27,28713,1,69,11.7,정상,0,0
GATE-03,PARKING-01,2026-01-07 17:00:00,43.6,4.25,23.95,2.8,0.92,28764,0,69,1.52,정상,0,0
GATE-03,PARKING-01,2026-01-07 18:00:00,43.03,5.15,23.89,2.81,1.36,28815,0,69,6.49,정상,0,0
GATE-03,PARKING-01,2026-01-07 19:00:00,43.53,4.94,23.62,2.75,1.3,28868,0,69,7.9,정상,0,0
GATE-03,PARKING-01,2026-01-07 20:00:00,41.9,4.27,24.4,2.84,1.45,28906,0,69,4.11,정상,0,0
GATE-03,PARKING-01,2026-01-07 21:00:00,41.16,3.98,24.04,2.48,0.79,28931,0,69,0,정상,0,0
GATE-03,PARKING-01,2026-01-07 22:00:00,36.9,4.11,23.79,2.54,1.38,28948,0,69,0.94,정상,0,0
GATE-03,PARKING-01,2026-01-07 23:00:00,39.71,4.12,23.84,2.81,0.92,28970,1,69,5.19,정상,0,0
GATE-03,PARKING-01,2026-01-08 00:00:00,39.69,4.17,23.62,2.65,0.91,28973,0,70,2.62,정상,0,0
GATE-03,PARKING-01,2026-01-08 01:00:00,36.38,3.72,24.05,3.01,1.17,28983,0,70,0,정상,0,0
GATE-03,PARKING-01,2026-01-08 02:00:00,36.39,3.79,23.98,2.55,1.14,28988,0,70,0,정상,0,0
GATE-03,PARKING-01,2026-01-08 03:00:00,43.13,3.83,24.25,2.98,1.17,28995,1,70,8.5,정상,0,0
GATE-03,PARKING-01,2026-01-08 04:00:00,36.17,3.88,23.84,2.84,1.4,28995,0,70,4.48,정상,0,0
GATE-03,PARKING-01,2026-01-08 05:00:00,36.6,4.44,23.6,2.32,1.06,28995,1,70,5.72,정상,0,0
GATE-03,PARKING-01,2026-01-08 06:00:00,41.22,4.1,24.22,3.02,1.32,29013,0,70,2.68,정상,0,0
GATE-03,PARKING-01,2026-01-08 07:00:00,44.63,4.44,24.17,2.87,1.34,29064,0,70,5.27,정상,0,0
GATE-03,PARKING-01,2026-01-08 08:00:00,43.01,4.69,24.47,2.61,1.03,29114,0,70,4.26,정상,0,0
GATE-03,PARKING-01,2026-01-08 09:00:00,36.89,4.1,24.07,2.79,1.2,29144,0,70,0.25,정상,0,0
GATE-03,PARKING-01,2026-01-08 10:00:00,39.5,4.24,23.7,2.97,1.13,29165,1,70,4.45,정상,0,0
GATE-03,PARKING-01,2026-01-08 11:00:00,39.03,3.9,23.98,2.92,1.65,29183,0,70,6.33,정상,0,0
GATE-03,PARKING-01,2026-01-08 12:00:00,39.54,4.33,23.56,2.74,1.32,29200,1,70,9.97,정상,0,0
GATE-03,PARKING-01,2026-01-08 13:00:00,38.39,4.07,23.41,2.86,0.65,29221,1,70,9.57,정상,0,0
GATE-03,PARKING-01,2026-01-08 14:00:00,38.83,4.34,24.07,2.64,1.32,29239,0,70,0,정상,0,0
GATE-03,PARKING-01,2026-01-08 15:00:00,41.25,4.35,23.84,2.76,1.38,29266,0,70,2.79,정상,0,0
GATE-03,PARKING-01,2026-01-08 16:00:00,40.99,3.94,24.07,2.77,1.4,29293,0,70,2.68,정상,0,0
GATE-03,PARKING-01,2026-01-08 17:00:00,40.4,4.83,23.78,2.76,1.19,29338,0,70,1.1,정상,0,0
GATE-03,PARKING-01,2026-01-08 18:00:00,45.14,4.76,23.44,3.18,1.29,29377,0,70,9.49,정상,0,0
GATE-03,PARKING-01,2026-01-08 19:00:00,41.69,4.89,23.96,2.87,1.41,29410,0,70,3.65,정상,0,0
GATE-03,PARKING-01,2026-01-08 20:00:00,44.53,5,24.13,2.59,1.12,29464,0,70,5.9,정상,0,0
GATE-03,PARKING-01,2026-01-08 21:00:00,41.99,3.88,23.84,2.66,1.36,29492,0,70,2.06,정상,0,0
GATE-03,PARKING-01,2026-01-08 22:00:00,42.43,4.51,24.01,2.84,1.34,29521,0,70,0,정상,0,0
GATE-03,PARKING-01,2026-01-08 23:00:00,36.7,4.57,23.55,2.6,0.95,29546,0,70,0.19,정상,0,0
GATE-03,PARKING-01,2026-01-09 00:00:00,36.7,4.35,23.67,2.47,1.09,29560,0,71,0,정상,0,0
GATE-03,PARKING-01,2026-01-09 01:00:00,38.07,3.64,23.61,3.14,1.09,29560,1,71,10.28,정상,0,0
GATE-03,PARKING-01,2026-01-09 02:00:00,39.31,4.24,24.62,2.6,1.49,29565,0,71,9.06,정상,0,0
GATE-03,PARKING-01,2026-01-09 03:00:00,40.11,4.48,23.69,2.88,1.29,29573,0,71,1.22,정상,0,0
GATE-03,PARKING-01,2026-01-09 04:00:00,38,4.3,24.17,2.73,1.44,29583,1,71,9.48,정상,0,0
GATE-03,PARKING-01,2026-01-09 05:00:00,37.2,3.87,23.99,2.86,1.22,29590,0,71,1.36,정상,0,0
GATE-03,PARKING-01,2026-01-09 06:00:00,40.9,4.27,23.96,2.48,1.41,29608,0,71,0.59,정상,0,0
GATE-03,PARKING-01,2026-01-09 07:00:00,39.84,4.5,23.89,2.98,1.32,29646,1,71,8.38,정상,0,0
GATE-03,PARKING-01,2026-01-09 08:00:00,41.3,3.93,23.87,2.94,1.15,29686,0,71,0,정상,0,0
GATE-03,PARKING-01,2026-01-09 09:00:00,40.34,4.64,24.17,3.03,1.1,29724,0,71,4.51,정상,0,0
GATE-03,PARKING-01,2026-01-09 10:00:00,39.23,4.25,23.94,2.68,1.1,29745,0,71,0.31,정상,0,0
GATE-03,PARKING-01,2026-01-09 11:00:00,33.95,3.6,23.65,2.97,0.91,29768,0,71,1.91,정상,0,0
GATE-03,PARKING-01,2026-01-09 12:00:00,37.94,4.64,24.25,2.74,1.56,29790,0,71,2.23,정상,0,0
GATE-03,PARKING-01,2026-01-09 13:00:00,37.49,4.62,23.27,2.99,1.55,29810,1,71,11.44,정상,0,0
GATE-03,PARKING-01,2026-01-09 14:00:00,39.72,4.2,23.95,3.04,1.15,29828,1,71,4.7,정상,0,0
GATE-03,PARKING-01,2026-01-09 15:00:00,39.43,4.03,24.06,2.7,1.04,29843,1,71,1.25,정상,0,0
GATE-03,PARKING-01,2026-01-09 16:00:00,40.6,4.28,23.67,2.69,1.33,29864,0,71,1.13,정상,0,0
GATE-03,PARKING-01,2026-01-09 17:00:00,41.2,3.94,24.36,2.82,1.06,29894,0,71,3.86,정상,0,0
GATE-03,PARKING-01,2026-01-09 18:00:00,40.41,5.04,23.76,2.9,1.27,29944,0,71,5.41,정상,0,0
GATE-03,PARKING-01,2026-01-09 19:00:00,40.02,5.49,23.97,2.93,1.12,29991,1,71,9,정상,0,0
GATE-03,PARKING-01,2026-01-09 20:00:00,39.88,4.96,24.05,2.79,1.47,30031,0,71,7.07,정상,0,0
GATE-03,PARKING-01,2026-01-09 21:00:00,40.92,4.36,24.05,2.8,0.9,30055,0,71,1.94,정상,0,0
GATE-03,PARKING-01,2026-01-09 22:00:00,40.88,4.2,23.92,2.92,1.48,30074,0,71,0.71,정상,0,0
GATE-03,PARKING-01,2026-01-09 23:00:00,38.93,4.39,23.97,2.92,1.11,30097,0,71,0,정상,0,0
GATE-03,PARKING-01,2026-01-10 00:00:00,40.35,4.53,23.54,2.84,1.5,30112,1,72,12.56,정상,0,0
GATE-03,PARKING-01,2026-01-10 01:00:00,34.32,4.92,24.01,2.8,1.62,30120,1,72,11.26,정상,0,0
GATE-03,PARKING-01,2026-01-10 02:00:00,37.52,4,24.1,2.76,1.4,30123,0,72,6.14,정상,0,0
GATE-03,PARKING-01,2026-01-10 03:00:00,39.99,4.21,23.34,2.83,1.27,30136,1,72,5.7,정상,0,0
GATE-03,PARKING-01,2026-01-10 04:00:00,38.32,4.12,23.98,2.66,1.46,30140,0,72,1.38,정상,0,0
GATE-03,PARKING-01,2026-01-10 05:00:00,37.9,4.48,23.56,2.56,1.33,30145,1,72,9.08,정상,0,0
GATE-03,PARKING-01,2026-01-10 06:00:00,37.63,4.03,24.14,2.87,1.54,30165,0,72,4.31,정상,0,0
GATE-03,PARKING-01,2026-01-10 07:00:00,47.25,5.21,23.77,2.97,1.2,30201,0,72,8.86,정상,0,0
GATE-03,PARKING-01,2026-01-10 08:00:00,41.09,4.96,23.67,2.68,1.58,30247,0,72,6.1,정상,0,0
GATE-03,PARKING-01,2026-01-10 09:00:00,42.92,4.77,24.09,2.52,1.45,30290,0,72,5.51,정상,0,0
GATE-03,PARKING-01,2026-01-10 10:00:00,37.2,4.36,23.78,2.63,1.37,30308,0,72,2.18,정상,0,0
GATE-03,PARKING-01,2026-01-10 11:00:00,38.45,4.13,23.96,2.68,1.37,30325,0,72,0.54,정상,0,0
GATE-03,PARKING-01,2026-01-10 12:00:00,37.99,4.46,23.63,2.68,1.49,30343,0,72,2.73,정상,0,0
GATE-03,PARKING-01,2026-01-10 13:00:00,41.96,4.24,24.33,2.85,1.25,30366,0,72,1.5,정상,0,0
GATE-03,PARKING-01,2026-01-10 14:00:00,36.85,4.53,23.88,2.89,1.2,30386,0,72,1.39,정상,0,0
GATE-03,PARKING-01,2026-01-10 15:00:00,41.66,4.37,24.09,2.81,1.71,30410,1,72,8.53,정상,0,0
GATE-03,PARKING-01,2026-01-10 16:00:00,40.58,4.22,23.81,2.73,1.23,30435,1,72,7.28,정상,0,0
GATE-03,PARKING-01,2026-01-10 17:00:00,44.85,4.86,23.68,2.77,1.29,30483,0,72,6.09,정상,0,0
GATE-03,PARKING-01,2026-01-10 18:00:00,41.24,4.51,24.1,3.31,1.57,30526,0,72,6.87,정상,0,0
GATE-03,PARKING-01,2026-01-10 19:00:00,43.55,4.7,23.87,2.53,1.27,30569,0,72,4.95,정상,0,0
GATE-03,PARKING-01,2026-01-10 20:00:00,40.14,3.82,23.68,2.55,1.43,30599,1,72,7.77,정상,0,0
GATE-03,PARKING-01,2026-01-10 21:00:00,39.51,4.71,23.91,2.88,1.44,30617,1,72,7.11,정상,0,0
GATE-03,PARKING-01,2026-01-10 22:00:00,39.49,4.03,23.64,2.93,1.24,30631,1,72,4.63,정상,0,0
GATE-03,PARKING-01,2026-01-10 23:00:00,39.77,4.8,24.14,2.91,1.36,30666,0,72,1.69,정상,0,0
GATE-03,PARKING-01,2026-01-11 00:00:00,38.6,3.93,24.27,2.98,1.16,30674,1,73,8.13,정상,0,0
GATE-03,PARKING-01,2026-01-11 01:00:00,38.69,4.16,23.84,2.93,1.32,30683,0,73,0,정상,0,0
GATE-03,PARKING-01,2026-01-11 02:00:00,39.59,4.73,24.16,2.73,1.33,30697,1,73,9.33,정상,0,0
GATE-03,PARKING-01,2026-01-11 03:00:00,36.55,3.79,23.63,2.8,1.41,30702,0,73,1.95,정상,0,0
GATE-03,PARKING-01,2026-01-11 04:00:00,36.67,4.29,23.38,2.73,1.25,30705,0,73,3.52,정상,0,0
GATE-03,PARKING-01,2026-01-11 05:00:00,39.79,4.14,24,2.76,1.38,30705,0,73,3.08,정상,0,0
GATE-03,PARKING-01,2026-01-11 06:00:00,43.98,4.49,24.18,3.13,1.1,30734,0,73,6.25,정상,0,0
GATE-03,PARKING-01,2026-01-11 07:00:00,43.93,4.83,23.46,2.98,1.41,30770,0,73,6.28,정상,0,0
GATE-03,PARKING-01,2026-01-11 08:00:00,42,4.86,23.8,2.75,1.39,30805,0,73,2.65,정상,0,0
GATE-03,PARKING-01,2026-01-11 09:00:00,42.29,4.66,24.01,2.88,1.27,30843,1,73,8.01,정상,0,0
GATE-03,PARKING-01,2026-01-11 10:00:00,38.22,3.86,23.66,2.66,1.41,30864,0,73,3.64,정상,0,0
GATE-03,PARKING-01,2026-01-11 11:00:00,38.35,3.77,24.01,2.71,1.22,30883,1,73,0.07,정상,0,0
GATE-03,PARKING-01,2026-01-11 12:00:00,37.82,4.29,24.14,2.68,1.58,30904,0,73,3.27,정상,0,0
GATE-03,PARKING-01,2026-01-11 13:00:00,41.74,4.33,23.97,2.69,1.48,30925,0,73,3.57,정상,0,0
GATE-03,PARKING-01,2026-01-11 14:00:00,41.13,3.76,23.54,2.8,1.28,30941,0,73,1.04,정상,0,0
GATE-03,PARKING-01,2026-01-11 15:00:00,38.71,3.96,24.21,3.01,1.11,30955,1,73,5.35,정상,0,0
GATE-03,PARKING-01,2026-01-11 16:00:00,38.13,3.79,23.51,2.9,1.11,30976,0,73,3.53,정상,0,0
GATE-03,PARKING-01,2026-01-11 17:00:00,41.15,4.28,24.27,2.86,1.03,31017,0,73,2,정상,0,0
GATE-03,PARKING-01,2026-01-11 18:00:00,40.09,4.53,23.7,2.81,1.31,31052,1,73,4.87,정상,0,0
GATE-03,PARKING-01,2026-01-11 19:00:00,40.83,4.79,24.13,2.85,1.35,31096,0,73,4.72,정상,0,0
GATE-03,PARKING-01,2026-01-11 20:00:00,46.02,4.61,24.25,2.75,1.26,31139,0,73,4.82,정상,0,0
GATE-03,PARKING-01,2026-01-11 21:00:00,39.22,4.52,24.28,2.77,1.24,31155,0,73,1.71,정상,0,0
GATE-03,PARKING-01,2026-01-11 22:00:00,38.37,4.4,23.52,2.83,1.49,31176,0,73,3.14,정상,0,0
GATE-03,PARKING-01,2026-01-11 23:00:00,37.07,4.49,23.77,2.77,1.48,31197,0,73,0,정상,0,0
GATE-03,PARKING-01,2026-01-12 00:00:00,38.53,4.07,23.42,2.89,1.4,31201,0,74,2.37,정상,0,0
GATE-03,PARKING-01,2026-01-12 01:00:00,40.28,3.83,23.68,2.92,1.28,31201,0,74,2.92,정상,0,0
GATE-03,PARKING-01,2026-01-12 02:00:00,39.24,4.29,24.2,2.98,1.43,31206,0,74,2.55,정상,0,0
GATE-03,PARKING-01,2026-01-12 03:00:00,37.08,3.96,23.67,2.74,1.24,31211,0,74,0,정상,0,0
GATE-03,PARKING-01,2026-01-12 04:00:00,39.3,4.52,23.95,3.01,1.61,31211,1,74,5.42,정상,0,0
GATE-03,PARKING-01,2026-01-12 05:00:00,40.11,3.87,23.92,2.67,1.78,31222,0,74,6.03,정상,0,0
GATE-03,PARKING-01,2026-01-12 06:00:00,40.18,4.54,23.82,3.1,1.23,31251,1,74,10.83,정상,0,0
GATE-03,PARKING-01,2026-01-12 07:00:00,41.81,4.53,24.57,3.29,1.44,31292,0,74,10.28,정상,0,0
GATE-03,PARKING-01,2026-01-12 08:00:00,44.22,4.35,23.65,2.72,1.45,31334,0,74,6,정상,0,0
GATE-03,PARKING-01,2026-01-12 09:00:00,44.54,4.86,24.18,3,1.1,31392,0,74,5.86,정상,0,0
GATE-03,PARKING-01,2026-01-12 10:00:00,38.05,4.55,24.13,2.79,1.43,31408,0,74,0.22,정상,0,0
GATE-03,PARKING-01,2026-01-12 11:00:00,41.56,4.1,24.61,2.66,1.63,31423,1,74,10.61,정상,0,0
GATE-03,PARKING-01,2026-01-12 12:00:00,38.83,4.47,24.08,2.5,1.25,31453,0,74,7.51,정상,0,0
GATE-03,PARKING-01,2026-01-12 13:00:00,39.23,4.22,23.97,2.72,1.48,31465,0,74,0.41,정상,0,0
GATE-03,PARKING-01,2026-01-12 14:00:00,40.27,4.01,23.33,3.13,1.2,31485,1,74,11.53,정상,0,0
GATE-03,PARKING-01,2026-01-12 15:00:00,41.59,3.87,24.27,3.01,1.35,31512,0,74,0.64,정상,0,0
GATE-03,PARKING-01,2026-01-12 16:00:00,39.53,4.68,24.16,2.99,1.45,31537,0,74,2.27,정상,0,0
GATE-03,PARKING-01,2026-01-12 17:00:00,43.62,4.83,23.73,2.94,1.37,31580,1,74,11.26,정상,0,0
GATE-03,PARKING-01,2026-01-12 18:00:00,42.91,4.81,23.33,2.8,1.32,31621,0,74,10.15,정상,0,0
GATE-03,PARKING-01,2026-01-12 19:00:00,40.91,4.9,23.78,2.9,1.23,31664,0,74,3.5,정상,0,0
GATE-03,PARKING-01,2026-01-12 20:00:00,40.42,4.56,24,3.2,1.46,31701,1,74,7.37,정상,0,0
GATE-03,PARKING-01,2026-01-12 21:00:00,38.88,4.38,24.01,2.85,1.38,31726,0,74,0.23,정상,0,0
GATE-03,PARKING-01,2026-01-12 22:00:00,40.81,4.25,24,2.76,0.88,31751,0,74,0,정상,0,0
GATE-03,PARKING-01,2026-01-12 23:00:00,38.09,4.26,24.08,2.99,1.45,31770,0,74,2.41,정상,0,0
GATE-03,PARKING-01,2026-01-13 00:00:00,37.03,4.03,24.15,3.28,1.18,31771,0,75,3.59,정상,0,0
GATE-03,PARKING-01,2026-01-13 01:00:00,40.68,4.05,23.79,2.89,1.26,31773,0,75,1.99,정상,0,0
GATE-03,PARKING-01,2026-01-13 02:00:00,37.51,4.3,23.43,3.21,1.25,31774,0,75,3.51,정상,0,0
GATE-03,PARKING-01,2026-01-13 03:00:00,40.51,3.98,23.26,2.65,1.36,31786,0,75,10.77,정상,0,0
GATE-03,PARKING-01,2026-01-13 04:00:00,36.69,3.93,23.91,3.09,1.27,31790,1,75,8.12,정상,0,0
GATE-03,PARKING-01,2026-01-13 05:00:00,38.7,4.23,23.96,3.13,1.3,31796,1,75,2.83,정상,0,0
GATE-03,PARKING-01,2026-01-13 06:00:00,40.2,4.31,24.03,2.79,1.47,31812,0,75,0.63,정상,0,0
GATE-03,PARKING-01,2026-01-13 07:00:00,41.7,4.57,23.81,2.83,1.75,31853,1,75,9.82,정상,0,0
GATE-03,PARKING-01,2026-01-13 08:00:00,42.08,4.66,23.78,2.85,1.38,31896,0,75,0,정상,0,0
GATE-03,PARKING-01,2026-01-13 09:00:00,42.66,4.95,24.44,2.74,1.46,31946,0,75,7.19,정상,0,0
GATE-03,PARKING-01,2026-01-13 10:00:00,42.5,4.41,24.09,2.49,1.1,31977,1,75,6.19,정상,0,0
GATE-03,PARKING-01,2026-01-13 11:00:00,39.93,4.4,23.3,2.92,1.19,31996,0,75,0.5,정상,0,0
GATE-03,PARKING-01,2026-01-13 12:00:00,42.4,4.56,23.86,2.95,1.56,32017,0,75,2.09,정상,0,0
GATE-03,PARKING-01,2026-01-13 13:00:00,41.19,4.83,23.54,2.8,1.76,32035,0,75,10.58,정상,0,0
GATE-03,PARKING-01,2026-01-13 14:00:00,40.59,3.88,23.52,2.9,1.36,32049,1,75,11.35,정상,0,0
GATE-03,PARKING-01,2026-01-13 15:00:00,40.44,4.82,23.69,2.94,1.23,32076,1,75,10.74,정상,0,0
GATE-03,PARKING-01,2026-01-13 16:00:00,37.5,4.05,24.13,2.99,1.37,32090,0,75,2.02,정상,0,0
GATE-03,PARKING-01,2026-01-13 17:00:00,40.22,4.75,23.99,2.74,1.37,32129,0,75,0.27,정상,0,0
GATE-03,PARKING-01,2026-01-13 18:00:00,41.35,4.9,23.73,2.91,1.52,32174,0,75,5.82,정상,0,0
GATE-03,PARKING-01,2026-01-13 19:00:00,44.04,4.45,23.8,2.87,1.31,32203,1,75,8.3,정상,0,0
GATE-03,PARKING-01,2026-01-13 20:00:00,42.66,4.34,23.37,2.62,1.42,32233,0,75,4.15,정상,0,0
GATE-03,PARKING-01,2026-01-13 21:00:00,41.89,4.45,23.72,3.15,1.63,32261,0,75,8.95,정상,0,0
GATE-03,PARKING-01,2026-01-13 22:00:00,39.78,4.3,24.16,2.98,1.52,32283,0,75,5.43,정상,0,0
GATE-03,PARKING-01,2026-01-13 23:00:00,41.79,4.4,24.27,3.02,1.27,32304,0,75,6.63,정상,0,0
GATE-03,PARKING-01,2026-01-14 00:00:00,36.95,4.05,24.22,2.9,1.23,32304,0,76,2.93,정상,0,0
GATE-03,PARKING-01,2026-01-14 01:00:00,38.79,4.5,23.61,2.94,1.44,32322,0,76,2.36,정상,0,0
GATE-03,PARKING-01,2026-01-14 02:00:00,40.92,4.36,24.1,3.09,1.03,32332,0,76,0.82,정상,0,0
GATE-03,PARKING-01,2026-01-14 03:00:00,34.82,3.78,23.65,2.85,1.71,32335,0,76,3.26,정상,0,0
GATE-03,PARKING-01,2026-01-14 04:00:00,35.9,3.87,23.7,2.97,1.07,32335,0,76,1.56,정상,0,0
GATE-03,PARKING-01,2026-01-14 05:00:00,37.12,4.02,23.95,2.98,1.9,32341,1,76,11.19,정상,0,0
GATE-03,PARKING-01,2026-01-14 06:00:00,43.93,4.04,23.81,3.07,1.16,32361,0,76,5.55,정상,0,0
GATE-03,PARKING-01,2026-01-14 07:00:00,44.51,5.21,23.67,3.31,1.66,32421,0,76,14.72,정상,0,0
GATE-03,PARKING-01,2026-01-14 08:00:00,40.17,4.69,23.6,2.78,1.35,32469,0,76,4.08,정상,0,0
GATE-03,PARKING-01,2026-01-14 09:00:00,43.1,4.35,23.84,2.77,1.57,32502,0,76,4.88,정상,0,0
GATE-03,PARKING-01,2026-01-14 10:00:00,42.4,4.18,23.99,2.97,1.59,32519,0,76,1.77,정상,0,0
GATE-03,PARKING-01,2026-01-14 11:00:00,40.87,4.35,23.75,2.97,1.43,32548,2,76,11.51,정상,0,0
GATE-03,PARKING-01,2026-01-14 12:00:00,42.97,3.96,23.88,2.74,1.38,32569,0,76,3.77,정상,0,0
GATE-03,PARKING-01,2026-01-14 13:00:00,40.29,4.49,23.46,2.76,1.57,32589,0,76,5.36,정상,0,0
GATE-03,PARKING-01,2026-01-14 14:00:00,41.2,4.15,23.62,3.05,1.63,32611,0,76,6.52,정상,0,0
GATE-03,PARKING-01,2026-01-14 15:00:00,40.97,4.53,23.85,2.9,1.17,32632,1,76,6.26,정상,0,0
GATE-03,PARKING-01,2026-01-14 16:00:00,40.52,4.82,23.5,3.05,1.5,32654,0,76,8,정상,0,0
GATE-03,PARKING-01,2026-01-14 17:00:00,39.59,4.19,23.67,2.97,1.58,32680,0,76,7.57,정상,0,0
GATE-03,PARKING-01,2026-01-14 18:00:00,41.96,4.25,23.85,2.75,1.52,32710,1,76,11.12,정상,0,0
GATE-03,PARKING-01,2026-01-14 19:00:00,36.56,4.59,24.31,3.15,1.51,32735,0,76,4.85,정상,0,0
GATE-03,PARKING-01,2026-01-14 20:00:00,43.88,4.58,24.07,2.95,1.29,32784,1,76,6.11,정상,0,0
GATE-03,PARKING-01,2026-01-14 21:00:00,40.42,4.5,23.74,2.73,1.45,32807,0,76,4.43,정상,0,0
GATE-03,PARKING-01,2026-01-14 22:00:00,42.04,4.12,23.53,2.89,1.2,32822,1,76,9.04,정상,0,0
GATE-03,PARKING-01,2026-01-14 23:00:00,41.22,3.95,23.68,2.87,1.46,32848,0,76,5.88,정상,0,0
GATE-03,PARKING-01,2026-01-15 00:00:00,39.49,4.65,24.1,2.8,1.24,32851,1,77,6.06,정상,0,0
GATE-03,PARKING-01,2026-01-15 01:00:00,40.67,4.38,23.95,2.86,1.32,32854,0,77,3.38,정상,0,0
GATE-03,PARKING-01,2026-01-15 02:00:00,39.31,4.8,24.3,2.8,1.55,32854,1,77,10.15,정상,0,0
GATE-03,PARKING-01,2026-01-15 03:00:00,39.63,4.1,23.82,3.33,1.35,32858,1,77,9.44,정상,0,0
GATE-03,PARKING-01,2026-01-15 04:00:00,38.84,4.17,23.61,3.29,1.8,32867,0,77,7.85,정상,0,0
GATE-03,PARKING-01,2026-01-15 05:00:00,39.63,3.86,23.8,2.95,1.08,32882,1,77,8.21,정상,0,0
GATE-03,PARKING-01,2026-01-15 06:00:00,40.17,4.88,23.97,3.06,1.34,32908,0,77,3.8,정상,0,0
GATE-03,PARKING-01,2026-01-15 07:00:00,44.09,4.19,23.92,2.96,1.33,32952,0,77,7.49,정상,0,0
GATE-03,PARKING-01,2026-01-15 08:00:00,39.21,5.21,23.38,2.79,2.03,33000,0,77,12.1,정상,0,0
GATE-03,PARKING-01,2026-01-15 09:00:00,43.8,4.81,23.32,3.11,1.59,33044,1,77,15.05,정상,0,0
GATE-03,PARKING-01,2026-01-15 10:00:00,37.09,4.26,24.08,2.84,1.26,33056,0,77,1.58,정상,0,0
GATE-03,PARKING-01,2026-01-15 11:00:00,40.31,4.63,24.09,2.92,1.37,33071,0,77,4.08,정상,0,0
GATE-03,PARKING-01,2026-01-15 12:00:00,40.13,4.66,23.9,3.22,1.33,33096,1,77,6.85,정상,0,0
GATE-03,PARKING-01,2026-01-15 13:00:00,40.66,4.7,23.96,3.05,1.42,33116,0,77,3.32,정상,0,0
GATE-03,PARKING-01,2026-01-15 14:00:00,43.21,4.58,23.55,2.87,1.45,33138,0,77,4.57,정상,0,0
GATE-03,PARKING-01,2026-01-15 15:00:00,43.6,4.73,23.76,2.81,0.84,33167,1,77,10.47,정상,0,0
GATE-03,PARKING-01,2026-01-15 16:00:00,41.89,4.39,23.74,3.01,1.34,33190,1,77,8.8,정상,0,0
GATE-03,PARKING-01,2026-01-15 17:00:00,47.22,5.04,24.23,2.92,1.47,33259,0,77,11.87,정상,0,0
GATE-03,PARKING-01,2026-01-15 18:00:00,41.05,4.62,23.83,3.03,1.7,33291,0,77,5.47,정상,0,0
GATE-03,PARKING-01,2026-01-15 19:00:00,42.64,4.81,23.9,2.86,1.56,33331,1,77,10.4,정상,0,0
GATE-03,PARKING-01,2026-01-15 20:00:00,42.42,4.47,24.35,2.85,1.5,33366,0,77,4.09,정상,0,0
GATE-03,PARKING-01,2026-01-15 21:00:00,35.37,3.86,23.73,2.93,1.48,33377,0,77,1.18,정상,0,0
GATE-03,PARKING-01,2026-01-15 22:00:00,41.34,4.45,24.04,3.21,1.27,33398,0,77,2.31,정상,0,0
GATE-03,PARKING-01,2026-01-15 23:00:00,45.12,3.87,23.51,2.88,1.44,33423,0,77,11.39,정상,0,0
GATE-03,PARKING-01,2026-01-16 00:00:00,38.13,4.13,23.67,3.07,1.76,33424,0,78,6.3,정상,0,0
GATE-03,PARKING-01,2026-01-16 01:00:00,41.1,4.74,23.76,2.86,1.4,33434,0,78,6.86,정상,0,0
GATE-03,PARKING-01,2026-01-16 02:00:00,41.49,4.48,24.18,3.24,1.47,33438,0,78,7.92,정상,0,0
GATE-03,PARKING-01,2026-01-16 03:00:00,37.25,4.19,23.9,3.3,1.6,33438,0,78,4.36,정상,0,0
GATE-03,PARKING-01,2026-01-16 04:00:00,40.02,4.23,23.71,2.85,1.43,33442,0,78,5.48,정상,0,0
GATE-03,PARKING-01,2026-01-16 05:00:00,35.95,3.88,24.17,3.09,1.62,33444,0,78,4.56,정상,0,0
GATE-03,PARKING-01,2026-01-16 06:00:00,38.83,4.4,23.65,3.08,1.46,33458,0,78,2.16,정상,0,0
GATE-03,PARKING-01,2026-01-16 07:00:00,42.59,4.86,23.9,2.91,1.62,33501,0,78,3.68,정상,0,0
GATE-03,PARKING-01,2026-01-16 08:00:00,38.41,4.3,24.13,3.2,1.54,33526,1,78,10.93,정상,0,0
GATE-03,PARKING-01,2026-01-16 09:00:00,44.59,4.55,23.87,3.18,1.11,33563,0,78,4.43,정상,0,0
GATE-03,PARKING-01,2026-01-16 10:00:00,41.73,4.37,23.94,2.99,1.72,33580,0,78,4.06,정상,0,0
GATE-03,PARKING-01,2026-01-16 11:00:00,39.21,4.38,23.95,3.15,1.34,33592,0,78,1.2,정상,0,0
GATE-03,PARKING-01,2026-01-16 12:00:00,40.73,4.12,23.27,2.94,1.76,33622,1,78,15.55,정상,0,0
GATE-03,PARKING-01,2026-01-16 13:00:00,42.52,4.53,24.05,2.75,1.55,33641,0,78,5.98,정상,0,0
GATE-03,PARKING-01,2026-01-16 14:00:00,40.44,4.75,23.73,2.96,1.58,33663,0,78,6.55,정상,0,0
GATE-03,PARKING-01,2026-01-16 15:00:00,38.9,4.57,23.8,2.88,1.58,33683,1,78,8.45,정상,0,0
GATE-03,PARKING-01,2026-01-16 16:00:00,37.1,4.93,23.45,2.9,1.28,33706,0,78,3.62,정상,0,0
GATE-03,PARKING-01,2026-01-16 17:00:00,44.68,4.59,23.57,2.95,1.32,33754,1,78,8.14,정상,0,0
GATE-03,PARKING-01,2026-01-16 18:00:00,41.85,5.5,23.79,3.06,1.68,33794,0,78,11.29,정상,0,0
GATE-03,PARKING-01,2026-01-16 19:00:00,39.75,4.41,24.07,3.14,1.53,33827,0,78,2.72,정상,0,0
GATE-03,PARKING-01,2026-01-16 20:00:00,43.99,4.25,24.47,3.18,1.39,33864,0,78,9.8,정상,0,0
GATE-03,PARKING-01,2026-01-16 21:00:00,41.52,4.86,23.79,2.76,1.71,33889,1,78,12.95,정상,0,0
GATE-03,PARKING-01,2026-01-16 22:00:00,42.24,4.84,23.7,2.72,1.48,33913,1,78,15.31,정상,0,0
GATE-03,PARKING-01,2026-01-16 23:00:00,39.38,4.51,23.9,2.74,1.66,33936,0,78,3.02,정상,0,0
GATE-03,PARKING-01,2026-01-17 00:00:00,37.05,4.09,23.63,2.86,1.61,33938,0,79,6.25,정상,0,0
GATE-03,PARKING-01,2026-01-17 01:00:00,39.83,4.11,23.92,2.98,1.22,33943,0,79,0,정상,0,0
GATE-03,PARKING-01,2026-01-17 02:00:00,38.91,4.41,23.34,3.1,1.28,33957,0,79,2.42,정상,0,0
GATE-03,PARKING-01,2026-01-17 03:00:00,37.16,3.81,24.15,2.94,1.39,33957,0,79,4.26,정상,0,0
GATE-03,PARKING-01,2026-01-17 04:00:00,38.86,4.24,23.75,3.12,1.55,33962,0,79,7.82,정상,0,0
GATE-03,PARKING-01,2026-01-17 05:00:00,38.13,4.73,23.78,2.8,1.3,33975,0,79,3.43,정상,0,0
GATE-03,PARKING-01,2026-01-17 06:00:00,42.02,4.97,23.55,3.02,1.35,33997,2,79,18.45,정상,0,0
GATE-03,PARKING-01,2026-01-17 07:00:00,42.32,4.64,23.87,3.1,1.57,34035,1,79,8.74,정상,0,0
GATE-03,PARKING-01,2026-01-17 08:00:00,43.48,4.71,23.82,3.19,1.32,34070,0,79,5.24,정상,0,0
GATE-03,PARKING-01,2026-01-17 09:00:00,42.16,4.81,23.51,3.22,1.62,34097,0,79,11.38,정상,0,0
GATE-03,PARKING-01,2026-01-17 10:00:00,40.35,4.91,23.97,2.9,1.42,34119,1,79,9.08,정상,0,0
GATE-03,PARKING-01,2026-01-17 11:00:00,40.85,4.46,23.76,3.01,1.48,34143,1,79,11.88,정상,0,0
GATE-03,PARKING-01,2026-01-17 12:00:00,41.33,4.67,24.02,2.56,1.37,34167,1,79,7.37,정상,0,0
GATE-03,PARKING-01,2026-01-17 13:00:00,41.03,4.26,24.45,3.23,1.25,34187,1,79,13.08,정상,0,0
GATE-03,PARKING-01,2026-01-17 14:00:00,40.55,4.51,23.67,3.08,1.22,34208,1,79,4.72,정상,0,0
GATE-03,PARKING-01,2026-01-17 15:00:00,43.1,4.6,23.88,2.8,1.28,34226,1,79,7.83,정상,0,0
GATE-03,PARKING-01,2026-01-17 16:00:00,41.55,4.56,23.8,2.91,1.52,34257,0,79,3.58,정상,0,0
GATE-03,PARKING-01,2026-01-17 17:00:00,46.71,5.07,24.01,3.03,1.55,34305,0,79,12.85,정상,0,0
GATE-03,PARKING-01,2026-01-17 18:00:00,44.08,4.47,23.92,2.71,1.51,34352,0,79,5.93,정상,0,0
GATE-03,PARKING-01,2026-01-17 19:00:00,42.54,4.39,23.67,3,1.29,34373,0,79,2.33,정상,0,0
GATE-03,PARKING-01,2026-01-17 20:00:00,44.29,4.72,23.62,3.1,1.41,34425,0,79,9.34,정상,0,0
GATE-03,PARKING-01,2026-01-17 21:00:00,43.43,4.58,23.56,3.07,1.26,34447,0,79,6.62,정상,0,0
GATE-03,PARKING-01,2026-01-17 22:00:00,39.94,4.68,23.95,3.02,1.31,34462,0,79,3.38,정상,0,0
GATE-03,PARKING-01,2026-01-17 23:00:00,38.9,4.72,23.89,3.01,1.73,34481,0,79,3.85,정상,0,0
GATE-03,PARKING-01,2026-01-18 00:00:00,39.48,3.7,23.84,2.97,1.32,34484,0,80,0.69,정상,0,0
GATE-03,PARKING-01,2026-01-18 01:00:00,38.65,4.56,23.57,3.3,1.55,34490,0,80,10.31,정상,0,0
GATE-03,PARKING-01,2026-01-18 02:00:00,38.83,4.15,23.7,2.89,1.68,34501,1,80,11.57,정상,0,0
GATE-03,PARKING-01,2026-01-18 03:00:00,38.97,5.01,23.86,2.98,1.59,34506,0,80,8.47,정상,0,0
GATE-03,PARKING-01,2026-01-18 04:00:00,37.55,4.23,23.8,2.95,1.37,34510,0,80,1.78,정상,0,0
GATE-03,PARKING-01,2026-01-18 05:00:00,37.18,3.6,24.13,2.77,1.94,34510,0,80,8.25,정상,0,0
GATE-03,PARKING-01,2026-01-18 06:00:00,42.37,4.57,23.71,2.85,1.57,34529,0,80,6.89,정상,0,0
GATE-03,PARKING-01,2026-01-18 07:00:00,45.67,4.74,23.95,3.22,1.52,34566,0,80,12.25,정상,0,0
GATE-03,PARKING-01,2026-01-18 08:00:00,44.69,4.34,24.04,2.88,1.62,34609,0,80,4.56,정상,0,0
GATE-03,PARKING-01,2026-01-18 09:00:00,43.65,5.06,23.96,2.93,1.56,34645,0,80,6.37,정상,0,0
GATE-03,PARKING-01,2026-01-18 10:00:00,38.77,5.08,24.01,3.04,1.54,34668,0,80,7.64,정상,0,0
GATE-03,PARKING-01,2026-01-18 11:00:00,42.56,4.75,23.35,3.08,1.41,34686,0,80,7.67,정상,0,0
GATE-03,PARKING-01,2026-01-18 12:00:00,40.11,4.33,23.84,3.09,1.55,34710,1,80,6.86,정상,0,0
GATE-03,PARKING-01,2026-01-18 13:00:00,41.14,4.41,23.78,3.01,1.65,34722,0,80,6.17,정상,0,0
GATE-03,PARKING-01,2026-01-18 14:00:00,40.56,4.69,23.75,2.85,1.73,34745,0,80,9.08,정상,0,0
GATE-03,PARKING-01,2026-01-18 15:00:00,42.57,5.25,23.94,3.27,1.84,34763,1,80,13.92,정상,0,0
GATE-03,PARKING-01,2026-01-18 16:00:00,40.62,5.22,23.97,2.94,1.24,34785,1,80,8.1,정상,0,0
GATE-03,PARKING-01,2026-01-18 17:00:00,43.53,5.09,23.69,3.29,1.69,34824,0,80,12.76,정상,0,0
GATE-03,PARKING-01,2026-01-18 18:00:00,43.87,5.32,23.85,3.09,1.37,34862,1,80,16.79,정상,0,0
GATE-03,PARKING-01,2026-01-18 19:00:00,42.57,6.06,23.77,3.15,1.12,34914,0,80,11.67,정상,0,0
GATE-03,PARKING-01,2026-01-18 20:00:00,44.66,4.87,23.73,3.1,1.66,34964,1,80,15.73,정상,0,0
GATE-03,PARKING-01,2026-01-18 21:00:00,41.48,4.96,23.82,2.61,1.46,34993,2,80,12.39,정상,0,0
GATE-03,PARKING-01,2026-01-18 22:00:00,42.05,5.23,23.83,3.25,1.67,35011,0,80,15.2,정상,0,0
GATE-03,PARKING-01,2026-01-18 23:00:00,41.13,4.2,23.51,2.96,1.51,35030,0,80,6.37,정상,0,0
GATE-03,PARKING-01,2026-01-19 00:00:00,40.74,5.19,24.05,3.02,1.41,35030,0,81,3.17,정상,0,0
GATE-03,PARKING-01,2026-01-19 01:00:00,38.02,3.97,23.97,3.16,1.37,35045,2,81,12.26,정상,0,0
GATE-03,PARKING-01,2026-01-19 02:00:00,39.41,3.98,23.9,2.83,1.57,35045,0,81,1.57,정상,0,0
GATE-03,PARKING-01,2026-01-19 03:00:00,38.72,4.26,23.64,2.77,1.56,35049,0,81,7.56,정상,0,0
GATE-03,PARKING-01,2026-01-19 04:00:00,39.6,4.32,24.15,2.77,1.35,35064,0,81,1.1,정상,0,0
GATE-03,PARKING-01,2026-01-19 05:00:00,39.17,4.86,24.05,2.88,1.78,35074,1,81,13.4,정상,0,0
GATE-03,PARKING-01,2026-01-19 06:00:00,38.46,4.17,24.34,3.41,1.35,35092,0,81,12.1,정상,0,0
GATE-03,PARKING-01,2026-01-19 07:00:00,41.65,4.79,23.76,2.84,1.51,35128,0,81,2.79,정상,0,0
GATE-03,PARKING-01,2026-01-19 08:00:00,43.08,5.34,23.71,2.84,1.42,35173,1,81,15.55,정상,0,0
GATE-03,PARKING-01,2026-01-19 09:00:00,42.32,5.09,23.8,3.05,1.79,35222,0,81,12.29,정상,0,0
GATE-03,PARKING-01,2026-01-19 10:00:00,39.95,4.9,23.5,3.06,1.75,35252,0,81,8.61,정상,0,0
GATE-03,PARKING-01,2026-01-19 11:00:00,38.76,4.96,23.45,3.22,1.19,35267,0,81,6.74,정상,0,0
GATE-03,PARKING-01,2026-01-19 12:00:00,41.7,4.39,23.66,3.3,1.24,35284,0,81,7.12,정상,0,0
GATE-03,PARKING-01,2026-01-19 13:00:00,41.23,5.14,23.93,2.93,1.88,35313,0,81,7.91,정상,0,0
GATE-03,PARKING-01,2026-01-19 14:00:00,38.5,4.57,23.71,3.13,1.34,35332,0,81,4.08,정상,0,0
GATE-03,PARKING-01,2026-01-19 15:00:00,39.73,4.48,23.72,3.2,1.48,35351,0,81,4.11,정상,0,0
GATE-03,PARKING-01,2026-01-19 16:00:00,40.49,4.63,23.61,2.96,1.68,35380,0,81,7.38,정상,0,0
GATE-03,PARKING-01,2026-01-19 17:00:00,42.86,5.19,23.88,2.92,1.52,35418,0,81,8.76,정상,0,0
GATE-03,PARKING-01,2026-01-19 18:00:00,42.18,3.83,23.85,3.35,1.45,35446,1,81,11.03,정상,0,0
GATE-03,PARKING-01,2026-01-19 19:00:00,41.98,5.07,24,2.95,1.45,35488,0,81,4.25,정상,0,0
GATE-03,PARKING-01,2026-01-19 20:00:00,42.38,4.85,23.4,3.34,1.82,35530,1,81,18.62,정상,0,0
GATE-03,PARKING-01,2026-01-19 21:00:00,40.7,4.6,23.76,2.93,1.35,35553,1,81,7.54,정상,0,0
GATE-03,PARKING-01,2026-01-19 22:00:00,42.01,4.37,23.86,3.05,1.28,35578,0,81,4.73,정상,0,0
GATE-03,PARKING-01,2026-01-19 23:00:00,41.18,4.8,24.31,3.01,1.33,35603,1,81,11.19,정상,0,0
GATE-03,PARKING-01,2026-01-20 00:00:00,40.39,4.83,23.92,2.79,1.45,35606,0,82,7.98,정상,0,0
GATE-03,PARKING-01,2026-01-20 01:00:00,38.71,3.82,23.36,2.95,1.53,35607,0,82,11.07,정상,0,0
GATE-03,PARKING-01,2026-01-20 02:00:00,36.62,4.05,23.94,2.95,1.46,35608,0,82,6.58,정상,0,0
GATE-03,PARKING-01,2026-01-20 03:00:00,36.15,3.91,24.27,3.12,1.38,35609,1,82,9.8,정상,0,0
GATE-03,PARKING-01,2026-01-20 04:00:00,39.55,3.95,23.28,3.08,1.49,35613,1,82,10.35,정상,0,0
GATE-03,PARKING-01,2026-01-20 05:00:00,41.8,4.53,23.92,3.06,1.73,35621,0,82,3.21,정상,0,0
GATE-03,PARKING-01,2026-01-20 06:00:00,37.88,4.18,23.91,3,1.41,35635,0,82,4.32,정상,0,0
GATE-03,PARKING-01,2026-01-20 07:00:00,42.57,5.37,23.5,2.87,1.59,35668,0,82,9,정상,0,0
GATE-03,PARKING-01,2026-01-20 08:00:00,44.68,4.9,23.53,3.19,1.52,35718,1,82,15.73,정상,0,0
GATE-03,PARKING-01,2026-01-20 09:00:00,45.01,5.18,23.68,2.95,1.37,35755,1,82,13.57,정상,0,0
GATE-03,PARKING-01,2026-01-20 10:00:00,44.02,4.82,23.9,3.25,1.64,35783,0,82,10.02,정상,0,0
GATE-03,PARKING-01,2026-01-20 11:00:00,41.29,4.12,24.02,3.01,1.49,35804,0,82,1.38,정상,0,0
GATE-03,PARKING-01,2026-01-20 12:00:00,43.3,4.85,23.54,2.95,1.43,35835,1,82,14.37,정상,0,0
GATE-03,PARKING-01,2026-01-20 13:00:00,40.68,4.72,23.69,2.99,1.65,35859,0,82,1.71,정상,0,0
GATE-03,PARKING-01,2026-01-20 14:00:00,40.61,4.25,24.03,3.01,1.44,35885,0,82,2.68,정상,0,0
GATE-03,PARKING-01,2026-01-20 15:00:00,40.76,4.57,23.82,2.96,1.41,35902,0,82,5.5,정상,0,0
GATE-03,PARKING-01,2026-01-20 16:00:00,35.99,4.87,23.77,3.33,1.6,35918,0,82,11.3,정상,0,0
GATE-03,PARKING-01,2026-01-20 17:00:00,43.19,5.27,23.45,3.02,1.95,35965,1,82,21.78,정상,0,0
GATE-03,PARKING-01,2026-01-20 18:00:00,42.08,5.09,23.75,3.37,1.61,36001,0,82,9.51,정상,0,0
GATE-03,PARKING-01,2026-01-20 19:00:00,44.34,5.11,23.98,2.88,1.58,36037,0,82,10.66,정상,0,0
GATE-03,PARKING-01,2026-01-20 20:00:00,41.36,4.92,24.03,3.29,1.77,36068,1,82,12.54,정상,0,0
GATE-03,PARKING-01,2026-01-20 21:00:00,40.12,4.63,23.73,3.06,1.62,36090,0,82,3.74,정상,0,0
GATE-03,PARKING-01,2026-01-20 22:00:00,41.34,4.22,24.08,2.93,1.35,36111,0,82,0,정상,0,0
GATE-03,PARKING-01,2026-01-20 23:00:00,43.13,4.87,23.78,3.25,1.52,36137,0,82,10.04,정상,0,0
GATE-03,PARKING-01,2026-01-21 00:00:00,39.22,4.78,24.03,2.96,1.84,36137,0,83,7.19,정상,0,0
GATE-03,PARKING-01,2026-01-21 01:00:00,37.08,3.74,24.19,3.12,1.35,36137,0,83,8.25,정상,0,0
GATE-03,PARKING-01,2026-01-21 02:00:00,41.4,4.26,23.93,3.18,1.79,36144,0,83,9.85,정상,0,0
GATE-03,PARKING-01,2026-01-21 03:00:00,37.31,3.75,23.96,3.09,1.33,36152,0,83,0.18,정상,0,0
GATE-03,PARKING-01,2026-01-21 04:00:00,39.72,4.39,23.9,3.39,1.62,36159,0,83,6.53,정상,0,0
GATE-03,PARKING-01,2026-01-21 05:00:00,37.72,4.53,24.06,3.09,1.29,36162,1,83,7.35,정상,0,0
GATE-03,PARKING-01,2026-01-21 06:00:00,39.2,4.26,23.76,2.95,1.63,36175,0,83,6.3,정상,0,0
GATE-03,PARKING-01,2026-01-21 07:00:00,39.85,5.2,24.06,3.02,1.58,36210,1,83,15.4,정상,0,0
GATE-03,PARKING-01,2026-01-21 08:00:00,42.19,5.02,23.76,3.19,1.66,36253,1,83,16.21,정상,0,0
GATE-03,PARKING-01,2026-01-21 09:00:00,42.75,5.17,23.21,3.09,2.07,36283,0,83,15.91,정상,0,0
GATE-03,PARKING-01,2026-01-21 10:00:00,38.84,4.54,23.82,2.98,1.9,36299,1,83,12.08,정상,0,0
GATE-03,PARKING-01,2026-01-21 11:00:00,37.64,4.84,23.8,2.9,1.95,36318,0,83,8.21,정상,0,0
GATE-03,PARKING-01,2026-01-21 12:00:00,39.32,4.66,24.12,3.06,1.78,36339,0,83,5.6,정상,0,0
GATE-03,PARKING-01,2026-01-21 13:00:00,41.44,5.16,23.71,3.22,1.75,36371,0,83,12.51,정상,0,0
GATE-03,PARKING-01,2026-01-21 14:00:00,42.86,5,23.57,3.28,1.87,36386,1,83,20.02,정상,0,0
GATE-03,PARKING-01,2026-01-21 15:00:00,43.79,4.9,23.57,3.38,1.96,36411,1,83,20.86,정상,0,0
GATE-03,PARKING-01,2026-01-21 16:00:00,41.27,5.19,23.68,3.4,1.78,36427,1,83,19.98,정상,0,0
GATE-03,PARKING-01,2026-01-21 17:00:00,46.23,5.44,24.05,3.45,1.8,36465,1,83,19.94,정상,0,0
GATE-03,PARKING-01,2026-01-21 18:00:00,41.55,5.23,23.34,3.36,2.22,36485,0,83,18.24,정상,0,0
GATE-03,PARKING-01,2026-01-21 19:00:00,46.24,5.44,23.7,3.25,2.17,36512,0,83,23.49,정상,0,0
GATE-03,PARKING-01,2026-01-21 20:00:00,48.05,5.99,23.56,3.67,2.51,36559,1,83,34.4,정상,0,0
GATE-03,PARKING-01,2026-01-21 21:00:00,46.06,5.68,23.84,3.55,2.33,36586,1,83,27.2,정상,0,0
GATE-03,PARKING-01,2026-01-21 22:00:00,45.89,5.78,23.54,4,2.23,36610,1,83,34.56,정상,0,0
GATE-03,PARKING-01,2026-01-21 23:00:00,45.57,5.64,23.44,3.97,2.51,36636,2,83,34.33,정상,0,0
GATE-03,PARKING-01,2026-01-22 00:00:00,43.57,5.65,23.05,3.88,2.97,36636,1,84,38.48,정상,0,0
GATE-03,PARKING-01,2026-01-22 01:00:00,45.29,5.43,23.01,3.88,2.63,36643,1,84,31.91,정상,0,0
GATE-03,PARKING-01,2026-01-22 02:00:00,44.47,5.86,24.17,3.74,2.65,36650,2,84,41,주의,0,0
GATE-03,PARKING-01,2026-01-22 03:00:00,44.21,5.9,23.52,3.95,2.76,36653,3,84,45.1,주의,0,0
GATE-03,PARKING-01,2026-01-22 04:00:00,46.38,6.01,23.32,4.04,3.01,36660,2,84,49.72,주의,0,0
GATE-03,PARKING-01,2026-01-22 05:00:00,44.75,6.03,23,4.22,2.94,36670,1,84,42.93,주의,0,0
GATE-03,PARKING-01,2026-01-22 06:00:00,47.6,6.31,23.25,4.26,3.13,36692,2,84,53.3,주의,0,0
GATE-03,PARKING-01,2026-01-22 07:00:00,49.02,7.17,23.22,4.04,3.07,36728,3,84,60.69,주의,0,0
GATE-03,PARKING-01,2026-01-22 08:00:00,51,7.06,23.1,4.2,3.3,36758,1,84,60.29,주의,0,0
GATE-03,PARKING-01,2026-01-22 09:00:00,54.47,7.17,23.13,4.28,3.14,36812,1,84,63.75,주의,0,0
GATE-03,PARKING-01,2026-01-22 10:00:00,52,7.26,23.37,4.69,3.4,36829,2,84,67.68,주의,0,0
GATE-03,PARKING-01,2026-01-22 11:00:00,48.6,6.1,23.72,4.36,3.72,36849,2,84,56.22,주의,0,0
GATE-03,PARKING-01,2026-01-22 12:00:00,49.91,7.11,23.23,4.47,3.73,36876,3,84,70.54,주의,0,0
GATE-03,PARKING-01,2026-01-22 13:00:00,50.74,6.23,23.25,4.44,3.7,36893,2,84,62.38,주의,0,0
GATE-03,PARKING-01,2026-01-22 14:00:00,53.98,6.92,23.1,4.88,3.69,36920,2,84,74.73,주의,0,0
GATE-03,PARKING-01,2026-01-22 15:00:00,55.53,7.2,22.75,4.75,4.01,36946,3,84,84.99,주의,0,0
GATE-03,PARKING-01,2026-01-22 16:00:00,50.23,7.22,22.93,4.53,3.93,36958,4,84,81.95,주의,0,0
GATE-03,PARKING-01,2026-01-22 17:00:00,53.31,7.88,22.78,4.91,3.98,36998,3,84,85.41,주의,0,0
GATE-03,PARKING-01,2026-01-22 18:00:00,53.39,7.56,22.98,4.71,4.12,37031,3,84,83.51,주의,0,0
GATE-03,PARKING-01,2026-01-22 19:00:00,56.27,7.78,22.74,5.13,4.28,37073,3,84,94.72,위험,0,0
GATE-03,PARKING-01,2026-01-22 20:00:00,54.79,7.6,22.84,5,4.15,37112,4,84,92.62,위험,0,0
GATE-03,PARKING-01,2026-01-22 21:00:00,50.88,6.95,23.04,5.02,4.14,37131,3,84,80.65,주의,0,0
GATE-03,PARKING-01,2026-01-22 22:00:00,56.13,7.85,22.91,4.98,4.43,37155,5,84,100,위험,0,1
GATE-03,PARKING-01,2026-01-22 23:00:00,54,7.84,22.96,5.03,4.57,37182,3,84,91.28,주의,0,0
GATE-03,PARKING-01,2026-01-23 00:00:00,39.95,4.23,23.63,3.16,1.65,37184,0,85,9.42,정상,0,0
GATE-03,PARKING-01,2026-01-23 01:00:00,36.44,5,23.88,2.88,1.62,37194,1,85,16.35,정상,0,0
GATE-03,PARKING-01,2026-01-23 02:00:00,39.52,5.26,23.82,3.03,1.8,37202,0,85,10.76,정상,0,0
GATE-03,PARKING-01,2026-01-23 03:00:00,41.33,4.74,23.5,3.08,1.39,37212,2,85,15.57,정상,0,0
GATE-03,PARKING-01,2026-01-23 04:00:00,40.74,4.48,23.47,3.31,2.08,37216,1,85,17.4,정상,0,0
GATE-03,PARKING-01,2026-01-23 05:00:00,42.33,4.62,23.83,3.12,2.04,37216,1,85,15.61,정상,0,0
GATE-03,PARKING-01,2026-01-23 06:00:00,39.68,4.48,23.63,2.92,1.58,37232,1,85,6.58,정상,0,0
GATE-03,PARKING-01,2026-01-23 07:00:00,45.48,5.72,23.48,2.67,1.84,37277,1,85,21.69,정상,0,0
GATE-03,PARKING-01,2026-01-23 08:00:00,42.75,5.19,23.66,3.08,1.91,37326,0,85,10.45,정상,0,0
GATE-03,PARKING-01,2026-01-23 09:00:00,45.05,5.05,23.75,3.29,1.69,37372,0,85,18.34,정상,0,0
GATE-03,PARKING-01,2026-01-23 10:00:00,43.41,5.54,23.98,2.91,1.52,37397,0,85,8.95,정상,0,0
GATE-03,PARKING-01,2026-01-23 11:00:00,42.61,4.79,23.37,3.35,2.01,37417,1,85,16.49,정상,0,0
GATE-03,PARKING-01,2026-01-23 12:00:00,40.66,4.55,23.89,3.08,1.76,37432,0,85,2.86,정상,0,0
GATE-03,PARKING-01,2026-01-23 13:00:00,43.49,4.63,24.01,3.25,1.82,37447,0,85,7.86,정상,0,0
GATE-03,PARKING-01,2026-01-23 14:00:00,40.8,5.16,23.67,3.01,1.9,37470,1,85,13.3,정상,0,0
GATE-03,PARKING-01,2026-01-23 15:00:00,42.23,4.63,23.55,3.29,1.89,37494,0,85,12,정상,0,0
GATE-03,PARKING-01,2026-01-23 16:00:00,41.15,4.59,23.48,2.86,1.59,37516,1,85,11.39,정상,0,0
GATE-03,PARKING-01,2026-01-23 17:00:00,44.75,5.32,23.78,3.2,1.84,37558,0,85,16.4,정상,0,0
GATE-03,PARKING-01,2026-01-23 18:00:00,42.56,5.04,23.5,3.05,1.5,37585,0,85,10.58,정상,0,0
GATE-03,PARKING-01,2026-01-23 19:00:00,45.07,5.06,23.97,3.14,2.15,37628,1,85,21.53,정상,0,0
GATE-03,PARKING-01,2026-01-23 20:00:00,45.21,5.24,23.88,2.99,1.8,37678,0,85,10.24,정상,0,0
GATE-03,PARKING-01,2026-01-23 21:00:00,42.57,4.99,24.25,3.35,1.64,37703,0,85,10.87,정상,0,0
GATE-03,PARKING-01,2026-01-23 22:00:00,43.17,4.97,23.41,3.15,1.67,37723,1,85,14.58,정상,0,0
GATE-03,PARKING-01,2026-01-23 23:00:00,44.01,4.42,23.86,3.05,1.68,37742,1,85,10.83,정상,0,0
GATE-03,PARKING-01,2026-01-24 00:00:00,40.62,4.74,23.74,3.02,1.71,37747,0,86,8.47,정상,0,0
GATE-03,PARKING-01,2026-01-24 01:00:00,40.03,4.85,23.86,3.07,1.83,37747,1,86,11.8,정상,0,0
GATE-03,PARKING-01,2026-01-24 02:00:00,39.68,4.78,23.72,3,1.5,37747,0,86,4.94,정상,0,0
GATE-03,PARKING-01,2026-01-24 03:00:00,39.15,4.55,23.59,3.21,2.02,37756,0,86,9.68,정상,0,0
GATE-03,PARKING-01,2026-01-24 04:00:00,42.03,4.31,23.46,3.16,1.49,37756,0,86,5.4,정상,0,0
GATE-03,PARKING-01,2026-01-24 05:00:00,40.78,4.56,23.87,2.94,1.7,37764,1,86,11.23,정상,0,0
GATE-03,PARKING-01,2026-01-24 06:00:00,40.59,4.5,23.78,3.05,2.02,37784,1,86,17.41,정상,0,0
GATE-03,PARKING-01,2026-01-24 07:00:00,43.24,5.55,23.98,3.29,1.59,37836,0,86,10.8,정상,0,0
GATE-03,PARKING-01,2026-01-24 08:00:00,43.7,4.95,23.98,2.96,1.79,37874,1,86,14.42,정상,0,0
GATE-03,PARKING-01,2026-01-24 09:00:00,47.62,4.86,23.92,2.83,1.85,37913,1,86,20.71,정상,0,0
GATE-03,PARKING-01,2026-01-24 10:00:00,40.71,4.57,23.68,3.04,1.71,37932,0,86,6.04,정상,0,0
GATE-03,PARKING-01,2026-01-24 11:00:00,44.68,4.91,23.6,3.09,1.75,37958,0,86,14.48,정상,0,0
GATE-03,PARKING-01,2026-01-24 12:00:00,44.17,5.08,23.83,3.2,1.7,37986,0,86,15.58,정상,0,0
GATE-03,PARKING-01,2026-01-24 13:00:00,41.9,4.89,23.75,3.23,1.74,38014,0,86,11.09,정상,0,0
GATE-03,PARKING-01,2026-01-24 14:00:00,41.95,4.41,23.85,3.18,1.81,38033,0,86,4.09,정상,0,0
GATE-03,PARKING-01,2026-01-24 15:00:00,43.09,4.47,23.71,3.09,1.89,38055,0,86,8.56,정상,0,0
GATE-03,PARKING-01,2026-01-24 16:00:00,42.28,5.09,23.57,3.29,1.68,38073,0,86,14.06,정상,0,0
GATE-03,PARKING-01,2026-01-24 17:00:00,44.18,5.11,24.06,2.97,1.98,38119,0,86,15.07,정상,0,0
GATE-03,PARKING-01,2026-01-24 18:00:00,42.68,4.99,24.01,3.11,2.08,38153,0,86,13.98,정상,0,0
GATE-03,PARKING-01,2026-01-24 19:00:00,44.11,4.57,23.92,3.12,1.63,38179,0,86,8.42,정상,0,0
GATE-03,PARKING-01,2026-01-24 20:00:00,45,5.91,23.3,3.66,1.94,38241,0,86,23.71,정상,0,0
GATE-03,PARKING-01,2026-01-24 21:00:00,42.8,5.18,23.71,3.46,1.87,38270,0,86,17.24,정상,0,0
GATE-03,PARKING-01,2026-01-24 22:00:00,44.73,4.8,24.18,3.25,2.14,38293,1,86,19.92,정상,0,0
GATE-03,PARKING-01,2026-01-24 23:00:00,42.5,4.64,23.96,3.01,1.83,38314,0,86,6.63,정상,0,0
GATE-03,PARKING-01,2026-01-25 00:00:00,38.11,4.83,23.42,3.12,1.59,38324,0,87,12.43,정상,0,0
GATE-03,PARKING-01,2026-01-25 01:00:00,40.38,5.01,24,2.94,1.94,38335,0,87,9.16,정상,0,0
GATE-03,PARKING-01,2026-01-25 02:00:00,42.92,4.31,23.57,3.19,2.02,38340,0,87,11.68,정상,0,0
GATE-03,PARKING-01,2026-01-25 03:00:00,39.04,4.27,23.8,3.09,1.86,38347,1,87,11.14,정상,0,0
GATE-03,PARKING-01,2026-01-25 04:00:00,38.66,4.33,23.63,3.05,1.9,38351,0,87,7.37,정상,0,0
GATE-03,PARKING-01,2026-01-25 05:00:00,39.4,4.1,23.84,3.28,1.87,38355,0,87,10.44,정상,0,0
GATE-03,PARKING-01,2026-01-25 06:00:00,39.8,4.13,23.88,3.27,1.68,38375,0,87,7.96,정상,0,0
GATE-03,PARKING-01,2026-01-25 07:00:00,44.99,4.53,23.83,3.2,1.85,38409,1,87,16.58,정상,0,0
GATE-03,PARKING-01,2026-01-25 08:00:00,45.63,4.71,24.17,3.31,1.79,38456,0,87,21.52,정상,0,0
GATE-03,PARKING-01,2026-01-25 09:00:00,45.91,5.44,23.76,3.32,1.85,38509,0,87,19.83,정상,0,0
GATE-03,PARKING-01,2026-01-25 10:00:00,44.91,4.98,23.55,2.92,1.89,38531,1,87,18.91,정상,0,0
GATE-03,PARKING-01,2026-01-25 11:00:00,42.49,4.87,23.5,3.11,1.47,38553,1,87,13.62,정상,0,0
GATE-03,PARKING-01,2026-01-25 12:00:00,42.4,4.76,23.9,3.13,1.62,38567,0,87,6.13,정상,0,0
GATE-03,PARKING-01,2026-01-25 13:00:00,41.32,5.18,23.63,2.95,1.79,38587,0,87,11.05,정상,0,0
GATE-03,PARKING-01,2026-01-25 14:00:00,42.99,5.69,23.08,3.18,1.87,38616,0,87,24.2,정상,0,0
GATE-03,PARKING-01,2026-01-25 15:00:00,41.08,4.73,23.73,3.1,1.73,38630,1,87,13.79,정상,0,0
GATE-03,PARKING-01,2026-01-25 16:00:00,40.1,4.26,23.44,3.26,1.93,38647,0,87,10.33,정상,0,0
GATE-03,PARKING-01,2026-01-25 17:00:00,42.96,5.1,23.52,2.89,1.8,38685,0,87,10.6,정상,0,0
GATE-03,PARKING-01,2026-01-25 18:00:00,43.79,4.93,24.03,3.32,1.99,38725,0,87,11.52,정상,0,0
GATE-03,PARKING-01,2026-01-25 19:00:00,42.99,5.08,23.61,3.01,1.87,38765,1,87,19.51,정상,0,0
GATE-03,PARKING-01,2026-01-25 20:00:00,43.37,5.42,24.05,3.48,1.61,38804,0,87,13.77,정상,0,0
GATE-03,PARKING-01,2026-01-25 21:00:00,42.21,4.71,23.86,3.18,2.03,38819,0,87,13.08,정상,0,0
GATE-03,PARKING-01,2026-01-25 22:00:00,41.79,5.09,24.09,2.96,1.69,38842,0,87,11.15,정상,0,0
GATE-03,PARKING-01,2026-01-25 23:00:00,40.29,5.04,23.69,3.12,1.54,38865,0,87,7.83,정상,0,0
GATE-03,PARKING-01,2026-01-26 00:00:00,37.89,4.32,23.28,3.24,1.9,38869,0,88,11.12,정상,0,0
GATE-03,PARKING-01,2026-01-26 01:00:00,39.46,4.99,23.89,2.98,1.91,38875,0,88,7.84,정상,0,0
GATE-03,PARKING-01,2026-01-26 02:00:00,41.22,4.98,23.76,2.89,2.12,38878,0,88,15.51,정상,0,0
GATE-03,PARKING-01,2026-01-26 03:00:00,37.81,4.11,23.59,3.23,1.6,38883,0,88,4.38,정상,0,0
GATE-03,PARKING-01,2026-01-26 04:00:00,39.35,4.66,23.7,2.87,2.03,38886,0,88,11.56,정상,0,0
GATE-03,PARKING-01,2026-01-26 05:00:00,39.93,4.8,23.8,3.01,1.7,38893,0,88,7.62,정상,0,0
GATE-03,PARKING-01,2026-01-26 06:00:00,43.67,5.18,23.32,3.53,1.68,38922,0,88,17.65,정상,0,0
GATE-03,PARKING-01,2026-01-26 07:00:00,46.97,4.66,23.56,3.14,1.67,38970,0,88,13.14,정상,0,0
GATE-03,PARKING-01,2026-01-26 08:00:00,43.53,4.99,23.5,3.17,1.84,39008,1,88,18.83,정상,0,0
GATE-03,PARKING-01,2026-01-26 09:00:00,42.68,4.83,23.65,2.95,1.37,39046,0,88,8.42,정상,0,0
GATE-03,PARKING-01,2026-01-26 10:00:00,40.01,5.25,24.01,3.44,1.77,39070,1,88,17.73,정상,0,0
GATE-03,PARKING-01,2026-01-26 11:00:00,43.72,5,23.7,3.41,2.07,39087,1,88,20.38,정상,0,0
GATE-03,PARKING-01,2026-01-26 12:00:00,41.3,4.75,23.44,3.24,1.59,39105,1,88,12.74,정상,0,0
GATE-03,PARKING-01,2026-01-26 13:00:00,39.9,4.95,23.69,3.17,1.97,39120,0,88,7.53,정상,0,0
GATE-03,PARKING-01,2026-01-26 14:00:00,40.37,5.29,23.04,3.4,1.55,39141,0,88,13.4,정상,0,0
GATE-03,PARKING-01,2026-01-26 15:00:00,42.67,5.23,23.54,3.29,2.02,39165,1,88,20.04,정상,0,0
GATE-03,PARKING-01,2026-01-26 16:00:00,41.14,5.23,23.93,3.17,1.7,39193,0,88,9.09,정상,0,0
GATE-03,PARKING-01,2026-01-26 17:00:00,45.6,5.16,23.79,2.94,1.44,39240,0,88,13.98,정상,0,0
GATE-03,PARKING-01,2026-01-26 18:00:00,43.02,4.9,23.43,3.16,1.69,39280,0,88,14.5,정상,0,0
GATE-03,PARKING-01,2026-01-26 19:00:00,44.83,5.49,23.78,3.24,1.72,39324,0,88,14.76,정상,0,0
GATE-03,PARKING-01,2026-01-26 20:00:00,46.26,5.23,23.91,3.4,1.64,39369,0,88,14.48,정상,0,0
GATE-03,PARKING-01,2026-01-26 21:00:00,42.78,5.31,23.84,3.11,1.75,39402,0,88,14.01,정상,0,0
GATE-03,PARKING-01,2026-01-26 22:00:00,41.81,5.85,23.63,3.03,1.7,39423,0,88,14.34,정상,0,0
GATE-03,PARKING-01,2026-01-26 23:00:00,43.56,5.21,23.62,3.35,1.89,39445,1,88,18.97,정상,0,0
GATE-03,PARKING-01,2026-01-27 00:00:00,40.51,4.67,23.8,3.26,1.98,39452,0,89,12.29,정상,0,0
GATE-03,PARKING-01,2026-01-27 01:00:00,37.67,3.93,23.64,3.37,1.67,39452,0,89,11.16,정상,0,0
GATE-03,PARKING-01,2026-01-27 02:00:00,39.51,4.15,23.54,3.27,1.94,39452,0,89,15.18,정상,0,0
GATE-03,PARKING-01,2026-01-27 03:00:00,38.64,4.46,23.41,3.24,1.72,39455,0,89,8.54,정상,0,0
GATE-03,PARKING-01,2026-01-27 04:00:00,40.82,4.72,23.53,3.17,1.73,39464,1,89,15.18,정상,0,0
GATE-03,PARKING-01,2026-01-27 05:00:00,40.61,4.87,23.14,3.24,1.76,39474,1,89,20.85,정상,0,0
GATE-03,PARKING-01,2026-01-27 06:00:00,46.14,5.43,24.1,3.2,2.27,39502,0,89,20.56,정상,0,0
GATE-03,PARKING-01,2026-01-27 07:00:00,44.77,5.37,24.1,3.25,1.53,39545,0,89,16.93,정상,0,0
GATE-03,PARKING-01,2026-01-27 08:00:00,47.62,5.22,24.17,3.41,1.73,39591,0,89,23.1,정상,0,0
GATE-03,PARKING-01,2026-01-27 09:00:00,46.79,5.26,23.52,3.11,1.86,39637,0,89,21.87,정상,0,0
GATE-03,PARKING-01,2026-01-27 10:00:00,39.32,5.2,23.47,3.12,1.93,39654,0,89,11.33,정상,0,0
GATE-03,PARKING-01,2026-01-27 11:00:00,43.91,4.72,23.91,3.22,2.03,39681,0,89,10.7,정상,0,0
GATE-03,PARKING-01,2026-01-27 12:00:00,41.05,5.35,24.06,3.16,1.79,39701,0,89,10.2,정상,0,0
GATE-03,PARKING-01,2026-01-27 13:00:00,42.09,5.05,23.9,3.28,1.86,39725,0,89,13.06,정상,0,0
GATE-03,PARKING-01,2026-01-27 14:00:00,41.65,4.77,23.61,3,1.56,39750,0,89,12.5,정상,0,0
GATE-03,PARKING-01,2026-01-27 15:00:00,41.7,4.88,23.67,2.91,1.7,39771,0,89,10.43,정상,0,0
GATE-03,PARKING-01,2026-01-27 16:00:00,40.18,4.79,23.87,3.4,1.59,39798,0,89,9.69,정상,0,0
GATE-03,PARKING-01,2026-01-27 17:00:00,43.75,5.17,23.28,3.15,1.75,39841,1,89,24.09,정상,0,0
GATE-03,PARKING-01,2026-01-27 18:00:00,44.84,5.62,23.49,3.11,1.8,39881,1,89,25.15,정상,0,0
GATE-03,PARKING-01,2026-01-27 19:00:00,44.91,5.29,24.08,3.58,1.47,39918,0,89,15.05,정상,0,0
GATE-03,PARKING-01,2026-01-27 20:00:00,46.85,4.95,23.69,3.06,1.87,39968,1,89,20.63,정상,0,0
GATE-03,PARKING-01,2026-01-27 21:00:00,43.41,4.94,23.63,3.37,1.75,39997,0,89,12.33,정상,0,0
GATE-03,PARKING-01,2026-01-27 22:00:00,42.43,4.83,24.11,3.2,1.78,40017,0,89,10.91,정상,0,0
GATE-03,PARKING-01,2026-01-27 23:00:00,40.48,4.68,23.85,3.36,1.75,40046,1,89,13.82,정상,0,0
GATE-03,PARKING-01,2026-01-28 00:00:00,39.12,4.18,23.43,3.65,1.6,40046,0,90,14.53,정상,0,0
GATE-03,PARKING-01,2026-01-28 01:00:00,38.7,4.35,23.5,3.76,1.86,40049,0,90,14.56,정상,0,0
GATE-03,PARKING-01,2026-01-28 02:00:00,41.37,4.7,23.42,3.04,1.8,40051,1,90,13.73,정상,0,0
GATE-03,PARKING-01,2026-01-28 03:00:00,40.52,4.42,23.8,3.51,2.03,40058,0,90,12.88,정상,0,0
GATE-03,PARKING-01,2026-01-28 04:00:00,39.92,4.83,23.69,3.08,2.23,40063,0,90,16.1,정상,0,0
GATE-03,PARKING-01,2026-01-28 05:00:00,41.55,4.6,23.47,3.25,2.03,40071,0,90,14.63,정상,0,0
GATE-03,PARKING-01,2026-01-28 06:00:00,40.76,5,23.83,3.35,1.72,40096,1,90,15.66,정상,0,0
GATE-03,PARKING-01,2026-01-28 07:00:00,42.17,4.58,23.61,3.18,1.8,40135,1,90,15.8,정상,0,0
GATE-03,PARKING-01,2026-01-28 08:00:00,45.66,5.14,23.52,3.32,2.05,40168,1,90,25.96,정상,0,0
GATE-03,PARKING-01,2026-01-28 09:00:00,48.79,5.71,23.69,3.17,2.07,40208,0,90,24.4,정상,0,0
GATE-03,PARKING-01,2026-01-28 10:00:00,43.74,5.28,23.96,3.29,1.87,40235,0,90,12.74,정상,0,0
GATE-03,PARKING-01,2026-01-28 11:00:00,42.32,5.34,23.87,2.71,2.05,40261,0,90,10.54,정상,0,0
GATE-03,PARKING-01,2026-01-28 12:00:00,41.78,4.98,23.54,3.14,1.79,40284,0,90,12.56,정상,0,0
GATE-03,PARKING-01,2026-01-28 13:00:00,42.35,4.32,23.71,3.47,1.65,40311,0,90,11.71,정상,0,0
GATE-03,PARKING-01,2026-01-28 14:00:00,42.04,5.05,23.58,3.48,1.52,40330,1,90,19.26,정상,0,0
GATE-03,PARKING-01,2026-01-28 15:00:00,37.58,4.59,23.55,3.1,2.12,40350,0,90,14.85,정상,0,0
GATE-03,PARKING-01,2026-01-28 16:00:00,43.74,5.03,23.37,2.85,1.94,40372,1,90,15.93,정상,0,0
GATE-03,PARKING-01,2026-01-28 17:00:00,43.6,5.42,23.48,3.45,1.87,40407,1,90,23.65,정상,0,0
GATE-03,PARKING-01,2026-01-28 18:00:00,45.91,4.64,23.65,3.22,1.9,40439,0,90,18.33,정상,0,0
GATE-03,PARKING-01,2026-01-28 19:00:00,46.33,5.19,23.76,3.14,2,40481,0,90,20.03,정상,0,0
GATE-03,PARKING-01,2026-01-28 20:00:00,43.41,4.76,23.75,3.3,1.88,40529,1,90,18.08,정상,0,0
GATE-03,PARKING-01,2026-01-28 21:00:00,43.98,4.88,24.73,3.18,1.9,40555,1,90,19.94,정상,0,0
GATE-03,PARKING-01,2026-01-28 22:00:00,41.77,4.64,23.65,3.33,1.73,40581,0,90,14.69,정상,0,0
GATE-03,PARKING-01,2026-01-28 23:00:00,42.87,4.83,23.54,3.3,2.19,40603,1,90,19.38,정상,0,0
GATE-03,PARKING-01,2026-01-29 00:00:00,39.49,4.94,23.95,3.16,1.79,40613,0,91,9.7,정상,0,0
GATE-03,PARKING-01,2026-01-29 01:00:00,44.9,5.07,24.05,3.2,1.74,40626,0,91,15.9,정상,0,0
GATE-03,PARKING-01,2026-01-29 02:00:00,43.39,4.06,23.43,3.21,2.01,40635,0,91,13.44,정상,0,0
GATE-03,PARKING-01,2026-01-29 03:00:00,40.71,4.98,23.77,3.39,1.65,40643,0,91,11.97,정상,0,0
GATE-03,PARKING-01,2026-01-29 04:00:00,40.15,4.46,23.94,3.35,1.66,40648,1,91,13.79,정상,0,0
GATE-03,PARKING-01,2026-01-29 05:00:00,41.63,4.03,23.67,3.27,1.81,40652,0,91,11.34,정상,0,0
GATE-03,PARKING-01,2026-01-29 06:00:00,45.33,5.1,23.54,3.28,2.19,40676,1,91,26.88,정상,0,0
GATE-03,PARKING-01,2026-01-29 07:00:00,45.39,5.87,23.68,3.63,1.84,40729,1,91,27.33,정상,0,0
GATE-03,PARKING-01,2026-01-29 08:00:00,42.83,5.24,23.76,3.38,1.84,40764,1,91,21.01,정상,0,0
GATE-03,PARKING-01,2026-01-29 09:00:00,44.48,5.32,23.46,2.96,1.99,40807,1,91,22.88,정상,0,0
GATE-03,PARKING-01,2026-01-29 10:00:00,43.56,4.69,23.68,3.17,1.82,40831,2,91,23.22,정상,0,0
GATE-03,PARKING-01,2026-01-29 11:00:00,44.76,4.93,23.46,3.02,1.99,40857,0,91,16.68,정상,0,0
GATE-03,PARKING-01,2026-01-29 12:00:00,45.44,4.7,23.52,3.4,1.84,40880,1,91,19.77,정상,0,0
GATE-03,PARKING-01,2026-01-29 13:00:00,41.26,4.34,24.07,3.31,2.02,40894,0,91,12.18,정상,0,0
GATE-03,PARKING-01,2026-01-29 14:00:00,41.94,4.9,23.61,3.15,1.75,40921,0,91,13.06,정상,0,0
GATE-03,PARKING-01,2026-01-29 15:00:00,43.32,4.93,23.6,3.46,1.78,40942,1,91,17.69,정상,0,0
GATE-03,PARKING-01,2026-01-29 16:00:00,40.73,4.89,24.32,3.1,2,40966,0,91,12.09,정상,0,0
GATE-03,PARKING-01,2026-01-29 17:00:00,46.09,5.19,23.67,3.39,1.94,41010,0,91,20.69,정상,0,0
GATE-03,PARKING-01,2026-01-29 18:00:00,44.31,4.9,23.54,3.17,2.07,41051,1,91,23.41,정상,0,0
GATE-03,PARKING-01,2026-01-29 19:00:00,46.01,5.48,23.29,3.41,2.09,41097,0,91,29.05,정상,0,0
GATE-03,PARKING-01,2026-01-29 20:00:00,44.93,4.9,23.47,3.23,1.96,41150,0,91,18.74,정상,0,0
GATE-03,PARKING-01,2026-01-29 21:00:00,39.35,4.5,23.68,3.49,2.06,41166,0,91,14.73,정상,0,0
GATE-03,PARKING-01,2026-01-29 22:00:00,40.91,4.66,23.88,3.61,2.04,41191,1,91,20.08,정상,0,0
GATE-03,PARKING-01,2026-01-29 23:00:00,44.56,5.17,24.09,3.54,2.18,41214,0,91,20.78,정상,0,0
GATE-03,PARKING-01,2026-01-30 00:00:00,42.64,5.13,23.8,3.18,2.23,41219,1,92,21.77,정상,0,0
GATE-03,PARKING-01,2026-01-30 01:00:00,43.81,5.09,23.73,3.17,2.04,41227,0,92,17.66,정상,0,0
GATE-03,PARKING-01,2026-01-30 02:00:00,41.25,4.9,23.79,3.11,1.97,41239,0,92,13.92,정상,0,0
GATE-03,PARKING-01,2026-01-30 03:00:00,38.76,4.92,24.01,3.36,1.95,41239,0,92,11.92,정상,0,0
GATE-03,PARKING-01,2026-01-30 04:00:00,39.6,5.16,23.37,3.25,1.83,41241,0,92,16.57,정상,0,0
GATE-03,PARKING-01,2026-01-30 05:00:00,42.01,4.45,23.75,3.17,1.78,41241,1,92,17.56,정상,0,0
GATE-03,PARKING-01,2026-01-30 06:00:00,44.47,4.29,23.51,3.44,1.9,41260,0,92,18.82,정상,0,0
GATE-03,PARKING-01,2026-01-30 07:00:00,46.48,5.13,23.75,3.12,1.93,41291,1,92,26.22,정상,0,0
GATE-03,PARKING-01,2026-01-30 08:00:00,42.8,5.18,23.87,3.24,1.94,41328,0,92,17.28,정상,0,0
GATE-03,PARKING-01,2026-01-30 09:00:00,46.48,5.3,24.01,2.94,1.81,41376,0,92,13.39,정상,0,0
GATE-03,PARKING-01,2026-01-30 10:00:00,43.02,4.78,23.41,3.2,1.87,41397,1,92,18.7,정상,0,0
GATE-03,PARKING-01,2026-01-30 11:00:00,42.76,4.5,23.63,3.2,2.13,41418,1,92,18.28,정상,0,0
GATE-03,PARKING-01,2026-01-30 12:00:00,42.68,5.08,23.89,3.26,1.81,41447,1,92,15.9,정상,0,0
GATE-03,PARKING-01,2026-01-30 13:00:00,37.86,5.36,23.79,3.13,1.98,41465,0,92,14.59,정상,0,0
GATE-03,PARKING-01,2026-01-30 14:00:00,41.2,4.57,23.55,3.22,2.05,41485,1,92,18.68,정상,0,0
GATE-03,PARKING-01,2026-01-30 15:00:00,40.18,4.41,24.11,3.34,1.65,41507,1,92,14.95,정상,0,0
GATE-03,PARKING-01,2026-01-30 16:00:00,42.24,5.22,23.43,3.3,1.9,41532,0,92,17.36,정상,0,0
GATE-03,PARKING-01,2026-01-30 17:00:00,46.02,5.62,23.56,3.08,1.78,41584,0,92,20.38,정상,0,0
GATE-03,PARKING-01,2026-01-30 18:00:00,44.61,5.31,24.16,3.39,2.07,41622,0,92,21.78,정상,0,0
GATE-03,PARKING-01,2026-01-30 19:00:00,48.74,5.21,23.51,3.24,2.01,41667,0,92,24.93,정상,0,0
GATE-03,PARKING-01,2026-01-30 20:00:00,45.16,5.78,23.13,3.1,1.77,41719,0,92,22.93,정상,0,0
GATE-03,PARKING-01,2026-01-30 21:00:00,41.44,4.96,23.3,3.23,1.84,41739,1,92,20.14,정상,0,0
GATE-03,PARKING-01,2026-01-30 22:00:00,40.35,3.99,23.76,3.49,1.79,41755,0,92,15.53,정상,0,0
GATE-03,PARKING-01,2026-01-30 23:00:00,44.1,5.36,23.63,3.54,1.68,41786,0,92,14.23,정상,0,0
GATE-03,PARKING-01,2026-01-31 00:00:00,40.24,5.31,23.37,3.16,1.84,41791,1,93,22.41,정상,0,0
GATE-03,PARKING-01,2026-01-31 01:00:00,39.97,4.23,24.2,3.18,1.92,41791,0,93,10.81,정상,0,0
GATE-03,PARKING-01,2026-01-31 02:00:00,40.84,4.75,23.61,3.54,1.83,41791,1,93,21.07,정상,0,0
GATE-03,PARKING-01,2026-01-31 03:00:00,41.04,5.11,23.59,3.57,1.85,41793,1,93,21.24,정상,0,0
GATE-03,PARKING-01,2026-01-31 04:00:00,41.15,4.47,23.86,3.17,1.76,41804,0,93,9.51,정상,0,0
GATE-03,PARKING-01,2026-01-31 05:00:00,37.26,4.52,23.83,3.68,1.94,41809,0,93,12.25,정상,0,0
GATE-03,PARKING-01,2026-01-31 06:00:00,41.5,4.77,23.9,3.31,1.82,41836,1,93,19.03,정상,0,0
GATE-03,PARKING-01,2026-01-31 07:00:00,46.93,5.66,23.71,3.33,2.1,41879,0,93,26.8,정상,0,0
GATE-03,PARKING-01,2026-01-31 08:00:00,44.7,5.03,23.54,3.43,2.2,41917,1,93,25.75,정상,0,0
GATE-03,PARKING-01,2026-01-31 09:00:00,47.39,5.91,23.77,3.11,2.04,41962,0,93,23.8,정상,0,0
GATE-03,PARKING-01,2026-01-31 10:00:00,43.45,4.69,23.43,3.57,2.14,41988,0,93,21.92,정상,0,0
GATE-03,PARKING-01,2026-01-31 11:00:00,43.99,5.21,23.18,3.25,2.02,42016,0,93,22.5,정상,0,0
GATE-03,PARKING-01,2026-01-31 12:00:00,44.22,5.65,24.02,2.89,2.07,42044,1,93,20.99,정상,0,0
GATE-03,PARKING-01,2026-01-31 13:00:00,44.97,5.28,23.35,3.42,2,42066,0,93,22.57,정상,0,0
GATE-03,PARKING-01,2026-01-31 14:00:00,44.38,4.97,23.82,3.27,2.18,42100,0,93,21.5,정상,0,0
GATE-03,PARKING-01,2026-01-31 15:00:00,44.02,3.96,23.49,3.02,1.88,42128,0,93,14.89,정상,0,0
GATE-03,PARKING-01,2026-01-31 16:00:00,41.56,4.87,23.68,3.31,2.2,42150,1,93,23.94,정상,0,0
GATE-03,PARKING-01,2026-01-31 17:00:00,42.42,5.28,23.78,3.3,1.95,42190,0,93,18.11,정상,0,0
GATE-03,PARKING-01,2026-01-31 18:00:00,45.25,4.99,23.73,3.29,2.03,42236,0,93,16.94,정상,0,0
GATE-03,PARKING-01,2026-01-31 19:00:00,43.73,5.78,23.46,3.33,2.04,42278,0,93,24.24,정상,0,0
GATE-03,PARKING-01,2026-01-31 20:00:00,47.26,5.14,23.57,3.36,1.7,42329,1,93,29.95,정상,0,0
GATE-03,PARKING-01,2026-01-31 21:00:00,38.42,5.3,23.56,3.49,2.33,42350,0,93,22.37,정상,0,0
GATE-03,PARKING-01,2026-01-31 22:00:00,41.06,5.31,23.77,3.43,2.04,42369,0,93,19.06,정상,0,0
GATE-03,PARKING-01,2026-01-31 23:00:00,43.12,5.12,23.92,3.31,1.82,42395,0,93,15.21,정상,0,0
GATE-03,PARKING-01,2026-02-01 00:00:00,39.1,4.59,23.55,3.33,2.24,42399,1,94,22.48,정상,0,0
GATE-03,PARKING-01,2026-02-01 01:00:00,41.91,4.37,23.86,3.45,2.33,42400,1,94,18.49,정상,0,0
GATE-03,PARKING-01,2026-02-01 02:00:00,39.56,4.99,23.69,3.46,2.11,42400,1,94,20.82,정상,0,0
GATE-03,PARKING-01,2026-02-01 03:00:00,40.28,4.96,23.84,3.65,1.99,42401,1,94,21.02,정상,0,0
GATE-03,PARKING-01,2026-02-01 04:00:00,37.8,4.83,23.51,3.33,1.86,42406,0,94,12.85,정상,0,0
GATE-03,PARKING-01,2026-02-01 05:00:00,40.18,4.95,23.65,3.33,1.51,42413,1,94,17.62,정상,0,0
GATE-03,PARKING-01,2026-02-01 06:00:00,40.76,4.89,23.71,3.05,2.25,42431,0,94,14.93,정상,0,0
GATE-03,PARKING-01,2026-02-01 07:00:00,48.24,5.4,23.34,3.34,2.14,42476,0,94,29.48,정상,0,0
GATE-03,PARKING-01,2026-02-01 08:00:00,51.85,5.69,23.91,3.11,1.9,42534,0,94,28.02,정상,0,0
GATE-03,PARKING-01,2026-02-01 09:00:00,48.72,5.67,24.05,3.15,1.95,42591,0,94,21.63,정상,0,0
GATE-03,PARKING-01,2026-02-01 10:00:00,43.25,5.32,23.74,3.23,1.92,42615,1,94,21.97,정상,0,0
GATE-03,PARKING-01,2026-02-01 11:00:00,43.11,5.05,23.54,3.4,2.01,42632,0,94,16.58,정상,0,0
GATE-03,PARKING-01,2026-02-01 12:00:00,45.96,4.85,24.01,3.29,1.86,42668,0,94,15.14,정상,0,0
GATE-03,PARKING-01,2026-02-01 13:00:00,42.17,4.59,23.41,3.21,1.92,42686,0,94,13.43,정상,0,0
GATE-03,PARKING-01,2026-02-01 14:00:00,41.01,5.35,23.87,3.53,2.11,42711,1,94,23.46,정상,0,0
GATE-03,PARKING-01,2026-02-01 15:00:00,43.24,5.48,23.62,2.96,2.16,42745,0,94,20.15,정상,0,0
GATE-03,PARKING-01,2026-02-01 16:00:00,41.91,5.42,23.18,3.16,1.76,42762,0,94,17.44,정상,0,0
GATE-03,PARKING-01,2026-02-01 17:00:00,46.76,5.43,23.9,3.48,2.01,42808,0,94,26.85,정상,0,0
GATE-03,PARKING-01,2026-02-01 18:00:00,47.9,5.64,23.95,3.26,1.59,42860,1,94,26.01,정상,0,0
GATE-03,PARKING-01,2026-02-01 19:00:00,47.21,5.74,23.66,3.42,2,42904,0,94,26.75,정상,0,0
GATE-03,PARKING-01,2026-02-01 20:00:00,48.18,5.69,23.55,3.46,2.1,42946,1,94,35.71,정상,0,0
GATE-03,PARKING-01,2026-02-01 21:00:00,41.29,5.09,23.51,3.45,1.98,42962,0,94,17.08,정상,0,0
GATE-03,PARKING-01,2026-02-01 22:00:00,40.71,4.95,23.54,3.34,1.97,42975,0,94,16.14,정상,0,0
GATE-03,PARKING-01,2026-02-01 23:00:00,43.73,5.1,24.02,3.44,1.78,42999,0,94,17.72,정상,0,0
GATE-03,PARKING-01,2026-02-02 00:00:00,40.51,4.94,23.74,3.32,2.17,43005,1,95,20.72,정상,0,0
GATE-03,PARKING-01,2026-02-02 01:00:00,39.59,4.48,23.95,3.24,1.94,43010,0,95,10.86,정상,0,0
GATE-03,PARKING-01,2026-02-02 02:00:00,39.04,4.99,23.27,3.67,2.16,43010,0,95,23.95,정상,0,0
GATE-03,PARKING-01,2026-02-02 03:00:00,42.84,4.58,23.79,3.29,2.29,43016,1,0,20.74,정상,1,0
GATE-03,PARKING-01,2026-02-02 04:00:00,33.88,3.68,24.24,2.69,1.2,43016,0,0,4.35,정상,0,0
GATE-03,PARKING-01,2026-02-02 05:00:00,35.61,4.34,24.18,2.64,1.07,43032,0,0,3.37,정상,0,0
GATE-03,PARKING-01,2026-02-02 06:00:00,39.19,3.97,24.16,2.58,1.17,43054,1,0,3.67,정상,0,0
GATE-03,PARKING-01,2026-02-02 07:00:00,42.7,4.02,23.93,2.53,1.38,43102,0,0,1.45,정상,0,0
GATE-03,PARKING-01,2026-02-02 08:00:00,40.27,4.34,23.85,2.54,0.86,43139,1,0,5.32,정상,0,0
GATE-03,PARKING-01,2026-02-02 09:00:00,42.17,4.76,24.51,2.73,1.15,43183,0,0,6.26,정상,0,0
GATE-03,PARKING-01,2026-02-02 10:00:00,37.58,3.97,24.03,2.79,1.16,43202,0,0,0,정상,0,0
GATE-03,PARKING-01,2026-02-02 11:00:00,39.3,3.79,23.82,2.65,1.06,43221,0,0,2.85,정상,0,0
GATE-03,PARKING-01,2026-02-02 12:00:00,36.77,4.01,24.02,2.69,1.01,43242,0,0,0.49,정상,0,0
GATE-03,PARKING-01,2026-02-02 13:00:00,38.89,4.22,24.27,2.74,1.24,43266,1,0,5.34,정상,0,0
GATE-03,PARKING-01,2026-02-02 14:00:00,39.93,4.27,23.75,2.48,1.1,43294,0,0,1.98,정상,0,0
GATE-03,PARKING-01,2026-02-02 15:00:00,40.19,4.22,24.3,2.29,1.16,43318,0,0,1.24,정상,0,0
GATE-03,PARKING-01,2026-02-02 16:00:00,39.23,3.82,23.79,2.82,1.37,43342,0,0,4.09,정상,0,0
GATE-03,PARKING-01,2026-02-02 17:00:00,39.2,3.99,23.43,2.73,1.14,43379,1,0,8.21,정상,0,0
GATE-03,PARKING-01,2026-02-02 18:00:00,42.34,4.68,24.09,2.68,0.92,43425,1,0,7.47,정상,0,0
GATE-03,PARKING-01,2026-02-02 19:00:00,42.22,4.87,23.77,2.66,0.85,43475,1,0,10.65,정상,0,0
GATE-03,PARKING-01,2026-02-02 20:00:00,39.86,4.39,24.1,2.74,1.1,43502,0,0,2.72,정상,0,0
GATE-03,PARKING-01,2026-02-02 21:00:00,39.59,4.11,24.13,2.61,1.21,43531,1,0,4.77,정상,0,0
GATE-03,PARKING-01,2026-02-02 22:00:00,39.85,4.13,23.66,2.47,1.18,43556,0,0,2.92,정상,0,0
GATE-03,PARKING-01,2026-02-02 23:00:00,38.52,4.44,24.13,2.76,1.22,43581,0,0,1.54,정상,0,0
GATE-03,PARKING-01,2026-02-03 00:00:00,36.71,4,24.03,2.57,0.94,43586,0,1,0,정상,0,0
GATE-03,PARKING-01,2026-02-03 01:00:00,36.06,3.51,23.42,2.73,1.33,43588,0,1,5.28,정상,0,0
GATE-03,PARKING-01,2026-02-03 02:00:00,35.94,4.06,24.07,2.61,1.05,43591,0,1,2.75,정상,0,0
GATE-03,PARKING-01,2026-02-03 03:00:00,33.41,4,23.86,2.71,1.01,43592,0,1,1.2,정상,0,0
GATE-03,PARKING-01,2026-02-03 04:00:00,34.89,3.84,24.03,2.53,0.86,43604,0,1,0,정상,0,0
GATE-03,PARKING-01,2026-02-03 05:00:00,34.63,3.72,24.22,2.54,1.14,43604,1,1,6.84,정상,0,0
GATE-03,PARKING-01,2026-02-03 06:00:00,38.75,4.47,23.81,2.88,1.32,43626,0,1,2.55,정상,0,0
GATE-03,PARKING-01,2026-02-03 07:00:00,41.76,4.18,23.85,2.62,0.66,43668,1,1,5.5,정상,0,0
GATE-03,PARKING-01,2026-02-03 08:00:00,43.62,4.76,23.83,2.63,1,43730,0,1,4.97,정상,0,0
GATE-03,PARKING-01,2026-02-03 09:00:00,39.23,4.21,24.26,2.55,1.13,43770,1,1,8.48,정상,0,0
GATE-03,PARKING-01,2026-02-03 10:00:00,36.46,4.21,23.86,2.43,1.01,43794,1,1,3.16,정상,0,0
GATE-03,PARKING-01,2026-02-03 11:00:00,39.42,4.16,23.83,2.77,0.94,43818,1,1,4.41,정상,0,0
GATE-03,PARKING-01,2026-02-03 12:00:00,37.31,4.17,24.25,2.51,1.1,43840,0,1,0,정상,0,0
GATE-03,PARKING-01,2026-02-03 13:00:00,40.36,3.91,23.92,2.51,1.14,43861,0,1,0,정상,0,0
GATE-03,PARKING-01,2026-02-03 14:00:00,37.45,4.11,24.02,2.83,0.75,43878,0,1,0,정상,0,0
GATE-03,PARKING-01,2026-02-03 15:00:00,39.01,4.37,24.15,2.8,1.25,43897,0,1,4.2,정상,0,0
GATE-03,PARKING-01,2026-02-03 16:00:00,38,3.9,23.86,2.57,1.33,43915,0,1,0,정상,0,0
GATE-03,PARKING-01,2026-02-03 17:00:00,42.82,4.76,24.55,2.85,1.52,43967,0,1,8.05,정상,0,0
GATE-03,PARKING-01,2026-02-03 18:00:00,42.22,4.13,23.75,2.82,0.74,44011,0,1,2.05,정상,0,0
GATE-03,PARKING-01,2026-02-03 19:00:00,40.2,4.36,23.97,2.71,0.89,44053,0,1,0,정상,0,0
GATE-03,PARKING-01,2026-02-03 20:00:00,36.24,4.15,24.28,2.81,1.35,44090,0,1,4.09,정상,0,0
GATE-03,PARKING-01,2026-02-03 21:00:00,37.9,3.48,24.07,2.52,0.99,44101,0,1,1.11,정상,0,0
GATE-03,PARKING-01,2026-02-03 22:00:00,39.98,4.6,24.56,2.66,0.89,44129,0,1,0,정상,0,0
GATE-03,PARKING-01,2026-02-03 23:00:00,40.22,3.8,23.85,2.68,0.96,44158,0,1,1.23,정상,0,0
GATE-03,PARKING-01,2026-02-04 00:00:00,35.94,4,23.7,2.54,1.22,44162,0,2,0.91,정상,0,0
GATE-03,PARKING-01,2026-02-04 01:00:00,36.64,3.38,24.07,2.58,1.1,44162,0,2,0,정상,0,0
GATE-03,PARKING-01,2026-02-04 02:00:00,35.6,3.7,24.12,2.57,1.04,44166,0,2,4.37,정상,0,0
GATE-03,PARKING-01,2026-02-04 03:00:00,38.34,3.43,24.1,2.59,0.94,44169,1,2,4.7,정상,0,0
GATE-03,PARKING-01,2026-02-04 04:00:00,36.34,3.67,23.59,2.61,0.95,44176,0,2,3.35,정상,0,0
GATE-03,PARKING-01,2026-02-04 05:00:00,36.27,3.72,24.08,2.73,0.97,44184,0,2,0,정상,0,0
GATE-03,PARKING-01,2026-02-04 06:00:00,37.86,4.04,24.05,2.82,1,44201,0,2,0,정상,0,0
GATE-03,PARKING-01,2026-02-04 07:00:00,39.69,4.5,23.86,2.71,1.04,44238,1,2,3.4,정상,0,0
GATE-03,PARKING-01,2026-02-04 08:00:00,38.4,4.21,23.72,2.62,1.01,44283,0,2,1.6,정상,0,0
GATE-03,PARKING-01,2026-02-04 09:00:00,41.25,4.55,23.94,2.72,1.32,44331,0,2,0,정상,0,0
GATE-03,PARKING-01,2026-02-04 10:00:00,39.52,4.52,23.77,2.65,1.5,44357,0,2,4.07,정상,0,0
GATE-03,PARKING-01,2026-02-04 11:00:00,40.11,4.1,23.69,2.48,1.28,44371,1,2,11.24,정상,0,0
GATE-03,PARKING-01,2026-02-04 12:00:00,39.56,4.45,24.39,2.68,1.03,44396,0,2,6.73,정상,0,0
GATE-03,PARKING-01,2026-02-04 13:00:00,39.38,4.03,23.86,2.47,1.08,44411,0,2,0,정상,0,0
GATE-03,PARKING-01,2026-02-04 14:00:00,38.25,3.65,23.94,2.68,1.3,44428,0,2,0,정상,0,0
GATE-03,PARKING-01,2026-02-04 15:00:00,39.41,4.66,23.77,2.77,1.08,44449,0,2,1.3,정상,0,0
GATE-03,PARKING-01,2026-02-04 16:00:00,39.02,3.94,23.63,2.39,0.84,44468,1,2,7.26,정상,0,0
GATE-03,PARKING-01,2026-02-04 17:00:00,42.43,4.6,24.22,2.57,1.12,44520,0,2,4.95,정상,0,0
GATE-03,PARKING-01,2026-02-04 18:00:00,41.29,4.35,24.03,2.6,1.07,44578,0,2,0,정상,0,0
GATE-03,PARKING-01,2026-02-04 19:00:00,42.68,4.77,23.48,2.82,0.94,44618,1,2,11.4,정상,0,0
GATE-03,PARKING-01,2026-02-04 20:00:00,42.06,4.6,24.09,2.73,1.34,44653,0,2,0,정상,0,0
GATE-03,PARKING-01,2026-02-04 21:00:00,38.87,4.09,23.45,2.84,0.98,44681,1,2,7.27,정상,0,0
GATE-03,PARKING-01,2026-02-04 22:00:00,37.25,3.92,24.04,2.45,1.01,44702,0,2,0,정상,0,0
GATE-03,PARKING-01,2026-02-04 23:00:00,38.17,3.74,23.91,2.28,1.02,44724,1,2,4.24,정상,0,0
GATE-03,PARKING-01,2026-02-05 00:00:00,37.62,3.58,24.03,2.68,0.9,44725,0,3,0,정상,0,0
GATE-03,PARKING-01,2026-02-05 01:00:00,38.13,4.27,24,2.65,1.13,44734,0,3,0,정상,0,0
GATE-03,PARKING-01,2026-02-05 02:00:00,37.7,3.91,23.86,2.67,0.81,44738,1,3,5.34,정상,0,0
GATE-03,PARKING-01,2026-02-05 03:00:00,36.57,3.21,23.89,2.67,0.96,44741,1,3,5.62,정상,0,0
GATE-03,PARKING-01,2026-02-05 04:00:00,40.09,3.56,24.32,2.93,1.27,44741,0,3,0,정상,0,0
GATE-03,PARKING-01,2026-02-05 05:00:00,37.14,3.51,24.2,2.96,0.8,44741,0,3,1.18,정상,0,0
GATE-03,PARKING-01,2026-02-05 06:00:00,41.11,4.27,23.89,2.67,1.11,44766,0,3,0,정상,0,0
GATE-03,PARKING-01,2026-02-05 07:00:00,42.61,4.87,24.05,2.63,1.51,44812,0,3,3.68,정상,0,0
GATE-03,PARKING-01,2026-02-05 08:00:00,42.37,4.8,24.1,2.78,1.08,44863,0,3,0,정상,0,0
GATE-03,PARKING-01,2026-02-05 09:00:00,45.74,4.66,24.19,2.57,1.27,44908,0,3,5.91,정상,0,0
GATE-03,PARKING-01,2026-02-05 10:00:00,42.41,4.43,24.14,2.64,1.34,44930,0,3,1.98,정상,0,0
GATE-03,PARKING-01,2026-02-05 11:00:00,35.01,3.99,24.48,2.55,1.18,44952,1,3,8.34,정상,0,0
GATE-03,PARKING-01,2026-02-05 12:00:00,37.04,3.91,24,2.89,1.23,44976,0,3,0.98,정상,0,0
GATE-03,PARKING-01,2026-02-05 13:00:00,37.47,4.03,24.38,2.78,0.84,44995,1,3,10.09,정상,0,0
GATE-03,PARKING-01,2026-02-05 14:00:00,37.88,3.97,23.91,2.82,1.07,45020,1,3,8.63,정상,0,0
GATE-03,PARKING-01,2026-02-05 15:00:00,38.98,4,23.72,2.54,1.16,45035,0,3,3.79,정상,0,0
GATE-03,PARKING-01,2026-02-05 16:00:00,38.33,4.09,24.26,2.79,0.97,45057,0,3,0,정상,0,0
GATE-03,PARKING-01,2026-02-05 17:00:00,41.71,4.31,23.95,2.51,1.07,45095,0,3,2.31,정상,0,0
GATE-03,PARKING-01,2026-02-05 18:00:00,39.99,4.61,23.75,2.78,0.92,45137,1,3,4.07,정상,0,0
GATE-03,PARKING-01,2026-02-05 19:00:00,43.01,4.41,23.95,2.52,1.27,45181,0,3,0.53,정상,0,0
GATE-03,PARKING-01,2026-02-05 20:00:00,41.35,3.68,23.7,2.9,1.01,45221,0,3,0,정상,0,0
GATE-03,PARKING-01,2026-02-05 21:00:00,39.09,3.65,23.9,2.48,1.03,45239,0,3,2.11,정상,0,0
GATE-03,PARKING-01,2026-02-05 22:00:00,39.92,4.31,23.97,2.4,1.16,45255,0,3,0,정상,0,0
GATE-03,PARKING-01,2026-02-05 23:00:00,39.83,4.37,24.04,2.61,0.88,45279,0,3,0.3,정상,0,0
GATE-03,PARKING-01,2026-02-06 00:00:00,35.99,3.58,23.9,2.61,1.2,45285,0,4,0.58,정상,0,0
GATE-03,PARKING-01,2026-02-06 01:00:00,34.5,4.33,23.94,2.63,1.27,45285,1,4,4.43,정상,0,0
GATE-03,PARKING-01,2026-02-06 02:00:00,37.03,4.23,23.82,2.88,0.92,45285,0,4,2.61,정상,0,0
GATE-03,PARKING-01,2026-02-06 03:00:00,38.04,3.93,24.06,2.48,1.12,45295,0,4,1.6,정상,0,0
GATE-03,PARKING-01,2026-02-06 04:00:00,34.74,4.05,24.29,2.94,1.1,45295,0,4,0,정상,0,0
GATE-03,PARKING-01,2026-02-06 05:00:00,34.84,3.84,23.74,2.94,1.4,45298,0,4,0,정상,0,0
GATE-03,PARKING-01,2026-02-06 06:00:00,40.43,4.4,24.14,2.87,1.1,45325,0,4,0.48,정상,0,0
GATE-03,PARKING-01,2026-02-06 07:00:00,43.82,4.29,23.95,2.73,1.32,45374,0,4,2.42,정상,0,0
GATE-03,PARKING-01,2026-02-06 08:00:00,41.12,4,24.12,2.98,1.2,45400,0,4,0.95,정상,0,0
GATE-03,PARKING-01,2026-02-06 09:00:00,41.03,4.58,23.9,2.63,1.04,45440,0,4,0,정상,0,0
GATE-03,PARKING-01,2026-02-06 10:00:00,39.37,4.49,24.27,2.68,1.34,45468,0,4,2.72,정상,0,0
GATE-03,PARKING-01,2026-02-06 11:00:00,39.86,3.93,23.76,2.67,1.75,45483,1,4,8.37,정상,0,0
GATE-03,PARKING-01,2026-02-06 12:00:00,37.37,4.49,23.44,2.74,0.94,45507,1,4,7.57,정상,0,0
GATE-03,PARKING-01,2026-02-06 13:00:00,37.8,3.78,24.22,2.65,0.96,45534,0,4,3.32,정상,0,0
GATE-03,PARKING-01,2026-02-06 14:00:00,40.53,4.66,23.77,2.57,1.08,45567,0,4,1.42,정상,0,0
GATE-03,PARKING-01,2026-02-06 15:00:00,40.63,4.15,24.23,2.68,1.1,45593,0,4,1.67,정상,0,0
GATE-03,PARKING-01,2026-02-06 16:00:00,38.51,4.51,24.1,2.72,1.05,45609,1,4,3.79,정상,0,0
GATE-03,PARKING-01,2026-02-06 17:00:00,40.28,4.35,24.12,2.65,1.04,45653,1,4,5.66,정상,0,0
GATE-03,PARKING-01,2026-02-06 18:00:00,43.57,4.64,24.06,2.93,1.46,45701,0,4,2.28,정상,0,0
GATE-03,PARKING-01,2026-02-06 19:00:00,42.05,4.52,23.97,2.54,1.12,45730,0,4,2.61,정상,0,0
GATE-03,PARKING-01,2026-02-06 20:00:00,40.87,4.61,24.07,2.94,1.26,45773,1,4,4.83,정상,0,0
GATE-03,PARKING-01,2026-02-06 21:00:00,39.9,4.18,24.3,2.67,0.94,45794,1,4,3.01,정상,0,0
GATE-03,PARKING-01,2026-02-06 22:00:00,41.76,4.63,23.98,2.8,0.93,45825,0,4,0,정상,0,0
GATE-03,PARKING-01,2026-02-06 23:00:00,39.17,3.73,23.84,2.62,1.27,45844,0,4,1.49,정상,0,0
GATE-03,PARKING-01,2026-02-07 00:00:00,40.26,3.71,24.13,2.64,1.42,45853,0,5,0.97,정상,0,0
GATE-03,PARKING-01,2026-02-07 01:00:00,39.81,4.33,24,2.91,0.88,45862,0,5,0.14,정상,0,0
GATE-03,PARKING-01,2026-02-07 02:00:00,37.72,4.29,24.09,2.54,1.41,45868,0,5,1.81,정상,0,0
GATE-03,PARKING-01,2026-02-07 03:00:00,38.35,3.79,24.08,3.08,0.83,45869,1,5,7.64,정상,0,0
GATE-03,PARKING-01,2026-02-07 04:00:00,39.24,3.79,23.68,2.71,1.07,45873,0,5,0,정상,0,0
GATE-03,PARKING-01,2026-02-07 05:00:00,36.75,3.33,24.03,2.81,1.43,45873,0,5,3.32,정상,0,0
GATE-03,PARKING-01,2026-02-07 06:00:00,39.74,5.06,23.81,2.84,1.57,45901,0,5,2.96,정상,0,0
GATE-03,PARKING-01,2026-02-07 07:00:00,43.61,4.45,23.34,2.87,1.55,45944,0,5,10.42,정상,0,0
GATE-03,PARKING-01,2026-02-07 08:00:00,45.3,5.15,23.69,3.16,1.5,45996,0,5,10.18,정상,0,0
GATE-03,PARKING-01,2026-02-07 09:00:00,40.62,4.42,23.45,3.24,1.65,46031,0,5,5.21,정상,0,0
GATE-03,PARKING-01,2026-02-07 10:00:00,40.81,5.44,24.21,3.37,1.6,46055,1,5,13.45,정상,0,0
GATE-03,PARKING-01,2026-02-07 11:00:00,40.34,4.43,23.49,3.2,1.75,46072,0,5,5.38,정상,0,0
GATE-03,PARKING-01,2026-02-07 12:00:00,40.24,4.82,23.8,3.39,1.93,46096,0,5,9.09,정상,0,0
GATE-03,PARKING-01,2026-02-07 13:00:00,39.18,4.85,24.12,3.29,1.72,46110,0,5,8.37,정상,0,0
GATE-03,PARKING-01,2026-02-07 14:00:00,43.1,5.06,23.66,3.24,1.83,46130,1,5,17.24,정상,0,0
GATE-03,PARKING-01,2026-02-07 15:00:00,44.4,5.35,24.23,3.55,2.01,46158,0,5,16.96,정상,0,0
GATE-03,PARKING-01,2026-02-07 16:00:00,44.59,5.02,23.35,3.66,2.15,46185,0,5,21.25,정상,0,0
GATE-03,PARKING-01,2026-02-07 17:00:00,45.55,5.51,23.3,3.42,2.32,46234,1,5,26.63,정상,0,0
GATE-03,PARKING-01,2026-02-07 18:00:00,43.35,6.07,23.42,3.97,2.29,46273,2,5,40.09,주의,0,0
GATE-03,PARKING-01,2026-02-07 19:00:00,47.42,5.99,23.87,3.45,2.63,46308,0,5,29.21,정상,0,0
GATE-03,PARKING-01,2026-02-07 20:00:00,47.85,5.68,23.44,3.77,2.59,46356,1,5,35.98,정상,0,0
GATE-03,PARKING-01,2026-02-07 21:00:00,44.01,5.49,23.65,3.93,2.55,46376,2,5,36.89,정상,0,0
GATE-03,PARKING-01,2026-02-07 22:00:00,43.57,5.78,23.58,3.67,2.79,46399,1,5,28.17,정상,0,0
GATE-03,PARKING-01,2026-02-07 23:00:00,44.46,5.93,23.47,3.55,2.8,46415,0,5,27.46,정상,0,0
GATE-03,PARKING-01,2026-02-08 00:00:00,43.61,5.86,23.11,4.07,2.86,46419,2,6,41.09,주의,0,0
GATE-03,PARKING-01,2026-02-08 01:00:00,45.56,5.48,23.32,3.92,2.86,46432,0,6,30.98,정상,0,0
GATE-03,PARKING-01,2026-02-08 02:00:00,44.22,6.29,23.73,3.88,2.92,46436,1,6,36.32,정상,0,0
GATE-03,PARKING-01,2026-02-08 03:00:00,44.92,6.14,23.38,3.89,2.95,46439,3,6,46.42,주의,0,0
GATE-03,PARKING-01,2026-02-08 04:00:00,46.95,5.73,23.57,3.99,3.15,46442,2,6,44.59,주의,0,0
GATE-03,PARKING-01,2026-02-08 05:00:00,44.51,6.61,23.54,4.38,3.13,46447,2,6,50.02,주의,0,0
GATE-03,PARKING-01,2026-02-08 06:00:00,49.59,6.8,23.9,4.44,3.3,46466,2,6,60.98,주의,0,0
GATE-03,PARKING-01,2026-02-08 07:00:00,51.06,7.04,23.15,4.33,3.19,46499,2,6,63.29,주의,0,0
GATE-03,PARKING-01,2026-02-08 08:00:00,53.99,7.66,23.36,4.26,3.23,46556,3,6,71.6,주의,0,0
GATE-03,PARKING-01,2026-02-08 09:00:00,50.74,6.54,22.76,4.39,3.56,46590,3,6,65.17,주의,0,0
GATE-03,PARKING-01,2026-02-08 10:00:00,50.37,7,23.23,4.43,3.44,46615,3,6,70.89,주의,0,0
GATE-03,PARKING-01,2026-02-08 11:00:00,49.35,6.85,23.93,4.44,3.33,46637,4,6,66.81,주의,0,0
GATE-03,PARKING-01,2026-02-08 12:00:00,52.58,6.99,23.16,4.51,3.86,46660,4,6,77.97,주의,0,0
GATE-03,PARKING-01,2026-02-08 13:00:00,49.44,7.19,23.39,4.53,3.83,46675,3,6,72,주의,0,0
GATE-03,PARKING-01,2026-02-08 14:00:00,52.55,7.29,22.82,4.89,3.87,46694,4,6,88.59,주의,0,0
GATE-03,PARKING-01,2026-02-08 15:00:00,52.42,7.23,22.66,4.57,4.18,46716,3,6,79.4,주의,0,0
GATE-03,PARKING-01,2026-02-08 16:00:00,55.57,7.27,23.61,4.79,3.94,46737,3,6,80.03,주의,0,0
GATE-03,PARKING-01,2026-02-08 17:00:00,43.7,4.63,24,2.73,1.41,46780,1,6,8.8,정상,0,0
GATE-03,PARKING-01,2026-02-08 18:00:00,42.12,4.27,24.12,2.98,1.65,46815,0,6,3.28,정상,0,0
GATE-03,PARKING-01,2026-02-08 19:00:00,39.26,4.76,24.4,2.79,1.32,46858,0,6,5.75,정상,0,0
GATE-03,PARKING-01,2026-02-08 20:00:00,44.86,4.85,23.29,2.7,0.85,46910,0,6,9.76,정상,0,0
GATE-03,PARKING-01,2026-02-08 21:00:00,40.88,4.29,23.89,2.75,1.27,46935,0,6,1.34,정상,0,0
GATE-03,PARKING-01,2026-02-08 22:00:00,39.58,4.45,23.93,3,1.2,46959,0,6,0,정상,0,0
GATE-03,PARKING-01,2026-02-08 23:00:00,39.68,4.11,23.84,2.74,1.22,46993,0,6,0.35,정상,0,0
GATE-03,PARKING-01,2026-02-09 00:00:00,35.37,3.79,23.92,2.65,1.09,46997,0,7,0.03,정상,0,0
GATE-03,PARKING-01,2026-02-09 01:00:00,35.72,3.84,23.57,2.76,1.16,47000,0,7,0.66,정상,0,0
GATE-03,PARKING-01,2026-02-09 02:00:00,37.21,4.24,24.43,2.57,1.34,47000,0,7,3.86,정상,0,0
GATE-03,PARKING-01,2026-02-09 03:00:00,37.79,4.48,23.98,2.67,1.28,47006,0,7,1.33,정상,0,0
GATE-03,PARKING-01,2026-02-09 04:00:00,37.16,3.84,23.8,2.79,1.22,47006,0,7,0,정상,0,0
GATE-03,PARKING-01,2026-02-09 05:00:00,38.62,3.76,24.04,2.74,1.4,47009,0,7,0,정상,0,0
GATE-03,PARKING-01,2026-02-09 06:00:00,40.3,4.05,23.98,2.78,1.08,47033,0,7,0,정상,0,0
GATE-03,PARKING-01,2026-02-09 07:00:00,42.18,4.56,24.34,2.82,1.16,47088,0,7,0.62,정상,0,0
GATE-03,PARKING-01,2026-02-09 08:00:00,42.29,4.32,23.93,2.8,0.97,47127,0,7,0.27,정상,0,0
GATE-03,PARKING-01,2026-02-09 09:00:00,42.25,4.54,24.47,2.75,1.23,47164,0,7,2.81,정상,0,0
GATE-03,PARKING-01,2026-02-09 10:00:00,39.66,4.42,23.85,2.53,1.52,47188,0,7,1.37,정상,0,0
GATE-03,PARKING-01,2026-02-09 11:00:00,37.85,3.97,23.89,2.87,1.19,47219,0,7,3.02,정상,0,0
GATE-03,PARKING-01,2026-02-09 12:00:00,39.36,3.94,23.96,2.79,1.32,47232,0,7,0,정상,0,0
GATE-03,PARKING-01,2026-02-09 13:00:00,40.13,4.19,23.97,2.84,1.1,47250,0,7,1.13,정상,0,0
GATE-03,PARKING-01,2026-02-09 14:00:00,41.95,4.51,24.32,2.83,0.8,47269,1,7,6.08,정상,0,0
GATE-03,PARKING-01,2026-02-09 15:00:00,39.61,4.51,23.24,2.63,1.21,47296,0,7,5.03,정상,0,0
GATE-03,PARKING-01,2026-02-09 16:00:00,40.02,4.59,23.61,2.86,0.96,47318,0,7,1.98,정상,0,0
GATE-03,PARKING-01,2026-02-09 17:00:00,42.44,4.37,24.11,2.74,1.27,47355,0,7,2.67,정상,0,0
GATE-03,PARKING-01,2026-02-09 18:00:00,41.68,4.73,23.82,2.87,1.52,47397,1,7,10.46,정상,0,0
GATE-03,PARKING-01,2026-02-09 19:00:00,42.85,5.49,24.03,2.65,1.39,47449,0,7,8.81,정상,0,0
GATE-03,PARKING-01,2026-02-09 20:00:00,40.72,4.4,23.81,2.85,1.34,47485,0,7,3.39,정상,0,0
GATE-03,PARKING-01,2026-02-09 21:00:00,40.83,4.41,23.72,2.71,1.19,47516,1,7,7,정상,0,0
GATE-03,PARKING-01,2026-02-09 22:00:00,39.61,3.85,24.24,2.92,1.37,47534,0,7,3.61,정상,0,0
GATE-03,PARKING-01,2026-02-09 23:00:00,39.52,4.19,24.01,2.73,0.94,47552,1,7,7.81,정상,0,0
GATE-03,PARKING-01,2026-02-10 00:00:00,38.25,4.54,24.25,2.81,1.54,47561,0,8,5.87,정상,0,0
GATE-03,PARKING-01,2026-02-10 01:00:00,36.22,3.67,23.67,2.64,1.11,47562,0,8,1.2,정상,0,0
GATE-03,PARKING-01,2026-02-10 02:00:00,36.4,4.52,24,2.5,1.23,47567,0,8,0,정상,0,0
GATE-03,PARKING-01,2026-02-10 03:00:00,39.52,4.3,23.82,3.08,1.28,47571,0,8,2.38,정상,0,0
GATE-03,PARKING-01,2026-02-10 04:00:00,36.42,3.95,24.44,2.78,1.38,47574,0,8,4.73,정상,0,0
GATE-03,PARKING-01,2026-02-10 05:00:00,39.11,4.76,24.24,2.82,1.28,47578,0,8,3.15,정상,0,0
GATE-03,PARKING-01,2026-02-10 06:00:00,40.43,4.54,23.86,2.57,1.14,47601,0,8,2.63,정상,0,0
GATE-03,PARKING-01,2026-02-10 07:00:00,38.7,5.34,24.45,2.87,1.43,47647,0,8,7.45,정상,0,0
GATE-03,PARKING-01,2026-02-10 08:00:00,41.3,4.98,23.62,2.9,1.65,47687,0,8,4.36,정상,0,0
GATE-03,PARKING-01,2026-02-10 09:00:00,46.83,5,23.89,2.78,1.31,47743,0,8,8.56,정상,0,0
GATE-03,PARKING-01,2026-02-10 10:00:00,38.69,4.32,23.66,2.7,1.45,47759,0,8,6.62,정상,0,0
GATE-03,PARKING-01,2026-02-10 11:00:00,38.83,4.94,23.81,2.7,1.45,47783,0,8,5.47,정상,0,0
GATE-03,PARKING-01,2026-02-10 12:00:00,41.75,4.33,23.99,2.71,1.21,47798,1,8,3.27,정상,0,0
GATE-03,PARKING-01,2026-02-10 13:00:00,39.82,4.13,23.53,2.88,1.35,47819,1,8,7.86,정상,0,0
GATE-03,PARKING-01,2026-02-10 14:00:00,39.26,4.43,23.75,2.78,1.5,47839,0,8,3.66,정상,0,0
GATE-03,PARKING-01,2026-02-10 15:00:00,40.11,4.1,23.48,3.06,1.51,47860,0,8,3.2,정상,0,0
GATE-03,PARKING-01,2026-02-10 16:00:00,40.32,4.16,23.64,3.01,1.26,47882,1,8,8.69,정상,0,0
GATE-03,PARKING-01,2026-02-10 17:00:00,37.85,4.99,23.45,2.81,1.37,47926,0,8,7.95,정상,0,0
GATE-03,PARKING-01,2026-02-10 18:00:00,40.23,4.26,23.81,2.76,1.22,47971,0,8,0,정상,0,0
GATE-03,PARKING-01,2026-02-10 19:00:00,41.78,4.58,24.1,2.86,1.34,48016,1,8,6.77,정상,0,0
GATE-03,PARKING-01,2026-02-10 20:00:00,43.66,4.68,24.03,2.81,1.04,48052,1,8,10.22,정상,0,0
GATE-03,PARKING-01,2026-02-10 21:00:00,42.86,4.46,23.7,2.63,1.05,48076,1,8,6.8,정상,0,0
GATE-03,PARKING-01,2026-02-10 22:00:00,38.24,4.2,24,3.4,1.16,48095,1,8,8.23,정상,0,0
GATE-03,PARKING-01,2026-02-10 23:00:00,38.88,4.31,23.77,2.79,1.58,48113,1,8,6.3,정상,0,0
GATE-03,PARKING-01,2026-02-11 00:00:00,41.25,4.23,23.73,2.66,1.5,48120,0,9,2.22,정상,0,0
GATE-03,PARKING-01,2026-02-11 01:00:00,36.2,3.86,24.31,2.61,1.35,48125,0,9,0.21,정상,0,0
GATE-03,PARKING-01,2026-02-11 02:00:00,38.82,4.17,23.54,2.57,1.29,48133,0,9,4.15,정상,0,0
GATE-03,PARKING-01,2026-02-11 03:00:00,33.62,3.84,23.62,2.93,1.25,48134,0,9,2.4,정상,0,0
GATE-03,PARKING-01,2026-02-11 04:00:00,36.72,4.13,24.15,2.6,1.44,48135,0,9,1.11,정상,0,0
GATE-03,PARKING-01,2026-02-11 05:00:00,37.54,4.4,23.7,3.1,1.43,48141,0,9,3.2,정상,0,0
GATE-03,PARKING-01,2026-02-11 06:00:00,40.97,4.27,23.88,2.91,1.52,48168,0,9,0.11,정상,0,0
GATE-03,PARKING-01,2026-02-11 07:00:00,44.15,5.09,23.84,3.11,1.29,48223,0,9,10.11,정상,0,0
GATE-03,PARKING-01,2026-02-11 08:00:00,44.58,4.78,24.34,2.58,1.67,48274,0,9,9.66,정상,0,0
GATE-03,PARKING-01,2026-02-11 09:00:00,41.55,4.79,23.95,2.79,1.43,48305,1,9,9.5,정상,0,0
GATE-03,PARKING-01,2026-02-11 10:00:00,37.93,4.44,24.04,2.55,1.29,48327,0,9,1.43,정상,0,0
GATE-03,PARKING-01,2026-02-11 11:00:00,42.66,3.88,23.43,3,1.17,48354,0,9,0.4,정상,0,0
GATE-03,PARKING-01,2026-02-11 12:00:00,36.53,3.84,23.99,2.59,1.56,48381,0,9,0.45,정상,0,0
GATE-03,PARKING-01,2026-02-11 13:00:00,39.5,3.99,23.57,2.84,1.5,48398,0,9,5.49,정상,0,0
GATE-03,PARKING-01,2026-02-11 14:00:00,40.91,4.4,24.15,2.47,1.2,48425,0,9,0,정상,0,0
GATE-03,PARKING-01,2026-02-11 15:00:00,39.34,4.33,23.79,2.65,1.57,48449,0,9,0.68,정상,0,0
GATE-04,PARKING-02,2026-01-01 00:00:00,34.2,3.33,24.57,2.37,0.7,59477,0,7,0.85,정상,0,0
GATE-04,PARKING-02,2026-01-01 01:00:00,34.45,2.98,23.96,2.31,0.75,59483,0,7,3.18,정상,0,0
GATE-04,PARKING-02,2026-01-01 02:00:00,34.9,3.13,24.82,2.57,0.84,59487,0,7,3.14,정상,0,0
GATE-04,PARKING-02,2026-01-01 03:00:00,34.75,3.89,24.07,2.14,0.48,59498,1,7,3.7,정상,0,0
GATE-04,PARKING-02,2026-01-01 04:00:00,30.38,3.22,24.09,2.14,0.49,59500,1,7,4.62,정상,0,0
GATE-04,PARKING-02,2026-01-01 05:00:00,37.01,3.07,24.16,2.3,0.96,59501,1,7,2.29,정상,0,0
GATE-04,PARKING-02,2026-01-01 06:00:00,37.33,3.85,24.02,2.28,0.58,59525,0,7,0,정상,0,0
GATE-04,PARKING-02,2026-01-01 07:00:00,41.47,3.88,23.81,2.43,0.68,59574,0,7,0,정상,0,0
GATE-04,PARKING-02,2026-01-01 08:00:00,39.2,4.62,24.37,2.32,0.47,59623,1,7,4.96,정상,0,0
GATE-04,PARKING-02,2026-01-01 09:00:00,38.49,4.02,24.06,2.43,0.43,59665,1,7,3.67,정상,0,0
GATE-04,PARKING-02,2026-01-01 10:00:00,34.76,3.67,23.52,2.29,0.48,59688,0,7,3.44,정상,0,0
GATE-04,PARKING-02,2026-01-01 11:00:00,37.28,3.73,24.18,2.45,0.56,59711,0,7,0.66,정상,0,0
GATE-04,PARKING-02,2026-01-01 12:00:00,36.32,3.69,24.53,2.33,0.37,59725,0,7,0,정상,0,0
GATE-04,PARKING-02,2026-01-01 13:00:00,34.3,3.65,24.53,2.43,0.69,59745,0,7,2.91,정상,0,0
GATE-04,PARKING-02,2026-01-01 14:00:00,36.49,3.46,23.95,2.16,0.51,59764,0,7,1.9,정상,0,0
GATE-04,PARKING-02,2026-01-01 15:00:00,35.73,3.7,24.05,2.32,0.51,59790,1,7,4.16,정상,0,0
GATE-04,PARKING-02,2026-01-01 16:00:00,33.34,3.66,24.33,2.45,0.52,59799,1,7,8.22,정상,0,0
GATE-04,PARKING-02,2026-01-01 17:00:00,42.17,4.1,24.21,2.33,0.58,59836,0,7,1.73,정상,0,0
GATE-04,PARKING-02,2026-01-01 18:00:00,41.11,3.38,24.06,2.13,0.75,59877,1,7,6.29,정상,0,0
GATE-04,PARKING-02,2026-01-01 19:00:00,37.56,3.8,23.88,2.29,0.78,59911,0,7,0,정상,0,0
GATE-04,PARKING-02,2026-01-01 20:00:00,39.44,4.58,23.92,2.3,0.56,59962,0,7,0,정상,0,0
GATE-04,PARKING-02,2026-01-01 21:00:00,38.28,4.33,24.27,2.31,0.55,59997,0,7,0,정상,0,0
GATE-04,PARKING-02,2026-01-01 22:00:00,35.85,3.54,24.46,2.26,0.6,60017,0,7,1.35,정상,0,0
GATE-04,PARKING-02,2026-01-01 23:00:00,34.16,3.77,24.3,2.34,0.49,60046,0,7,3.58,정상,0,0
GATE-04,PARKING-02,2026-01-02 00:00:00,37.28,3.38,23.78,2.01,0.64,60057,1,8,3.75,정상,0,0
GATE-04,PARKING-02,2026-01-02 01:00:00,33.26,3.28,23.85,2.25,0.72,60058,0,8,0,정상,0,0
GATE-04,PARKING-02,2026-01-02 02:00:00,37.16,3.15,24.3,2.53,0.59,60066,2,8,14.1,정상,0,0
GATE-04,PARKING-02,2026-01-02 03:00:00,32.98,3.19,24.29,2.46,0.38,60071,0,8,5,정상,0,0
GATE-04,PARKING-02,2026-01-02 04:00:00,35.02,3.05,24.05,2.47,0.58,60077,0,8,0.7,정상,0,0
GATE-04,PARKING-02,2026-01-02 05:00:00,35.27,2.85,23.99,2.6,0.6,60082,0,8,0.9,정상,0,0
GATE-04,PARKING-02,2026-01-02 06:00:00,37.49,3.48,23.87,2.7,0.74,60101,2,8,8.82,정상,0,0
GATE-04,PARKING-02,2026-01-02 07:00:00,41,4.03,23.93,2.39,0.6,60157,1,8,2.35,정상,0,0
GATE-04,PARKING-02,2026-01-02 08:00:00,39.14,4.04,24.68,2.45,0.56,60198,0,8,5.33,정상,0,0
GATE-04,PARKING-02,2026-01-02 09:00:00,39.3,3.72,24.07,2.49,0.54,60239,0,8,0,정상,0,0
GATE-04,PARKING-02,2026-01-02 10:00:00,35.5,3.6,24.3,2.53,0.78,60260,0,8,3.46,정상,0,0
GATE-04,PARKING-02,2026-01-02 11:00:00,34.52,3.12,24.05,2.33,0.83,60285,0,8,0,정상,0,0
GATE-04,PARKING-02,2026-01-02 12:00:00,35.71,3.08,23.86,2.35,0.58,60298,0,8,1.91,정상,0,0
GATE-04,PARKING-02,2026-01-02 13:00:00,36.36,3.15,24.05,2.49,0.82,60316,1,8,3.24,정상,0,0
GATE-04,PARKING-02,2026-01-02 14:00:00,37.86,3.15,24.46,2.46,0.58,60340,0,8,0,정상,0,0
GATE-04,PARKING-02,2026-01-02 15:00:00,36.67,3.92,23.76,2.57,0.81,60361,1,8,4.67,정상,0,0
GATE-04,PARKING-02,2026-01-02 16:00:00,37.21,4.06,24.45,2.31,0.54,60390,0,8,4.96,정상,0,0
GATE-04,PARKING-02,2026-01-02 17:00:00,37.42,3.93,24.19,2.46,0.58,60438,1,8,4.82,정상,0,0
GATE-04,PARKING-02,2026-01-02 18:00:00,38.07,4.19,24.33,2.55,0.3,60489,0,8,0,정상,0,0
GATE-04,PARKING-02,2026-01-02 19:00:00,38.52,4.17,24.33,2.42,0.31,60538,0,8,5.27,정상,0,0
GATE-04,PARKING-02,2026-01-02 20:00:00,38,3.74,24.23,2.28,0.32,60574,0,8,1.13,정상,0,0
GATE-04,PARKING-02,2026-01-02 21:00:00,35.92,3.17,24.19,2.4,0.78,60588,1,8,7.5,정상,0,0
GATE-04,PARKING-02,2026-01-02 22:00:00,35.36,3.67,23.81,2.44,0.52,60608,0,8,2.75,정상,0,0
GATE-04,PARKING-02,2026-01-02 23:00:00,37.86,3.38,24.16,2.3,0.64,60627,0,8,0.14,정상,0,0
GATE-04,PARKING-02,2026-01-03 00:00:00,35.94,3.67,23.97,2.36,0.83,60631,1,9,5.84,정상,0,0
GATE-04,PARKING-02,2026-01-03 01:00:00,34.67,2.87,24,2.26,0.55,60632,1,9,6.94,정상,0,0
GATE-04,PARKING-02,2026-01-03 02:00:00,34.81,2.92,24.1,2.5,0.95,60637,0,9,0,정상,0,0
GATE-04,PARKING-02,2026-01-03 03:00:00,35.5,2.51,24.18,2.35,0.75,60642,0,9,0.52,정상,0,0
GATE-04,PARKING-02,2026-01-03 04:00:00,35.01,3.41,23.87,2.2,0.31,60645,1,9,9.9,정상,0,0
GATE-04,PARKING-02,2026-01-03 05:00:00,35.17,3.83,24.4,2.58,0.6,60654,0,9,0.81,정상,0,0
GATE-04,PARKING-02,2026-01-03 06:00:00,33.88,3.04,23.74,2.44,0.81,60668,0,9,0,정상,0,0
GATE-04,PARKING-02,2026-01-03 07:00:00,34.88,4.33,24.18,2.47,0.66,60710,0,9,0,정상,0,0
GATE-04,PARKING-02,2026-01-03 08:00:00,39.48,4.18,24.8,2.29,0.83,60752,0,9,1.68,정상,0,0
GATE-04,PARKING-02,2026-01-03 09:00:00,39.2,4,24.14,2.33,0.59,60794,1,9,5.3,정상,0,0
GATE-04,PARKING-02,2026-01-03 10:00:00,36.01,3.62,24.29,2.19,0.66,60815,0,9,5.31,정상,0,0
GATE-04,PARKING-02,2026-01-03 11:00:00,38.08,4.08,24.7,2.16,0.72,60839,0,9,4.71,정상,0,0
GATE-04,PARKING-02,2026-01-03 12:00:00,34.42,4.22,24.99,2.13,0.69,60863,0,9,5.01,정상,0,0
GATE-04,PARKING-02,2026-01-03 13:00:00,38.23,4.06,23.75,2.27,0.77,60885,0,9,0.5,정상,0,0
GATE-04,PARKING-02,2026-01-03 14:00:00,38.29,3.52,23.96,2.56,0.6,60900,1,9,4.39,정상,0,0
GATE-04,PARKING-02,2026-01-03 15:00:00,37.94,3.71,24.41,1.96,0.62,60925,1,9,8.01,정상,0,0
GATE-04,PARKING-02,2026-01-03 16:00:00,38.47,3.44,24.19,2.27,0.42,60953,0,9,0,정상,0,0
GATE-04,PARKING-02,2026-01-03 17:00:00,34.71,3.83,24,2.21,0.89,60987,1,9,4.57,정상,0,0
GATE-04,PARKING-02,2026-01-03 18:00:00,36.96,4.03,24.05,2.38,0.56,61020,0,9,0.26,정상,0,0
GATE-04,PARKING-02,2026-01-03 19:00:00,38.33,4.03,24.06,2.52,0.63,61071,0,9,0,정상,0,0
GATE-04,PARKING-02,2026-01-03 20:00:00,38.32,4.51,24.37,2.03,0.85,61119,0,9,1.92,정상,0,0
GATE-04,PARKING-02,2026-01-03 21:00:00,37.65,3.49,23.8,2.55,0.49,61144,1,9,4.22,정상,0,0
GATE-04,PARKING-02,2026-01-03 22:00:00,36.25,3.71,23.79,2.25,0.94,61174,0,9,0.69,정상,0,0
GATE-04,PARKING-02,2026-01-03 23:00:00,37.49,3.8,24.24,2.41,0.84,61204,0,9,0,정상,0,0
GATE-04,PARKING-02,2026-01-04 00:00:00,33.13,3.16,24.38,2.27,0.84,61206,0,10,2.72,정상,0,0
GATE-04,PARKING-02,2026-01-04 01:00:00,33.55,3.03,24.07,2.09,0.91,61206,1,10,9.83,정상,0,0
GATE-04,PARKING-02,2026-01-04 02:00:00,32.63,3.27,24.3,2.43,0.91,61215,1,10,7.35,정상,0,0
GATE-04,PARKING-02,2026-01-04 03:00:00,34.25,2.83,24.2,2.35,0.73,61218,0,10,0,정상,0,0
GATE-04,PARKING-02,2026-01-04 04:00:00,33.05,3.36,24.16,2.45,0.7,61221,0,10,0,정상,0,0
GATE-04,PARKING-02,2026-01-04 05:00:00,34.21,3.2,23.7,2.3,0.15,61221,0,10,3.12,정상,0,0
GATE-04,PARKING-02,2026-01-04 06:00:00,38.09,4.13,23.86,2.3,0.6,61251,0,10,0,정상,0,0
GATE-04,PARKING-02,2026-01-04 07:00:00,38.01,3.63,24.2,2.42,0.55,61295,0,10,0.38,정상,0,0
GATE-04,PARKING-02,2026-01-04 08:00:00,40.49,4.16,24.03,2.47,0.39,61344,0,10,0,정상,0,0
GATE-04,PARKING-02,2026-01-04 09:00:00,38.95,3.85,23.98,2.43,0.45,61391,0,10,4.24,정상,0,0
GATE-04,PARKING-02,2026-01-04 10:00:00,36.57,3.29,24.23,2.28,0.7,61416,0,10,3.9,정상,0,0
GATE-04,PARKING-02,2026-01-04 11:00:00,37.03,3.99,24.19,2.1,0.69,61438,0,10,1.13,정상,0,0
GATE-04,PARKING-02,2026-01-04 12:00:00,36.37,3.21,24.41,2.45,0.55,61458,0,10,1.08,정상,0,0
GATE-04,PARKING-02,2026-01-04 13:00:00,37.04,3.11,24.13,2.32,0.81,61475,1,10,8,정상,0,0
GATE-04,PARKING-02,2026-01-04 14:00:00,35.49,4.23,24.03,2.5,0.64,61496,0,10,0,정상,0,0
GATE-04,PARKING-02,2026-01-04 15:00:00,36.53,3.57,24.04,2.07,0.83,61516,0,10,3.09,정상,0,0
GATE-04,PARKING-02,2026-01-04 16:00:00,35.37,3,24.17,1.98,1.03,61529,0,10,3.65,정상,0,0
GATE-04,PARKING-02,2026-01-04 17:00:00,37.26,4.15,24.08,2.33,0.33,61577,0,10,0,정상,0,0
GATE-04,PARKING-02,2026-01-04 18:00:00,39.98,4.52,24.03,2.45,0.64,61625,0,10,1.05,정상,0,0
GATE-04,PARKING-02,2026-01-04 19:00:00,39.73,3.81,24.15,2.28,0.73,61666,2,10,13.96,정상,0,0
GATE-04,PARKING-02,2026-01-04 20:00:00,39.28,4.5,24.02,2.26,0.65,61706,0,10,0,정상,0,0
GATE-04,PARKING-02,2026-01-04 21:00:00,33.21,3.82,23.99,2.54,0.89,61728,0,10,0,정상,0,0
GATE-04,PARKING-02,2026-01-04 22:00:00,36.18,3.97,24.12,2.44,0.48,61754,1,10,7.2,정상,0,0
GATE-04,PARKING-02,2026-01-04 23:00:00,36.43,4.26,24.51,2.22,0.54,61780,0,10,6.16,정상,0,0
GATE-04,PARKING-02,2026-01-05 00:00:00,34.22,3.72,23.86,2.57,0.42,61786,0,11,0,정상,0,0
GATE-04,PARKING-02,2026-01-05 01:00:00,36.51,3.19,24.3,2.17,0.53,61793,0,11,2.09,정상,0,0
GATE-04,PARKING-02,2026-01-05 02:00:00,35.76,3.29,24.08,2.31,0.79,61798,0,11,0.37,정상,0,0
GATE-04,PARKING-02,2026-01-05 03:00:00,36.34,3.17,23.66,2.61,0.79,61806,0,11,3.69,정상,0,0
GATE-04,PARKING-02,2026-01-05 04:00:00,33.06,3.17,23.71,2.29,0.87,61806,0,11,1.91,정상,0,0
GATE-04,PARKING-02,2026-01-05 05:00:00,33.6,3.61,24.06,2.64,0.62,61813,0,11,0,정상,0,0
GATE-04,PARKING-02,2026-01-05 06:00:00,34.57,3.21,23.93,2.63,0.51,61836,0,11,0.01,정상,0,0
GATE-04,PARKING-02,2026-01-05 07:00:00,37.45,3.61,24.44,2.38,0.77,61862,1,11,13.25,정상,0,0
GATE-04,PARKING-02,2026-01-05 08:00:00,38.43,3.93,24.18,2.31,0.53,61905,0,11,0.48,정상,0,0
GATE-04,PARKING-02,2026-01-05 09:00:00,38.49,3.75,24.01,2.35,0.73,61932,0,11,2.45,정상,0,0
GATE-04,PARKING-02,2026-01-05 10:00:00,35.43,3.12,24.03,2.5,0.72,61946,0,11,0.71,정상,0,0
GATE-04,PARKING-02,2026-01-05 11:00:00,35.69,3.46,24.07,2.54,0.65,61964,0,11,0,정상,0,0
GATE-04,PARKING-02,2026-01-05 12:00:00,37.23,3.15,24.03,2.17,0.7,61993,1,11,2.95,정상,0,0
GATE-04,PARKING-02,2026-01-05 13:00:00,38.79,3.92,24.27,2.2,0.67,62016,0,11,0.52,정상,0,0
GATE-04,PARKING-02,2026-01-05 14:00:00,34.35,3.3,24.27,2.21,0.81,62042,0,11,3.55,정상,0,0
GATE-04,PARKING-02,2026-01-05 15:00:00,36.65,4.25,24.34,2.38,0.44,62065,0,11,2.76,정상,0,0
GATE-04,PARKING-02,2026-01-05 16:00:00,36.43,2.97,23.78,2.31,0.46,62080,0,11,2.73,정상,0,0
GATE-04,PARKING-02,2026-01-05 17:00:00,39.29,3.9,24.14,2.12,0.55,62122,0,11,0,정상,0,0
GATE-04,PARKING-02,2026-01-05 18:00:00,39.68,4.86,23.61,2.44,0.6,62162,1,11,8.32,정상,0,0
GATE-04,PARKING-02,2026-01-05 19:00:00,37.45,3.09,24.6,2.34,0.68,62203,0,11,3.51,정상,0,0
GATE-04,PARKING-02,2026-01-05 20:00:00,40.77,4.26,23.97,2.5,0.83,62242,1,11,1.39,정상,0,0
GATE-04,PARKING-02,2026-01-05 21:00:00,36.87,3.81,23.76,2.43,0.6,62254,0,11,0,정상,0,0
GATE-04,PARKING-02,2026-01-05 22:00:00,36.67,4.22,24.29,2.53,0.35,62279,0,11,1.66,정상,0,0
GATE-04,PARKING-02,2026-01-05 23:00:00,36.76,3.57,24.38,2.51,0.5,62301,0,11,2.42,정상,0,0
GATE-04,PARKING-02,2026-01-06 00:00:00,36.07,3.37,23.52,2.14,0.32,62310,0,12,1.38,정상,0,0
GATE-04,PARKING-02,2026-01-06 01:00:00,35.66,3.02,24.21,2.31,0.7,62315,1,12,7.21,정상,0,0
GATE-04,PARKING-02,2026-01-06 02:00:00,36.83,3.45,23.87,2.39,0.53,62319,1,12,6.32,정상,0,0
GATE-04,PARKING-02,2026-01-06 03:00:00,32.09,3.19,24.06,2.45,0.97,62320,1,12,6.64,정상,0,0
GATE-04,PARKING-02,2026-01-06 04:00:00,34.84,2.67,23.8,2.51,0.6,62321,1,12,1.76,정상,0,0
GATE-04,PARKING-02,2026-01-06 05:00:00,36.46,3.32,23.87,2.28,0.55,62328,1,12,4.05,정상,0,0
GATE-04,PARKING-02,2026-01-06 06:00:00,34.87,3.43,24.19,2.32,0.84,62360,0,12,1.87,정상,0,0
GATE-04,PARKING-02,2026-01-06 07:00:00,39.66,3.83,24.57,2.28,0.65,62408,0,12,2.42,정상,0,0
GATE-04,PARKING-02,2026-01-06 08:00:00,40.44,3.6,24.05,2.6,0.41,62445,0,12,0,정상,0,0
GATE-04,PARKING-02,2026-01-06 09:00:00,39.77,3.72,23.95,2,0.79,62485,0,12,1.07,정상,0,0
GATE-04,PARKING-02,2026-01-06 10:00:00,36.32,4.15,23.62,2.15,0.76,62512,0,12,1.49,정상,0,0
GATE-04,PARKING-02,2026-01-06 11:00:00,33.33,3.67,24.05,2.42,1.02,62528,0,12,0,정상,0,0
GATE-04,PARKING-02,2026-01-06 12:00:00,39.62,3.75,24.29,2.59,0.73,62563,0,12,0.34,정상,0,0
GATE-04,PARKING-02,2026-01-06 13:00:00,36.16,3.11,24.35,2.34,0.64,62575,0,12,0,정상,0,0
GATE-04,PARKING-02,2026-01-06 14:00:00,36.37,3.74,24.34,2.44,0.63,62600,0,12,1.15,정상,0,0
GATE-04,PARKING-02,2026-01-06 15:00:00,36.36,3.66,24.95,2.38,0.8,62622,0,12,5.2,정상,0,0
GATE-04,PARKING-02,2026-01-06 16:00:00,33.72,3.77,24.38,2.32,0.78,62644,0,12,2.42,정상,0,0
GATE-04,PARKING-02,2026-01-06 17:00:00,39.66,4.11,24.09,2.25,0.72,62693,0,12,0,정상,0,0
GATE-04,PARKING-02,2026-01-06 18:00:00,40.54,3.79,24.22,2.33,0.6,62737,0,12,2.43,정상,0,0
GATE-04,PARKING-02,2026-01-06 19:00:00,34.56,3.89,24.45,2.28,0.36,62765,1,12,9.78,정상,0,0
GATE-04,PARKING-02,2026-01-06 20:00:00,39.75,3.91,23.74,2.34,0.59,62798,1,12,5.76,정상,0,0
GATE-04,PARKING-02,2026-01-06 21:00:00,39.07,3.34,24.33,2.5,0.26,62826,0,12,1.75,정상,0,0
GATE-04,PARKING-02,2026-01-06 22:00:00,37.25,3.34,24.26,2.57,0.43,62844,0,12,0.16,정상,0,0
GATE-04,PARKING-02,2026-01-06 23:00:00,36.2,3.77,24.18,2.33,0.75,62863,0,12,2.68,정상,0,0
GATE-04,PARKING-02,2026-01-07 00:00:00,33.25,3.25,24.47,2.74,1,62874,0,13,0.64,정상,0,0
GATE-04,PARKING-02,2026-01-07 01:00:00,35.1,3.26,23.87,2.23,0.67,62876,1,13,8.49,정상,0,0
GATE-04,PARKING-02,2026-01-07 02:00:00,34.72,3.4,24.08,2.34,0.55,62879,0,13,0.66,정상,0,0
GATE-04,PARKING-02,2026-01-07 03:00:00,33.38,2.75,23.79,2.6,0.28,62886,0,13,3.08,정상,0,0
GATE-04,PARKING-02,2026-01-07 04:00:00,34.4,3.11,23.69,2.22,0.55,62886,0,13,0.86,정상,0,0
GATE-04,PARKING-02,2026-01-07 05:00:00,34.56,2.95,24.17,2.62,0.81,62888,0,13,0,정상,0,0
GATE-04,PARKING-02,2026-01-07 06:00:00,37,3.6,24.45,2.17,0.39,62915,0,13,5.07,정상,0,0
GATE-04,PARKING-02,2026-01-07 07:00:00,38.38,4.04,23.81,2.26,0.5,62963,0,13,1.91,정상,0,0
GATE-04,PARKING-02,2026-01-07 08:00:00,38.32,4.62,24.33,2.4,0.67,63004,0,13,0.7,정상,0,0
GATE-04,PARKING-02,2026-01-07 09:00:00,40.46,4.15,24.38,2.04,0.4,63050,0,13,6.64,정상,0,0
GATE-04,PARKING-02,2026-01-07 10:00:00,37.75,3.68,24.17,2.35,0.61,63076,0,13,0,정상,0,0
GATE-04,PARKING-02,2026-01-07 11:00:00,37.63,3.76,24.02,2.56,0.4,63106,0,13,0,정상,0,0
GATE-04,PARKING-02,2026-01-07 12:00:00,36.17,3.58,24.09,2.25,0.86,63126,0,13,0.32,정상,0,0
GATE-04,PARKING-02,2026-01-07 13:00:00,34.99,3.54,23.77,2.43,0.69,63145,1,13,4.82,정상,0,0
GATE-04,PARKING-02,2026-01-07 14:00:00,35.16,3.57,24.29,2.36,0.41,63171,0,13,3.75,정상,0,0
GATE-04,PARKING-02,2026-01-07 15:00:00,38.64,3.4,23.92,2.43,0.47,63191,0,13,1.55,정상,0,0
GATE-04,PARKING-02,2026-01-07 16:00:00,34.44,3.5,24.37,1.98,0.61,63209,0,13,0.57,정상,0,0
GATE-04,PARKING-02,2026-01-07 17:00:00,38.83,4.07,23.83,2.65,0.64,63248,0,13,0.06,정상,0,0
GATE-04,PARKING-02,2026-01-07 18:00:00,39.62,3.79,23.7,2.09,0.72,63302,0,13,0,정상,0,0
GATE-04,PARKING-02,2026-01-07 19:00:00,34.76,3.71,24.14,2.29,0.7,63328,0,13,4.95,정상,0,0
GATE-04,PARKING-02,2026-01-07 20:00:00,37.84,4.31,23.89,2.13,0.6,63376,0,13,0,정상,0,0
GATE-04,PARKING-02,2026-01-07 21:00:00,37.64,3.79,23.44,2.33,0.55,63403,1,13,9.39,정상,0,0
GATE-04,PARKING-02,2026-01-07 22:00:00,36.76,3.66,23.92,2.19,0.7,63427,0,13,2.94,정상,0,0
GATE-04,PARKING-02,2026-01-07 23:00:00,38.46,3.87,24,2.22,0.51,63447,1,13,4.23,정상,0,0
GATE-04,PARKING-02,2026-01-08 00:00:00,34.68,3.26,24.01,2.64,0.72,63447,0,14,3.69,정상,0,0
GATE-04,PARKING-02,2026-01-08 01:00:00,35.81,4.09,24.1,2.34,0.7,63454,0,14,1.84,정상,0,0
GATE-04,PARKING-02,2026-01-08 02:00:00,35.19,3.54,24.12,2.62,0.68,63454,0,14,0.43,정상,0,0
GATE-04,PARKING-02,2026-01-08 03:00:00,32.06,3.12,24.4,2.37,0.71,63456,0,14,5.68,정상,0,0
GATE-04,PARKING-02,2026-01-08 04:00:00,36.53,3.41,24.14,2.35,0.48,63459,0,14,2.23,정상,0,0
GATE-04,PARKING-02,2026-01-08 05:00:00,31.85,3.67,24.1,2.28,0.94,63461,1,14,6.05,정상,0,0
GATE-04,PARKING-02,2026-01-08 06:00:00,39.03,3.75,23.92,2.41,0.56,63483,0,14,0.48,정상,0,0
GATE-04,PARKING-02,2026-01-08 07:00:00,39.63,3.77,24.22,2.12,1,63523,0,14,4,정상,0,0
GATE-04,PARKING-02,2026-01-08 08:00:00,35.74,3.77,23.81,2.35,0.62,63562,0,14,0,정상,0,0
GATE-04,PARKING-02,2026-01-08 09:00:00,40.37,3.99,24.17,2.4,0.44,63608,1,14,5.42,정상,0,0
GATE-04,PARKING-02,2026-01-08 10:00:00,35.59,3.68,24.54,2.09,0.72,63625,0,14,4.34,정상,0,0
GATE-04,PARKING-02,2026-01-08 11:00:00,38.9,3.48,23.9,2.39,0.4,63647,0,14,1.43,정상,0,0
GATE-04,PARKING-02,2026-01-08 12:00:00,33.21,3.13,24.22,2.48,0.64,63662,0,14,0,정상,0,0
GATE-04,PARKING-02,2026-01-08 13:00:00,34.37,3.45,24.13,2.43,0.75,63690,0,14,3.88,정상,0,0
GATE-04,PARKING-02,2026-01-08 14:00:00,36.24,3.29,24.27,2.04,0.87,63714,0,14,5.41,정상,0,0
GATE-04,PARKING-02,2026-01-08 15:00:00,40.52,3.83,24.2,2.45,0.64,63747,0,14,0.86,정상,0,0
GATE-04,PARKING-02,2026-01-08 16:00:00,36.6,3.61,24.08,2.32,0.68,63771,0,14,0,정상,0,0
GATE-04,PARKING-02,2026-01-08 17:00:00,38.98,3.89,24.26,2.23,0.78,63802,0,14,2.8,정상,0,0
GATE-04,PARKING-02,2026-01-08 18:00:00,36.01,4.26,23.87,2.21,0.86,63842,0,14,0,정상,0,0
GATE-04,PARKING-02,2026-01-08 19:00:00,39.24,3.66,24.24,2.55,0.74,63872,1,14,5.94,정상,0,0
GATE-04,PARKING-02,2026-01-08 20:00:00,40.48,3.86,23.74,2.33,0.78,63915,1,14,6.24,정상,0,0
GATE-04,PARKING-02,2026-01-08 21:00:00,37.1,3.12,24.04,2.27,0.37,63936,0,14,0,정상,0,0
GATE-04,PARKING-02,2026-01-08 22:00:00,38.2,4.02,24.06,2.18,0.71,63958,0,14,0,정상,0,0
GATE-04,PARKING-02,2026-01-08 23:00:00,38.19,3.87,24.24,2.09,0.46,63980,0,14,2.14,정상,0,0
GATE-04,PARKING-02,2026-01-09 00:00:00,32.96,3.27,24.38,2.28,0.15,63982,0,15,0,정상,0,0
GATE-04,PARKING-02,2026-01-09 01:00:00,37.46,3.82,24.18,2.3,0.63,64001,1,15,4.72,정상,0,0
GATE-04,PARKING-02,2026-01-09 02:00:00,32.53,3.49,24.26,2.31,0.88,64010,0,15,2.36,정상,0,0
GATE-04,PARKING-02,2026-01-09 03:00:00,33.42,2.85,23.6,2.49,0.63,64022,0,15,1.89,정상,0,0
GATE-04,PARKING-02,2026-01-09 04:00:00,32.11,3.1,24.4,2.11,0.52,64027,0,15,2.5,정상,0,0
GATE-04,PARKING-02,2026-01-09 05:00:00,34.66,3.02,24.46,2.37,0.54,64028,1,15,4.19,정상,0,0
GATE-04,PARKING-02,2026-01-09 06:00:00,35.89,3.19,24.31,2.52,0.73,64054,1,15,7.46,정상,0,0
GATE-04,PARKING-02,2026-01-09 07:00:00,40.55,4.07,23.77,2.38,0.32,64092,0,15,1.93,정상,0,0
GATE-04,PARKING-02,2026-01-09 08:00:00,38.64,3.52,24.53,2.18,0.6,64132,0,15,2,정상,0,0
GATE-04,PARKING-02,2026-01-09 09:00:00,41.78,3.86,23.79,2.53,1.08,64173,1,15,3.81,정상,0,0
GATE-04,PARKING-02,2026-01-09 10:00:00,37.92,3.75,24.39,2.53,0.65,64205,0,15,0,정상,0,0
GATE-04,PARKING-02,2026-01-09 11:00:00,34.15,3.6,23.7,2.35,0.52,64224,0,15,2.49,정상,0,0
GATE-04,PARKING-02,2026-01-09 12:00:00,36.2,3.44,24.45,2.36,0.54,64243,0,15,4,정상,0,0
GATE-04,PARKING-02,2026-01-09 13:00:00,37.18,3.74,24.4,2.3,0.66,64276,0,15,2.05,정상,0,0
GATE-04,PARKING-02,2026-01-09 14:00:00,35.55,3.41,24.18,2.41,0.38,64304,0,15,0,정상,0,0
GATE-04,PARKING-02,2026-01-09 15:00:00,38.26,3.63,24.37,2.45,0.77,64326,0,15,1.08,정상,0,0
GATE-04,PARKING-02,2026-01-09 16:00:00,35.7,3.52,24.44,2.2,0.39,64349,0,15,2.6,정상,0,0
GATE-04,PARKING-02,2026-01-09 17:00:00,39.6,3.85,23.91,2.27,0.39,64395,0,15,1.26,정상,0,0
GATE-04,PARKING-02,2026-01-09 18:00:00,39.24,3.95,23.94,2.41,0.8,64432,1,15,6.21,정상,0,0
GATE-04,PARKING-02,2026-01-09 19:00:00,41.16,3.54,23.76,2.17,0.68,64484,0,15,0,정상,0,0
GATE-04,PARKING-02,2026-01-09 20:00:00,37.77,3.62,23.63,2.5,0.43,64530,0,15,5.51,정상,0,0
GATE-04,PARKING-02,2026-01-09 21:00:00,38.87,4.2,24.21,2.03,0.32,64560,0,15,0,정상,0,0
GATE-04,PARKING-02,2026-01-09 22:00:00,37.68,3.9,24.18,2.52,0.81,64588,1,15,8.57,정상,0,0
GATE-04,PARKING-02,2026-01-09 23:00:00,37.33,4.04,24.03,2.4,0.48,64617,1,15,6.36,정상,0,0
GATE-04,PARKING-02,2026-01-10 00:00:00,34.75,3.26,24.02,2.38,0.24,64627,1,16,4.74,정상,0,0
GATE-04,PARKING-02,2026-01-10 01:00:00,31.59,3.4,24.16,2.45,0.78,64632,0,16,0,정상,0,0
GATE-04,PARKING-02,2026-01-10 02:00:00,32.79,3.29,23.95,2.43,0.47,64632,0,16,0,정상,0,0
GATE-04,PARKING-02,2026-01-10 03:00:00,37.26,3.3,24.11,2.37,0.55,64646,0,16,0.52,정상,0,0
GATE-04,PARKING-02,2026-01-10 04:00:00,37.45,3.6,23.8,2.41,0.8,64652,0,16,0,정상,0,0
GATE-04,PARKING-02,2026-01-10 05:00:00,37.47,3.56,24.06,2.23,0.9,64656,0,16,0,정상,0,0
GATE-04,PARKING-02,2026-01-10 06:00:00,32.69,3.23,24.15,2.4,0.73,64676,1,16,7.5,정상,0,0
GATE-04,PARKING-02,2026-01-10 07:00:00,37.99,3.96,24.24,2.33,0.97,64698,0,16,3.78,정상,0,0
GATE-04,PARKING-02,2026-01-10 08:00:00,41.25,4.47,23.89,2.23,0.37,64752,1,16,6.72,정상,0,0
GATE-04,PARKING-02,2026-01-10 09:00:00,41.42,3.77,23.57,2.36,0.6,64791,0,16,3.81,정상,0,0
GATE-04,PARKING-02,2026-01-10 10:00:00,38.87,3.46,23.83,2.21,0.67,64820,0,16,1.58,정상,0,0
GATE-04,PARKING-02,2026-01-10 11:00:00,39.22,3.51,23.77,2.38,0.32,64848,2,16,12.75,정상,0,0
GATE-04,PARKING-02,2026-01-10 12:00:00,33.07,3.32,24.2,2.6,0.64,64864,0,16,0.48,정상,0,0
GATE-04,PARKING-02,2026-01-10 13:00:00,35.44,4.04,24.32,2.57,0.68,64887,0,16,1.93,정상,0,0
GATE-04,PARKING-02,2026-01-10 14:00:00,39.04,3.59,23.97,2.04,0.83,64913,1,16,4.29,정상,0,0
GATE-04,PARKING-02,2026-01-10 15:00:00,33.96,3.29,24.49,2.48,0.75,64936,0,16,0,정상,0,0
GATE-04,PARKING-02,2026-01-10 16:00:00,38.33,3.61,23.95,2.59,0.58,64960,0,16,2.66,정상,0,0
GATE-04,PARKING-02,2026-01-10 17:00:00,39.31,3.95,24.25,2.61,0.94,65014,0,16,0.59,정상,0,0
GATE-04,PARKING-02,2026-01-10 18:00:00,40.2,3.64,23.96,2.24,0.62,65059,0,16,2.24,정상,0,0
GATE-04,PARKING-02,2026-01-10 19:00:00,38.21,3.92,23.95,2.29,0.77,65100,0,16,0,정상,0,0
GATE-04,PARKING-02,2026-01-10 20:00:00,41.36,4.14,23.97,2.5,0.4,65156,0,16,0.39,정상,0,0
GATE-04,PARKING-02,2026-01-10 21:00:00,37.85,3.63,24.48,2.61,0.5,65178,0,16,2.84,정상,0,0
GATE-04,PARKING-02,2026-01-10 22:00:00,36.67,3.78,24.18,2.55,0.84,65201,0,16,0.03,정상,0,0
GATE-04,PARKING-02,2026-01-10 23:00:00,35.11,3.39,24.38,2.51,0.58,65212,1,16,5.78,정상,0,0
GATE-04,PARKING-02,2026-01-11 00:00:00,34.98,3.25,24.23,2.31,0.62,65212,0,17,3.94,정상,0,0
GATE-04,PARKING-02,2026-01-11 01:00:00,32.53,2.86,24.23,2.24,0.51,65212,1,17,7.6,정상,0,0
GATE-04,PARKING-02,2026-01-11 02:00:00,34.59,3.76,24.36,2.49,0.56,65216,0,17,2.88,정상,0,0
GATE-04,PARKING-02,2026-01-11 03:00:00,35.62,3.32,24.17,2.66,0.67,65216,0,17,0.34,정상,0,0
GATE-04,PARKING-02,2026-01-11 04:00:00,37.04,4.03,23.98,2.44,0.62,65221,0,17,1.72,정상,0,0
GATE-04,PARKING-02,2026-01-11 05:00:00,33.59,3.89,24.16,2.4,0.18,65227,0,17,0,정상,0,0
GATE-04,PARKING-02,2026-01-11 06:00:00,36.64,3.5,24.24,2.32,0.15,65247,0,17,0,정상,0,0
GATE-04,PARKING-02,2026-01-11 07:00:00,40.94,4.16,23.77,2.33,0.78,65291,0,17,4.32,정상,0,0
GATE-04,PARKING-02,2026-01-11 08:00:00,41.98,3.9,23.83,2.55,1.02,65348,0,17,0,정상,0,0
GATE-04,PARKING-02,2026-01-11 09:00:00,35.61,3.27,24.03,2.43,0.75,65374,0,17,0,정상,0,0
GATE-04,PARKING-02,2026-01-11 10:00:00,34.3,4.01,23.89,2.42,0.34,65397,1,17,4.96,정상,0,0
GATE-04,PARKING-02,2026-01-11 11:00:00,40.07,3.95,23.75,2.2,0.53,65424,0,17,2.61,정상,0,0
GATE-04,PARKING-02,2026-01-11 12:00:00,36.72,3.6,23.84,2.35,0.6,65451,0,17,3.98,정상,0,0
GATE-04,PARKING-02,2026-01-11 13:00:00,36.57,3.35,23.8,2.33,0.5,65467,1,17,2.09,정상,0,0
GATE-04,PARKING-02,2026-01-11 14:00:00,35.96,3.91,24.03,2.27,0.55,65493,0,17,0,정상,0,0
GATE-04,PARKING-02,2026-01-11 15:00:00,40.14,3.52,23.88,2.31,0.75,65519,1,17,6.8,정상,0,0
GATE-04,PARKING-02,2026-01-11 16:00:00,35.24,3.43,23.84,2.22,0.93,65544,1,17,5,정상,0,0
GATE-04,PARKING-02,2026-01-11 17:00:00,40.92,4.4,24.1,2.68,1.1,65598,0,17,0.14,정상,0,0
GATE-04,PARKING-02,2026-01-11 18:00:00,41.19,4.34,24.63,2.45,0.57,65639,0,17,3.74,정상,0,0
GATE-04,PARKING-02,2026-01-11 19:00:00,40.57,4.06,24.43,2.41,0.79,65689,0,17,1.71,정상,0,0
GATE-04,PARKING-02,2026-01-11 20:00:00,38.67,3.67,23.97,2.68,0.71,65735,0,17,0,정상,0,0
GATE-04,PARKING-02,2026-01-11 21:00:00,38.32,3.5,24.47,2.26,0.68,65757,0,17,3.28,정상,0,0
GATE-04,PARKING-02,2026-01-11 22:00:00,34.22,3.38,23.92,2.24,0.86,65786,0,17,0,정상,0,0
GATE-04,PARKING-02,2026-01-11 23:00:00,34.68,3.71,24.43,2.58,0.8,65806,0,17,7.36,정상,0,0
GATE-04,PARKING-02,2026-01-12 00:00:00,34.99,3.74,24.44,2.51,0.66,65807,0,18,4.33,정상,0,0
GATE-04,PARKING-02,2026-01-12 01:00:00,34.15,3.5,24.08,2.26,0.93,65813,0,18,0.76,정상,0,0
GATE-04,PARKING-02,2026-01-12 02:00:00,34.41,3.03,23.81,2.22,0.73,65816,0,18,1.81,정상,0,0
GATE-04,PARKING-02,2026-01-12 03:00:00,33.19,3.49,24.45,2.3,0.85,65824,0,18,2.23,정상,0,0
GATE-04,PARKING-02,2026-01-12 04:00:00,35.04,2.79,24,2.47,0.91,65829,1,18,3.52,정상,0,0
GATE-04,PARKING-02,2026-01-12 05:00:00,34.83,3.19,24.15,2.34,0.84,65838,0,18,0.98,정상,0,0
GATE-04,PARKING-02,2026-01-12 06:00:00,40.14,3.75,23.96,2.64,1.01,65867,0,18,0,정상,0,0
GATE-04,PARKING-02,2026-01-12 07:00:00,38.37,4.09,23.77,2.6,0.88,65904,0,18,0,정상,0,0
GATE-04,PARKING-02,2026-01-12 08:00:00,39.3,3.33,24.13,2.51,0.55,65944,0,18,3.03,정상,0,0
GATE-04,PARKING-02,2026-01-12 09:00:00,41.03,4.46,24.21,2.6,0.42,65983,0,18,3.13,정상,0,0
GATE-04,PARKING-02,2026-01-12 10:00:00,35.81,3.5,23.89,2.15,0.82,65999,0,18,0,정상,0,0
GATE-04,PARKING-02,2026-01-12 11:00:00,39.69,3.37,24.16,2.36,0.88,66027,0,18,3.85,정상,0,0
GATE-04,PARKING-02,2026-01-12 12:00:00,37.49,4.19,24.12,2.36,0.7,66055,0,18,0,정상,0,0
GATE-04,PARKING-02,2026-01-12 13:00:00,37.27,3.68,24.06,2.46,0.52,66084,0,18,0.01,정상,0,0
GATE-04,PARKING-02,2026-01-12 14:00:00,35.39,3.78,24.17,2.1,0.57,66112,0,18,1.39,정상,0,0
GATE-04,PARKING-02,2026-01-12 15:00:00,35.59,3.63,24.47,2.35,0.97,66133,0,18,4.54,정상,0,0
GATE-04,PARKING-02,2026-01-12 16:00:00,35.97,3.44,24.3,2.5,0.79,66159,1,18,5.38,정상,0,0
GATE-04,PARKING-02,2026-01-12 17:00:00,39.99,4.29,24.59,2.21,0.73,66211,0,18,3.24,정상,0,0
GATE-04,PARKING-02,2026-01-12 18:00:00,38.08,4.19,24.34,2.51,0.4,66253,0,18,1.56,정상,0,0
GATE-04,PARKING-02,2026-01-12 19:00:00,40.59,4.4,23.79,2.77,0.92,66300,0,18,1.71,정상,0,0
GATE-04,PARKING-02,2026-01-12 20:00:00,42.26,4,24.13,2.33,0.72,66341,0,18,0.33,정상,0,0
GATE-04,PARKING-02,2026-01-12 21:00:00,36.01,3.76,23.79,2.41,0.78,66354,0,18,1.78,정상,0,0
GATE-04,PARKING-02,2026-01-12 22:00:00,36.21,3.74,24.15,2.47,0.74,66370,0,18,0,정상,0,0
GATE-04,PARKING-02,2026-01-12 23:00:00,40.52,3.42,23.95,2.46,0.7,66391,0,18,0.82,정상,0,0
GATE-04,PARKING-02,2026-01-13 00:00:00,37.97,3.59,24.44,2.31,0.83,66403,0,19,0.86,정상,0,0
GATE-04,PARKING-02,2026-01-13 01:00:00,35.16,2.98,23.92,2.54,0.98,66418,0,19,1.38,정상,0,0
GATE-04,PARKING-02,2026-01-13 02:00:00,39.94,2.85,23.99,2.31,0.97,66427,0,19,0,정상,0,0
GATE-04,PARKING-02,2026-01-13 03:00:00,34.03,3.43,24.13,2.55,1.18,66440,2,19,10.92,정상,0,0
GATE-04,PARKING-02,2026-01-13 04:00:00,32.9,3.5,24.11,2.63,0.73,66440,1,19,7.26,정상,0,0
GATE-04,PARKING-02,2026-01-13 05:00:00,37.98,3.44,24.12,2.55,0.81,66446,0,19,0,정상,0,0
GATE-04,PARKING-02,2026-01-13 06:00:00,36.73,4.04,24.15,2.71,0.46,66465,1,19,7.15,정상,0,0
GATE-04,PARKING-02,2026-01-13 07:00:00,37.32,3.58,23.44,2.55,0.55,66499,1,19,9.8,정상,0,0
GATE-04,PARKING-02,2026-01-13 08:00:00,39.44,4.31,24.47,2.36,0.51,66532,0,19,0,정상,0,0
GATE-04,PARKING-02,2026-01-13 09:00:00,36.07,3.99,24.23,2.27,0.87,66577,0,19,5.35,정상,0,0
GATE-04,PARKING-02,2026-01-13 10:00:00,38.4,3.92,23.88,2.4,1.05,66600,0,19,3.03,정상,0,0
GATE-04,PARKING-02,2026-01-13 11:00:00,35.6,3.92,24.29,2.41,0.7,66634,0,19,3.38,정상,0,0
GATE-04,PARKING-02,2026-01-13 12:00:00,39.19,3.25,23.96,2.53,0.94,66656,1,19,6.13,정상,0,0
GATE-04,PARKING-02,2026-01-13 13:00:00,36.06,3.39,23.94,2.34,0.99,66674,0,19,2.43,정상,0,0
GATE-04,PARKING-02,2026-01-13 14:00:00,39.98,3.71,23.73,2.36,0.3,66703,0,19,0.43,정상,0,0
GATE-04,PARKING-02,2026-01-13 15:00:00,38.18,3.89,23.91,2.5,0.9,66729,1,19,6.61,정상,0,0
GATE-04,PARKING-02,2026-01-13 16:00:00,36.52,3.64,24.27,2.31,0.89,66755,0,19,0.9,정상,0,0
GATE-04,PARKING-02,2026-01-13 17:00:00,38.08,4.13,23.72,2.54,0.94,66791,0,19,1.31,정상,0,0
GATE-04,PARKING-02,2026-01-13 18:00:00,40.79,4.26,23.94,2.48,0.83,66825,1,19,9.11,정상,0,0
GATE-04,PARKING-02,2026-01-13 19:00:00,39.71,4.02,24.09,2.44,0.76,66868,0,19,1.59,정상,0,0
GATE-04,PARKING-02,2026-01-13 20:00:00,38.64,4.04,24.31,2.3,0.67,66908,1,19,4.24,정상,0,0
GATE-04,PARKING-02,2026-01-13 21:00:00,35.58,3.81,23.84,2.53,0.57,66931,0,19,2.94,정상,0,0
GATE-04,PARKING-02,2026-01-13 22:00:00,38.35,3.12,24.33,2.63,0.95,66961,1,19,6.73,정상,0,0
GATE-04,PARKING-02,2026-01-13 23:00:00,34.11,3.62,24.29,2.72,0.9,66985,1,19,4.01,정상,0,0
GATE-04,PARKING-02,2026-01-14 00:00:00,34.25,3.36,24.06,2.35,0.79,66994,0,20,1.07,정상,0,0
GATE-04,PARKING-02,2026-01-14 01:00:00,39.16,4.23,24.44,2.59,1.01,67002,0,20,1.9,정상,0,0
GATE-04,PARKING-02,2026-01-14 02:00:00,34.92,3.1,24.18,2.34,0.64,67003,0,20,0.94,정상,0,0
GATE-04,PARKING-02,2026-01-14 03:00:00,36.38,3.97,24.38,2.48,0.91,67019,1,20,5.42,정상,0,0
GATE-04,PARKING-02,2026-01-14 04:00:00,34.53,3.68,23.46,2.59,1,67025,0,20,2.01,정상,0,0
GATE-04,PARKING-02,2026-01-14 05:00:00,37.44,3.84,24.24,2.64,0.51,67033,1,20,7.44,정상,0,0
GATE-04,PARKING-02,2026-01-14 06:00:00,38.94,3.65,23.68,2.73,0.75,67063,0,20,7.06,정상,0,0
GATE-04,PARKING-02,2026-01-14 07:00:00,37.51,3.56,24.21,2.5,0.57,67099,0,20,0.33,정상,0,0
GATE-04,PARKING-02,2026-01-14 08:00:00,39.47,4.31,23.88,2.52,0.64,67134,0,20,0,정상,0,0
GATE-04,PARKING-02,2026-01-14 09:00:00,40.02,4.29,23.96,2.29,1.03,67174,0,20,0,정상,0,0
GATE-04,PARKING-02,2026-01-14 10:00:00,38.64,3.87,24,2.62,0.87,67200,0,20,0,정상,0,0
GATE-04,PARKING-02,2026-01-14 11:00:00,40.09,4.22,24.38,2.45,0.6,67227,0,20,0.74,정상,0,0
GATE-04,PARKING-02,2026-01-14 12:00:00,39.34,4.11,24.12,2.17,1.06,67253,0,20,0.68,정상,0,0
GATE-04,PARKING-02,2026-01-14 13:00:00,37.95,4.3,24.02,2.22,0.89,67274,1,20,7.96,정상,0,0
GATE-04,PARKING-02,2026-01-14 14:00:00,34.75,3.94,24.11,2.62,0.88,67297,0,20,1.52,정상,0,0
GATE-04,PARKING-02,2026-01-14 15:00:00,40.28,3.7,24.23,2.77,0.94,67315,1,20,4.75,정상,0,0
GATE-04,PARKING-02,2026-01-14 16:00:00,39.86,4.02,23.97,2.57,0.75,67341,0,20,0,정상,0,0
GATE-04,PARKING-02,2026-01-14 17:00:00,38.69,3.45,24.23,2.53,0.86,67379,0,20,3.76,정상,0,0
GATE-04,PARKING-02,2026-01-14 18:00:00,38.91,4.24,24.17,2.69,0.81,67405,0,20,3,정상,0,0
GATE-04,PARKING-02,2026-01-14 19:00:00,40.3,4.39,23.99,2.21,0.74,67444,0,20,0,정상,0,0
GATE-04,PARKING-02,2026-01-14 20:00:00,38.83,4.15,24.25,2.54,0.89,67483,0,20,3.67,정상,0,0
GATE-04,PARKING-02,2026-01-14 21:00:00,35.53,4.19,24.28,2.76,0.9,67499,0,20,0.2,정상,0,0
GATE-04,PARKING-02,2026-01-14 22:00:00,36.86,3.41,24.16,2.29,0.63,67518,0,20,0.68,정상,0,0
GATE-04,PARKING-02,2026-01-14 23:00:00,39.45,3.93,23.94,2.44,0.85,67543,0,20,0.3,정상,0,0
GATE-04,PARKING-02,2026-01-15 00:00:00,37.28,3,24.07,2.51,0.54,67548,1,21,4.75,정상,0,0
GATE-04,PARKING-02,2026-01-15 01:00:00,38.19,3.39,24.65,2.43,0.67,67555,0,21,2.51,정상,0,0
GATE-04,PARKING-02,2026-01-15 02:00:00,35.55,3.68,24.28,2.44,0.76,67558,0,21,2.72,정상,0,0
GATE-04,PARKING-02,2026-01-15 03:00:00,37.29,3.81,23.74,2.24,1.14,67570,0,21,0,정상,0,0
GATE-04,PARKING-02,2026-01-15 04:00:00,35.55,3.78,23.91,2.59,0.8,67579,0,21,0,정상,0,0
GATE-04,PARKING-02,2026-01-15 05:00:00,34.84,3.24,23.82,2.67,1.03,67579,0,21,0,정상,0,0
GATE-04,PARKING-02,2026-01-15 06:00:00,37.43,3.61,23.74,2.49,1.4,67597,0,21,1.67,정상,0,0
GATE-04,PARKING-02,2026-01-15 07:00:00,43.45,3.94,24.07,2.58,0.79,67652,0,21,0.95,정상,0,0
GATE-04,PARKING-02,2026-01-15 08:00:00,42.31,4.11,24.25,2.4,0.57,67694,0,21,4.56,정상,0,0
GATE-04,PARKING-02,2026-01-15 09:00:00,38.18,3.87,24.07,2.41,0.52,67731,0,21,0.71,정상,0,0
GATE-04,PARKING-02,2026-01-15 10:00:00,38.85,4.11,24.64,2.5,0.8,67756,1,21,8.99,정상,0,0
GATE-04,PARKING-02,2026-01-15 11:00:00,37.6,3.32,24.09,2.36,1.1,67778,0,21,0.94,정상,0,0
GATE-04,PARKING-02,2026-01-15 12:00:00,38.08,3.42,23.9,2.68,0.81,67790,0,21,0,정상,0,0
GATE-04,PARKING-02,2026-01-15 13:00:00,36.31,4.47,23.62,2.6,0.97,67821,0,21,3.84,정상,0,0
GATE-04,PARKING-02,2026-01-15 14:00:00,37.39,3.77,24.11,2.77,0.71,67847,0,21,0.96,정상,0,0
GATE-04,PARKING-02,2026-01-15 15:00:00,38.57,3.85,23.55,2.4,0.8,67870,0,21,0.8,정상,0,0
GATE-04,PARKING-02,2026-01-15 16:00:00,34.47,3.95,23.84,2.44,0.67,67883,0,21,1.23,정상,0,0
GATE-04,PARKING-02,2026-01-15 17:00:00,39.68,4.87,23.85,2.67,0.76,67928,1,21,8.79,정상,0,0
GATE-04,PARKING-02,2026-01-15 18:00:00,39.76,4.27,24.46,2.66,0.76,67980,0,21,4.14,정상,0,0
GATE-04,PARKING-02,2026-01-15 19:00:00,39,4.27,24.18,2.47,1.05,68027,0,21,0,정상,0,0
GATE-04,PARKING-02,2026-01-15 20:00:00,38.26,4.12,23.66,2.43,0.86,68071,0,21,4.01,정상,0,0
GATE-04,PARKING-02,2026-01-15 21:00:00,37.33,3.81,24.25,2.87,1.39,68090,1,21,10.21,정상,0,0
GATE-04,PARKING-02,2026-01-15 22:00:00,42.46,3.8,24.12,2.73,0.97,68115,1,21,6.39,정상,0,0
GATE-04,PARKING-02,2026-01-15 23:00:00,37.86,4.37,23.5,3.1,1.24,68140,0,21,2.56,정상,0,0
GATE-04,PARKING-02,2026-01-16 00:00:00,36.98,3.93,23.79,3.05,1.34,68143,0,22,4.02,정상,0,0
GATE-04,PARKING-02,2026-01-16 01:00:00,37.96,4.05,23.93,2.83,1.09,68152,0,22,0.16,정상,0,0
GATE-04,PARKING-02,2026-01-16 02:00:00,39.61,3.8,24,2.99,1.72,68152,0,22,4.29,정상,0,0
GATE-04,PARKING-02,2026-01-16 03:00:00,39.16,4.27,23.03,2.86,1.58,68157,0,22,8.16,정상,0,0
GATE-04,PARKING-02,2026-01-16 04:00:00,37.35,4.27,23.48,3,1.79,68162,1,22,8.9,정상,0,0
GATE-04,PARKING-02,2026-01-16 05:00:00,41.62,4.29,23.87,2.99,1.92,68174,1,22,10.94,정상,0,0
GATE-04,PARKING-02,2026-01-16 06:00:00,42.38,5.02,23.74,3.19,2.11,68200,1,22,18.89,정상,0,0
GATE-04,PARKING-02,2026-01-16 07:00:00,46.54,5.58,24.41,3.28,1.59,68257,1,22,21.35,정상,0,0
GATE-04,PARKING-02,2026-01-16 08:00:00,45,5.49,23.84,3.33,2.1,68293,1,22,22.22,정상,0,0
GATE-04,PARKING-02,2026-01-16 09:00:00,46.93,5.62,23.79,3.5,2.06,68344,1,22,26.04,정상,0,0
GATE-04,PARKING-02,2026-01-16 10:00:00,46.67,5.28,23.67,3.76,2.05,68372,1,22,27.56,정상,0,0
GATE-04,PARKING-02,2026-01-16 11:00:00,42.08,4.75,23.6,3.41,1.92,68385,0,22,11.25,정상,0,0
GATE-04,PARKING-02,2026-01-16 12:00:00,43.69,5.13,23.49,3.78,2.25,68407,1,22,25.77,정상,0,0
GATE-04,PARKING-02,2026-01-16 13:00:00,45.67,5.5,23.18,3.23,2.26,68437,1,22,26.8,정상,0,0
GATE-04,PARKING-02,2026-01-16 14:00:00,41.17,5.49,23.52,3.59,2.5,68456,2,22,32.73,정상,0,0
GATE-04,PARKING-02,2026-01-16 15:00:00,46.69,5.54,23.56,3.72,2.24,68477,2,22,35.14,정상,0,0
GATE-04,PARKING-02,2026-01-16 16:00:00,47.79,5.57,23.41,3.95,2.99,68502,1,22,39.44,주의,0,0
GATE-04,PARKING-02,2026-01-16 17:00:00,50.18,6.08,23.78,3.64,2.44,68539,2,22,42.08,주의,0,0
GATE-04,PARKING-02,2026-01-16 18:00:00,44.73,5.77,23.31,3.5,2.56,68567,0,22,27.7,정상,0,0
GATE-04,PARKING-02,2026-01-16 19:00:00,50.77,6.15,23.69,3.89,2.75,68603,2,22,45.24,주의,0,0
GATE-04,PARKING-02,2026-01-16 20:00:00,49.61,6.6,23.58,3.86,2.97,68649,2,22,52.35,주의,0,0
GATE-04,PARKING-02,2026-01-16 21:00:00,47.09,6.48,23.38,3.74,2.51,68667,2,22,48.24,주의,0,0
GATE-04,PARKING-02,2026-01-16 22:00:00,46.95,6.43,23.52,4.32,3.2,68684,2,22,54.7,주의,0,0
GATE-04,PARKING-02,2026-01-16 23:00:00,48.89,6.46,23.18,4.46,3.14,68702,2,22,61.3,주의,0,0
GATE-04,PARKING-02,2026-01-17 00:00:00,46.33,6.05,22.97,4.08,3.68,68710,2,23,52.61,주의,0,0
GATE-04,PARKING-02,2026-01-17 01:00:00,50.25,6.43,23.52,4.17,3.24,68717,2,23,56.32,주의,0,0
GATE-04,PARKING-02,2026-01-17 02:00:00,48.11,6.18,23.63,4.31,3.46,68717,3,23,57.81,주의,0,0
GATE-04,PARKING-02,2026-01-17 03:00:00,48.03,6.69,23.04,4.46,3.83,68724,3,23,70.3,주의,0,0
GATE-04,PARKING-02,2026-01-17 04:00:00,47.09,6.02,23.31,4.45,3.26,68724,3,23,56.49,주의,0,0
GATE-04,PARKING-02,2026-01-17 05:00:00,46.26,6.88,23.02,4.41,3.89,68726,3,23,69.58,주의,0,0
GATE-04,PARKING-02,2026-01-17 06:00:00,48.16,6.91,23.55,4.42,4.13,68748,5,23,79.14,주의,0,0
GATE-04,PARKING-02,2026-01-17 07:00:00,42.83,4.87,23.85,2.54,0.91,68803,0,23,2.48,정상,0,0
GATE-04,PARKING-02,2026-01-17 08:00:00,38.9,4.01,23.74,2.74,0.97,68836,1,23,4.15,정상,0,0
GATE-04,PARKING-02,2026-01-17 09:00:00,36.19,4.03,24.43,2.54,0.91,68880,0,23,3.85,정상,0,0
GATE-04,PARKING-02,2026-01-17 10:00:00,34.5,3.41,24.14,2.5,0.57,68895,1,23,4.51,정상,0,0
GATE-04,PARKING-02,2026-01-17 11:00:00,35.33,4.42,24.01,2.55,0.77,68915,0,23,0,정상,0,0
GATE-04,PARKING-02,2026-01-17 12:00:00,38.65,3.87,23.68,2.64,0.88,68939,0,23,0.13,정상,0,0
GATE-04,PARKING-02,2026-01-17 13:00:00,40.66,3.22,24.03,2.31,0.71,68967,0,23,1.46,정상,0,0
GATE-04,PARKING-02,2026-01-17 14:00:00,36.11,3.5,24,2.68,0.7,68985,0,23,0,정상,0,0
GATE-04,PARKING-02,2026-01-17 15:00:00,36.66,3.93,24.04,2.74,0.88,69011,0,23,0,정상,0,0
GATE-04,PARKING-02,2026-01-17 16:00:00,38.04,4.38,23.81,2.44,1.46,69031,1,23,8.7,정상,0,0
GATE-04,PARKING-02,2026-01-17 17:00:00,38.28,4.48,23.78,2.6,1.36,69080,2,23,12.13,정상,0,0
GATE-04,PARKING-02,2026-01-17 18:00:00,41.49,3.92,23.92,2.49,1.03,69118,0,23,2.39,정상,0,0
GATE-04,PARKING-02,2026-01-17 19:00:00,41.45,4.49,24.24,2.43,0.96,69169,0,23,3.18,정상,0,0
GATE-04,PARKING-02,2026-01-17 20:00:00,36.66,3.81,24.38,2.41,0.96,69192,0,23,4.04,정상,0,0
GATE-04,PARKING-02,2026-01-17 21:00:00,37.23,4.34,23.79,2.54,0.96,69221,0,23,0,정상,0,0
GATE-04,PARKING-02,2026-01-17 22:00:00,37.01,4.23,24.91,2.76,1.08,69244,0,23,5.73,정상,0,0
GATE-04,PARKING-02,2026-01-17 23:00:00,38.34,4.1,23.9,2.59,1.17,69271,0,23,2.94,정상,0,0
GATE-04,PARKING-02,2026-01-18 00:00:00,35.6,4.1,24.54,2.56,0.91,69283,0,24,2.16,정상,0,0
GATE-04,PARKING-02,2026-01-18 01:00:00,36.09,3.53,23.93,2.53,1.1,69291,1,24,2.74,정상,0,0
GATE-04,PARKING-02,2026-01-18 02:00:00,38.83,3.99,23.95,2.58,0.86,69298,0,24,0,정상,0,0
GATE-04,PARKING-02,2026-01-18 03:00:00,37.13,4.08,23.76,2.17,0.92,69300,0,24,0,정상,0,0
GATE-04,PARKING-02,2026-01-18 04:00:00,34.74,3.45,24.06,2.32,0.89,69302,0,24,4.27,정상,0,0
GATE-04,PARKING-02,2026-01-18 05:00:00,34.99,3.98,23.64,2.59,1.04,69302,0,24,3.14,정상,0,0
GATE-04,PARKING-02,2026-01-18 06:00:00,40.7,4.12,24,2.32,1.19,69327,0,24,3.81,정상,0,0
GATE-04,PARKING-02,2026-01-18 07:00:00,38.69,3.95,23.82,2.6,0.87,69361,0,24,2.38,정상,0,0
GATE-04,PARKING-02,2026-01-18 08:00:00,41.84,4.5,24.13,2.45,1.03,69403,0,24,0.38,정상,0,0
GATE-04,PARKING-02,2026-01-18 09:00:00,39.87,4.23,24.33,2.65,1.26,69429,1,24,5.47,정상,0,0
GATE-04,PARKING-02,2026-01-18 10:00:00,36.25,3.93,23.73,2.64,0.77,69443,0,24,2.29,정상,0,0
GATE-04,PARKING-02,2026-01-18 11:00:00,37.56,4.24,24.23,2.77,0.41,69471,0,24,1.99,정상,0,0
GATE-04,PARKING-02,2026-01-18 12:00:00,37.02,3.34,24.06,2.53,1.07,69493,0,24,0,정상,0,0
GATE-04,PARKING-02,2026-01-18 13:00:00,37.29,4.21,23.72,2.44,0.87,69519,0,24,1,정상,0,0
GATE-04,PARKING-02,2026-01-18 14:00:00,37.13,4,23.91,2.44,0.85,69546,1,24,5.43,정상,0,0
GATE-04,PARKING-02,2026-01-18 15:00:00,41.13,4.12,24.06,2.59,0.62,69568,0,24,0.94,정상,0,0
GATE-04,PARKING-02,2026-01-18 16:00:00,40.76,3.25,23.99,2.52,1.05,69590,0,24,1.54,정상,0,0
GATE-04,PARKING-02,2026-01-18 17:00:00,38.66,4.46,24.17,2.43,0.83,69622,0,24,0,정상,0,0
GATE-04,PARKING-02,2026-01-18 18:00:00,41.2,4.35,24.05,2.19,1.14,69670,1,24,6.34,정상,0,0
GATE-04,PARKING-02,2026-01-18 19:00:00,42.88,4.26,23.78,2.53,1.28,69712,0,24,1.5,정상,0,0
GATE-04,PARKING-02,2026-01-18 20:00:00,43.28,4.48,23.85,2.66,0.76,69758,0,24,3.36,정상,0,0
GATE-04,PARKING-02,2026-01-18 21:00:00,41.03,4.21,24.27,2.44,1.01,69787,0,24,0.08,정상,0,0
GATE-04,PARKING-02,2026-01-18 22:00:00,37.32,4.11,24.14,2.56,0.59,69802,0,24,1,정상,0,0
GATE-04,PARKING-02,2026-01-18 23:00:00,38.79,3.47,24.53,2.67,1.26,69825,0,24,5.63,정상,0,0
GATE-04,PARKING-02,2026-01-19 00:00:00,35.88,3.71,23.98,2.83,1,69833,0,25,1.17,정상,0,0
GATE-04,PARKING-02,2026-01-19 01:00:00,36.86,3.87,24.19,2.62,0.94,69843,0,25,2.1,정상,0,0
GATE-04,PARKING-02,2026-01-19 02:00:00,39.77,3.55,24.09,2.88,0.77,69851,0,25,2.59,정상,0,0
GATE-04,PARKING-02,2026-01-19 03:00:00,34.08,3.19,24.31,2.72,0.76,69852,0,25,1.57,정상,0,0
GATE-04,PARKING-02,2026-01-19 04:00:00,35.48,3.41,24.48,2.86,1.35,69852,0,25,6.51,정상,0,0
GATE-04,PARKING-02,2026-01-19 05:00:00,38.11,3.9,23.85,2.54,1.03,69860,0,25,1.18,정상,0,0
GATE-04,PARKING-02,2026-01-19 06:00:00,36.59,4.08,23.97,2.67,0.75,69886,0,25,0,정상,0,0
GATE-04,PARKING-02,2026-01-19 07:00:00,38.22,4.55,24.19,2.68,0.96,69909,0,25,0,정상,0,0
GATE-04,PARKING-02,2026-01-19 08:00:00,43.31,4.2,24.08,2.66,0.67,69956,0,25,0.21,정상,0,0
GATE-04,PARKING-02,2026-01-19 09:00:00,41.93,3.87,23.88,2.66,0.96,69998,1,25,7.59,정상,0,0
GATE-04,PARKING-02,2026-01-19 10:00:00,36.59,4.14,24,2.41,0.7,70016,1,25,3.18,정상,0,0
GATE-04,PARKING-02,2026-01-19 11:00:00,37.53,3.94,23.64,2.52,1.12,70036,0,25,2.72,정상,0,0
GATE-04,PARKING-02,2026-01-19 12:00:00,36.25,4.41,24.03,2.78,0.58,70054,0,25,0.43,정상,0,0
GATE-04,PARKING-02,2026-01-19 13:00:00,40.52,3.65,23.77,2.83,0.54,70077,1,25,3.91,정상,0,0
GATE-04,PARKING-02,2026-01-19 14:00:00,38.89,4.01,24.22,2.79,1.14,70105,0,25,0,정상,0,0
GATE-04,PARKING-02,2026-01-19 15:00:00,38.8,3.67,24.39,2.81,1.14,70130,0,25,1.01,정상,0,0
GATE-04,PARKING-02,2026-01-19 16:00:00,39.24,3.91,23.97,2.41,1.05,70156,1,25,7.34,정상,0,0
GATE-04,PARKING-02,2026-01-19 17:00:00,42.41,4.5,23.91,2.59,0.84,70210,0,25,0.3,정상,0,0
GATE-04,PARKING-02,2026-01-19 18:00:00,37.42,3.66,23.87,2.61,0.19,70238,1,25,6.86,정상,0,0
GATE-04,PARKING-02,2026-01-19 19:00:00,38.06,4.3,23.74,2.41,1.34,70270,1,25,10.11,정상,0,0
GATE-04,PARKING-02,2026-01-19 20:00:00,39.87,4.78,24.58,2.55,1.23,70310,1,25,10.3,정상,0,0
GATE-04,PARKING-02,2026-01-19 21:00:00,38.14,3.76,23.44,2.9,0.8,70334,0,25,5.57,정상,0,0
GATE-04,PARKING-02,2026-01-19 22:00:00,38.56,4.18,23.99,2.57,0.71,70350,0,25,0,정상,0,0
GATE-04,PARKING-02,2026-01-19 23:00:00,37.97,3.69,23.96,2.66,0.62,70372,0,25,0,정상,0,0
GATE-04,PARKING-02,2026-01-20 00:00:00,35.51,3.15,24.05,2.67,1.08,70377,1,26,6.88,정상,0,0
GATE-04,PARKING-02,2026-01-20 01:00:00,35.7,4.08,23.94,2.8,1.14,70386,1,26,3.11,정상,0,0
GATE-04,PARKING-02,2026-01-20 02:00:00,35.14,3.66,23.98,2.69,0.7,70386,0,26,0.41,정상,0,0
GATE-04,PARKING-02,2026-01-20 03:00:00,34.17,3.63,23.9,2.74,1.27,70386,0,26,1.97,정상,0,0
GATE-04,PARKING-02,2026-01-20 04:00:00,35.95,3.75,24.14,2.42,0.81,70392,0,26,0,정상,0,0
GATE-04,PARKING-02,2026-01-20 05:00:00,35.32,3.39,23.96,2.67,0.8,70397,0,26,3.02,정상,0,0
GATE-04,PARKING-02,2026-01-20 06:00:00,37.01,4.13,24.13,2.6,0.96,70424,1,26,6.08,정상,0,0
GATE-04,PARKING-02,2026-01-20 07:00:00,40.85,4.59,23.93,2.71,1.18,70461,0,26,0,정상,0,0
GATE-04,PARKING-02,2026-01-20 08:00:00,39.89,4.58,23.74,2.57,1.42,70508,0,26,1.02,정상,0,0
GATE-04,PARKING-02,2026-01-20 09:00:00,40.4,4.51,24.01,2.36,1.03,70553,0,26,0,정상,0,0
GATE-04,PARKING-02,2026-01-20 10:00:00,39.12,3.42,24.08,2.87,1.26,70571,1,26,6.8,정상,0,0
GATE-04,PARKING-02,2026-01-20 11:00:00,38.24,3.82,24.08,2.96,0.99,70598,0,26,1.52,정상,0,0
GATE-04,PARKING-02,2026-01-20 12:00:00,35.6,3.68,24.16,2.76,1.04,70613,1,26,2.32,정상,0,0
GATE-04,PARKING-02,2026-01-20 13:00:00,37.37,3.96,24.11,2.49,0.98,70642,0,26,0,정상,0,0
GATE-04,PARKING-02,2026-01-20 14:00:00,39.32,4.29,24.67,2.72,0.98,70664,0,26,5.57,정상,0,0
GATE-04,PARKING-02,2026-01-20 15:00:00,37.91,4.1,24.46,2.68,0.94,70686,1,26,6.01,정상,0,0
GATE-04,PARKING-02,2026-01-20 16:00:00,39,3.87,24.36,2.56,1.11,70721,0,26,3.64,정상,0,0
GATE-04,PARKING-02,2026-01-20 17:00:00,37.64,4.45,23.72,2.51,0.68,70754,0,26,0.84,정상,0,0
GATE-04,PARKING-02,2026-01-20 18:00:00,42.59,4.23,23.76,2.68,0.67,70798,0,26,2.61,정상,0,0
GATE-04,PARKING-02,2026-01-20 19:00:00,39.11,3.56,24.04,2.43,0.92,70838,0,26,0,정상,0,0
GATE-04,PARKING-02,2026-01-20 20:00:00,43.76,4.23,24.06,2.77,1.15,70883,1,26,10.02,정상,0,0
GATE-04,PARKING-02,2026-01-20 21:00:00,36.86,4.38,24.53,2.9,1.25,70906,0,26,5.01,정상,0,0
GATE-04,PARKING-02,2026-01-20 22:00:00,40.5,3.55,23.75,2.41,1.09,70921,1,26,6.93,정상,0,0
GATE-04,PARKING-02,2026-01-20 23:00:00,38.75,4.38,23.71,2.58,0.99,70940,0,26,1.66,정상,0,0
GATE-04,PARKING-02,2026-01-21 00:00:00,35.73,3.5,23.96,2.7,0.83,70947,0,27,0,정상,0,0
GATE-04,PARKING-02,2026-01-21 01:00:00,34.75,3.51,23.84,2.52,0.77,70951,0,27,0.84,정상,0,0
GATE-04,PARKING-02,2026-01-21 02:00:00,36.02,3.92,23.57,2.66,1.06,70957,0,27,0,정상,0,0
GATE-04,PARKING-02,2026-01-21 03:00:00,36.91,3.57,23.41,2.48,1.01,70959,0,27,4.18,정상,0,0
GATE-04,PARKING-02,2026-01-21 04:00:00,36.45,3.63,24.29,2.32,0.93,70969,1,27,8.5,정상,0,0
GATE-04,PARKING-02,2026-01-21 05:00:00,37.1,3.36,24.29,2.79,0.99,70974,0,27,1.18,정상,0,0
GATE-04,PARKING-02,2026-01-21 06:00:00,35.07,4.13,23.7,2.59,0.88,70991,0,27,3.83,정상,0,0
GATE-04,PARKING-02,2026-01-21 07:00:00,39.89,4.12,23.62,2.64,0.95,71032,0,27,1.54,정상,0,0
GATE-04,PARKING-02,2026-01-21 08:00:00,37.42,4.43,24.47,2.68,1.21,71061,0,27,3.39,정상,0,0
GATE-04,PARKING-02,2026-01-21 09:00:00,41.71,4.88,24.26,2.71,1.13,71094,0,27,2.15,정상,0,0
GATE-04,PARKING-02,2026-01-21 10:00:00,39.73,3.72,24.11,2.69,0.87,71119,0,27,0.21,정상,0,0
GATE-04,PARKING-02,2026-01-21 11:00:00,37.88,4.63,23.87,2.59,1.02,71148,0,27,0.42,정상,0,0
GATE-04,PARKING-02,2026-01-21 12:00:00,38.1,3.98,23.75,2.71,1.16,71171,0,27,0.14,정상,0,0
GATE-04,PARKING-02,2026-01-21 13:00:00,40.04,4.4,24.06,2.62,1.16,71185,0,27,0.12,정상,0,0
GATE-04,PARKING-02,2026-01-21 14:00:00,38.32,3.78,24.17,2.67,1.14,71202,0,27,1.98,정상,0,0
GATE-04,PARKING-02,2026-01-21 15:00:00,37.53,3.82,23.61,2.76,1.08,71226,0,27,0,정상,0,0
GATE-04,PARKING-02,2026-01-21 16:00:00,39.61,3.62,24.24,2.45,1.13,71241,0,27,3.1,정상,0,0
GATE-04,PARKING-02,2026-01-21 17:00:00,40.64,4.2,24.17,2.7,1.01,71288,0,27,1.32,정상,0,0
GATE-04,PARKING-02,2026-01-21 18:00:00,40.13,4.52,23.74,2.57,1.15,71339,1,27,4.71,정상,0,0
GATE-04,PARKING-02,2026-01-21 19:00:00,40.03,3.68,23.93,2.45,1.24,71371,1,27,5.92,정상,0,0
GATE-04,PARKING-02,2026-01-21 20:00:00,43.59,4.85,24.04,2.71,1.18,71435,0,27,3.66,정상,0,0
GATE-04,PARKING-02,2026-01-21 21:00:00,37.87,4.26,24.16,2.87,0.96,71460,0,27,1.84,정상,0,0
GATE-04,PARKING-02,2026-01-21 22:00:00,36.98,4.17,23.75,2.62,0.96,71480,0,27,3.28,정상,0,0
GATE-04,PARKING-02,2026-01-21 23:00:00,40.03,3.93,24.01,2.29,1.03,71498,0,27,0,정상,0,0
GATE-04,PARKING-02,2026-01-22 00:00:00,35.45,3.87,24.27,2.69,1.07,71503,1,28,7.15,정상,0,0
GATE-04,PARKING-02,2026-01-22 01:00:00,37.4,3.76,23.73,2.46,1.12,71516,0,28,3.5,정상,0,0
GATE-04,PARKING-02,2026-01-22 02:00:00,36.26,3.57,24.19,2.57,0.87,71524,0,28,2.84,정상,0,0
GATE-04,PARKING-02,2026-01-22 03:00:00,35.68,3.76,23.97,2.62,0.9,71524,0,28,0,정상,0,0
GATE-04,PARKING-02,2026-01-22 04:00:00,36.81,3.44,23.79,2.71,1.39,71524,0,28,2.98,정상,0,0
GATE-04,PARKING-02,2026-01-22 05:00:00,35.97,4.14,24.09,2.57,0.98,71525,1,28,3.97,정상,0,0
GATE-04,PARKING-02,2026-01-22 06:00:00,39.36,3.79,23.67,2.95,1.02,71546,0,28,0.17,정상,0,0
GATE-04,PARKING-02,2026-01-22 07:00:00,40.79,4.46,24.46,2.81,1.05,71583,0,28,1.92,정상,0,0
GATE-04,PARKING-02,2026-01-22 08:00:00,42.11,4.55,24.24,2.66,1.14,71630,0,28,0.27,정상,0,0
GATE-04,PARKING-02,2026-01-22 09:00:00,37.35,4.14,24.03,2.7,0.65,71664,1,28,3.44,정상,0,0
GATE-04,PARKING-02,2026-01-22 10:00:00,38.14,4.1,24,2.94,1.18,71685,2,28,6.95,정상,0,0
GATE-04,PARKING-02,2026-01-22 11:00:00,41.85,4.44,23.88,2.85,1.09,71719,0,28,0.59,정상,0,0
GATE-04,PARKING-02,2026-01-22 12:00:00,37.84,3.96,23.91,2.49,1.13,71738,0,28,2.48,정상,0,0
GATE-04,PARKING-02,2026-01-22 13:00:00,39.42,3.96,24.05,2.39,1.08,71759,1,28,3.97,정상,0,0
GATE-04,PARKING-02,2026-01-22 14:00:00,36.03,4.02,23.85,2.61,0.95,71781,0,28,2.97,정상,0,0
GATE-04,PARKING-02,2026-01-22 15:00:00,35.66,4.46,23.71,2.69,1.16,71804,2,28,10.62,정상,0,0
GATE-04,PARKING-02,2026-01-22 16:00:00,38.64,4.26,24.18,2.44,1.08,71828,0,28,0,정상,0,0
GATE-04,PARKING-02,2026-01-22 17:00:00,41.21,4.69,24.16,3.02,1.1,71878,1,28,5.36,정상,0,0
GATE-04,PARKING-02,2026-01-22 18:00:00,43.14,4.63,24.27,2.62,1.2,71925,0,28,1.45,정상,0,0
GATE-04,PARKING-02,2026-01-22 19:00:00,40.28,4.43,24.3,2.49,1.04,71980,0,28,3.14,정상,0,0
GATE-04,PARKING-02,2026-01-22 20:00:00,41.7,4.21,23.61,2.86,1.25,72019,1,28,7.61,정상,0,0
GATE-04,PARKING-02,2026-01-22 21:00:00,39.51,3.56,23.83,2.64,0.95,72038,1,28,6.98,정상,0,0
GATE-04,PARKING-02,2026-01-22 22:00:00,39.31,4.26,24.05,2.57,0.93,72073,0,28,0.45,정상,0,0
GATE-04,PARKING-02,2026-01-22 23:00:00,36.88,3.83,23.3,2.72,0.63,72092,0,28,2.54,정상,0,0
GATE-04,PARKING-02,2026-01-23 00:00:00,35.77,3.18,24.44,2.93,1.25,72093,0,29,0,정상,0,0
GATE-04,PARKING-02,2026-01-23 01:00:00,35.72,3.22,24.32,2.72,1.02,72098,0,29,1.18,정상,0,0
GATE-04,PARKING-02,2026-01-23 02:00:00,36.22,4.18,23.84,2.75,1.16,72104,0,29,4.26,정상,0,0
GATE-04,PARKING-02,2026-01-23 03:00:00,38.6,4.22,23.96,2.74,1.08,72112,0,29,0,정상,0,0
GATE-04,PARKING-02,2026-01-23 04:00:00,34.55,3.6,24.17,2.82,1,72115,0,29,0,정상,0,0
GATE-04,PARKING-02,2026-01-23 05:00:00,36.37,3.62,23.94,2.51,1.23,72120,1,29,7.52,정상,0,0
GATE-04,PARKING-02,2026-01-23 06:00:00,39.65,4.02,24.08,2.76,1.21,72139,0,29,0,정상,0,0
GATE-04,PARKING-02,2026-01-23 07:00:00,40.78,4.57,24.4,2.65,1.02,72184,1,29,8.12,정상,0,0
GATE-04,PARKING-02,2026-01-23 08:00:00,42.86,4.78,23.62,2.8,1.23,72232,0,29,7.3,정상,0,0
GATE-04,PARKING-02,2026-01-23 09:00:00,41.8,4.48,23.94,2.46,1.15,72279,0,29,0,정상,0,0
GATE-04,PARKING-02,2026-01-23 10:00:00,37.34,3.66,24.35,2.62,1.05,72295,0,29,5.31,정상,0,0
GATE-04,PARKING-02,2026-01-23 11:00:00,40.57,4.07,23.92,2.75,1.07,72319,0,29,0.01,정상,0,0
GATE-04,PARKING-02,2026-01-23 12:00:00,37,3.75,24,2.55,0.97,72336,0,29,2.89,정상,0,0
GATE-04,PARKING-02,2026-01-23 13:00:00,39.44,3.9,23.76,2.69,1,72357,1,29,4.67,정상,0,0
GATE-04,PARKING-02,2026-01-23 14:00:00,39.77,3.25,24.46,2.94,1.19,72375,1,29,8.45,정상,0,0
GATE-04,PARKING-02,2026-01-23 15:00:00,38.7,3.91,24.11,2.46,1.27,72399,0,29,1.3,정상,0,0
GATE-04,PARKING-02,2026-01-23 16:00:00,39.14,4.34,23.91,2.43,1.08,72426,0,29,0,정상,0,0
GATE-04,PARKING-02,2026-01-23 17:00:00,37.88,4.69,23.99,2.73,0.91,72478,1,29,2.62,정상,0,0
GATE-04,PARKING-02,2026-01-23 18:00:00,41.86,3.74,23.96,2.76,1,72510,0,29,0.17,정상,0,0
GATE-04,PARKING-02,2026-01-23 19:00:00,42.89,4.72,23.74,2.43,1.32,72558,0,29,5.31,정상,0,0
GATE-04,PARKING-02,2026-01-23 20:00:00,43.64,4.81,23.9,2.64,0.92,72616,0,29,2.93,정상,0,0
GATE-04,PARKING-02,2026-01-23 21:00:00,36.3,3.79,23.97,2.64,1.05,72632,0,29,2.17,정상,0,0
GATE-04,PARKING-02,2026-01-23 22:00:00,38.24,4.24,23.76,2.76,1.16,72656,0,29,0,정상,0,0
GATE-04,PARKING-02,2026-01-23 23:00:00,41.67,4.61,23.84,2.72,1.1,72680,1,29,3.08,정상,0,0
GATE-04,PARKING-02,2026-01-24 00:00:00,38.22,4.15,23.7,2.88,1.23,72691,0,30,2.43,정상,0,0
GATE-04,PARKING-02,2026-01-24 01:00:00,38.46,3.61,23.96,2.57,0.67,72694,0,30,1.94,정상,0,0
GATE-04,PARKING-02,2026-01-24 02:00:00,36.25,3.53,23.36,2.58,0.93,72700,0,30,1.91,정상,0,0
GATE-04,PARKING-02,2026-01-24 03:00:00,36.22,3.96,23.57,2.71,0.85,72705,1,30,8.27,정상,0,0
GATE-04,PARKING-02,2026-01-24 04:00:00,37.07,4.11,24.01,2.63,1.42,72716,0,30,0.06,정상,0,0
GATE-04,PARKING-02,2026-01-24 05:00:00,38.49,3.55,24.16,2.78,1.15,72724,0,30,0.62,정상,0,0
GATE-04,PARKING-02,2026-01-24 06:00:00,35.49,3.59,23.6,2.69,0.97,72744,1,30,9.63,정상,0,0
GATE-04,PARKING-02,2026-01-24 07:00:00,41.23,3.86,24.13,2.74,0.97,72783,0,30,5.09,정상,0,0
GATE-04,PARKING-02,2026-01-24 08:00:00,41.47,4.7,23.93,2.83,1.28,72834,0,30,1.23,정상,0,0
GATE-04,PARKING-02,2026-01-24 09:00:00,40.37,4.77,24.2,2.74,1.15,72880,0,30,4.85,정상,0,0
GATE-04,PARKING-02,2026-01-24 10:00:00,36.8,4.3,23.74,2.61,1.32,72904,0,30,3.14,정상,0,0
GATE-04,PARKING-02,2026-01-24 11:00:00,40.58,4.19,24.07,2.75,1.23,72920,1,30,5.6,정상,0,0
GATE-04,PARKING-02,2026-01-24 12:00:00,36.96,3.24,23.79,2.19,0.65,72926,0,30,0,정상,0,0
GATE-04,PARKING-02,2026-01-24 13:00:00,36.13,4.69,23.49,2.62,1.22,72948,1,30,12.09,정상,0,0
GATE-04,PARKING-02,2026-01-24 14:00:00,40.34,4.38,24.2,2.85,1.5,72962,0,30,1.31,정상,0,0
GATE-04,PARKING-02,2026-01-24 15:00:00,36.36,4.01,24.38,2.6,0.9,72983,1,30,8.64,정상,0,0
GATE-04,PARKING-02,2026-01-24 16:00:00,39.43,4.05,24.49,2.8,1.02,73005,0,30,2.77,정상,0,0
GATE-04,PARKING-02,2026-01-24 17:00:00,40.65,4.17,23.97,2.57,1.03,73050,0,30,0,정상,0,0
GATE-04,PARKING-02,2026-01-24 18:00:00,40.38,3.73,24.14,2.43,0.96,73087,1,30,4.41,정상,0,0
GATE-04,PARKING-02,2026-01-24 19:00:00,43.6,3.94,24.07,2.64,0.95,73134,0,30,4.32,정상,0,0
GATE-04,PARKING-02,2026-01-24 20:00:00,40.79,4.16,24.08,2.6,0.85,73172,0,30,1.91,정상,0,0
GATE-04,PARKING-02,2026-01-24 21:00:00,38.89,4.5,23.9,2.7,1.09,73199,0,30,2.7,정상,0,0
GATE-04,PARKING-02,2026-01-24 22:00:00,35.03,3.87,23.9,2.64,1.24,73214,0,30,1.71,정상,0,0
GATE-04,PARKING-02,2026-01-24 23:00:00,43.37,3.96,23.95,2.91,0.92,73233,1,30,8.95,정상,0,0
GATE-04,PARKING-02,2026-01-25 00:00:00,36.27,3.97,23.65,2.48,1.28,73234,0,31,2.3,정상,0,0
GATE-04,PARKING-02,2026-01-25 01:00:00,38.05,3.59,24.45,2.6,1.35,73246,0,31,0,정상,0,0
GATE-04,PARKING-02,2026-01-25 02:00:00,37.52,3.57,23.63,2.8,1.14,73246,0,31,0.36,정상,0,0
GATE-04,PARKING-02,2026-01-25 03:00:00,36.39,3.98,23.83,2.59,1.01,73251,0,31,0.6,정상,0,0
GATE-04,PARKING-02,2026-01-25 04:00:00,37.93,3.94,23.95,2.84,1.05,73256,0,31,0,정상,0,0
GATE-04,PARKING-02,2026-01-25 05:00:00,33.06,3.52,24.24,2.69,1.2,73256,0,31,0,정상,0,0
GATE-04,PARKING-02,2026-01-25 06:00:00,38.02,3.68,23.82,2.57,0.89,73275,1,31,6.53,정상,0,0
GATE-04,PARKING-02,2026-01-25 07:00:00,39.74,4.68,24.08,2.65,0.94,73311,1,31,5.96,정상,0,0
GATE-04,PARKING-02,2026-01-25 08:00:00,44.02,4.75,24.03,2.61,1.53,73349,0,31,6.41,정상,0,0
GATE-04,PARKING-02,2026-01-25 09:00:00,44.02,4.71,23.84,2.8,1.22,73398,1,31,8.79,정상,0,0
GATE-04,PARKING-02,2026-01-25 10:00:00,39.46,3.57,23.61,2.45,1.14,73421,0,31,2.86,정상,0,0
GATE-04,PARKING-02,2026-01-25 11:00:00,39.87,4.47,23.98,2.65,1.18,73450,0,31,0.29,정상,0,0
GATE-04,PARKING-02,2026-01-25 12:00:00,39.66,4.39,23.81,2.52,1.14,73470,0,31,0.09,정상,0,0
GATE-04,PARKING-02,2026-01-25 13:00:00,40.42,3.58,24.04,2.51,1.01,73487,0,31,0,정상,0,0
GATE-04,PARKING-02,2026-01-25 14:00:00,38.02,4.79,24.01,2.82,1.27,73508,0,31,3.19,정상,0,0
GATE-04,PARKING-02,2026-01-25 15:00:00,38.39,4.18,24.24,2.87,1.28,73524,0,31,1.12,정상,0,0
GATE-04,PARKING-02,2026-01-25 16:00:00,43.14,4.27,23.97,3.03,1.6,73546,0,31,3.58,정상,0,0
GATE-04,PARKING-02,2026-01-25 17:00:00,41.49,4.56,23.82,2.69,1.23,73596,1,31,5.53,정상,0,0
GATE-04,PARKING-02,2026-01-25 18:00:00,43.1,4.4,23.95,2.5,0.89,73638,0,31,0.49,정상,0,0
GATE-04,PARKING-02,2026-01-25 19:00:00,44.67,4.52,24.31,2.58,0.83,73688,1,31,11.81,정상,0,0
GATE-04,PARKING-02,2026-01-25 20:00:00,37.86,4.73,24.14,2.69,1.44,73725,0,31,1.28,정상,0,0
GATE-04,PARKING-02,2026-01-25 21:00:00,39.72,3.85,24.09,2.69,1.27,73748,0,31,0,정상,0,0
GATE-04,PARKING-02,2026-01-25 22:00:00,36.72,4.05,24,2.37,1.24,73767,1,31,6.06,정상,0,0
GATE-04,PARKING-02,2026-01-25 23:00:00,39.44,3.91,24.02,2.86,1.18,73791,0,31,0,정상,0,0
GATE-04,PARKING-02,2026-01-26 00:00:00,39.58,3.59,24.17,2.75,1.29,73799,1,32,11.2,정상,0,0
GATE-04,PARKING-02,2026-01-26 01:00:00,36.89,4.05,23.59,2.66,0.95,73809,1,32,6.89,정상,0,0
GATE-04,PARKING-02,2026-01-26 02:00:00,39.61,3.75,24.12,3.03,1.15,73823,0,32,2.13,정상,0,0
GATE-04,PARKING-02,2026-01-26 03:00:00,38.99,3.67,24.05,2.9,1.22,73832,1,32,4.68,정상,0,0
GATE-04,PARKING-02,2026-01-26 04:00:00,37.3,3.99,23.55,2.9,1.35,73835,0,32,5.98,정상,0,0
GATE-04,PARKING-02,2026-01-26 05:00:00,36.78,3.41,24.22,2.56,1.31,73846,1,32,1.39,정상,0,0
GATE-04,PARKING-02,2026-01-26 06:00:00,40.13,4.22,23.96,2.39,1.09,73872,1,32,5.97,정상,0,0
GATE-04,PARKING-02,2026-01-26 07:00:00,42.92,4.79,23.97,2.74,1.17,73921,0,32,4.41,정상,0,0
GATE-04,PARKING-02,2026-01-26 08:00:00,41.58,4.58,23.82,2.78,1.41,73956,0,32,3.18,정상,0,0
GATE-04,PARKING-02,2026-01-26 09:00:00,40.38,4.35,23.89,2.83,1.35,73991,0,32,2.15,정상,0,0
GATE-04,PARKING-02,2026-01-26 10:00:00,38.69,4.07,24.17,2.96,1.4,74017,0,32,2.26,정상,0,0
GATE-04,PARKING-02,2026-01-26 11:00:00,38.58,3.92,24.19,2.43,1.36,74038,0,32,0,정상,0,0
GATE-04,PARKING-02,2026-01-26 12:00:00,40.83,4.56,24.1,2.99,1.45,74058,0,32,2.47,정상,0,0
GATE-04,PARKING-02,2026-01-26 13:00:00,40.24,4.28,23.67,2.54,1.46,74076,0,32,5.57,정상,0,0
GATE-04,PARKING-02,2026-01-26 14:00:00,42.14,4.26,24.12,2.84,1.49,74099,0,32,2.75,정상,0,0
GATE-04,PARKING-02,2026-01-26 15:00:00,40.17,4.59,24.07,2.85,0.95,74122,1,32,6.29,정상,0,0
GATE-04,PARKING-02,2026-01-26 16:00:00,39.42,3.71,23.87,2.82,1.35,74149,0,32,1.95,정상,0,0
GATE-04,PARKING-02,2026-01-26 17:00:00,42.49,4.42,23.81,2.59,1.59,74191,0,32,0.4,정상,0,0
GATE-04,PARKING-02,2026-01-26 18:00:00,41.62,4.83,23.82,2.83,1,74240,0,32,2.83,정상,0,0
GATE-04,PARKING-02,2026-01-26 19:00:00,39.77,3.93,24.5,2.77,1.21,74277,0,32,0.31,정상,0,0
GATE-04,PARKING-02,2026-01-26 20:00:00,39.92,4.71,24.08,2.98,1.25,74317,0,32,3.41,정상,0,0
GATE-04,PARKING-02,2026-01-26 21:00:00,37.13,4.83,24.24,2.56,0.92,74338,0,32,7.83,정상,0,0
GATE-04,PARKING-02,2026-01-26 22:00:00,36.66,4.58,24.32,3.03,1.02,74364,1,32,6.78,정상,0,0
GATE-04,PARKING-02,2026-01-26 23:00:00,41.17,4.31,24.23,2.76,0.98,74383,0,32,2.16,정상,0,0
GATE-04,PARKING-02,2026-01-27 00:00:00,38.91,4.38,24.11,2.93,1.44,74394,0,33,0,정상,0,0
GATE-04,PARKING-02,2026-01-27 01:00:00,38.23,3.31,23.98,2.5,1.32,74395,1,33,8.4,정상,0,0
GATE-04,PARKING-02,2026-01-27 02:00:00,36.45,3.98,23.93,2.71,0.86,74395,1,33,3.13,정상,0,0
GATE-04,PARKING-02,2026-01-27 03:00:00,34.87,4.37,24.25,3,1.22,74397,1,33,4.61,정상,0,0
GATE-04,PARKING-02,2026-01-27 04:00:00,39.55,3.99,23.65,2.63,0.93,74407,0,33,0,정상,0,0
GATE-04,PARKING-02,2026-01-27 05:00:00,37.77,4.23,23.84,2.75,1.2,74412,1,33,3.55,정상,0,0
GATE-04,PARKING-02,2026-01-27 06:00:00,38.83,4.26,23.73,2.95,1.1,74442,1,33,8.16,정상,0,0
GATE-04,PARKING-02,2026-01-27 07:00:00,43.78,4.43,24.02,2.89,1.06,74482,0,33,4.44,정상,0,0
GATE-04,PARKING-02,2026-01-27 08:00:00,42.59,4.81,24.23,2.77,1.42,74528,0,33,6.14,정상,0,0
GATE-04,PARKING-02,2026-01-27 09:00:00,42.04,4.69,24.1,2.69,1.12,74574,0,33,2.96,정상,0,0
GATE-04,PARKING-02,2026-01-27 10:00:00,40.69,4.02,23.76,2.77,1.13,74601,0,33,0,정상,0,0
GATE-04,PARKING-02,2026-01-27 11:00:00,39.48,4.54,23.75,3.04,1.3,74630,0,33,0,정상,0,0
GATE-04,PARKING-02,2026-01-27 12:00:00,38.45,4.75,23.93,2.91,1.39,74655,1,33,4.04,정상,0,0
GATE-04,PARKING-02,2026-01-27 13:00:00,38.25,4.39,23.77,2.72,1.16,74677,0,33,3.79,정상,0,0
GATE-04,PARKING-02,2026-01-27 14:00:00,37.09,4.16,24.19,2.66,1.3,74700,0,33,3.38,정상,0,0
GATE-04,PARKING-02,2026-01-27 15:00:00,40.4,4.04,23.87,2.67,1.46,74718,0,33,3.04,정상,0,0
GATE-04,PARKING-02,2026-01-27 16:00:00,39.77,4.29,23.77,3.02,1.5,74742,1,33,10.03,정상,0,0
GATE-04,PARKING-02,2026-01-27 17:00:00,43.21,4.63,23.98,2.76,1.05,74794,0,33,1.9,정상,0,0
GATE-04,PARKING-02,2026-01-27 18:00:00,42.45,5.02,23.82,2.82,1.24,74844,0,33,3.01,정상,0,0
GATE-04,PARKING-02,2026-01-27 19:00:00,44.81,4.62,23.88,2.84,0.95,74889,0,33,2.57,정상,0,0
GATE-04,PARKING-02,2026-01-27 20:00:00,45.09,4.38,23.97,2.74,1.28,74947,0,33,7.64,정상,0,0
GATE-04,PARKING-02,2026-01-27 21:00:00,40.48,4.61,23.82,2.9,1.25,74973,0,33,4.25,정상,0,0
GATE-04,PARKING-02,2026-01-27 22:00:00,40.93,4.07,23.42,2.77,1.45,75001,0,33,3.69,정상,0,0
GATE-04,PARKING-02,2026-01-27 23:00:00,40.41,4.19,23.93,3.01,1.08,75020,0,33,1.65,정상,0,0
GATE-04,PARKING-02,2026-01-28 00:00:00,39.99,4.02,23.67,2.77,1.16,75027,1,34,6.39,정상,0,0
GATE-04,PARKING-02,2026-01-28 01:00:00,36.43,3.81,24.5,2.69,1.36,75027,0,34,4.24,정상,0,0
GATE-04,PARKING-02,2026-01-28 02:00:00,39.29,4.29,24.08,2.92,1.22,75037,0,34,1.64,정상,0,0
GATE-04,PARKING-02,2026-01-28 03:00:00,37.76,4.3,24.07,2.68,0.81,75037,0,34,0,정상,0,0
GATE-04,PARKING-02,2026-01-28 04:00:00,36.98,3.82,23.98,2.61,1.19,75048,0,34,0,정상,0,0
GATE-04,PARKING-02,2026-01-28 05:00:00,41.88,4.04,23.83,2.68,1.36,75062,1,34,8.84,정상,0,0
GATE-04,PARKING-02,2026-01-28 06:00:00,37.66,3.64,23.74,2.73,1.11,75089,0,34,3.43,정상,0,0
GATE-04,PARKING-02,2026-01-28 07:00:00,41.22,5.38,23.75,2.7,1.26,75127,0,34,4.89,정상,0,0
GATE-04,PARKING-02,2026-01-28 08:00:00,42.51,4.89,23.74,2.95,1.4,75175,0,34,5.29,정상,0,0
GATE-04,PARKING-02,2026-01-28 09:00:00,39.24,4.38,23.92,2.77,1.04,75216,0,34,0,정상,0,0
GATE-04,PARKING-02,2026-01-28 10:00:00,37.96,4.65,23.68,2.91,1.54,75240,0,34,4.41,정상,0,0
GATE-04,PARKING-02,2026-01-28 11:00:00,40.08,4.25,23.57,2.81,1.26,75272,0,34,3.02,정상,0,0
GATE-04,PARKING-02,2026-01-28 12:00:00,42.01,4.37,23.7,2.86,1.32,75297,0,34,2.32,정상,0,0
GATE-04,PARKING-02,2026-01-28 13:00:00,38.82,3.95,23.7,2.65,1.1,75316,0,34,3.4,정상,0,0
GATE-04,PARKING-02,2026-01-28 14:00:00,42.97,4.6,23.5,2.85,1.75,75341,0,34,9.17,정상,0,0
GATE-04,PARKING-02,2026-01-28 15:00:00,39.46,4.33,24.08,2.68,1.36,75376,0,34,3.04,정상,0,0
GATE-04,PARKING-02,2026-01-28 16:00:00,39.85,4.42,23.63,2.89,1.32,75396,1,34,5.14,정상,0,0
GATE-04,PARKING-02,2026-01-28 17:00:00,38.7,4.24,24.17,2.96,1.4,75419,1,34,6.71,정상,0,0
GATE-04,PARKING-02,2026-01-28 18:00:00,42.49,4.26,24.14,2.58,1.36,75455,0,34,1.97,정상,0,0
GATE-04,PARKING-02,2026-01-28 19:00:00,42.97,4.41,23.75,2.83,1.04,75495,0,34,3.78,정상,0,0
GATE-04,PARKING-02,2026-01-28 20:00:00,43.33,4.64,23.9,2.61,0.97,75548,0,34,2.58,정상,0,0
GATE-04,PARKING-02,2026-01-28 21:00:00,41.63,4.3,24.06,2.79,1.25,75573,1,34,5.9,정상,0,0
GATE-04,PARKING-02,2026-01-28 22:00:00,40.22,4.73,23.73,2.61,1.4,75604,0,34,3.45,정상,0,0
GATE-04,PARKING-02,2026-01-28 23:00:00,42.11,4.44,24.02,2.83,1.23,75622,1,34,1.37,정상,0,0
GATE-04,PARKING-02,2026-01-29 00:00:00,38.77,3.69,24.07,2.76,1.41,75634,0,35,0,정상,0,0
GATE-04,PARKING-02,2026-01-29 01:00:00,38.28,4.27,24.15,2.96,1.25,75646,0,35,1.94,정상,0,0
GATE-04,PARKING-02,2026-01-29 02:00:00,36.05,3.88,23.37,2.71,1.39,75646,0,35,3.48,정상,0,0
GATE-04,PARKING-02,2026-01-29 03:00:00,37.87,3.77,23.34,2.69,1.2,75652,1,35,8.03,정상,0,0
GATE-04,PARKING-02,2026-01-29 04:00:00,37.83,4.09,24.02,2.9,0.95,75657,1,35,5.16,정상,0,0
GATE-04,PARKING-02,2026-01-29 05:00:00,39.14,3.66,24.21,2.84,1.1,75663,0,35,0,정상,0,0
GATE-04,PARKING-02,2026-01-29 06:00:00,39.16,4.75,24.16,2.78,1.04,75679,0,35,0.87,정상,0,0
GATE-04,PARKING-02,2026-01-29 07:00:00,45.3,4.76,23.98,2.52,1.09,75718,0,35,6.85,정상,0,0
GATE-04,PARKING-02,2026-01-29 08:00:00,42.97,5.36,23.89,2.8,1.22,75776,0,35,4.41,정상,0,0
GATE-04,PARKING-02,2026-01-29 09:00:00,42.26,3.99,23.92,2.83,1.21,75821,0,35,0,정상,0,0
GATE-04,PARKING-02,2026-01-29 10:00:00,39.8,3.86,24.21,2.82,1.21,75836,1,35,7.61,정상,0,0
GATE-04,PARKING-02,2026-01-29 11:00:00,38.38,4.17,24.54,2.73,1.32,75856,1,35,10.03,정상,0,0
GATE-04,PARKING-02,2026-01-29 12:00:00,42.7,4.54,24.01,2.9,1.29,75880,0,35,2.59,정상,0,0
GATE-04,PARKING-02,2026-01-29 13:00:00,37.24,4.86,24.37,2.51,1.33,75913,0,35,4.11,정상,0,0
GATE-04,PARKING-02,2026-01-29 14:00:00,37.6,4.22,24.17,2.63,1.26,75939,0,35,0,정상,0,0
GATE-04,PARKING-02,2026-01-29 15:00:00,37.3,4.59,23.76,2.88,1.31,75957,0,35,5.55,정상,0,0
GATE-04,PARKING-02,2026-01-29 16:00:00,37.45,3.9,24.09,2.8,1.47,75967,0,35,0.69,정상,0,0
GATE-04,PARKING-02,2026-01-29 17:00:00,38.2,5.01,23.8,2.64,1.29,76012,0,35,4.15,정상,0,0
GATE-04,PARKING-02,2026-01-29 18:00:00,42.56,4.85,23.71,2.6,1.59,76059,0,35,6.69,정상,0,0
GATE-04,PARKING-02,2026-01-29 19:00:00,42.15,4.56,23.72,3.11,1.33,76096,0,35,1.7,정상,0,0
GATE-04,PARKING-02,2026-01-29 20:00:00,42.81,4.59,24.25,2.85,1.36,76132,0,35,3.87,정상,0,0
GATE-04,PARKING-02,2026-01-29 21:00:00,41.61,4.33,23.6,2.72,1.18,76158,0,35,1.72,정상,0,0
GATE-04,PARKING-02,2026-01-29 22:00:00,38.85,4.45,23.69,2.73,1.4,76189,0,35,0.06,정상,0,0
GATE-04,PARKING-02,2026-01-29 23:00:00,38.49,3.94,23.95,2.92,1.35,76207,2,35,10.34,정상,0,0
GATE-04,PARKING-02,2026-01-30 00:00:00,36.51,3.9,24.13,2.78,1.55,76214,0,36,2.89,정상,0,0
GATE-04,PARKING-02,2026-01-30 01:00:00,37.55,3.68,23.77,2.86,1.5,76214,0,36,2.84,정상,0,0
GATE-04,PARKING-02,2026-01-30 02:00:00,36.52,4,23.38,3.08,1.3,76216,0,36,3.61,정상,0,0
GATE-04,PARKING-02,2026-01-30 03:00:00,37.2,4.48,24.1,2.37,1.02,76216,0,36,0,정상,0,0
GATE-04,PARKING-02,2026-01-30 04:00:00,36.64,4.19,23.64,2.85,1,76222,0,36,0,정상,0,0
GATE-04,PARKING-02,2026-01-30 05:00:00,36.24,3.6,24.06,2.74,1.15,76227,1,36,3.84,정상,0,0
GATE-04,PARKING-02,2026-01-30 06:00:00,41.42,4.52,23.96,2.89,1.27,76255,0,36,0.01,정상,0,0
GATE-04,PARKING-02,2026-01-30 07:00:00,41.57,4.42,23.8,2.86,1.29,76292,1,36,3,정상,0,0
GATE-04,PARKING-02,2026-01-30 08:00:00,41.5,4.4,24.02,2.96,1.08,76331,0,36,0,정상,0,0
GATE-04,PARKING-02,2026-01-30 09:00:00,42.81,4.82,23.87,2.88,1.16,76368,0,36,3.92,정상,0,0
GATE-04,PARKING-02,2026-01-30 10:00:00,40.54,4.26,24.12,2.79,1.24,76396,1,36,5.16,정상,0,0
GATE-04,PARKING-02,2026-01-30 11:00:00,37.17,3.97,23.64,2.85,1.05,76424,0,36,0.85,정상,0,0
GATE-04,PARKING-02,2026-01-30 12:00:00,41.07,4.49,23.48,2.93,1.26,76447,0,36,3.86,정상,0,0
GATE-04,PARKING-02,2026-01-30 13:00:00,38.05,4.77,23.6,2.59,1.02,76468,0,36,2.88,정상,0,0
GATE-04,PARKING-02,2026-01-30 14:00:00,43.18,3.96,23.73,2.69,1.57,76492,1,36,11.45,정상,0,0
GATE-04,PARKING-02,2026-01-30 15:00:00,41.15,3.94,24.12,3.13,1.37,76510,0,36,5.72,정상,0,0
GATE-04,PARKING-02,2026-01-30 16:00:00,41.85,4.68,23.74,2.87,1.32,76539,1,36,9.46,정상,0,0
GATE-04,PARKING-02,2026-01-30 17:00:00,41.81,4.65,24.24,2.93,1.36,76585,0,36,5.91,정상,0,0
GATE-04,PARKING-02,2026-01-30 18:00:00,45.13,5.07,24.23,3.04,1.46,76642,0,36,7.76,정상,0,0
GATE-04,PARKING-02,2026-01-30 19:00:00,45.65,5.16,23.98,2.91,1.44,76699,0,36,6.94,정상,0,0
GATE-04,PARKING-02,2026-01-30 20:00:00,42.53,4.66,23.98,2.9,1.43,76748,1,36,12.5,정상,0,0
GATE-04,PARKING-02,2026-01-30 21:00:00,40.24,4.83,24.03,3.12,1.68,76770,0,36,4.53,정상,0,0
GATE-04,PARKING-02,2026-01-30 22:00:00,38.16,4.37,23.49,2.89,1.3,76792,0,36,6.26,정상,0,0
GATE-04,PARKING-02,2026-01-30 23:00:00,41.93,3.81,24.32,2.99,1.16,76809,0,36,5.71,정상,0,0
GATE-04,PARKING-02,2026-01-31 00:00:00,38.48,3.72,23.83,2.6,1.31,76815,0,37,0.47,정상,0,0
GATE-04,PARKING-02,2026-01-31 01:00:00,38.15,3.6,23.38,2.88,1.26,76815,0,37,3.87,정상,0,0
GATE-04,PARKING-02,2026-01-31 02:00:00,40.04,4.42,24.01,2.95,1.48,76828,1,37,5.55,정상,0,0
GATE-04,PARKING-02,2026-01-31 03:00:00,39.13,3.65,24.05,2.84,1.53,76846,0,37,2.25,정상,0,0
GATE-04,PARKING-02,2026-01-31 04:00:00,38,4.52,23.54,3.01,1.21,76846,0,37,3.31,정상,0,0
GATE-04,PARKING-02,2026-01-31 05:00:00,39.03,4,24.1,2.75,1.3,76859,0,37,0.35,정상,0,0
GATE-04,PARKING-02,2026-01-31 06:00:00,44.33,4.19,24.12,3,1.36,76877,0,37,5.09,정상,0,0
GATE-04,PARKING-02,2026-01-31 07:00:00,40.8,4.34,23.6,2.65,1.35,76912,0,37,3.62,정상,0,0
GATE-04,PARKING-02,2026-01-31 08:00:00,39.05,4.48,24.15,3.02,1.19,76932,0,37,0.81,정상,0,0
GATE-04,PARKING-02,2026-01-31 09:00:00,42.46,4.8,24.1,2.98,1.11,76966,0,37,2.61,정상,0,0
GATE-04,PARKING-02,2026-01-31 10:00:00,34.51,4.3,24,2.94,1.5,76972,0,37,1.77,정상,0,0
GATE-04,PARKING-02,2026-01-31 11:00:00,40.43,4.12,23.72,2.74,1.21,76995,0,37,0,정상,0,0
GATE-04,PARKING-02,2026-01-31 12:00:00,38.38,4.32,23.72,2.77,1.2,77028,0,37,1.64,정상,0,0
GATE-04,PARKING-02,2026-01-31 13:00:00,39.88,4.56,24.06,2.95,1.49,77057,0,37,2.37,정상,0,0
GATE-04,PARKING-02,2026-01-31 14:00:00,41.24,4.55,23.92,2.86,1.42,77076,0,37,0,정상,0,0
GATE-04,PARKING-02,2026-01-31 15:00:00,40.1,3.94,24.11,2.71,1.28,77099,0,37,2.92,정상,0,0
GATE-04,PARKING-02,2026-01-31 16:00:00,39.39,3.75,23.47,2.61,1.61,77115,1,37,13.86,정상,0,0
GATE-04,PARKING-02,2026-01-31 17:00:00,44.33,4.58,23.8,2.82,1.3,77159,0,37,3.77,정상,0,0
GATE-04,PARKING-02,2026-01-31 18:00:00,42.28,4.82,24.03,2.91,1.37,77199,0,37,2.53,정상,0,0
GATE-04,PARKING-02,2026-01-31 19:00:00,40.65,5.04,23.58,2.65,1.39,77231,1,37,10.23,정상,0,0
GATE-04,PARKING-02,2026-01-31 20:00:00,39.13,4.71,23.84,2.9,1.5,77279,0,37,2.47,정상,0,0
GATE-04,PARKING-02,2026-01-31 21:00:00,39.47,3.91,23.96,2.89,1.62,77298,0,37,0,정상,0,0
GATE-04,PARKING-02,2026-01-31 22:00:00,38.56,4.74,23.9,2.92,1.37,77318,1,37,6.94,정상,0,0
GATE-04,PARKING-02,2026-01-31 23:00:00,40.21,4.51,24.09,2.86,1.43,77334,0,37,1.56,정상,0,0
GATE-04,PARKING-02,2026-02-01 00:00:00,34.2,4.07,23.76,2.87,1.1,77345,0,38,0.72,정상,0,0
GATE-04,PARKING-02,2026-02-01 01:00:00,37.21,3.61,23.92,2.76,1.57,77345,0,38,1.41,정상,0,0
GATE-04,PARKING-02,2026-02-01 02:00:00,40.42,4.1,23.8,2.65,1.55,77350,1,38,6.31,정상,0,0
GATE-04,PARKING-02,2026-02-01 03:00:00,37.61,3.55,24.4,2.78,1.31,77356,0,38,7.66,정상,0,0
GATE-04,PARKING-02,2026-02-01 04:00:00,34.91,3.65,23.98,2.77,1.33,77356,0,38,1.98,정상,0,0
GATE-04,PARKING-02,2026-02-01 05:00:00,35.7,4.02,24.13,2.81,1.46,77359,0,38,0,정상,0,0
GATE-04,PARKING-02,2026-02-01 06:00:00,40.51,4.74,23.94,2.83,1.63,77389,0,38,2.7,정상,0,0
GATE-04,PARKING-02,2026-02-01 07:00:00,44.12,4.55,23.65,3.07,1.69,77430,0,38,7.81,정상,0,0
GATE-04,PARKING-02,2026-02-01 08:00:00,41.77,4.62,23.78,3.16,1.33,77472,0,38,4.93,정상,0,0
GATE-04,PARKING-02,2026-02-01 09:00:00,39.31,5.22,24.47,2.88,1.12,77510,1,38,13.44,정상,0,0
GATE-04,PARKING-02,2026-02-01 10:00:00,41.59,5.01,23.48,3.18,1.03,77541,0,38,5.15,정상,0,0
GATE-04,PARKING-02,2026-02-01 11:00:00,41.5,3.92,24.25,2.68,1.69,77554,0,38,4.83,정상,0,0
GATE-04,PARKING-02,2026-02-01 12:00:00,38.75,4.5,23.72,2.94,1.16,77571,0,38,3.68,정상,0,0
GATE-04,PARKING-02,2026-02-01 13:00:00,40.69,4.17,24.13,2.97,1.35,77591,0,38,4.1,정상,0,0
GATE-04,PARKING-02,2026-02-01 14:00:00,37.66,4.72,24.01,3.13,1.59,77614,1,38,11.34,정상,0,0
GATE-04,PARKING-02,2026-02-01 15:00:00,41.74,4.6,23.5,3.48,1.67,77632,1,38,16.79,정상,0,0
GATE-04,PARKING-02,2026-02-01 16:00:00,40.83,5.28,23.75,3.02,1.62,77656,0,38,9.57,정상,0,0
GATE-04,PARKING-02,2026-02-01 17:00:00,44,5.35,23.79,3.26,1.97,77703,1,38,18.45,정상,0,0
GATE-04,PARKING-02,2026-02-01 18:00:00,46.58,5.49,23.8,3.58,2.07,77745,1,38,29.81,정상,0,0
GATE-04,PARKING-02,2026-02-01 19:00:00,49.53,5.64,23.77,3.31,1.56,77793,1,38,28.93,정상,0,0
GATE-04,PARKING-02,2026-02-01 20:00:00,44.61,5.81,23.14,3.31,1.88,77839,1,38,23.63,정상,0,0
GATE-04,PARKING-02,2026-02-01 21:00:00,44.43,5.48,23.79,3.58,2.07,77864,2,38,33.81,정상,0,0
GATE-04,PARKING-02,2026-02-01 22:00:00,40.56,5.73,23.46,3.79,2.3,77885,1,38,27.08,정상,0,0
GATE-04,PARKING-02,2026-02-01 23:00:00,44.2,5.82,23.4,3.44,2.25,77908,2,38,31.42,정상,0,0
GATE-04,PARKING-02,2026-02-02 00:00:00,45.43,5.33,23.68,3.57,2.39,77911,2,39,34.78,정상,0,0
GATE-04,PARKING-02,2026-02-02 01:00:00,41.76,5.3,23.76,3.8,2.67,77912,1,39,26.33,정상,0,0
GATE-04,PARKING-02,2026-02-02 02:00:00,45.51,4.9,23.22,3.53,2.23,77913,1,39,26.16,정상,0,0
GATE-04,PARKING-02,2026-02-02 03:00:00,43.59,5.69,23.46,3.74,2.89,77913,1,39,32.25,정상,0,0
GATE-04,PARKING-02,2026-02-02 04:00:00,43.8,5.63,23.77,3.78,2.47,77920,1,39,30.86,정상,0,0
GATE-04,PARKING-02,2026-02-02 05:00:00,45,5.8,22.99,3.95,3.04,77925,1,39,40.68,주의,0,0
GATE-04,PARKING-02,2026-02-02 06:00:00,46.36,5.74,23.57,3.97,2.79,77947,1,39,41.75,주의,0,0
GATE-04,PARKING-02,2026-02-02 07:00:00,48.51,6.22,23.5,4.13,2.99,77988,1,39,46.98,주의,0,0
GATE-04,PARKING-02,2026-02-02 08:00:00,54.56,6.86,22.94,3.98,2.92,78042,2,39,63.58,주의,0,0
GATE-04,PARKING-02,2026-02-02 09:00:00,50.12,6.68,23.25,4.01,2.83,78089,1,39,48.55,주의,0,0
GATE-04,PARKING-02,2026-02-02 10:00:00,48.22,6.92,23.3,3.99,3.39,78111,2,39,52.59,주의,0,0
GATE-04,PARKING-02,2026-02-02 11:00:00,50.95,6.69,23.66,4.53,3.35,78129,1,39,54.96,주의,0,0
GATE-04,PARKING-02,2026-02-02 12:00:00,49.81,6.88,22.65,4.49,2.9,78140,2,39,62.49,주의,0,0
GATE-04,PARKING-02,2026-02-02 13:00:00,52.12,6.88,23.08,4.33,3.44,78168,2,39,65.89,주의,0,0
GATE-04,PARKING-02,2026-02-02 14:00:00,50.54,6.78,23.63,4.81,3.65,78188,3,39,71.74,주의,0,0
GATE-04,PARKING-02,2026-02-02 15:00:00,52.88,7,22.91,4.68,3.34,78214,2,39,67.93,주의,0,0
GATE-04,PARKING-02,2026-02-02 16:00:00,50.09,6.79,23.5,4.5,3.8,78239,3,39,65.6,주의,0,0
GATE-04,PARKING-02,2026-02-02 17:00:00,53.03,7.31,23.69,4.7,3.96,78269,3,39,77.38,주의,0,0
GATE-04,PARKING-02,2026-02-02 18:00:00,53.76,7.56,22.65,4.55,3.78,78304,4,39,85.49,주의,0,0
GATE-04,PARKING-02,2026-02-02 19:00:00,53.41,7.51,23.33,4.6,3.79,78343,3,39,78.98,주의,0,0
GATE-04,PARKING-02,2026-02-02 20:00:00,55.24,8.29,23.03,4.54,4.09,78394,3,39,85.67,주의,0,0
GATE-04,PARKING-02,2026-02-02 21:00:00,53.38,7.6,22.84,4.67,4.12,78426,4,39,91.14,주의,0,0
GATE-04,PARKING-02,2026-02-02 22:00:00,52.31,7.62,22.92,5.17,4.11,78448,3,39,87.1,주의,0,0
GATE-04,PARKING-02,2026-02-02 23:00:00,52.17,7.68,22.27,4.83,3.74,78469,4,39,92.52,주의,0,0
GATE-04,PARKING-02,2026-02-03 00:00:00,38.42,3.95,23.86,3,1.36,78469,0,40,5.38,정상,0,0
GATE-04,PARKING-02,2026-02-03 01:00:00,39.06,4.38,23.66,3.13,1.78,78471,0,40,3.04,정상,0,0
GATE-04,PARKING-02,2026-02-03 02:00:00,36.32,4.34,23.88,2.91,1.37,78476,0,40,3.77,정상,0,0
GATE-04,PARKING-02,2026-02-03 03:00:00,42.43,4.27,23.74,2.96,1.62,78481,0,40,3.76,정상,0,0
GATE-04,PARKING-02,2026-02-03 04:00:00,38.2,4.69,23.97,3.14,1.59,78493,1,40,11.45,정상,0,0
GATE-04,PARKING-02,2026-02-03 05:00:00,38.47,4.56,23.98,3.12,1.5,78498,1,40,10.54,정상,0,0
GATE-04,PARKING-02,2026-02-03 06:00:00,39.94,4.81,23.93,2.91,1.32,78523,2,40,13.36,정상,0,0
GATE-04,PARKING-02,2026-02-03 07:00:00,45.68,5.15,23.79,2.97,1.31,78580,0,40,10.16,정상,0,0
GATE-04,PARKING-02,2026-02-03 08:00:00,45.01,4.93,23.57,2.92,1.26,78633,0,40,7.51,정상,0,0
GATE-04,PARKING-02,2026-02-03 09:00:00,43.49,5.14,23.57,2.83,1.4,78673,1,40,12.78,정상,0,0
GATE-04,PARKING-02,2026-02-03 10:00:00,38.62,4.56,23.91,2.81,1.66,78700,1,40,8.72,정상,0,0
GATE-04,PARKING-02,2026-02-03 11:00:00,39.03,4.78,23.53,2.83,1.68,78726,0,40,8.76,정상,0,0
GATE-04,PARKING-02,2026-02-03 12:00:00,40.67,4.42,23.72,3.07,1.24,78743,0,40,3.95,정상,0,0
GATE-04,PARKING-02,2026-02-03 13:00:00,39.9,4.43,23.3,3.09,1.39,78766,0,40,4.72,정상,0,0
GATE-04,PARKING-02,2026-02-03 14:00:00,39.98,4.83,23.99,3.03,1.33,78787,0,40,2.36,정상,0,0
GATE-04,PARKING-02,2026-02-03 15:00:00,41.18,4.31,24.19,2.91,1.68,78815,0,40,7.27,정상,0,0
GATE-04,PARKING-02,2026-02-03 16:00:00,39.51,4.81,23.5,3.02,1.45,78836,1,40,12.28,정상,0,0
GATE-04,PARKING-02,2026-02-03 17:00:00,43.02,5.51,24.39,3.26,1.19,78876,1,40,10.32,정상,0,0
GATE-04,PARKING-02,2026-02-03 18:00:00,40.02,4.53,23.92,2.86,1.04,78910,0,40,0,정상,0,0
GATE-04,PARKING-02,2026-02-03 19:00:00,41.54,4.64,24.25,2.94,1.84,78942,0,40,7.72,정상,0,0
GATE-04,PARKING-02,2026-02-03 20:00:00,43.52,4.38,23.87,2.92,1.49,78981,0,40,4.19,정상,0,0
GATE-04,PARKING-02,2026-02-03 21:00:00,40.78,4.74,24.35,3.01,1.14,79010,0,40,2.69,정상,0,0
GATE-04,PARKING-02,2026-02-03 22:00:00,36.19,4.62,24.01,3.24,1.39,79025,0,40,0.27,정상,0,0
GATE-04,PARKING-02,2026-02-03 23:00:00,41.26,4.69,24.08,2.99,1.67,79049,0,40,1.7,정상,0,0
GATE-04,PARKING-02,2026-02-04 00:00:00,40.05,4.41,24.31,3.16,1.28,79056,0,41,0,정상,0,0
GATE-04,PARKING-02,2026-02-04 01:00:00,38.32,4.09,23.69,3.06,1.27,79056,1,41,4.52,정상,0,0
GATE-04,PARKING-02,2026-02-04 02:00:00,35.98,4.01,23.79,2.8,1.49,79056,0,41,3.83,정상,0,0
GATE-04,PARKING-02,2026-02-04 03:00:00,37.62,4.28,23.65,3.01,1.35,79065,1,41,7.36,정상,0,0
GATE-04,PARKING-02,2026-02-04 04:00:00,37.82,4.45,23.75,2.76,1.7,79067,0,41,3.88,정상,0,0
GATE-04,PARKING-02,2026-02-04 05:00:00,36.62,4.09,23.99,2.86,1.31,79072,0,41,3.3,정상,0,0
GATE-04,PARKING-02,2026-02-04 06:00:00,41.85,3.99,23.85,2.79,1.45,79095,0,41,3.92,정상,0,0
GATE-04,PARKING-02,2026-02-04 07:00:00,44.83,4.31,23.75,3.2,1.18,79135,1,41,9.75,정상,0,0
GATE-04,PARKING-02,2026-02-04 08:00:00,40.97,4.54,23.77,3,1.81,79178,0,41,8.87,정상,0,0
GATE-04,PARKING-02,2026-02-04 09:00:00,43.49,5.75,23.57,2.81,1.53,79237,0,41,13.76,정상,0,0
GATE-04,PARKING-02,2026-02-04 10:00:00,38.68,4.08,23.66,2.77,1.35,79252,1,41,5.74,정상,0,0
GATE-04,PARKING-02,2026-02-04 11:00:00,40.33,4.89,24.07,2.78,1.54,79276,1,41,9.58,정상,0,0
GATE-04,PARKING-02,2026-02-04 12:00:00,38.27,4.47,23.82,2.88,1.27,79294,0,41,2.78,정상,0,0
GATE-04,PARKING-02,2026-02-04 13:00:00,42.22,4.45,23.94,3.1,1.63,79319,0,41,3.62,정상,0,0
GATE-04,PARKING-02,2026-02-04 14:00:00,43.01,4.77,24.02,2.88,1.48,79343,0,41,6.54,정상,0,0
GATE-04,PARKING-02,2026-02-04 15:00:00,42.32,4.74,24.54,2.59,1.82,79369,0,41,11.01,정상,0,0
GATE-04,PARKING-02,2026-02-04 16:00:00,40.06,4.06,23.62,2.87,1.48,79386,0,41,6.51,정상,0,0
GATE-04,PARKING-02,2026-02-04 17:00:00,43.23,4.87,23.78,2.98,1.89,79425,1,41,14.91,정상,0,0
GATE-04,PARKING-02,2026-02-04 18:00:00,44.92,4.33,24,2.75,1.69,79468,1,41,12.24,정상,0,0
GATE-04,PARKING-02,2026-02-04 19:00:00,44.4,4.54,24.14,3.05,1.61,79508,0,41,9.69,정상,0,0
GATE-04,PARKING-02,2026-02-04 20:00:00,43.46,4.72,24.09,2.84,1.52,79548,0,41,4.21,정상,0,0
GATE-04,PARKING-02,2026-02-04 21:00:00,43.12,5,23.72,3.04,1.53,79575,0,41,9.35,정상,0,0
GATE-04,PARKING-02,2026-02-04 22:00:00,40.1,4.59,23.75,2.96,1.49,79591,0,41,0.69,정상,0,0
GATE-04,PARKING-02,2026-02-04 23:00:00,40.45,4.55,24.15,2.72,1.74,79621,1,41,10.69,정상,0,0
GATE-04,PARKING-02,2026-02-05 00:00:00,38.66,4.41,24.02,3.16,1.42,79624,0,42,5.95,정상,0,0
GATE-04,PARKING-02,2026-02-05 01:00:00,38.12,4.32,23.72,3.05,1.48,79629,0,42,4.83,정상,0,0
GATE-04,PARKING-02,2026-02-05 02:00:00,37.28,4.48,23.82,3.27,1.12,79631,0,42,2.3,정상,0,0
GATE-04,PARKING-02,2026-02-05 03:00:00,42.78,4.16,23.62,2.77,1.85,79646,1,42,8.9,정상,0,0
GATE-04,PARKING-02,2026-02-05 04:00:00,37.5,4.68,23.78,3.03,1.54,79652,1,42,8.77,정상,0,0
GATE-04,PARKING-02,2026-02-05 05:00:00,36.91,4.49,23.65,3.24,1.27,79666,1,42,7.22,정상,0,0
GATE-04,PARKING-02,2026-02-05 06:00:00,40.98,4.76,24.06,3.38,1.34,79681,1,42,8.46,정상,0,0
GATE-04,PARKING-02,2026-02-05 07:00:00,42.8,5.51,24.15,2.87,1.51,79730,0,42,6.01,정상,0,0
GATE-04,PARKING-02,2026-02-05 08:00:00,43.83,4.99,23.53,3.09,1.07,79770,1,42,15.04,정상,0,0
GATE-04,PARKING-02,2026-02-05 09:00:00,44.58,4.57,23.73,2.69,1.31,79812,0,42,6.92,정상,0,0
GATE-04,PARKING-02,2026-02-05 10:00:00,41.25,4.29,23.99,3.23,1.33,79837,0,42,3.55,정상,0,0
GATE-04,PARKING-02,2026-02-05 11:00:00,42.42,4.75,24.13,2.75,1.76,79855,1,42,14.27,정상,0,0
GATE-04,PARKING-02,2026-02-05 12:00:00,39.46,4.07,23.59,3.12,1.74,79869,0,42,7.94,정상,0,0
GATE-04,PARKING-02,2026-02-05 13:00:00,41.81,4.54,24.08,3.14,1.48,79892,0,42,4.55,정상,0,0
GATE-04,PARKING-02,2026-02-05 14:00:00,40.67,4.77,23.72,2.8,1.47,79914,1,42,7.82,정상,0,0
GATE-04,PARKING-02,2026-02-05 15:00:00,39.9,4.63,23.74,3.02,1.55,79940,0,42,3.26,정상,0,0
GATE-04,PARKING-02,2026-02-05 16:00:00,40.86,4.43,23.62,2.83,1.46,79953,0,42,4.38,정상,0,0
GATE-04,PARKING-02,2026-02-05 17:00:00,43.56,4.95,23.75,2.83,1.77,79995,0,42,7.74,정상,0,0
GATE-04,PARKING-02,2026-02-05 18:00:00,45.12,4.84,23.85,2.98,1.53,80040,0,42,9.94,정상,0,0
GATE-04,PARKING-02,2026-02-05 19:00:00,43.2,5.42,23.92,3.19,1.51,80084,0,42,9.24,정상,0,0
GATE-04,PARKING-02,2026-02-05 20:00:00,42.15,5.21,24.02,2.92,1.32,80126,1,42,7.04,정상,0,0
GATE-04,PARKING-02,2026-02-05 21:00:00,42.23,4.11,23.93,2.85,1.52,80146,0,42,3.19,정상,0,0
GATE-04,PARKING-02,2026-02-05 22:00:00,43.32,3.85,23.94,2.78,1.71,80165,0,42,4.42,정상,0,0
GATE-04,PARKING-02,2026-02-05 23:00:00,41.35,3.93,23.47,2.86,1.45,80184,1,42,9.88,정상,0,0
GATE-04,PARKING-02,2026-02-06 00:00:00,40.77,4.15,23.9,2.96,1.56,80190,0,43,2.47,정상,0,0
GATE-04,PARKING-02,2026-02-06 01:00:00,38.81,4.2,23.98,3.07,1.55,80195,0,43,2.14,정상,0,0
GATE-04,PARKING-02,2026-02-06 02:00:00,37.72,4.25,23.89,3.24,1.55,80203,2,43,13.91,정상,0,0
GATE-04,PARKING-02,2026-02-06 03:00:00,37.13,4.43,23.55,2.84,1.47,80204,1,43,10.85,정상,0,0
GATE-04,PARKING-02,2026-02-06 04:00:00,39.24,4.18,23.9,2.59,1.73,80206,1,43,10.85,정상,0,0
GATE-04,PARKING-02,2026-02-06 05:00:00,37.1,4.4,23.96,3.18,1.58,80213,1,43,8.56,정상,0,0
GATE-04,PARKING-02,2026-02-06 06:00:00,40.15,4.21,23.6,3.16,1.45,80227,0,43,4.2,정상,0,0
GATE-04,PARKING-02,2026-02-06 07:00:00,42.82,4.83,24.09,2.84,1.46,80276,0,43,5.04,정상,0,0
GATE-04,PARKING-02,2026-02-06 08:00:00,44.94,5.14,23.46,2.93,1.5,80336,0,43,12.73,정상,0,0
GATE-04,PARKING-02,2026-02-06 09:00:00,44.74,4.44,23.54,3,1.55,80386,1,43,15.36,정상,0,0
GATE-04,PARKING-02,2026-02-06 10:00:00,41.05,4.29,23.77,3.03,1.73,80407,0,43,8.82,정상,0,0
GATE-04,PARKING-02,2026-02-06 11:00:00,40.52,4.82,23.68,2.79,1.64,80438,1,43,9.79,정상,0,0
GATE-04,PARKING-02,2026-02-06 12:00:00,42.71,4.25,23.71,2.93,1.69,80465,0,43,7.01,정상,0,0
GATE-04,PARKING-02,2026-02-06 13:00:00,40.9,4.96,24.21,3.05,1.65,80492,0,43,6.62,정상,0,0
GATE-04,PARKING-02,2026-02-06 14:00:00,41.84,4.74,24.13,3.02,1.54,80510,1,43,9.75,정상,0,0
GATE-04,PARKING-02,2026-02-06 15:00:00,41.68,5.34,23.84,2.65,1.77,80543,0,43,8.67,정상,0,0
GATE-04,PARKING-02,2026-02-06 16:00:00,40.71,4.15,23.86,2.79,1.24,80562,0,43,2.45,정상,0,0
GATE-04,PARKING-02,2026-02-06 17:00:00,43.44,4.76,23.92,2.87,1.64,80606,0,43,3.8,정상,0,0
GATE-04,PARKING-02,2026-02-06 18:00:00,40.69,4.94,24.01,3.18,1.27,80645,0,43,6.41,정상,0,0
GATE-04,PARKING-02,2026-02-06 19:00:00,42.01,4.93,23.56,2.97,0.94,80682,0,43,3.71,정상,0,0
GATE-04,PARKING-02,2026-02-06 20:00:00,40.42,4.6,23.79,2.99,1.6,80723,0,43,4.22,정상,0,0
GATE-04,PARKING-02,2026-02-06 21:00:00,40.32,5.01,23.98,2.96,1.58,80743,0,43,5.56,정상,0,0
GATE-04,PARKING-02,2026-02-06 22:00:00,42.37,4.58,23.94,2.89,1.47,80770,1,43,3.5,정상,0,0
GATE-04,PARKING-02,2026-02-06 23:00:00,39.88,4.75,24.01,2.82,1.49,80792,1,43,10.87,정상,0,0
GATE-04,PARKING-02,2026-02-07 00:00:00,38.72,4.51,23.84,2.96,1.79,80797,2,44,13.33,정상,0,0
GATE-04,PARKING-02,2026-02-07 01:00:00,39.96,4.68,24.04,2.79,1.51,80807,1,44,8.63,정상,0,0
GATE-04,PARKING-02,2026-02-07 02:00:00,39.94,4.74,24.03,3.04,1.72,80815,1,44,15.15,정상,0,0
GATE-04,PARKING-02,2026-02-07 03:00:00,40.67,3.83,23.9,3.06,1.79,80830,1,44,10.56,정상,0,0
GATE-04,PARKING-02,2026-02-07 04:00:00,38.3,4.75,23.86,3.05,1.67,80839,0,44,4.59,정상,0,0
GATE-04,PARKING-02,2026-02-07 05:00:00,38.06,4.3,23.32,3.24,1.38,80839,1,44,10.39,정상,0,0
GATE-04,PARKING-02,2026-02-07 06:00:00,40.32,5.26,23.74,3,1.66,80871,0,44,7.35,정상,0,0
GATE-04,PARKING-02,2026-02-07 07:00:00,43.4,4.8,23.47,3.06,1.54,80919,0,44,6.05,정상,0,0
GATE-04,PARKING-02,2026-02-07 08:00:00,47.09,4.5,23.62,3.13,1.69,80969,0,44,11.5,정상,0,0
GATE-04,PARKING-02,2026-02-07 09:00:00,44.44,4.76,23.91,3.08,1.42,81010,0,44,9.08,정상,0,0
GATE-04,PARKING-02,2026-02-07 10:00:00,39.04,4.18,23.93,2.96,1.53,81030,1,44,5.41,정상,0,0
GATE-04,PARKING-02,2026-02-07 11:00:00,42.27,5.3,24.25,2.81,1.24,81058,0,44,5.51,정상,0,0
GATE-04,PARKING-02,2026-02-07 12:00:00,41.91,5.05,23.77,2.96,1.44,81085,0,44,4.77,정상,0,0
GATE-04,PARKING-02,2026-02-07 13:00:00,41.17,4.51,23.59,2.88,1.61,81109,0,44,5.35,정상,0,0
GATE-04,PARKING-02,2026-02-07 14:00:00,41.5,4.64,23.49,3.25,1.54,81135,1,44,13.09,정상,0,0
GATE-04,PARKING-02,2026-02-07 15:00:00,41.21,4.34,23.82,3.12,1.42,81156,0,44,0,정상,0,0
GATE-04,PARKING-02,2026-02-07 16:00:00,40.19,4.63,23.92,3.01,1.85,81180,0,44,4.85,정상,0,0
GATE-04,PARKING-02,2026-02-07 17:00:00,38.93,4.72,23.91,2.89,1.91,81207,0,44,11.07,정상,0,0
GATE-04,PARKING-02,2026-02-07 18:00:00,39.37,5.18,23.69,3.05,1.35,81241,1,44,13.42,정상,0,0
GATE-04,PARKING-02,2026-02-07 19:00:00,43.39,5.24,23.62,3.04,1.75,81284,0,44,11.71,정상,0,0
GATE-04,PARKING-02,2026-02-07 20:00:00,45.22,4.91,23.63,2.78,1.58,81332,1,44,18.35,정상,0,0
GATE-04,PARKING-02,2026-02-07 21:00:00,42.58,5.04,24.11,3.26,1.58,81358,0,44,6.94,정상,0,0
GATE-04,PARKING-02,2026-02-07 22:00:00,43.34,4.72,23.46,3.15,1.87,81377,0,44,10.98,정상,0,0
GATE-04,PARKING-02,2026-02-07 23:00:00,42.58,4.33,24.18,2.91,1.89,81404,0,44,7.32,정상,0,0
GATE-04,PARKING-02,2026-02-08 00:00:00,39.06,3.76,24.35,3.12,1.45,81407,0,45,6.56,정상,0,0
GATE-04,PARKING-02,2026-02-08 01:00:00,37.66,4.29,23.78,3.01,1.6,81413,0,45,1.98,정상,0,0
GATE-04,PARKING-02,2026-02-08 02:00:00,34.99,4.91,24.11,3.01,1.81,81421,1,45,10.04,정상,0,0
GATE-04,PARKING-02,2026-02-08 03:00:00,40.7,4.71,23.77,3.19,1.59,81429,1,45,13.1,정상,0,0
GATE-04,PARKING-02,2026-02-08 04:00:00,42.1,3.85,23.8,2.88,1.72,81442,1,45,4.1,정상,0,0
GATE-04,PARKING-02,2026-02-08 05:00:00,38.81,4.38,23.84,3.16,1.69,81456,0,45,5.03,정상,0,0
GATE-04,PARKING-02,2026-02-08 06:00:00,39.34,4.33,23.47,3.01,1.63,81473,0,45,2.75,정상,0,0
GATE-04,PARKING-02,2026-02-08 07:00:00,45.41,5.02,23.13,3.23,1.61,81523,1,45,22.34,정상,0,0
GATE-04,PARKING-02,2026-02-08 08:00:00,39.85,5.04,24.09,2.92,1.35,81549,0,45,4.47,정상,0,0
GATE-04,PARKING-02,2026-02-08 09:00:00,44.62,4.25,23.56,2.98,1.5,81595,1,45,12.22,정상,0,0
GATE-04,PARKING-02,2026-02-08 10:00:00,41.26,4.15,23.82,2.89,1.91,81613,1,45,11.97,정상,0,0
GATE-04,PARKING-02,2026-02-08 11:00:00,44.57,4.61,23.95,3.09,1.6,81640,0,45,8.67,정상,0,0
GATE-04,PARKING-02,2026-02-08 12:00:00,40.19,4.74,24.09,3.12,1.64,81659,0,45,6.49,정상,0,0
GATE-04,PARKING-02,2026-02-08 13:00:00,38.48,4.24,23.51,3.33,1.9,81681,0,45,13.72,정상,0,0
GATE-04,PARKING-02,2026-02-08 14:00:00,40.21,4.33,23.6,3.06,1.71,81695,0,45,3.08,정상,0,0
GATE-04,PARKING-02,2026-02-08 15:00:00,40.47,4.24,24.19,3.03,1.55,81711,0,45,0.79,정상,0,0
GATE-04,PARKING-02,2026-02-08 16:00:00,42.28,4.74,23.63,2.91,1.52,81729,1,45,8.37,정상,0,0
GATE-04,PARKING-02,2026-02-08 17:00:00,42.87,5.05,24.33,3.01,1.67,81771,0,45,7.46,정상,0,0
GATE-04,PARKING-02,2026-02-08 18:00:00,43.22,4.74,24.21,3.22,1.4,81800,1,45,9.92,정상,0,0
GATE-04,PARKING-02,2026-02-08 19:00:00,46.04,4.98,24.11,3.19,1.73,81849,0,45,12.69,정상,0,0
GATE-04,PARKING-02,2026-02-08 20:00:00,44.39,4.92,23.85,3.05,1.56,81884,0,45,8.59,정상,0,0
GATE-04,PARKING-02,2026-02-08 21:00:00,41.1,4.5,23.77,3.16,1.67,81902,1,45,8.81,정상,0,0
GATE-04,PARKING-02,2026-02-08 22:00:00,42.01,4.63,23.67,3.01,1.61,81921,0,45,7.93,정상,0,0
GATE-04,PARKING-02,2026-02-08 23:00:00,43.93,4.68,23.68,2.84,1.65,81944,0,45,7.95,정상,0,0
GATE-04,PARKING-02,2026-02-09 00:00:00,38.51,4.14,23.64,2.97,1.65,81944,0,46,4.9,정상,0,0
GATE-04,PARKING-02,2026-02-09 01:00:00,38.26,4.75,24.19,2.92,1.52,81952,0,46,0.67,정상,0,0
GATE-04,PARKING-02,2026-02-09 02:00:00,41.07,4.48,23.7,2.84,1.77,81961,1,46,10.89,정상,0,0
GATE-04,PARKING-02,2026-02-09 03:00:00,40.08,4.16,23.65,3.05,1.68,81973,0,46,3.64,정상,0,0
GATE-04,PARKING-02,2026-02-09 04:00:00,42.35,4.44,24.25,2.81,1.5,81979,0,46,1.38,정상,0,0
GATE-04,PARKING-02,2026-02-09 05:00:00,38.2,4.69,23.85,3.25,1.63,81982,2,46,19.03,정상,0,0
GATE-04,PARKING-02,2026-02-09 06:00:00,40.38,4.62,23.93,3,1.52,82003,0,46,1.19,정상,0,0
GATE-04,PARKING-02,2026-02-09 07:00:00,42.69,4.89,24.32,3.15,1.43,82036,0,46,3.25,정상,0,0
GATE-04,PARKING-02,2026-02-09 08:00:00,43.72,5.21,23.43,3.2,1.99,82078,0,46,16.75,정상,0,0
GATE-04,PARKING-02,2026-02-09 09:00:00,45.59,5.85,23.94,2.96,1.36,82138,0,46,12.84,정상,0,0
GATE-04,PARKING-02,2026-02-09 10:00:00,42.33,4.17,23.58,2.89,1.41,82160,1,46,9.51,정상,0,0
GATE-04,PARKING-02,2026-02-09 11:00:00,43.58,4.62,23.48,3.13,1.34,82185,0,46,5.64,정상,0,0
GATE-04,PARKING-02,2026-02-09 12:00:00,41.38,4.53,23.69,2.83,1.58,82210,0,46,8.18,정상,0,0
GATE-04,PARKING-02,2026-02-09 13:00:00,40.58,4.92,24.08,3.01,1.73,82227,1,46,12.5,정상,0,0
GATE-04,PARKING-02,2026-02-09 14:00:00,41.06,4.11,23.55,2.9,2,82252,1,46,14.27,정상,0,0
GATE-04,PARKING-02,2026-02-09 15:00:00,40.92,4.97,23.86,3.12,1.41,82267,0,46,0.48,정상,0,0
GATE-04,PARKING-02,2026-02-09 16:00:00,40.37,4.31,23.88,3.05,1.55,82291,1,46,12.26,정상,0,0
GATE-04,PARKING-02,2026-02-09 17:00:00,38.96,5.31,23.8,3.26,1.56,82330,0,46,10.64,정상,0,0
GATE-04,PARKING-02,2026-02-09 18:00:00,43.71,5.05,23.41,3.12,1.8,82384,0,46,12.63,정상,0,0
GATE-04,PARKING-02,2026-02-09 19:00:00,40.45,5.07,23.51,2.85,1.46,82411,0,46,8.85,정상,0,0
GATE-04,PARKING-02,2026-02-09 20:00:00,42.11,5.23,23.77,2.96,1.45,82443,1,46,11.58,정상,0,0
GATE-04,PARKING-02,2026-02-09 21:00:00,45.12,4.73,23.51,3.19,1.88,82464,0,46,16.94,정상,0,0
GATE-04,PARKING-02,2026-02-09 22:00:00,41.48,5.02,23.95,3.08,1.21,82489,0,46,3.56,정상,0,0
GATE-04,PARKING-02,2026-02-09 23:00:00,42.44,4.35,23.83,3.02,1.69,82511,1,46,10.13,정상,0,0
GATE-04,PARKING-02,2026-02-10 00:00:00,40.07,4.33,23.66,3.19,1.3,82525,0,47,5.92,정상,0,0
GATE-04,PARKING-02,2026-02-10 01:00:00,38.07,4.38,23.78,3.35,1.87,82530,0,47,11.93,정상,0,0
GATE-04,PARKING-02,2026-02-10 02:00:00,39.09,4.88,23.88,2.8,1.79,82538,1,47,13.72,정상,0,0
GATE-04,PARKING-02,2026-02-10 03:00:00,38.04,4.32,23.58,3.1,1.78,82538,0,47,10.65,정상,0,0
GATE-04,PARKING-02,2026-02-10 04:00:00,39.78,4.48,23.83,2.95,1.89,82539,0,47,6.17,정상,0,0
GATE-04,PARKING-02,2026-02-10 05:00:00,41.79,4.68,23.31,3.2,1.74,82542,0,47,7.14,정상,0,0
GATE-04,PARKING-02,2026-02-10 06:00:00,42.13,4.67,23.89,3.34,1.7,82563,0,47,9.98,정상,0,0
GATE-04,PARKING-02,2026-02-10 07:00:00,47.45,5.87,23.73,3,1.7,82608,1,47,25.66,정상,0,0
GATE-04,PARKING-02,2026-02-10 08:00:00,45.28,5.52,23.81,3.16,1.8,82650,1,47,23.95,정상,0,0
GATE-04,PARKING-02,2026-02-10 09:00:00,43,5.62,24.34,3.05,1.52,82692,0,47,13.14,정상,0,0
GATE-04,PARKING-02,2026-02-10 10:00:00,43.17,4.62,23.66,3.19,1.65,82716,0,47,5.18,정상,0,0
GATE-04,PARKING-02,2026-02-10 11:00:00,42.46,4.54,23.89,3.15,1.8,82741,0,47,6.9,정상,0,0
GATE-04,PARKING-02,2026-02-10 12:00:00,43.35,4.79,23.6,3.22,1.61,82764,2,47,16.88,정상,0,0
GATE-04,PARKING-02,2026-02-10 13:00:00,41.15,4.43,23.76,2.89,1.85,82782,1,47,10.27,정상,0,0
GATE-04,PARKING-02,2026-02-10 14:00:00,43.57,4.36,23.96,3.15,1.77,82811,0,47,6.18,정상,0,0
GATE-04,PARKING-02,2026-02-10 15:00:00,40.79,4.93,23.76,3.02,1.85,82830,1,47,13.93,정상,0,0
GATE-04,PARKING-02,2026-02-10 16:00:00,40.12,4.87,23.71,3.34,1.54,82847,0,47,5.82,정상,0,0
GATE-04,PARKING-02,2026-02-10 17:00:00,44.2,5.56,23.66,2.97,1.69,82891,0,47,14.47,정상,0,0
GATE-04,PARKING-02,2026-02-10 18:00:00,41.15,4.87,24.11,3.14,1.68,82924,0,47,8.07,정상,0,0
GATE-04,PARKING-02,2026-02-10 19:00:00,46.67,5.01,23.44,3.28,1.74,82977,0,47,15.72,정상,0,0
GATE-04,PARKING-02,2026-02-10 20:00:00,42.54,4.95,23.95,3.24,1.59,83014,2,47,18.5,정상,0,0
GATE-04,PARKING-02,2026-02-10 21:00:00,38.32,4.6,23.69,3.08,2.01,83029,0,47,10.29,정상,0,0
GATE-04,PARKING-02,2026-02-10 22:00:00,44.03,4.78,23.71,3.04,1.6,83050,1,47,15,정상,0,0
GATE-04,PARKING-02,2026-02-10 23:00:00,41.6,4.67,23.44,2.94,1.75,83071,0,47,9.11,정상,0,0
GATE-04,PARKING-02,2026-02-11 00:00:00,36.58,4.34,24.21,2.88,1.49,83076,1,48,6.83,정상,0,0
GATE-04,PARKING-02,2026-02-11 01:00:00,39.69,4.35,23.26,2.86,1.47,83083,0,48,6.9,정상,0,0
GATE-04,PARKING-02,2026-02-11 02:00:00,38.07,4.56,23.65,3.32,1.84,83094,0,48,5.8,정상,0,0
GATE-04,PARKING-02,2026-02-11 03:00:00,42.89,4.85,23.59,2.93,2.13,83103,0,48,12.83,정상,0,0
GATE-04,PARKING-02,2026-02-11 04:00:00,39.17,4.34,23.77,3.1,1.76,83104,0,48,6.68,정상,0,0
GATE-04,PARKING-02,2026-02-11 05:00:00,36.38,4.42,23.63,2.93,2.19,83114,1,48,14.75,정상,0,0
GATE-04,PARKING-02,2026-02-11 06:00:00,42.07,5.31,23.68,3.13,1.8,83132,1,48,16.29,정상,0,0
GATE-04,PARKING-02,2026-02-11 07:00:00,43.69,5.07,23.65,3.14,1.79,83166,0,48,12.64,정상,0,0
GATE-04,PARKING-02,2026-02-11 08:00:00,44.24,5.25,23.56,2.71,1.68,83212,1,48,20.29,정상,0,0
GATE-04,PARKING-02,2026-02-11 09:00:00,46.02,5.72,23.77,3.14,1.75,83258,0,48,18.13,정상,0,0
GATE-04,PARKING-02,2026-02-11 10:00:00,42.74,4.99,23.99,2.91,2.03,83282,1,48,11.99,정상,0,0
GATE-04,PARKING-02,2026-02-11 11:00:00,41.63,4.58,23.87,3.28,1.6,83301,0,48,8.7,정상,0,0
GATE-04,PARKING-02,2026-02-11 12:00:00,42.75,4.99,23.78,3.12,1.27,83335,1,48,11.38,정상,0,0
GATE-04,PARKING-02,2026-02-11 13:00:00,41.35,4.87,23.91,3.23,1.64,83363,0,48,6.53,정상,0,0
GATE-04,PARKING-02,2026-02-11 14:00:00,42.47,4.54,23.77,3,1.63,83386,0,48,4.04,정상,0,0
GATE-04,PARKING-02,2026-02-11 15:00:00,40.89,4.89,24.23,3.5,1.72,83405,0,48,11.67,정상,0,0
GATE-05,PARKING-01,2026-01-01 00:00:00,36.4,4.31,23.81,2.99,1.4,23527,0,26,0,정상,0,0
GATE-05,PARKING-01,2026-01-01 01:00:00,38.55,4.46,23.73,2.85,1.3,23539,0,26,0,정상,0,0
GATE-05,PARKING-01,2026-01-01 02:00:00,36.84,4.25,24.02,3.23,1.66,23539,0,26,7.09,정상,0,0
GATE-05,PARKING-01,2026-01-01 03:00:00,40.44,4.11,24.21,2.95,1.76,23548,0,26,4.37,정상,0,0
GATE-05,PARKING-01,2026-01-01 04:00:00,39.27,4.5,24.13,3.01,1.84,23553,0,26,6.41,정상,0,0
GATE-05,PARKING-01,2026-01-01 05:00:00,38.61,4.55,23.93,2.81,1.83,23570,1,26,10.1,정상,0,0
GATE-05,PARKING-01,2026-01-01 06:00:00,42.32,4.66,24.23,2.91,1.6,23586,0,26,4.24,정상,0,0
GATE-05,PARKING-01,2026-01-01 07:00:00,46.3,4.13,23.63,3.19,1.73,23620,1,26,16.3,정상,0,0
GATE-05,PARKING-01,2026-01-01 08:00:00,42.44,5.01,23.78,2.92,1.61,23659,0,26,8.68,정상,0,0
GATE-05,PARKING-01,2026-01-01 09:00:00,40.36,5.18,24.09,2.86,1.33,23690,1,26,10.4,정상,0,0
GATE-05,PARKING-01,2026-01-01 10:00:00,41.7,4.71,23.66,2.98,1.62,23710,0,26,7.85,정상,0,0
GATE-05,PARKING-01,2026-01-01 11:00:00,38.57,4.19,24.11,3.02,1.6,23734,2,26,12.85,정상,0,0
GATE-05,PARKING-01,2026-01-01 12:00:00,39.73,4.65,23.97,3.13,1.43,23760,0,26,5.21,정상,0,0
GATE-05,PARKING-01,2026-01-01 13:00:00,41.59,4.82,23.87,2.98,1.39,23782,0,26,5.28,정상,0,0
GATE-05,PARKING-01,2026-01-01 14:00:00,43.1,4.83,23.81,3.21,1.53,23806,0,26,4.65,정상,0,0
GATE-05,PARKING-01,2026-01-01 15:00:00,45.48,4.63,24.22,3.14,1.79,23835,0,26,10.69,정상,0,0
GATE-05,PARKING-01,2026-01-01 16:00:00,40.77,4.58,23.96,3.33,1.42,23840,0,26,3.53,정상,0,0
GATE-05,PARKING-01,2026-01-01 17:00:00,44.27,4.96,23.86,3.49,1.54,23895,0,26,10.58,정상,0,0
GATE-05,PARKING-01,2026-01-01 18:00:00,42.11,5.32,23.99,2.95,1.71,23938,0,26,11.03,정상,0,0
GATE-05,PARKING-01,2026-01-01 19:00:00,42.42,5.03,23.92,3.05,1.65,23969,0,26,8.6,정상,0,0
GATE-05,PARKING-01,2026-01-01 20:00:00,45.91,5.32,23.78,2.86,1.73,24015,1,26,21.99,정상,0,0
GATE-05,PARKING-01,2026-01-01 21:00:00,41.41,4.59,24.1,2.85,1.83,24037,0,26,4.1,정상,0,0
GATE-05,PARKING-01,2026-01-01 22:00:00,42.89,4.48,23.44,2.98,1.89,24062,0,26,11.34,정상,0,0
GATE-05,PARKING-01,2026-01-01 23:00:00,41.47,4.89,24.2,2.63,1.63,24084,0,26,5.83,정상,0,0
GATE-05,PARKING-01,2026-01-02 00:00:00,40.27,4.25,24.19,3.05,1.53,24095,0,27,1.36,정상,0,0
GATE-05,PARKING-01,2026-01-02 01:00:00,35.39,4.89,24.17,2.9,1.69,24102,1,27,11.41,정상,0,0
GATE-05,PARKING-01,2026-01-02 02:00:00,39.48,4.69,23.67,3.36,1.74,24104,1,27,14.98,정상,0,0
GATE-05,PARKING-01,2026-01-02 03:00:00,39.22,4.56,23.59,3.05,1.58,24115,0,27,0.75,정상,0,0
GATE-05,PARKING-01,2026-01-02 04:00:00,39.09,4.51,24.13,2.94,1.62,24120,0,27,4.33,정상,0,0
GATE-05,PARKING-01,2026-01-02 05:00:00,38.48,4.13,23.58,3.14,1.53,24128,1,27,9.25,정상,0,0
GATE-05,PARKING-01,2026-01-02 06:00:00,42.91,4.58,23.51,2.78,1.62,24153,0,27,8.98,정상,0,0
GATE-05,PARKING-01,2026-01-02 07:00:00,41.78,5.1,23.78,3.17,1.65,24203,1,27,12.85,정상,0,0
GATE-05,PARKING-01,2026-01-02 08:00:00,44.44,4.8,23.73,3.19,1.49,24255,1,27,14.54,정상,0,0
GATE-05,PARKING-01,2026-01-02 09:00:00,45.53,5.08,24.05,3.24,1.86,24294,0,27,12.18,정상,0,0
GATE-05,PARKING-01,2026-01-02 10:00:00,39.52,4.97,24.22,3.3,1.36,24318,1,27,9.53,정상,0,0
GATE-05,PARKING-01,2026-01-02 11:00:00,43.59,4.46,23.8,3.24,1.55,24338,2,27,13.99,정상,0,0
GATE-05,PARKING-01,2026-01-02 12:00:00,42.41,5.41,23.69,3.15,1.58,24367,1,27,17.18,정상,0,0
GATE-05,PARKING-01,2026-01-02 13:00:00,41.52,4.7,24.16,3.1,1.4,24399,0,27,5.77,정상,0,0
GATE-05,PARKING-01,2026-01-02 14:00:00,42.92,5.2,23.76,3.16,1.85,24431,0,27,16.63,정상,0,0
GATE-05,PARKING-01,2026-01-02 15:00:00,42.27,4.4,23.92,2.93,1.62,24457,0,27,6,정상,0,0
GATE-05,PARKING-01,2026-01-02 16:00:00,42.01,4.51,23.85,3.13,1.48,24475,0,27,2.54,정상,0,0
GATE-05,PARKING-01,2026-01-02 17:00:00,43.95,5.24,24.09,3.01,1.58,24530,0,27,12.39,정상,0,0
GATE-05,PARKING-01,2026-01-02 18:00:00,43.8,5.26,24.11,2.99,1.62,24571,1,27,17.13,정상,0,0
GATE-05,PARKING-01,2026-01-02 19:00:00,41.17,4.48,23.79,3.15,1.49,24602,0,27,4.38,정상,0,0
GATE-05,PARKING-01,2026-01-02 20:00:00,44.89,5.9,24.06,3.09,1.6,24662,1,27,19.43,정상,0,0
GATE-05,PARKING-01,2026-01-02 21:00:00,43.71,4.34,23.33,3.09,1.5,24685,0,27,6.35,정상,0,0
GATE-05,PARKING-01,2026-01-02 22:00:00,40.53,4.56,23.69,2.85,1.83,24709,0,27,10.03,정상,0,0
GATE-05,PARKING-01,2026-01-02 23:00:00,41.4,5.32,23.56,3.05,1.61,24730,1,27,14.39,정상,0,0
GATE-05,PARKING-01,2026-01-03 00:00:00,37.3,4.58,23.82,3.27,1.78,24737,0,28,5.54,정상,0,0
GATE-05,PARKING-01,2026-01-03 01:00:00,38.49,4.33,24.07,3.26,1.72,24752,0,28,4.45,정상,0,0
GATE-05,PARKING-01,2026-01-03 02:00:00,39.81,4.14,23.93,2.85,1.55,24759,0,28,4.95,정상,0,0
GATE-05,PARKING-01,2026-01-03 03:00:00,43.18,4.78,23.74,3.04,1.73,24769,0,28,3.69,정상,0,0
GATE-05,PARKING-01,2026-01-03 04:00:00,40.43,4.32,23.74,2.88,1.7,24772,0,28,2.68,정상,0,0
GATE-05,PARKING-01,2026-01-03 05:00:00,43.39,4.32,23.98,3.02,1.72,24773,1,28,11.87,정상,0,0
GATE-05,PARKING-01,2026-01-03 06:00:00,41.25,4.65,23.83,2.98,1.57,24797,0,28,5.98,정상,0,0
GATE-05,PARKING-01,2026-01-03 07:00:00,45.9,5.4,23.94,2.88,1.36,24838,0,28,4.69,정상,0,0
GATE-05,PARKING-01,2026-01-03 08:00:00,46.37,5.51,23.8,2.99,1.62,24887,0,28,12.51,정상,0,0
GATE-05,PARKING-01,2026-01-03 09:00:00,42.24,4.87,24.2,2.86,1.65,24926,1,28,6.97,정상,0,0
GATE-05,PARKING-01,2026-01-03 10:00:00,38.59,4.86,23.61,3.07,1.58,24952,0,28,4.92,정상,0,0
GATE-05,PARKING-01,2026-01-03 11:00:00,41.73,4.86,23.47,2.91,1.51,24982,0,28,4.25,정상,0,0
GATE-05,PARKING-01,2026-01-03 12:00:00,40.59,4.59,23.61,3,1.65,25007,1,28,11.08,정상,0,0
GATE-05,PARKING-01,2026-01-03 13:00:00,42.93,4.56,23.84,3.19,1.67,25030,0,28,9.9,정상,0,0
GATE-05,PARKING-01,2026-01-03 14:00:00,39.73,4.51,23.47,3.07,2.08,25052,0,28,9.98,정상,0,0
GATE-05,PARKING-01,2026-01-03 15:00:00,37.77,5.11,23.96,3.17,1.89,25065,0,28,10.11,정상,0,0
GATE-05,PARKING-01,2026-01-03 16:00:00,38.39,4.51,23.67,3.04,1.3,25080,0,28,7.09,정상,0,0
GATE-05,PARKING-01,2026-01-03 17:00:00,45.89,5.02,23.73,2.92,1.73,25119,0,28,13.28,정상,0,0
GATE-05,PARKING-01,2026-01-03 18:00:00,46.94,5.73,23.99,3.02,1.56,25184,0,28,15.79,정상,0,0
GATE-05,PARKING-01,2026-01-03 19:00:00,42.49,4.82,23.82,2.96,1.8,25222,0,28,7.66,정상,0,0
GATE-05,PARKING-01,2026-01-03 20:00:00,42.07,5.43,23.07,3.12,1.56,25258,0,28,12.38,정상,0,0
GATE-05,PARKING-01,2026-01-03 21:00:00,43.87,5.3,24.02,3,1.85,25283,0,28,6.75,정상,0,0
GATE-05,PARKING-01,2026-01-03 22:00:00,41.4,5.16,23.92,3.45,1.54,25316,0,28,12.62,정상,0,0
GATE-05,PARKING-01,2026-01-03 23:00:00,41.61,4.83,23.81,3.12,1.59,25331,0,28,8.89,정상,0,0
GATE-05,PARKING-01,2026-01-04 00:00:00,39.79,4.46,23.46,3.14,1.6,25336,1,29,13.84,정상,0,0
GATE-05,PARKING-01,2026-01-04 01:00:00,38.02,4.56,23.62,3.27,1.59,25342,0,29,8.33,정상,0,0
GATE-05,PARKING-01,2026-01-04 02:00:00,42.69,5.13,24,3.28,1.53,25355,2,29,17.74,정상,0,0
GATE-05,PARKING-01,2026-01-04 03:00:00,39.42,4.55,23.69,3.31,1.64,25362,0,29,7.82,정상,0,0
GATE-05,PARKING-01,2026-01-04 04:00:00,38.36,4.37,23.47,3.17,1.85,25370,1,29,14.63,정상,0,0
GATE-05,PARKING-01,2026-01-04 05:00:00,37.48,4.46,23.8,3.31,1.9,25370,1,29,13.39,정상,0,0
GATE-05,PARKING-01,2026-01-04 06:00:00,40.63,4.54,23.9,3.11,2.01,25380,1,29,7.49,정상,0,0
GATE-05,PARKING-01,2026-01-04 07:00:00,40.47,4.41,23.8,2.85,1.7,25411,0,29,4.35,정상,0,0
GATE-05,PARKING-01,2026-01-04 08:00:00,44.94,5.86,24.02,3.28,1.37,25458,0,29,12.14,정상,0,0
GATE-05,PARKING-01,2026-01-04 09:00:00,42.34,4.82,23.94,3.11,1.58,25490,0,29,5.16,정상,0,0
GATE-05,PARKING-01,2026-01-04 10:00:00,41.38,5.28,23.74,2.95,1.68,25515,1,29,13.29,정상,0,0
GATE-05,PARKING-01,2026-01-04 11:00:00,40.05,4.91,23.7,2.92,1.78,25538,0,29,9.33,정상,0,0
GATE-05,PARKING-01,2026-01-04 12:00:00,43.08,4.75,23.81,3.31,2.02,25570,0,29,10.23,정상,0,0
GATE-05,PARKING-01,2026-01-04 13:00:00,41.65,4.62,23.3,3.11,1.78,25588,0,29,14.03,정상,0,0
GATE-05,PARKING-01,2026-01-04 14:00:00,40.3,5.06,23.89,3.11,1.44,25607,0,29,2.24,정상,0,0
GATE-05,PARKING-01,2026-01-04 15:00:00,42.99,4.25,23.39,3,1.53,25635,0,29,5.62,정상,0,0
GATE-05,PARKING-01,2026-01-04 16:00:00,39.7,4.66,23.56,2.9,1.58,25658,0,29,5.82,정상,0,0
GATE-05,PARKING-01,2026-01-04 17:00:00,43.36,5.2,24.08,3.05,1.54,25704,1,29,15.43,정상,0,0
GATE-05,PARKING-01,2026-01-04 18:00:00,44.49,4.78,23.89,3.21,1.93,25746,0,29,10.07,정상,0,0
GATE-05,PARKING-01,2026-01-04 19:00:00,44.14,5.36,23.77,3.18,1.77,25799,0,29,12.1,정상,0,0
GATE-05,PARKING-01,2026-01-04 20:00:00,41.47,5.03,23.63,3.42,1.84,25838,1,29,14.33,정상,0,0
GATE-05,PARKING-01,2026-01-04 21:00:00,40.46,4.36,23.62,3.26,1.58,25848,1,29,13.94,정상,0,0
GATE-05,PARKING-01,2026-01-04 22:00:00,43.86,5.23,23.65,3.22,2.03,25877,0,29,21.14,정상,0,0
GATE-05,PARKING-01,2026-01-04 23:00:00,41.84,4.73,24.37,2.85,1.41,25897,1,29,11.94,정상,0,0
GATE-05,PARKING-01,2026-01-05 00:00:00,40.18,5,23.8,2.88,1.88,25897,0,30,10.76,정상,0,0
GATE-05,PARKING-01,2026-01-05 01:00:00,41.67,4.77,23.97,2.94,1.54,25902,0,30,1.52,정상,0,0
GATE-05,PARKING-01,2026-01-05 02:00:00,36.6,3.96,23.97,3.24,1.3,25910,1,30,5.84,정상,0,0
GATE-05,PARKING-01,2026-01-05 03:00:00,40.05,4.56,23.71,2.93,1.51,25910,1,30,8.3,정상,0,0
GATE-05,PARKING-01,2026-01-05 04:00:00,38.58,4.36,23.51,3.28,1.47,25912,1,30,8.01,정상,0,0
GATE-05,PARKING-01,2026-01-05 05:00:00,39.6,4.35,23.61,2.83,1.75,25918,0,30,5.74,정상,0,0
GATE-05,PARKING-01,2026-01-05 06:00:00,42.43,5.08,23.56,3.37,1.43,25945,0,30,11.14,정상,0,0
GATE-05,PARKING-01,2026-01-05 07:00:00,44.22,4.49,23.68,3.18,1.65,25986,0,30,9.28,정상,0,0
GATE-05,PARKING-01,2026-01-05 08:00:00,46.48,5.38,23.88,3.08,1.74,26047,0,30,13.73,정상,0,0
GATE-05,PARKING-01,2026-01-05 09:00:00,45.36,4.42,23.66,3.18,1.62,26080,0,30,8.24,정상,0,0
GATE-05,PARKING-01,2026-01-05 10:00:00,39.35,4.69,23.72,3.08,1.77,26102,0,30,8.9,정상,0,0
GATE-05,PARKING-01,2026-01-05 11:00:00,42.23,4.85,23.67,3.31,1.49,26118,0,30,9.21,정상,0,0
GATE-05,PARKING-01,2026-01-05 12:00:00,43.81,4.88,23.52,3.07,1.78,26150,0,30,10.83,정상,0,0
GATE-05,PARKING-01,2026-01-05 13:00:00,39.97,4.63,23.44,3.16,1.43,26168,0,30,5.57,정상,0,0
GATE-05,PARKING-01,2026-01-05 14:00:00,40.45,5,24.01,3.01,1.53,26196,1,30,9.24,정상,0,0
GATE-05,PARKING-01,2026-01-05 15:00:00,41.23,4.49,23.97,3.26,1.6,26225,1,30,7.01,정상,0,0
GATE-05,PARKING-01,2026-01-05 16:00:00,41.47,5.44,23.5,2.87,1.47,26249,1,30,14.75,정상,0,0
GATE-05,PARKING-01,2026-01-05 17:00:00,45.03,5.44,23.64,3.04,1.69,26300,1,30,16.6,정상,0,0
GATE-05,PARKING-01,2026-01-05 18:00:00,41.38,5.2,23.6,3,1.54,26346,0,30,8.77,정상,0,0
GATE-05,PARKING-01,2026-01-05 19:00:00,43.3,5.4,24.18,3.28,1.77,26390,0,30,10.4,정상,0,0
GATE-05,PARKING-01,2026-01-05 20:00:00,43.34,4.61,23.87,3.41,1.86,26423,0,30,11.32,정상,0,0
GATE-05,PARKING-01,2026-01-05 21:00:00,40.46,4.89,23.75,2.71,1.72,26448,0,30,6.51,정상,0,0
GATE-05,PARKING-01,2026-01-05 22:00:00,39.71,3.95,24.07,3.45,1.49,26466,1,30,12.33,정상,0,0
GATE-05,PARKING-01,2026-01-05 23:00:00,42.29,4.96,23.78,3.04,1.67,26497,0,30,3.1,정상,0,0
GATE-05,PARKING-01,2026-01-06 00:00:00,36.71,4.59,23.85,3.16,1.65,26497,0,31,5.55,정상,0,0
GATE-05,PARKING-01,2026-01-06 01:00:00,38.16,4.41,23.97,2.79,1.68,26497,1,31,9.14,정상,0,0
GATE-05,PARKING-01,2026-01-06 02:00:00,40.92,4.63,23.56,2.97,1.64,26508,0,31,6.23,정상,0,0
GATE-05,PARKING-01,2026-01-06 03:00:00,38.65,4.02,23.72,3.29,2.01,26511,0,31,8.95,정상,0,0
GATE-05,PARKING-01,2026-01-06 04:00:00,36.02,4.46,23.89,3.21,1.83,26511,0,31,7.52,정상,0,0
GATE-05,PARKING-01,2026-01-06 05:00:00,40.17,4.42,23.92,3.2,2,26524,0,31,7.81,정상,0,0
GATE-05,PARKING-01,2026-01-06 06:00:00,38.67,4.59,23.69,3.15,1.66,26536,0,31,4.68,정상,0,0
GATE-05,PARKING-01,2026-01-06 07:00:00,41.19,4.78,23.41,3.01,1.67,26577,1,31,13.48,정상,0,0
GATE-05,PARKING-01,2026-01-06 08:00:00,46.32,4.84,23.58,3.36,1.97,26613,1,31,21.19,정상,0,0
GATE-05,PARKING-01,2026-01-06 09:00:00,42.69,4.73,23.49,3.07,1.86,26648,0,31,10.44,정상,0,0
GATE-05,PARKING-01,2026-01-06 10:00:00,42.67,4.79,24.07,3.18,1.53,26666,1,31,13.46,정상,0,0
GATE-05,PARKING-01,2026-01-06 11:00:00,42.36,5.02,23.36,3.3,1.6,26693,0,31,10.91,정상,0,0
GATE-05,PARKING-01,2026-01-06 12:00:00,43.71,4.59,24.42,2.98,1.85,26713,0,31,5.67,정상,0,0
GATE-05,PARKING-01,2026-01-06 13:00:00,42.31,4.35,23.88,3.07,1.47,26737,0,31,1.72,정상,0,0
GATE-05,PARKING-01,2026-01-06 14:00:00,41,5.06,23.61,3.23,1.47,26761,0,31,10.43,정상,0,0
GATE-05,PARKING-01,2026-01-06 15:00:00,40.83,5.02,24.08,3.31,1.61,26785,1,31,9.9,정상,0,0
GATE-05,PARKING-01,2026-01-06 16:00:00,43.59,4.58,23.96,2.89,1.88,26814,0,31,6.48,정상,0,0
GATE-05,PARKING-01,2026-01-06 17:00:00,42.04,4.87,24.13,3.01,1.72,26846,0,31,6.63,정상,0,0
GATE-05,PARKING-01,2026-01-06 18:00:00,42.73,4.9,24.07,3.08,2.27,26880,1,31,18.34,정상,0,0
GATE-05,PARKING-01,2026-01-06 19:00:00,45.33,5.14,24.04,3.39,1.82,26918,1,31,20.3,정상,0,0
GATE-05,PARKING-01,2026-01-06 20:00:00,44.81,5.02,24.03,3.31,1.66,26966,0,31,14.08,정상,0,0
GATE-05,PARKING-01,2026-01-06 21:00:00,41.17,4.73,23.67,3.06,1.59,26997,0,31,4.88,정상,0,0
GATE-05,PARKING-01,2026-01-06 22:00:00,41.06,4.52,24.33,3.23,1.72,27018,1,31,10.1,정상,0,0
GATE-05,PARKING-01,2026-01-06 23:00:00,43.39,4.51,24.2,3.19,1.45,27048,0,31,8.93,정상,0,0
GATE-05,PARKING-01,2026-01-07 00:00:00,38.76,4.94,23.94,2.99,1.91,27056,0,32,9.3,정상,0,0
GATE-05,PARKING-01,2026-01-07 01:00:00,40.15,4.15,23.74,3.2,2.19,27056,0,32,10.38,정상,0,0
GATE-05,PARKING-01,2026-01-07 02:00:00,38.58,4.51,23.22,3.19,2.08,27059,0,32,13.15,정상,0,0
GATE-05,PARKING-01,2026-01-07 03:00:00,39.61,4.48,23.59,3.34,1.9,27067,1,32,14.82,정상,0,0
GATE-05,PARKING-01,2026-01-07 04:00:00,41.36,4.61,24.15,3.18,1.75,27075,0,32,5.66,정상,0,0
GATE-05,PARKING-01,2026-01-07 05:00:00,37.79,4.49,23.63,3.45,1.99,27082,0,32,12.77,정상,0,0
GATE-05,PARKING-01,2026-01-07 06:00:00,42.77,4.66,23.67,2.9,2.03,27097,1,32,17.95,정상,0,0
GATE-05,PARKING-01,2026-01-07 07:00:00,43.99,4.92,23.72,3.13,1.56,27125,1,32,17.11,정상,0,0
GATE-05,PARKING-01,2026-01-07 08:00:00,47.93,5.25,23.93,3.31,1.63,27176,0,32,15.49,정상,0,0
GATE-05,PARKING-01,2026-01-07 09:00:00,42.32,4.97,23.97,3.38,1.82,27208,1,32,12.83,정상,0,0
GATE-05,PARKING-01,2026-01-07 10:00:00,41.63,4.77,23.71,2.89,1.89,27235,0,32,7.5,정상,0,0
GATE-05,PARKING-01,2026-01-07 11:00:00,43.48,5.18,23.84,3.21,1.83,27262,1,32,20.56,정상,0,0
GATE-05,PARKING-01,2026-01-07 12:00:00,43.01,4.95,23.83,3.17,1.48,27287,1,32,11.87,정상,0,0
GATE-05,PARKING-01,2026-01-07 13:00:00,42.57,5.33,24.34,3.23,1.9,27312,0,32,17.34,정상,0,0
GATE-05,PARKING-01,2026-01-07 14:00:00,42.3,4.79,23.88,2.81,1.81,27328,0,32,7.96,정상,0,0
GATE-05,PARKING-01,2026-01-07 15:00:00,39.5,5.2,23.71,3.12,1.78,27356,0,32,9.3,정상,0,0
GATE-05,PARKING-01,2026-01-07 16:00:00,45.94,5.27,23.88,3.05,1.88,27383,1,32,18.26,정상,0,0
GATE-05,PARKING-01,2026-01-07 17:00:00,44.2,5.22,23.56,2.99,1.75,27426,0,32,11.98,정상,0,0
GATE-05,PARKING-01,2026-01-07 18:00:00,46.97,5.21,23.79,3.1,1.99,27469,0,32,15.78,정상,0,0
GATE-05,PARKING-01,2026-01-07 19:00:00,42.29,5.35,24.17,3.56,1.6,27501,0,32,15.37,정상,0,0
GATE-05,PARKING-01,2026-01-07 20:00:00,46.14,5.11,24.02,3.08,1.96,27559,1,32,20.83,정상,0,0
GATE-05,PARKING-01,2026-01-07 21:00:00,41.92,4.96,23.79,3.23,1.46,27583,1,32,11.27,정상,0,0
GATE-05,PARKING-01,2026-01-07 22:00:00,42.3,5.11,23.99,3.12,1.4,27605,1,32,11.61,정상,0,0
GATE-05,PARKING-01,2026-01-07 23:00:00,43.72,5.07,23.86,3.2,1.87,27621,0,32,12,정상,0,0
GATE-05,PARKING-01,2026-01-08 00:00:00,38.37,3.97,24.11,3.09,1.72,27632,0,33,4.99,정상,0,0
GATE-05,PARKING-01,2026-01-08 01:00:00,39.21,3.87,23.89,3.07,1.53,27632,1,33,9.56,정상,0,0
GATE-05,PARKING-01,2026-01-08 02:00:00,41.63,4.36,23.74,3.04,1.55,27640,0,33,4.07,정상,0,0
GATE-05,PARKING-01,2026-01-08 03:00:00,42.36,4.55,23.43,3.25,1.93,27647,0,33,9.52,정상,0,0
GATE-05,PARKING-01,2026-01-08 04:00:00,41.68,4.61,23.45,3.22,2,27651,0,33,6.43,정상,0,0
GATE-05,PARKING-01,2026-01-08 05:00:00,38.14,4.83,23.5,3.05,1.4,27652,0,33,4.52,정상,0,0
GATE-05,PARKING-01,2026-01-08 06:00:00,38.53,5.45,23.75,3.2,1.66,27672,1,33,15.27,정상,0,0
GATE-05,PARKING-01,2026-01-08 07:00:00,45.54,5.31,23.86,3.11,1.75,27721,0,33,10.82,정상,0,0
GATE-05,PARKING-01,2026-01-08 08:00:00,45.44,5.98,23.89,3.14,1.94,27769,0,33,18.37,정상,0,0
GATE-05,PARKING-01,2026-01-08 09:00:00,42.2,5.45,23.97,3.21,1.49,27797,0,33,8.6,정상,0,0
GATE-05,PARKING-01,2026-01-08 10:00:00,41.72,4.85,23.67,3.37,1.76,27813,0,33,11.07,정상,0,0
GATE-05,PARKING-01,2026-01-08 11:00:00,42.33,4.3,23.61,3.09,1.82,27834,0,33,8.85,정상,0,0
GATE-05,PARKING-01,2026-01-08 12:00:00,43.01,4.11,24.29,3.13,1.71,27849,0,33,9.88,정상,0,0
GATE-05,PARKING-01,2026-01-08 13:00:00,43.77,4.06,23.73,3.39,2.06,27871,0,33,13.58,정상,0,0
GATE-05,PARKING-01,2026-01-08 14:00:00,40.23,5.11,23.51,3.18,1.79,27895,0,33,9.92,정상,0,0
GATE-05,PARKING-01,2026-01-08 15:00:00,42.7,4.4,23.93,2.83,1.65,27916,0,33,4.45,정상,0,0
GATE-05,PARKING-01,2026-01-08 16:00:00,39.79,5.25,24.11,3.21,1.76,27931,0,33,7.82,정상,0,0
GATE-05,PARKING-01,2026-01-08 17:00:00,41.41,5.24,23.64,3.33,1.85,27964,1,33,23.05,정상,0,0
GATE-05,PARKING-01,2026-01-08 18:00:00,43.67,4.13,23.44,3.13,1.93,27994,1,33,13.81,정상,0,0
GATE-05,PARKING-01,2026-01-08 19:00:00,46.05,5.25,23.63,3.23,1.77,28054,0,33,16.17,정상,0,0
GATE-05,PARKING-01,2026-01-08 20:00:00,41.38,4.69,23.49,3.22,1.62,28083,1,33,7.36,정상,0,0
GATE-05,PARKING-01,2026-01-08 21:00:00,45.05,4.95,23.65,3.23,2.1,28109,1,33,19.5,정상,0,0
GATE-05,PARKING-01,2026-01-08 22:00:00,40.21,4.49,23.77,3.26,1.9,28127,0,33,7.35,정상,0,0
GATE-05,PARKING-01,2026-01-08 23:00:00,40.5,4.89,23.32,3.58,1.48,28145,1,33,18.6,정상,0,0
GATE-05,PARKING-01,2026-01-09 00:00:00,42.53,4.88,24.03,3.11,1.99,28152,1,34,13.87,정상,0,0
GATE-05,PARKING-01,2026-01-09 01:00:00,43.03,4.55,24.25,3.21,2.05,28152,0,34,9.93,정상,0,0
GATE-05,PARKING-01,2026-01-09 02:00:00,39.95,4.82,23.61,2.73,1.59,28163,0,34,10.76,정상,0,0
GATE-05,PARKING-01,2026-01-09 03:00:00,40.41,4.73,23.45,2.97,1.53,28179,0,34,4.28,정상,0,0
GATE-05,PARKING-01,2026-01-09 04:00:00,42,4.36,24.08,3.3,1.92,28179,0,34,8.62,정상,0,0
GATE-05,PARKING-01,2026-01-09 05:00:00,40.05,4.29,23.65,3.32,1.69,28179,0,34,7.9,정상,0,0
GATE-05,PARKING-01,2026-01-09 06:00:00,41.78,5.07,24.11,3.49,1.98,28201,0,34,14.79,정상,0,0
GATE-05,PARKING-01,2026-01-09 07:00:00,46.94,5.1,23.78,3.03,1.81,28243,0,34,13.96,정상,0,0
GATE-05,PARKING-01,2026-01-09 08:00:00,47.18,5.5,23.57,3.03,1.48,28280,0,34,16.92,정상,0,0
GATE-05,PARKING-01,2026-01-09 09:00:00,44.89,5.66,23.84,2.99,2.21,28334,0,34,20.48,정상,0,0
GATE-05,PARKING-01,2026-01-09 10:00:00,43.89,4.97,23.7,3.26,1.66,28363,0,34,14.23,정상,0,0
GATE-05,PARKING-01,2026-01-09 11:00:00,45.42,5.47,23.65,3.35,1.72,28385,0,34,17,정상,0,0
GATE-05,PARKING-01,2026-01-09 12:00:00,42.13,4.93,24.26,3.05,1.97,28409,0,34,7.46,정상,0,0
GATE-05,PARKING-01,2026-01-09 13:00:00,41.64,5.03,24.17,3.01,1.97,28439,1,34,11.77,정상,0,0
GATE-05,PARKING-01,2026-01-09 14:00:00,40.57,4.62,24,3.16,1.77,28459,0,34,5.96,정상,0,0
GATE-05,PARKING-01,2026-01-09 15:00:00,45,5.16,24.09,3.1,1.84,28482,0,34,13.9,정상,0,0
GATE-05,PARKING-01,2026-01-09 16:00:00,41.66,5.23,23.58,3.07,2.1,28501,2,34,21.8,정상,0,0
GATE-05,PARKING-01,2026-01-09 17:00:00,43.17,4.74,24.04,3.08,1.88,28534,0,34,5.81,정상,0,0
GATE-05,PARKING-01,2026-01-09 18:00:00,47.03,5.33,23.42,3.33,1.83,28580,0,34,21.93,정상,0,0
GATE-05,PARKING-01,2026-01-09 19:00:00,43.95,4.99,24.06,3.18,1.86,28617,0,34,9.62,정상,0,0
GATE-05,PARKING-01,2026-01-09 20:00:00,42.63,5.17,23.89,3.11,1.89,28651,0,34,12.3,정상,0,0
GATE-05,PARKING-01,2026-01-09 21:00:00,42.46,5.22,23.89,3.08,1.52,28675,0,34,10.36,정상,0,0
GATE-05,PARKING-01,2026-01-09 22:00:00,42.82,5.33,24.14,3.17,1.85,28697,0,34,13.65,정상,0,0
GATE-05,PARKING-01,2026-01-09 23:00:00,40.56,5.28,23.47,3.27,1.57,28719,1,34,13.98,정상,0,0
GATE-05,PARKING-01,2026-01-10 00:00:00,41.49,4.63,23.66,3.2,1.73,28729,1,35,12.27,정상,0,0
GATE-05,PARKING-01,2026-01-10 01:00:00,41.6,4.84,23.91,3.05,1.53,28739,0,35,4.02,정상,0,0
GATE-05,PARKING-01,2026-01-10 02:00:00,39.93,4.17,23.88,3.23,1.99,28742,0,35,6.46,정상,0,0
GATE-05,PARKING-01,2026-01-10 03:00:00,41.75,4.76,23.54,2.97,1.9,28745,0,35,7.77,정상,0,0
GATE-05,PARKING-01,2026-01-10 04:00:00,43.9,4.87,23.45,3.18,2.27,28745,0,35,15.4,정상,0,0
GATE-05,PARKING-01,2026-01-10 05:00:00,40.38,4.79,24.16,3.63,2.36,28745,1,35,19.2,정상,0,0
GATE-05,PARKING-01,2026-01-10 06:00:00,41.92,5.26,23.4,3.45,1.99,28765,1,35,19.99,정상,0,0
GATE-05,PARKING-01,2026-01-10 07:00:00,48.74,6.03,23.48,3.54,2.39,28808,1,35,36.11,정상,0,0
GATE-05,PARKING-01,2026-01-10 08:00:00,46.32,5.29,23.6,3.67,2.5,28825,2,35,35.22,정상,0,0
GATE-05,PARKING-01,2026-01-10 09:00:00,46.5,5.88,23.27,3.9,2.59,28863,0,35,33.07,정상,0,0
GATE-05,PARKING-01,2026-01-10 10:00:00,47.6,5.55,23.52,3.63,2.63,28885,1,35,34.22,정상,0,0
GATE-05,PARKING-01,2026-01-10 11:00:00,45.64,5.5,23.71,3.84,2.65,28905,1,35,36.96,정상,0,0
GATE-05,PARKING-01,2026-01-10 12:00:00,47.59,6.01,23.45,3.99,2.75,28931,2,35,44.02,주의,0,0
GATE-05,PARKING-01,2026-01-10 13:00:00,46.38,5.89,23.41,4.16,2.92,28948,1,35,43.67,주의,0,0
GATE-05,PARKING-01,2026-01-10 14:00:00,46.18,6.18,23.18,3.88,2.69,28971,2,35,45.18,주의,0,0
GATE-05,PARKING-01,2026-01-10 15:00:00,46.95,5.98,23.25,4.18,2.79,28985,1,35,41.46,주의,0,0
GATE-05,PARKING-01,2026-01-10 16:00:00,47.92,6.19,23.22,4.06,3.01,29008,1,35,45.93,주의,0,0
GATE-05,PARKING-01,2026-01-10 17:00:00,48.34,6.77,23.12,4.12,3.29,29049,3,35,63.32,주의,0,0
GATE-05,PARKING-01,2026-01-10 18:00:00,48.75,7.06,23.48,4.39,2.82,29096,2,35,51.86,주의,0,0
GATE-05,PARKING-01,2026-01-10 19:00:00,55.18,7.04,23.34,4.16,3.53,29143,3,35,70.78,주의,0,0
GATE-05,PARKING-01,2026-01-10 20:00:00,52.1,7.15,23.35,3.94,3.51,29185,2,35,63.41,주의,0,0
GATE-05,PARKING-01,2026-01-10 21:00:00,50.73,7.1,23.18,4.18,3.44,29210,2,35,65.01,주의,0,0
GATE-05,PARKING-01,2026-01-10 22:00:00,49.61,7.05,22.9,4.3,3.53,29229,2,35,61.87,주의,0,0
GATE-05,PARKING-01,2026-01-10 23:00:00,47.76,7.05,23.08,4.79,3.6,29247,3,35,69.6,주의,0,0
GATE-05,PARKING-01,2026-01-11 00:00:00,48.53,7.27,23.19,4.7,3.63,29251,3,36,71.37,주의,0,0
GATE-05,PARKING-01,2026-01-11 01:00:00,53.48,6.82,23.03,4.9,4.09,29265,2,36,79.17,주의,0,0
GATE-05,PARKING-01,2026-01-11 02:00:00,50.58,6.87,23.26,4.59,3.42,29275,3,36,71.41,주의,0,0
GATE-05,PARKING-01,2026-01-11 03:00:00,49.21,6.61,22.68,4.86,3.98,29279,2,36,70.46,주의,0,0
GATE-05,PARKING-01,2026-01-11 04:00:00,50.33,7.1,22.97,4.54,4.38,29291,3,36,83.04,주의,0,0
GATE-05,PARKING-01,2026-01-11 05:00:00,49.82,6.56,23.15,4.52,3.93,29291,4,36,74.81,주의,0,0
GATE-05,PARKING-01,2026-01-11 06:00:00,50.42,7.38,23.47,5.05,4.2,29308,2,36,72.58,주의,0,0
GATE-05,PARKING-01,2026-01-11 07:00:00,58.77,8.22,23.06,4.99,4.21,29352,3,36,96.48,위험,0,0
GATE-05,PARKING-01,2026-01-11 08:00:00,54.26,7.82,23.02,5.11,4.42,29397,2,36,83.89,주의,0,0
GATE-05,PARKING-01,2026-01-11 09:00:00,55.36,8.74,22.59,5.15,4.66,29449,3,36,100,위험,0,0
GATE-05,PARKING-01,2026-01-11 10:00:00,54.29,7.84,23,5.32,4.58,29475,3,36,94.43,위험,0,0
GATE-05,PARKING-01,2026-01-11 11:00:00,53.39,8.02,23.55,5.11,4.94,29503,5,36,100,위험,0,0
GATE-05,PARKING-01,2026-01-11 12:00:00,55.73,8.38,22.6,5.09,4.61,29525,5,36,100,위험,0,1
GATE-05,PARKING-01,2026-01-11 13:00:00,58.58,7.29,22.95,5.31,4.82,29553,5,36,100,위험,0,1
GATE-05,PARKING-01,2026-01-11 14:00:00,42.95,4.59,23.93,3.21,1.9,29573,0,36,10.43,정상,0,0
GATE-05,PARKING-01,2026-01-11 15:00:00,42.17,4.69,23.65,3.33,2.16,29599,1,36,17.4,정상,0,0
GATE-05,PARKING-01,2026-01-11 16:00:00,43.1,4.68,23.3,3.41,1.89,29618,0,36,11.96,정상,0,0
GATE-05,PARKING-01,2026-01-11 17:00:00,46.39,5.57,23.76,3.13,1.56,29662,0,36,15.76,정상,0,0
GATE-05,PARKING-01,2026-01-11 18:00:00,44.12,4.96,24.02,2.99,1.59,29703,0,36,7.32,정상,0,0
GATE-05,PARKING-01,2026-01-11 19:00:00,43.64,5.15,23.77,3.2,1.85,29744,0,36,8.78,정상,0,0
GATE-05,PARKING-01,2026-01-11 20:00:00,46.48,5.3,23.57,3.33,1.87,29793,0,36,22.07,정상,0,0
GATE-05,PARKING-01,2026-01-11 21:00:00,42.25,4.72,23.8,3.27,1.71,29809,1,36,13.09,정상,0,0
GATE-05,PARKING-01,2026-01-11 22:00:00,40.45,4.45,23.73,3.2,1.78,29829,0,36,6.51,정상,0,0
GATE-05,PARKING-01,2026-01-11 23:00:00,41.86,5.59,23.95,3.07,2.34,29848,1,36,18.34,정상,0,0
GATE-05,PARKING-01,2026-01-12 00:00:00,42.57,4.97,23.56,3.1,1.98,29859,0,37,12.46,정상,0,0
GATE-05,PARKING-01,2026-01-12 01:00:00,39.26,4.44,23.71,3.34,1.75,29859,0,37,9.33,정상,0,0
GATE-05,PARKING-01,2026-01-12 02:00:00,39.27,3.89,23.79,3.26,1.91,29859,0,37,6.81,정상,0,0
GATE-05,PARKING-01,2026-01-12 03:00:00,40.79,4.93,23.83,3.44,1.86,29868,0,37,13.73,정상,0,0
GATE-05,PARKING-01,2026-01-12 04:00:00,38.35,4.53,23.96,3.02,1.89,29873,0,37,0.81,정상,0,0
GATE-05,PARKING-01,2026-01-12 05:00:00,39.93,4.48,23.97,3.06,1.65,29878,0,37,2.54,정상,0,0
GATE-05,PARKING-01,2026-01-12 06:00:00,41.73,4.79,23.81,3.29,1.6,29900,1,37,10.76,정상,0,0
GATE-05,PARKING-01,2026-01-12 07:00:00,44.03,5.79,23.4,3.26,1.62,29952,0,37,17.34,정상,0,0
GATE-05,PARKING-01,2026-01-12 08:00:00,44,5.44,23.7,3.4,1.92,29987,0,37,18.4,정상,0,0
GATE-05,PARKING-01,2026-01-12 09:00:00,44.63,5.53,23.77,3.19,1.79,30033,1,37,20.67,정상,0,0
GATE-05,PARKING-01,2026-01-12 10:00:00,42.49,4.57,24.1,3.55,1.88,30048,2,37,17.6,정상,0,0
GATE-05,PARKING-01,2026-01-12 11:00:00,41.56,5.1,23.85,3.28,1.79,30070,0,37,11.84,정상,0,0
GATE-05,PARKING-01,2026-01-12 12:00:00,44.01,4.77,23.77,3.66,2.2,30093,0,37,20.26,정상,0,0
GATE-05,PARKING-01,2026-01-12 13:00:00,44.08,5.03,23.89,2.95,2.11,30118,0,37,10.99,정상,0,0
GATE-05,PARKING-01,2026-01-12 14:00:00,41.68,4.56,23.59,3.26,1.93,30145,0,37,9.01,정상,0,0
GATE-05,PARKING-01,2026-01-12 15:00:00,40.97,5.1,23.57,3.22,1.85,30166,0,37,16.66,정상,0,0
GATE-05,PARKING-01,2026-01-12 16:00:00,41.97,4.89,23.57,3.02,1.7,30185,0,37,4.56,정상,0,0
GATE-05,PARKING-01,2026-01-12 17:00:00,43.93,5.2,23.89,3.37,1.88,30215,0,37,16.61,정상,0,0
GATE-05,PARKING-01,2026-01-12 18:00:00,47.7,5.3,23.86,3.18,1.6,30256,0,37,18.37,정상,0,0
GATE-05,PARKING-01,2026-01-12 19:00:00,46.45,5.4,23.62,3.43,2.13,30296,0,37,20.83,정상,0,0
GATE-05,PARKING-01,2026-01-12 20:00:00,47.84,5.52,23.37,3.37,1.95,30358,0,37,23.16,정상,0,0
GATE-05,PARKING-01,2026-01-12 21:00:00,43.99,5.35,23.32,3.42,1.73,30383,0,37,18.37,정상,0,0
GATE-05,PARKING-01,2026-01-12 22:00:00,43.84,4.38,23.22,3.22,1.91,30403,1,37,20.02,정상,0,0
GATE-05,PARKING-01,2026-01-12 23:00:00,40.06,5.49,23.82,3.27,2.04,30423,1,37,18.27,정상,0,0
GATE-05,PARKING-01,2026-01-13 00:00:00,41.34,4.64,23.34,3.19,1.81,30428,1,38,16.86,정상,0,0
GATE-05,PARKING-01,2026-01-13 01:00:00,42.03,4.87,23.94,3.36,1.9,30431,0,38,7.41,정상,0,0
GATE-05,PARKING-01,2026-01-13 02:00:00,38.25,4.49,23.61,3.32,1.8,30432,0,38,8.78,정상,0,0
GATE-05,PARKING-01,2026-01-13 03:00:00,41.93,4.91,23.74,3.37,1.66,30445,0,38,11.13,정상,0,0
GATE-05,PARKING-01,2026-01-13 04:00:00,42.39,4.96,23.62,3.43,1.93,30456,0,38,14.15,정상,0,0
GATE-05,PARKING-01,2026-01-13 05:00:00,41.65,5.31,23.75,3.41,2.01,30456,0,38,10.01,정상,0,0
GATE-05,PARKING-01,2026-01-13 06:00:00,44.28,5,24.14,3.2,1.77,30479,1,38,20.44,정상,0,0
GATE-05,PARKING-01,2026-01-13 07:00:00,44.73,5.97,24.01,3.43,1.85,30524,1,38,23.38,정상,0,0
GATE-05,PARKING-01,2026-01-13 08:00:00,47.29,4.84,23.64,3.46,1.67,30564,0,38,21.32,정상,0,0
GATE-05,PARKING-01,2026-01-13 09:00:00,44.52,5.56,23.65,3.44,1.76,30610,0,38,15.6,정상,0,0
GATE-05,PARKING-01,2026-01-13 10:00:00,41.58,5.07,23.77,3.39,2.1,30632,1,38,17.65,정상,0,0
GATE-05,PARKING-01,2026-01-13 11:00:00,39.39,4.71,23.45,3.17,1.86,30650,0,38,10.64,정상,0,0
GATE-05,PARKING-01,2026-01-13 12:00:00,43.95,5.11,23.88,3.2,2.02,30674,0,38,14.45,정상,0,0
GATE-05,PARKING-01,2026-01-13 13:00:00,45.78,5.26,23.57,3.25,1.66,30703,0,38,16.11,정상,0,0
GATE-05,PARKING-01,2026-01-13 14:00:00,42.22,4.53,23.78,3.29,2.04,30725,0,38,11.7,정상,0,0
GATE-05,PARKING-01,2026-01-13 15:00:00,46.11,5.08,23.74,3.27,1.99,30749,0,38,16.74,정상,0,0
GATE-05,PARKING-01,2026-01-13 16:00:00,42.9,4.82,23.52,3.27,2.06,30777,0,38,11.96,정상,0,0
GATE-05,PARKING-01,2026-01-13 17:00:00,43.94,5.53,23.63,3.3,1.8,30818,0,38,15.7,정상,0,0
GATE-05,PARKING-01,2026-01-13 18:00:00,45.46,5.48,23.94,3.1,2.09,30869,1,38,21.79,정상,0,0
GATE-05,PARKING-01,2026-01-13 19:00:00,41.62,5.26,23.63,3.16,1.99,30902,0,38,14.74,정상,0,0
GATE-05,PARKING-01,2026-01-13 20:00:00,45.49,6.24,24.1,3.44,2.05,30948,0,38,22.92,정상,0,0
GATE-05,PARKING-01,2026-01-13 21:00:00,42.72,4.98,23.45,3.07,1.74,30972,0,38,14.29,정상,0,0
GATE-05,PARKING-01,2026-01-13 22:00:00,42.68,4.69,23.53,3.22,1.97,30987,1,38,16.7,정상,0,0
GATE-05,PARKING-01,2026-01-13 23:00:00,45.6,4.86,23.73,3.07,1.82,31014,0,38,9.52,정상,0,0
GATE-05,PARKING-01,2026-01-14 00:00:00,43.48,5.41,23.56,3.01,2.02,31022,1,39,22.07,정상,0,0
GATE-05,PARKING-01,2026-01-14 01:00:00,40.85,5.44,23.8,3.32,1.82,31029,1,39,18.78,정상,0,0
GATE-05,PARKING-01,2026-01-14 02:00:00,39.1,4.66,24.12,3.1,1.78,31029,0,39,7.86,정상,0,0
GATE-05,PARKING-01,2026-01-14 03:00:00,42.21,4.87,23.79,3.08,2.13,31038,0,39,8.18,정상,0,0
GATE-05,PARKING-01,2026-01-14 04:00:00,42.65,4.25,23.85,3.4,1.71,31047,0,39,8.43,정상,0,0
GATE-05,PARKING-01,2026-01-14 05:00:00,41.29,4.67,23.9,3.43,1.83,31055,0,39,6.19,정상,0,0
GATE-05,PARKING-01,2026-01-14 06:00:00,40.78,5.62,23.32,3.25,2.17,31077,1,39,21.16,정상,0,0
GATE-05,PARKING-01,2026-01-14 07:00:00,49.32,5.56,23.93,3.29,1.95,31128,1,39,24.05,정상,0,0
GATE-05,PARKING-01,2026-01-14 08:00:00,45.6,5.6,23.48,3.62,1.62,31173,0,39,21.78,정상,0,0
GATE-05,PARKING-01,2026-01-14 09:00:00,45.05,5.61,23.85,3.23,2.27,31221,0,39,16.15,정상,0,0
GATE-05,PARKING-01,2026-01-14 10:00:00,43.28,5.18,23.62,3.13,2.33,31250,0,39,17.15,정상,0,0
GATE-05,PARKING-01,2026-01-14 11:00:00,47.06,5.16,23.72,3.48,1.93,31287,0,39,17.76,정상,0,0
GATE-05,PARKING-01,2026-01-14 12:00:00,40.88,5.01,23.78,3.05,1.94,31312,0,39,8.58,정상,0,0
GATE-05,PARKING-01,2026-01-14 13:00:00,42.63,5.2,23.07,3.57,1.83,31337,0,39,20.53,정상,0,0
GATE-05,PARKING-01,2026-01-14 14:00:00,41.79,5.38,23.73,3.16,2.1,31357,0,39,14.08,정상,0,0
GATE-05,PARKING-01,2026-01-14 15:00:00,45.19,5.24,23.78,3.61,1.65,31379,0,39,15.8,정상,0,0
GATE-05,PARKING-01,2026-01-14 16:00:00,43.57,4.71,23.56,3.28,1.77,31408,0,39,12.2,정상,0,0
GATE-05,PARKING-01,2026-01-14 17:00:00,45.85,5.77,23.72,3.4,2.11,31450,0,39,19.67,정상,0,0
GATE-05,PARKING-01,2026-01-14 18:00:00,45.98,5.63,23.68,3.3,2.1,31494,0,39,18.46,정상,0,0
GATE-05,PARKING-01,2026-01-14 19:00:00,45.45,5.62,24.16,3.17,2.11,31535,1,39,20.6,정상,0,0
GATE-05,PARKING-01,2026-01-14 20:00:00,43.5,5.29,24.26,3.14,2.2,31575,1,39,20.78,정상,0,0
GATE-05,PARKING-01,2026-01-14 21:00:00,43.15,5.57,23.14,3.51,1.96,31604,0,39,21.95,정상,0,0
GATE-05,PARKING-01,2026-01-14 22:00:00,42.07,5.45,23.94,3.2,2.09,31623,1,39,17.75,정상,0,0
GATE-05,PARKING-01,2026-01-14 23:00:00,42.79,4.82,23.98,3.35,2.15,31646,0,39,8.89,정상,0,0
GATE-05,PARKING-01,2026-01-15 00:00:00,37.24,4.55,23.91,3.21,1.87,31646,0,40,7.95,정상,0,0
GATE-05,PARKING-01,2026-01-15 01:00:00,41.43,4.89,23.63,3.3,1.87,31658,0,40,12.66,정상,0,0
GATE-05,PARKING-01,2026-01-15 02:00:00,38.91,5.52,23.75,3.52,2.01,31658,0,40,18.43,정상,0,0
GATE-05,PARKING-01,2026-01-15 03:00:00,43.74,4.37,23.67,3.61,2.03,31663,0,40,11.76,정상,0,0
GATE-05,PARKING-01,2026-01-15 04:00:00,41.33,4.32,24.12,3.38,1.97,31669,0,40,8.59,정상,0,0
GATE-05,PARKING-01,2026-01-15 05:00:00,39.91,5.11,23.82,3.36,2.19,31677,0,40,13.51,정상,0,0
GATE-05,PARKING-01,2026-01-15 06:00:00,44.24,5.35,23.6,3.48,2.08,31709,1,40,22.07,정상,0,0
GATE-05,PARKING-01,2026-01-15 07:00:00,44.75,5.29,23.96,3.23,1.74,31741,0,40,10.03,정상,0,0
GATE-05,PARKING-01,2026-01-15 08:00:00,44.19,5.72,24.2,3.39,2.4,31779,1,40,25.79,정상,0,0
GATE-05,PARKING-01,2026-01-15 09:00:00,44.36,5.71,24.06,3.49,1.96,31816,0,40,16.32,정상,0,0
GATE-05,PARKING-01,2026-01-15 10:00:00,43.99,5.47,23.95,3.21,2.06,31842,0,40,16.27,정상,0,0
GATE-05,PARKING-01,2026-01-15 11:00:00,40.82,4.62,24.23,3.35,2.35,31856,0,40,11.62,정상,0,0
GATE-05,PARKING-01,2026-01-15 12:00:00,43.71,5.62,23.77,3.43,2.01,31883,0,40,15.89,정상,0,0
GATE-05,PARKING-01,2026-01-15 13:00:00,41.5,5.28,23.68,3.32,1.84,31901,1,40,16.17,정상,0,0
GATE-05,PARKING-01,2026-01-15 14:00:00,44.83,4.86,23.53,3.44,2.02,31918,1,40,22.6,정상,0,0
GATE-05,PARKING-01,2026-01-15 15:00:00,39.94,4.98,23.2,3.18,2.11,31931,1,40,18.3,정상,0,0
GATE-05,PARKING-01,2026-01-15 16:00:00,44.22,5.32,23.55,3.32,1.76,31945,0,40,16.44,정상,0,0
GATE-05,PARKING-01,2026-01-15 17:00:00,44.82,5.65,23.97,3.33,2.11,31994,0,40,20.14,정상,0,0
GATE-05,PARKING-01,2026-01-15 18:00:00,45.8,5.39,23.47,3.58,2.08,32029,1,40,27.25,정상,0,0
GATE-05,PARKING-01,2026-01-15 19:00:00,44.4,5.96,23.61,3.42,2.38,32079,1,40,29.39,정상,0,0
GATE-05,PARKING-01,2026-01-15 20:00:00,44,5.39,24.13,3.34,2.16,32110,1,40,21.06,정상,0,0
GATE-05,PARKING-01,2026-01-15 21:00:00,45.05,5.72,23.96,3.12,1.92,32133,0,40,13.5,정상,0,0
GATE-05,PARKING-01,2026-01-15 22:00:00,42.24,5.57,23.89,3.12,1.72,32153,0,40,10.84,정상,0,0
GATE-05,PARKING-01,2026-01-15 23:00:00,44.51,4.94,23.87,3.37,2.32,32184,0,40,19.34,정상,0,0
GATE-05,PARKING-01,2026-01-16 00:00:00,41.17,4.53,23.77,3.12,2.17,32187,0,41,8.28,정상,0,0
GATE-05,PARKING-01,2026-01-16 01:00:00,43.29,5.27,23.36,3.33,2.21,32187,0,41,17.55,정상,0,0
GATE-05,PARKING-01,2026-01-16 02:00:00,39.98,4.99,23.92,3.27,2.34,32189,0,41,13.32,정상,0,0
GATE-05,PARKING-01,2026-01-16 03:00:00,41.89,5.11,23.64,3.14,2.07,32189,0,41,11.57,정상,0,0
GATE-05,PARKING-01,2026-01-16 04:00:00,42.16,4.46,23.61,3.3,1.92,32189,0,41,7.15,정상,0,0
GATE-05,PARKING-01,2026-01-16 05:00:00,38.45,4.66,23.48,3.29,2.16,32192,0,41,10.64,정상,0,0
GATE-05,PARKING-01,2026-01-16 06:00:00,41.84,4.76,23.72,3.23,2.02,32210,0,41,13.17,정상,0,0
GATE-05,PARKING-01,2026-01-16 07:00:00,44.74,5.44,23.96,3.73,2.09,32242,0,41,23.51,정상,0,0
GATE-05,PARKING-01,2026-01-16 08:00:00,45.87,5.3,23.85,3.28,2.04,32290,0,41,17.73,정상,0,0
GATE-05,PARKING-01,2026-01-16 09:00:00,46.41,5.78,23.35,3.44,1.91,32338,0,41,23.76,정상,0,0
GATE-05,PARKING-01,2026-01-16 10:00:00,42.66,5.61,23.6,3.3,2.14,32366,0,41,16.67,정상,0,0
GATE-05,PARKING-01,2026-01-16 11:00:00,44.5,5.31,23.65,3.45,2.13,32390,0,41,16.03,정상,0,0
GATE-05,PARKING-01,2026-01-16 12:00:00,42.77,4.83,24.11,3.2,1.99,32404,1,41,12.59,정상,0,0
GATE-05,PARKING-01,2026-01-16 13:00:00,45.88,5.3,23.85,3.29,1.84,32434,1,41,21.03,정상,0,0
GATE-05,PARKING-01,2026-01-16 14:00:00,43.5,5.67,23.92,3.37,1.98,32457,1,41,24.42,정상,0,0
GATE-05,PARKING-01,2026-01-16 15:00:00,44.36,4.87,23.58,3.16,2.08,32479,1,41,20.27,정상,0,0
GATE-05,PARKING-01,2026-01-16 16:00:00,44.57,6.11,23.26,3.39,1.91,32501,1,41,27.15,정상,0,0
GATE-05,PARKING-01,2026-01-16 17:00:00,44.26,5.38,24.07,3.39,1.78,32533,0,41,12.44,정상,0,0
GATE-05,PARKING-01,2026-01-16 18:00:00,46.28,5.68,24.15,3.33,1.66,32587,0,41,19.13,정상,0,0
GATE-05,PARKING-01,2026-01-16 19:00:00,43.92,5.17,23.67,3.46,2.15,32618,1,41,23.54,정상,0,0
GATE-05,PARKING-01,2026-01-16 20:00:00,49.63,5.35,23.69,3.49,1.79,32657,0,41,28.08,정상,0,0
GATE-05,PARKING-01,2026-01-16 21:00:00,40.85,5.19,23.55,3.35,2.16,32679,1,41,18.96,정상,0,0
GATE-05,PARKING-01,2026-01-16 22:00:00,40.32,5.45,23.83,3.56,2.06,32697,1,41,18.94,정상,0,0
GATE-05,PARKING-01,2026-01-16 23:00:00,44.22,5.21,23.68,3.21,2.14,32718,0,41,17.59,정상,0,0
GATE-05,PARKING-01,2026-01-17 00:00:00,38.4,4.55,24.13,3.41,2.15,32718,0,42,11.35,정상,0,0
GATE-05,PARKING-01,2026-01-17 01:00:00,38.61,4.6,23.47,3.18,1.93,32722,1,42,14.38,정상,0,0
GATE-05,PARKING-01,2026-01-17 02:00:00,40.57,4.92,23.57,3.21,1.9,32727,0,42,11.78,정상,0,0
GATE-05,PARKING-01,2026-01-17 03:00:00,38.8,5.27,23.83,3.6,1.79,32728,0,42,14.77,정상,0,0
GATE-05,PARKING-01,2026-01-17 04:00:00,40.5,5.36,23.54,3.38,1.97,32736,2,42,24.66,정상,0,0
GATE-05,PARKING-01,2026-01-17 05:00:00,40.92,4.76,23.95,3.53,2.09,32743,2,42,20.31,정상,0,0
GATE-05,PARKING-01,2026-01-17 06:00:00,43,5,23.56,3.09,2.17,32764,0,42,11.23,정상,0,0
GATE-05,PARKING-01,2026-01-17 07:00:00,47.91,5.1,23.3,3.29,1.8,32812,0,42,19.65,정상,0,0
GATE-05,PARKING-01,2026-01-17 08:00:00,43.09,5.59,23.9,3.39,1.88,32850,0,42,16.2,정상,0,0
GATE-05,PARKING-01,2026-01-17 09:00:00,43.61,5.33,23.98,3.37,1.98,32871,2,42,23.62,정상,0,0
GATE-05,PARKING-01,2026-01-17 10:00:00,41.62,5.5,23.5,3.42,2.13,32891,1,42,20.02,정상,0,0
GATE-05,PARKING-01,2026-01-17 11:00:00,44.99,5.67,23.83,3.54,2.04,32924,0,42,24.89,정상,0,0
GATE-05,PARKING-01,2026-01-17 12:00:00,44.12,5,23.58,3.22,1.85,32941,1,42,21.97,정상,0,0
GATE-05,PARKING-01,2026-01-17 13:00:00,45.32,5.17,23.96,3.19,2.43,32962,1,42,22.8,정상,0,0
GATE-05,PARKING-01,2026-01-17 14:00:00,43.4,5.38,24.11,3.51,2.15,32989,0,42,18.04,정상,0,0
GATE-05,PARKING-01,2026-01-17 15:00:00,43.14,5.22,23.67,3.42,1.77,33021,1,42,18.76,정상,0,0
GATE-05,PARKING-01,2026-01-17 16:00:00,42.22,4.86,23.96,3.3,1.81,33043,0,42,7.44,정상,0,0
GATE-05,PARKING-01,2026-01-17 17:00:00,46.29,5.71,23.78,3.65,1.72,33087,1,42,27.33,정상,0,0
GATE-05,PARKING-01,2026-01-17 18:00:00,49.39,5.86,23.87,3.11,2.21,33143,0,42,27.33,정상,0,0
GATE-05,PARKING-01,2026-01-17 19:00:00,45.53,5.4,23.8,3.63,1.98,33180,0,42,23.97,정상,0,0
GATE-05,PARKING-01,2026-01-17 20:00:00,45.62,5.66,23.77,3.54,2.17,33231,1,42,27.34,정상,0,0
GATE-05,PARKING-01,2026-01-17 21:00:00,42.87,4.95,23.58,3.53,2.53,33254,1,42,23.54,정상,0,0
GATE-05,PARKING-01,2026-01-17 22:00:00,44.33,5.27,23.83,3.39,2.2,33275,1,42,22.69,정상,0,0
GATE-05,PARKING-01,2026-01-17 23:00:00,43.4,4.94,23.6,3.42,1.95,33294,0,42,15.05,정상,0,0
GATE-05,PARKING-01,2026-01-18 00:00:00,40.4,4.98,23.86,3.33,2.13,33294,2,43,25.35,정상,0,0
GATE-05,PARKING-01,2026-01-18 01:00:00,39.17,4.07,23.68,3.5,2.03,33294,0,43,11.4,정상,0,0
GATE-05,PARKING-01,2026-01-18 02:00:00,42.24,4.95,23.7,3.42,1.76,33306,1,43,17.92,정상,0,0
GATE-05,PARKING-01,2026-01-18 03:00:00,42.94,4.76,23.65,3.33,2.22,33315,1,43,18.83,정상,0,0
GATE-05,PARKING-01,2026-01-18 04:00:00,46.09,4.92,23.96,3.39,2.23,33332,0,43,13.11,정상,0,0
GATE-05,PARKING-01,2026-01-18 05:00:00,41.71,4.9,23.9,3.65,2.26,33337,0,43,10.71,정상,0,0
GATE-05,PARKING-01,2026-01-18 06:00:00,42.71,5.18,23.51,3.44,2.12,33365,0,43,17.84,정상,0,0
GATE-05,PARKING-01,2026-01-18 07:00:00,45.4,5.76,23.79,3.56,1.74,33394,0,43,19.51,정상,0,0
GATE-05,PARKING-01,2026-01-18 08:00:00,45.85,5.67,23.82,3.6,2.12,33441,1,43,25.83,정상,0,0
GATE-05,PARKING-01,2026-01-18 09:00:00,45.83,5.88,23.58,3.27,1.99,33481,0,43,20.45,정상,0,0
GATE-05,PARKING-01,2026-01-18 10:00:00,43.36,5.45,23.57,3.44,2.3,33501,0,43,17.76,정상,0,0
GATE-05,PARKING-01,2026-01-18 11:00:00,43.84,5.27,23.83,3.55,1.81,33525,1,43,18.07,정상,0,0
GATE-05,PARKING-01,2026-01-18 12:00:00,42.69,5.1,23.66,3.52,2.23,33546,2,43,27.47,정상,0,0
GATE-05,PARKING-01,2026-01-18 13:00:00,44.24,4.77,23.63,3.5,1.99,33563,0,43,16.28,정상,0,0
GATE-05,PARKING-01,2026-01-18 14:00:00,40.9,4.91,24.01,3.45,2.06,33574,0,43,12.39,정상,0,0
GATE-05,PARKING-01,2026-01-18 15:00:00,43.44,4.97,23.82,3.56,1.93,33594,0,43,12.92,정상,0,0
GATE-05,PARKING-01,2026-01-18 16:00:00,43.65,5.05,23.8,3.23,2.14,33619,1,43,19.38,정상,0,0
GATE-05,PARKING-01,2026-01-18 17:00:00,42.94,5.52,23.5,3.47,2.04,33654,1,43,20.75,정상,0,0
GATE-05,PARKING-01,2026-01-18 18:00:00,45.27,5.43,23.39,3.34,2.07,33699,0,43,21.64,정상,0,0
GATE-05,PARKING-01,2026-01-18 19:00:00,47.05,6.04,23.65,3.44,2.06,33752,0,43,24.39,정상,0,0
GATE-05,PARKING-01,2026-01-18 20:00:00,42.4,5.52,23.98,3.38,2.36,33776,1,43,21.46,정상,0,0
GATE-05,PARKING-01,2026-01-18 21:00:00,42.89,5.21,23.57,3.55,2.07,33799,0,43,14.88,정상,0,0
GATE-05,PARKING-01,2026-01-18 22:00:00,44.62,5.07,23.99,3.36,2.12,33823,1,43,22,정상,0,0
GATE-05,PARKING-01,2026-01-18 23:00:00,45.35,5.22,23.58,3.52,2.34,33840,0,43,19.64,정상,0,0
GATE-05,PARKING-01,2026-01-19 00:00:00,42.23,5.21,23.93,3.61,1.76,33852,2,44,27.46,정상,0,0
GATE-05,PARKING-01,2026-01-19 01:00:00,39.75,5.1,23.85,3.37,1.88,33857,1,44,16.51,정상,0,0
GATE-05,PARKING-01,2026-01-19 02:00:00,41.91,4.88,23.86,3.18,1.9,33862,1,44,17.35,정상,0,0
GATE-05,PARKING-01,2026-01-19 03:00:00,41.79,5.49,23.96,3.57,2.1,33876,0,44,11.9,정상,0,0
GATE-05,PARKING-01,2026-01-19 04:00:00,41.16,4.67,23.6,3.27,2.45,33882,0,44,13.38,정상,0,0
GATE-05,PARKING-01,2026-01-19 05:00:00,44.36,5.07,23.97,3.48,1.84,33886,1,44,17.54,정상,0,0
GATE-05,PARKING-01,2026-01-19 06:00:00,45.13,5.37,23.92,3.44,2.2,33903,0,44,19.15,정상,0,0
GATE-05,PARKING-01,2026-01-19 07:00:00,46.7,6.23,23.32,3.61,2.09,33959,1,44,32.63,정상,0,0
GATE-05,PARKING-01,2026-01-19 08:00:00,44,6.14,23.2,3.32,1.99,34008,0,44,24.51,정상,0,0
GATE-05,PARKING-01,2026-01-19 09:00:00,42.66,5.18,23.91,3.33,2.33,34031,0,44,12.98,정상,0,0
GATE-05,PARKING-01,2026-01-19 10:00:00,46.73,5.2,23.51,3.73,1.99,34056,0,44,27.12,정상,0,0
GATE-05,PARKING-01,2026-01-19 11:00:00,42.89,4.57,23.13,3.37,2.42,34084,1,44,23.64,정상,0,0
GATE-05,PARKING-01,2026-01-19 12:00:00,42.61,5.47,23.38,3.35,2.64,34098,1,44,26.08,정상,0,0
GATE-05,PARKING-01,2026-01-19 13:00:00,44.4,5.62,23.59,3.48,2.13,34114,0,44,19.24,정상,0,0
GATE-05,PARKING-01,2026-01-19 14:00:00,42.68,4.82,23.75,3.39,2.17,34135,1,44,16.44,정상,0,0
GATE-05,PARKING-01,2026-01-19 15:00:00,42.93,4.89,23.07,3.47,2.42,34150,0,44,19.12,정상,0,0
GATE-05,PARKING-01,2026-01-19 16:00:00,43.31,5.63,23.51,3.56,1.82,34169,1,44,23.98,정상,0,0
GATE-05,PARKING-01,2026-01-19 17:00:00,47.19,5.81,23.2,3.53,1.97,34210,1,44,30.16,정상,0,0
GATE-05,PARKING-01,2026-01-19 18:00:00,47.71,5.67,23.97,3.45,2.33,34257,2,44,34.34,정상,0,0
GATE-05,PARKING-01,2026-01-19 19:00:00,46.29,5.47,23.26,3.41,2.15,34296,0,44,22.58,정상,0,0
GATE-05,PARKING-01,2026-01-19 20:00:00,48.23,5.03,23.69,3.45,2.29,34340,0,44,21.78,정상,0,0
GATE-05,PARKING-01,2026-01-19 21:00:00,43.61,5.32,23.81,3.55,2.11,34364,1,44,23.88,정상,0,0
GATE-05,PARKING-01,2026-01-19 22:00:00,44.1,5.11,23.24,3.23,2.44,34380,1,44,25.15,정상,0,0
GATE-05,PARKING-01,2026-01-19 23:00:00,43.47,5.24,23.58,3.55,2.12,34404,0,44,15.32,정상,0,0
GATE-05,PARKING-01,2026-01-20 00:00:00,40.13,4.79,23.62,3.52,1.88,34406,1,45,14.74,정상,0,0
GATE-05,PARKING-01,2026-01-20 01:00:00,42.72,5.52,23.73,3.34,2.15,34410,1,45,21.25,정상,0,0
GATE-05,PARKING-01,2026-01-20 02:00:00,42.4,4.79,23.77,3.53,2.13,34419,1,45,16.04,정상,0,0
GATE-05,PARKING-01,2026-01-20 03:00:00,43.24,4.57,23.55,3.49,2.11,34424,0,45,11.55,정상,0,0
GATE-05,PARKING-01,2026-01-20 04:00:00,39.92,5.14,23.37,3.15,2.14,34424,0,45,17.1,정상,0,0
GATE-05,PARKING-01,2026-01-20 05:00:00,43.84,4.49,24.07,3.05,2.57,34434,0,45,14.11,정상,0,0
GATE-05,PARKING-01,2026-01-20 06:00:00,40.12,4.88,23.6,3.55,2.2,34445,0,45,12.21,정상,0,0
GATE-05,PARKING-01,2026-01-20 07:00:00,46.8,6.02,23.43,3.6,2.31,34492,0,45,30.3,정상,0,0
GATE-05,PARKING-01,2026-01-20 08:00:00,45.31,5.04,23.67,3.41,2.13,34523,1,45,22.95,정상,0,0
GATE-05,PARKING-01,2026-01-20 09:00:00,45.28,5.8,23.43,3.49,2.39,34567,0,45,25.19,정상,0,0
GATE-05,PARKING-01,2026-01-20 10:00:00,43.17,5.65,23.83,3.5,2.16,34590,1,45,22.11,정상,0,0
GATE-05,PARKING-01,2026-01-20 11:00:00,44.6,5.87,24.05,3.1,2.06,34621,1,45,21.88,정상,0,0
GATE-05,PARKING-01,2026-01-20 12:00:00,43.61,5.11,24.02,3.58,2.06,34643,0,45,13.66,정상,0,0
GATE-05,PARKING-01,2026-01-20 13:00:00,44.28,5.33,23.83,3.3,2.1,34659,1,45,18.92,정상,0,0
GATE-05,PARKING-01,2026-01-20 14:00:00,48.88,5.24,23.89,3.58,2.36,34687,1,45,29.93,정상,0,0
GATE-05,PARKING-01,2026-01-20 15:00:00,43.45,5.65,23.79,3.45,2.21,34705,0,45,18.69,정상,0,0
GATE-05,PARKING-01,2026-01-20 16:00:00,44.57,5.48,23.89,3.5,2.06,34727,1,45,24.41,정상,0,0
GATE-05,PARKING-01,2026-01-20 17:00:00,43.41,5.5,23.6,3.28,2.13,34756,0,45,17.85,정상,0,0
GATE-05,PARKING-01,2026-01-20 18:00:00,46.03,5.83,23.48,3.41,2.18,34806,0,45,21.55,정상,0,0
GATE-05,PARKING-01,2026-01-20 19:00:00,51.49,6.3,23.27,3.75,2.15,34862,0,45,37.5,정상,0,0
GATE-05,PARKING-01,2026-01-20 20:00:00,50.52,5.97,23.34,3.4,2.13,34913,0,45,29.14,정상,0,0
GATE-05,PARKING-01,2026-01-20 21:00:00,40.84,5.39,23.66,3.53,2.21,34932,1,45,23.89,정상,0,0
GATE-05,PARKING-01,2026-01-20 22:00:00,45.74,4.98,23.67,3.44,2.01,34956,0,45,15.11,정상,0,0
GATE-05,PARKING-01,2026-01-20 23:00:00,44.05,5.75,23.66,3.45,2.48,34969,0,45,18.43,정상,0,0
GATE-05,PARKING-01,2026-01-21 00:00:00,40.48,4.94,23.78,3.39,2.21,34969,0,46,13,정상,0,0
GATE-05,PARKING-01,2026-01-21 01:00:00,44.04,4.97,23.66,3.16,1.78,34973,1,46,18.36,정상,0,0
GATE-05,PARKING-01,2026-01-21 02:00:00,41.91,4.89,23.41,3.4,2.01,34980,1,46,17.57,정상,0,0
GATE-05,PARKING-01,2026-01-21 03:00:00,41.84,5.23,23.08,3.63,2.25,34986,0,46,18.95,정상,0,0
GATE-05,PARKING-01,2026-01-21 04:00:00,44.54,4.98,23.76,3.57,2.01,34997,0,46,12.44,정상,0,0
GATE-05,PARKING-01,2026-01-21 05:00:00,44.1,5.1,23.82,3.62,2.1,34999,0,46,15.22,정상,0,0
GATE-05,PARKING-01,2026-01-21 06:00:00,42.31,5.39,23.45,3.41,2.1,35015,0,46,17.4,정상,0,0
GATE-05,PARKING-01,2026-01-21 07:00:00,45.5,5.66,23.82,3.72,2.48,35062,0,46,25.36,정상,0,0
GATE-05,PARKING-01,2026-01-21 08:00:00,44.62,5.85,24.1,3.52,1.93,35106,0,46,20.27,정상,0,0
GATE-05,PARKING-01,2026-01-21 09:00:00,46.76,5.69,23.55,3.35,2.07,35146,1,46,29.54,정상,0,0
GATE-05,PARKING-01,2026-01-21 10:00:00,43.67,5.83,23.18,3.45,2.02,35175,0,46,24.56,정상,0,0
GATE-05,PARKING-01,2026-01-21 11:00:00,44.69,5.56,23.3,3.61,2.34,35200,0,46,26.33,정상,0,0
GATE-05,PARKING-01,2026-01-21 12:00:00,44.02,5.27,23.74,3.13,2.13,35229,1,46,19.78,정상,0,0
GATE-05,PARKING-01,2026-01-21 13:00:00,44.17,5.72,23.92,3.47,2.33,35251,0,46,23.18,정상,0,0
GATE-05,PARKING-01,2026-01-21 14:00:00,44.55,5.22,23.38,3.55,2.21,35276,1,46,21.95,정상,0,0
GATE-05,PARKING-01,2026-01-21 15:00:00,45.9,5.36,24.11,3.44,2.04,35301,1,46,23.07,정상,0,0
GATE-05,PARKING-01,2026-01-21 16:00:00,42.84,5.56,23.77,3.48,2.08,35321,0,46,17.87,정상,0,0
GATE-05,PARKING-01,2026-01-21 17:00:00,44.4,5.5,23.67,3.48,2,35355,0,46,17.84,정상,0,0
GATE-05,PARKING-01,2026-01-21 18:00:00,47.29,5.48,23.65,3.36,2.02,35391,0,46,17.91,정상,0,0
GATE-05,PARKING-01,2026-01-21 19:00:00,43.77,5.59,23.69,3.64,1.94,35422,0,46,18.53,정상,0,0
GATE-05,PARKING-01,2026-01-21 20:00:00,48.81,5.46,23.99,3.66,2.31,35461,1,46,30.62,정상,0,0
GATE-05,PARKING-01,2026-01-21 21:00:00,47.88,5.47,23.74,3.36,2.12,35481,0,46,22.89,정상,0,0
GATE-05,PARKING-01,2026-01-21 22:00:00,43.14,5.27,23.65,3.4,2.45,35508,0,46,22.91,정상,0,0
GATE-05,PARKING-01,2026-01-21 23:00:00,47.58,5.64,23.28,3.52,2.25,35531,0,46,28.34,정상,0,0
GATE-05,PARKING-01,2026-01-22 00:00:00,43.84,5.09,23.62,3.34,2.18,35538,1,47,22.04,정상,0,0
GATE-05,PARKING-01,2026-01-22 01:00:00,41.47,5.26,23.86,3.34,2.34,35544,1,47,20.37,정상,0,0
GATE-05,PARKING-01,2026-01-22 02:00:00,43.14,4.92,23.64,3.39,2.22,35550,1,47,23.08,정상,0,0
GATE-05,PARKING-01,2026-01-22 03:00:00,40.99,5.44,23.79,3.5,2.33,35562,0,47,20.47,정상,0,0
GATE-05,PARKING-01,2026-01-22 04:00:00,43.07,4.85,23.95,3.47,2.05,35566,0,47,12.06,정상,0,0
GATE-05,PARKING-01,2026-01-22 05:00:00,42.11,4.92,23.85,3.53,2.1,35570,0,47,9.83,정상,0,0
GATE-05,PARKING-01,2026-01-22 06:00:00,43.19,5.04,23.66,3.79,2.1,35592,1,47,26.2,정상,0,0
GATE-05,PARKING-01,2026-01-22 07:00:00,45.67,5.62,24.01,3.57,2.14,35641,0,47,20.9,정상,0,0
GATE-05,PARKING-01,2026-01-22 08:00:00,49.9,5.55,23.85,3.45,2.35,35686,1,47,32.36,정상,0,0
GATE-05,PARKING-01,2026-01-22 09:00:00,48.55,5.59,23.6,3.71,2.4,35736,1,47,33.46,정상,0,0
GATE-05,PARKING-01,2026-01-22 10:00:00,42.43,4.95,23.02,3.69,1.93,35754,0,47,18.35,정상,0,0
GATE-05,PARKING-01,2026-01-22 11:00:00,43.3,4.43,24.07,3.47,2.32,35770,2,47,23.74,정상,0,0
GATE-05,PARKING-01,2026-01-22 12:00:00,43.46,5.86,23.78,3.74,2.56,35787,1,47,30.31,정상,0,0
GATE-05,PARKING-01,2026-01-22 13:00:00,45.75,5.04,23.78,3.76,2.17,35806,0,47,19.32,정상,0,0
GATE-05,PARKING-01,2026-01-22 14:00:00,47.19,4.76,23.26,3.47,2.14,35828,1,47,27.53,정상,0,0
GATE-05,PARKING-01,2026-01-22 15:00:00,45.66,5.05,23.49,3.44,2.03,35851,0,47,21.48,정상,0,0
GATE-05,PARKING-01,2026-01-22 16:00:00,46.39,6.12,23.92,3.43,2.55,35875,1,47,31.13,정상,0,0
GATE-05,PARKING-01,2026-01-22 17:00:00,45.69,5.9,23.78,3.63,2.24,35931,0,47,25.24,정상,0,0
GATE-05,PARKING-01,2026-01-22 18:00:00,44.46,5.54,23.37,3.32,1.97,35967,0,47,17.66,정상,0,0
GATE-05,PARKING-01,2026-01-22 19:00:00,49.19,5.57,23.35,3.27,2.1,36001,0,47,28.03,정상,0,0
GATE-05,PARKING-01,2026-01-22 20:00:00,47.5,6.18,23.28,3.62,2.39,36039,0,47,37.83,정상,0,0
GATE-05,PARKING-01,2026-01-22 21:00:00,44.46,5.86,23.51,3.51,2.23,36058,0,47,23.17,정상,0,0
GATE-05,PARKING-01,2026-01-22 22:00:00,46.27,4.73,23.42,3.57,2.11,36080,0,47,20.7,정상,0,0
GATE-05,PARKING-01,2026-01-22 23:00:00,45.36,6.18,23.77,3.46,2.31,36106,1,47,27.78,정상,0,0
GATE-05,PARKING-01,2026-01-23 00:00:00,41.34,5.41,23.64,3.37,2.8,36106,1,48,24.92,정상,0,0
GATE-05,PARKING-01,2026-01-23 01:00:00,41.85,5.09,23.5,3.55,1.87,36121,0,48,14.54,정상,0,0
GATE-05,PARKING-01,2026-01-23 02:00:00,41.73,5.43,23.31,3.56,2.01,36121,0,48,19.29,정상,0,0
GATE-05,PARKING-01,2026-01-23 03:00:00,44.35,5.36,23.82,3.46,2.18,36131,0,48,16.29,정상,0,0
GATE-05,PARKING-01,2026-01-23 04:00:00,40.85,4.73,23.52,4.1,2.18,36131,0,48,21.38,정상,0,0
GATE-05,PARKING-01,2026-01-23 05:00:00,43.17,4.95,23.47,3.31,2.52,36139,0,48,13.94,정상,0,0
GATE-05,PARKING-01,2026-01-23 06:00:00,44.5,5.88,23.68,3.59,1.85,36162,0,48,19.16,정상,0,0
GATE-05,PARKING-01,2026-01-23 07:00:00,47.12,5.61,23.33,3.33,2.43,36201,0,48,29.67,정상,0,0
GATE-05,PARKING-01,2026-01-23 08:00:00,49.54,5.96,23.72,3.77,2.5,36255,0,48,32.16,정상,0,0
GATE-05,PARKING-01,2026-01-23 09:00:00,48.33,5.65,23.81,3.71,2.24,36298,1,48,29.6,정상,0,0
GATE-05,PARKING-01,2026-01-23 10:00:00,42.28,5.62,23.75,3.51,2.58,36325,0,48,20.54,정상,0,0
GATE-05,PARKING-01,2026-01-23 11:00:00,44.96,5.29,23.72,3.37,2.43,36349,0,48,24.06,정상,0,0
GATE-05,PARKING-01,2026-01-23 12:00:00,47.48,5.54,23.4,3.43,1.97,36381,0,48,23.69,정상,0,0
GATE-05,PARKING-01,2026-01-23 13:00:00,39.22,5.62,23.96,3.39,2.11,36391,0,48,14.14,정상,0,0
GATE-05,PARKING-01,2026-01-23 14:00:00,46.79,4.73,23.53,3.66,2.3,36412,0,48,21.35,정상,0,0
GATE-05,PARKING-01,2026-01-23 15:00:00,45.02,5.09,23.76,3.63,2.17,36438,0,48,21.94,정상,0,0
GATE-05,PARKING-01,2026-01-23 16:00:00,44.77,5.2,24.03,3.29,2.21,36458,1,48,21.57,정상,0,0
GATE-05,PARKING-01,2026-01-23 17:00:00,47.58,5.35,23.62,3.62,1.8,36492,1,48,24.96,정상,0,0
GATE-05,PARKING-01,2026-01-23 18:00:00,49.22,5.66,23.4,3.63,2.33,36538,0,48,33.03,정상,0,0
GATE-05,PARKING-01,2026-01-23 19:00:00,46.97,6.05,23.7,3.3,2.32,36582,0,48,25.43,정상,0,0
GATE-05,PARKING-01,2026-01-23 20:00:00,47.06,5.72,23.32,3.28,2.21,36622,0,48,25.37,정상,0,0
GATE-05,PARKING-01,2026-01-23 21:00:00,46.36,5.04,23.79,3.42,2.29,36642,0,48,21.39,정상,0,0
GATE-05,PARKING-01,2026-01-23 22:00:00,42.58,4.98,23.98,3.45,1.95,36664,0,48,15.43,정상,0,0
GATE-05,PARKING-01,2026-01-23 23:00:00,42.25,5.1,23.39,3.53,2.2,36685,0,48,19.37,정상,0,0
GATE-05,PARKING-01,2026-01-24 00:00:00,41.35,5.61,23.1,3.4,2.54,36687,0,49,22.4,정상,0,0
GATE-05,PARKING-01,2026-01-24 01:00:00,44.07,4.85,23.68,3.73,2.49,36693,1,49,25.62,정상,0,0
GATE-05,PARKING-01,2026-01-24 02:00:00,42.47,5.63,24.06,3.58,2.41,36697,2,49,29.48,정상,0,0
GATE-05,PARKING-01,2026-01-24 03:00:00,43.09,5.17,23.77,3.62,2.22,36699,1,49,20.35,정상,0,0
GATE-05,PARKING-01,2026-01-24 04:00:00,44.16,5.07,23.75,3.7,2.37,36713,0,49,23.05,정상,0,0
GATE-05,PARKING-01,2026-01-24 05:00:00,42.49,5.21,23.7,3.37,1.94,36722,1,49,17.36,정상,0,0
GATE-05,PARKING-01,2026-01-24 06:00:00,47.77,5.77,23.27,3.47,2.09,36749,0,49,23.35,정상,0,0
GATE-05,PARKING-01,2026-01-24 07:00:00,48.53,6.23,23.93,3.41,2.08,36800,0,49,26.45,정상,0,0
GATE-05,PARKING-01,2026-01-24 08:00:00,50.43,5.31,23.84,3.45,2.13,36851,1,49,35.65,정상,0,0
GATE-05,PARKING-01,2026-01-24 09:00:00,45.64,5.38,23.67,3.44,2.39,36893,0,49,22.42,정상,0,0
GATE-05,PARKING-01,2026-01-24 10:00:00,45.47,5.45,23.66,3.63,1.99,36915,1,49,24.19,정상,0,0
GATE-05,PARKING-01,2026-01-24 11:00:00,45.28,5.85,23.38,3.68,2.52,36935,0,49,30.28,정상,0,0
GATE-05,PARKING-01,2026-01-24 12:00:00,45.64,5.24,23.37,3.61,2.34,36959,0,49,21.12,정상,0,0
GATE-05,PARKING-01,2026-01-24 13:00:00,45.42,5.5,23.63,3.4,2.22,36977,0,49,23.56,정상,0,0
GATE-05,PARKING-01,2026-01-24 14:00:00,42.43,5.04,23.58,3.6,2.65,36996,1,49,22.28,정상,0,0
GATE-05,PARKING-01,2026-01-24 15:00:00,44.57,5.58,23.69,3.96,2.27,37023,0,49,29.84,정상,0,0
GATE-05,PARKING-01,2026-01-24 16:00:00,43.63,5.91,23.33,4,2.55,37042,0,49,28.63,정상,0,0
GATE-05,PARKING-01,2026-01-24 17:00:00,47.2,5.88,23.36,3.64,2.31,37083,0,49,32.64,정상,0,0
GATE-05,PARKING-01,2026-01-24 18:00:00,49.31,5.94,23.49,3.64,2.32,37136,1,49,36.44,정상,0,0
GATE-05,PARKING-01,2026-01-24 19:00:00,48.7,5.71,23.55,3.3,2.6,37190,0,49,29.42,정상,0,0
GATE-05,PARKING-01,2026-01-24 20:00:00,45.01,5.68,23.05,3.37,2.24,37228,1,49,28.99,정상,0,0
GATE-05,PARKING-01,2026-01-24 21:00:00,43.68,5.87,23.97,3.78,2.1,37251,1,49,28.14,정상,0,0
GATE-05,PARKING-01,2026-01-24 22:00:00,44.59,5.33,23.33,3.7,2.07,37270,2,49,34.06,정상,0,0
GATE-05,PARKING-01,2026-01-24 23:00:00,46.61,5.45,23.89,3.39,2.39,37282,1,49,26.4,정상,0,0
GATE-05,PARKING-01,2026-01-25 00:00:00,46.34,4.85,23.61,3.41,2.15,37287,0,50,17.81,정상,0,0
GATE-05,PARKING-01,2026-01-25 01:00:00,42.52,4.96,23.55,3.87,2.06,37290,0,50,17.88,정상,0,0
GATE-05,PARKING-01,2026-01-25 02:00:00,45,5.24,23.82,3.42,2.46,37290,1,50,26.39,정상,0,0
GATE-05,PARKING-01,2026-01-25 03:00:00,40.73,4.72,23.9,3.39,2.27,37293,1,50,19.57,정상,0,0
GATE-05,PARKING-01,2026-01-25 04:00:00,40.35,4.67,23.91,3.57,2.39,37293,1,50,18.86,정상,0,0
GATE-05,PARKING-01,2026-01-25 05:00:00,42.51,4.92,23.61,3.66,2.41,37299,0,50,19.1,정상,0,0
GATE-05,PARKING-01,2026-01-25 06:00:00,45.32,5.45,24.03,3.78,2.16,37328,0,50,26.39,정상,0,0
GATE-05,PARKING-01,2026-01-25 07:00:00,42.32,6.03,23.54,3.43,1.98,37357,1,50,22.86,정상,0,0
GATE-05,PARKING-01,2026-01-25 08:00:00,46.8,5.82,23.48,3.44,2.59,37394,1,50,32.58,정상,0,0
GATE-05,PARKING-01,2026-01-25 09:00:00,49.98,5.7,23.27,3.61,2.5,37441,1,50,37.35,정상,0,0
GATE-05,PARKING-01,2026-01-25 10:00:00,44.03,5.91,23.67,3.61,2.51,37466,1,50,31.2,정상,0,0
GATE-05,PARKING-01,2026-01-25 11:00:00,41.83,5.3,22.92,3.55,2.3,37479,0,50,20.35,정상,0,0
GATE-05,PARKING-01,2026-01-25 12:00:00,45,5.69,23.43,3.74,2.14,37496,1,50,31.69,정상,0,0
GATE-05,PARKING-01,2026-01-25 13:00:00,43.45,5.17,23.91,3.69,2.19,37518,0,50,19.69,정상,0,0
GATE-05,PARKING-01,2026-01-25 14:00:00,45.82,5.99,23.78,3.83,2.42,37551,0,50,26.68,정상,0,0
GATE-05,PARKING-01,2026-01-25 15:00:00,47.19,5.31,23.93,3.66,2.4,37574,0,50,20.91,정상,0,0
GATE-05,PARKING-01,2026-01-25 16:00:00,44.94,5.45,23.36,3.71,2.44,37596,1,50,30.1,정상,0,0
GATE-05,PARKING-01,2026-01-25 17:00:00,48.49,5.94,23.44,3.41,2.09,37636,0,50,24.98,정상,0,0
GATE-05,PARKING-01,2026-01-25 18:00:00,47.63,5.52,23.49,3.47,2.03,37671,2,50,34.37,정상,0,0
GATE-05,PARKING-01,2026-01-25 19:00:00,45.51,6.04,23.64,3.8,2.43,37703,1,50,39.63,주의,0,0
GATE-05,PARKING-01,2026-01-25 20:00:00,45.87,5.43,23.61,3.52,2.12,37737,0,50,18.61,정상,0,0
GATE-05,PARKING-01,2026-01-25 21:00:00,49.5,5.28,23.24,3.85,2.41,37765,0,50,34.04,정상,0,0
GATE-05,PARKING-01,2026-01-25 22:00:00,43.84,5.61,23.86,3.63,2.59,37794,1,50,25.91,정상,0,0
GATE-05,PARKING-01,2026-01-25 23:00:00,42.02,5.81,23.49,3.47,2.26,37814,1,50,25.37,정상,0,0
GATE-05,PARKING-01,2026-01-26 00:00:00,38.74,5.56,23.92,3.42,2.37,37814,1,51,19.67,정상,0,0
GATE-05,PARKING-01,2026-01-26 01:00:00,42.26,4.95,23.18,3.63,2.27,37820,1,51,21.76,정상,0,0
GATE-05,PARKING-01,2026-01-26 02:00:00,44.36,5.38,23.69,3.61,2.5,37822,1,51,26.79,정상,0,0
GATE-05,PARKING-01,2026-01-26 03:00:00,43.46,5.31,23.95,3.64,2.45,37822,0,51,15.15,정상,0,0
GATE-05,PARKING-01,2026-01-26 04:00:00,41.54,5.47,23.55,3.46,2.41,37822,1,51,24.26,정상,0,0
GATE-05,PARKING-01,2026-01-26 05:00:00,42.07,5.32,23.28,3.31,2.45,37826,2,51,27.77,정상,0,0
GATE-05,PARKING-01,2026-01-26 06:00:00,44.54,5.37,23.64,3.59,2.11,37848,0,51,17.37,정상,0,0
GATE-05,PARKING-01,2026-01-26 07:00:00,42.93,5.7,23.67,3.43,2.53,37882,1,51,28.36,정상,0,0
GATE-05,PARKING-01,2026-01-26 08:00:00,47.91,5.69,23.72,3.41,2.37,37923,1,51,33.31,정상,0,0
GATE-05,PARKING-01,2026-01-26 09:00:00,48.27,5.79,23.51,3.65,2.33,37967,0,51,31.23,정상,0,0
GATE-05,PARKING-01,2026-01-26 10:00:00,41.96,6.21,23.77,3.57,2.08,37988,1,51,24.44,정상,0,0
GATE-05,PARKING-01,2026-01-26 11:00:00,45.71,5.86,23.64,3.38,2.29,38013,0,51,23.02,정상,0,0
GATE-05,PARKING-01,2026-01-26 12:00:00,43,5.36,23.51,3.69,2.42,38040,0,51,23.15,정상,0,0
GATE-05,PARKING-01,2026-01-26 13:00:00,43.57,5.32,23.39,3.5,2.53,38053,1,51,30.73,정상,0,0
GATE-05,PARKING-01,2026-01-26 14:00:00,42.85,5.37,23.29,3.63,2.5,38067,1,51,28.44,정상,0,0
GATE-05,PARKING-01,2026-01-26 15:00:00,43.25,4.9,23.43,3.54,2.37,38086,0,51,20.68,정상,0,0
GATE-05,PARKING-01,2026-01-26 16:00:00,45.79,5.67,23.48,3.94,2.72,38116,0,51,29.2,정상,0,0
GATE-05,PARKING-01,2026-01-26 17:00:00,49.38,5.94,23.44,3.57,2.47,38161,1,51,36.47,정상,0,0
GATE-05,PARKING-01,2026-01-26 18:00:00,45.01,5.96,23.83,3.57,2.59,38204,1,51,29.37,정상,0,0
GATE-05,PARKING-01,2026-01-26 19:00:00,43.44,5.34,23.92,3.98,2.53,38226,1,51,28.25,정상,0,0
GATE-05,PARKING-01,2026-01-26 20:00:00,46.55,5.8,23.53,3.57,2.74,38262,0,51,31.96,정상,0,0
GATE-05,PARKING-01,2026-01-26 21:00:00,43.98,5.34,23.68,3.84,2.54,38288,0,51,24.58,정상,0,0
GATE-05,PARKING-01,2026-01-26 22:00:00,46.34,5.8,23.31,3.84,2.43,38303,1,51,32.4,정상,0,0
GATE-05,PARKING-01,2026-01-26 23:00:00,46.51,5.59,23.61,4.05,3.13,38324,0,51,36.4,정상,0,0
GATE-05,PARKING-01,2026-01-27 00:00:00,45.68,6.08,23.42,3.87,3.14,38328,1,52,40.91,주의,0,0
GATE-05,PARKING-01,2026-01-27 01:00:00,47.04,5.93,23.5,3.99,3.05,38336,1,52,42.33,주의,0,0
GATE-05,PARKING-01,2026-01-27 02:00:00,48.38,6.21,23.65,3.62,3.02,38343,1,52,38.71,주의,0,0
GATE-05,PARKING-01,2026-01-27 03:00:00,44.41,5.55,23.33,3.98,3.22,38346,2,52,41.8,주의,0,0
GATE-05,PARKING-01,2026-01-27 04:00:00,46.03,6.05,22.84,4.35,2.98,38350,2,52,50.88,주의,0,0
GATE-05,PARKING-01,2026-01-27 05:00:00,45.81,5.73,23.06,3.89,2.93,38350,1,52,42.57,주의,0,0
GATE-05,PARKING-01,2026-01-27 06:00:00,50.02,6.43,22.9,4.11,3.41,38375,2,52,58.27,주의,0,0
GATE-05,PARKING-01,2026-01-27 07:00:00,53.54,6.73,23.13,4.2,3.62,38425,2,52,70.77,주의,0,0
GATE-05,PARKING-01,2026-01-27 08:00:00,54.71,7.79,23.07,4.76,3.34,38469,1,52,70.06,주의,0,0
GATE-05,PARKING-01,2026-01-27 09:00:00,54.51,7.59,23.29,4.52,3.44,38508,2,52,68.67,주의,0,0
GATE-05,PARKING-01,2026-01-27 10:00:00,49.27,7.3,23.05,4.5,3.73,38522,2,52,67.73,주의,0,0
GATE-05,PARKING-01,2026-01-27 11:00:00,51.44,6.85,23.4,4.37,3.67,38542,2,52,61.51,주의,0,0
GATE-05,PARKING-01,2026-01-27 12:00:00,54.08,7.31,23.34,4.52,3.79,38571,2,52,69.68,주의,0,0
GATE-05,PARKING-01,2026-01-27 13:00:00,49.28,7.05,23.08,4.82,3.47,38578,5,52,77.75,주의,0,0
GATE-05,PARKING-01,2026-01-27 14:00:00,49.17,7,23.24,5.08,4.24,38589,2,52,71.72,주의,0,0
GATE-05,PARKING-01,2026-01-27 15:00:00,51.18,6.82,23.37,4.9,4.11,38609,2,52,75.87,주의,0,0
GATE-05,PARKING-01,2026-01-27 16:00:00,54.27,6.92,23.55,5.03,3.95,38627,3,52,81.71,주의,0,0
GATE-05,PARKING-01,2026-01-27 17:00:00,55.82,8.33,23.01,5.01,4.39,38660,2,52,90.77,주의,0,0
GATE-05,PARKING-01,2026-01-27 18:00:00,55.39,8.08,23.46,5,4.39,38709,3,52,90.9,주의,0,0
GATE-05,PARKING-01,2026-01-27 19:00:00,56.83,7.55,23.21,5.35,4.35,38739,3,52,96.24,위험,0,0
GATE-05,PARKING-01,2026-01-27 20:00:00,55.29,7.65,23.05,5.18,4.33,38774,4,52,96.64,위험,0,0
GATE-05,PARKING-01,2026-01-27 21:00:00,56,8.28,22.65,5.24,4.7,38797,4,52,100,위험,0,0
GATE-05,PARKING-01,2026-01-27 22:00:00,54.1,8.32,22.77,5.43,4.63,38818,4,52,100,위험,0,0
GATE-05,PARKING-01,2026-01-27 23:00:00,56.81,8.17,22.78,5.08,4.91,38845,4,52,100,위험,0,0
GATE-05,PARKING-01,2026-01-28 00:00:00,52.4,7.75,22.79,5.11,5.04,38852,4,53,99.67,위험,0,0
GATE-05,PARKING-01,2026-01-28 01:00:00,50.68,7.37,22.72,5.58,4.87,38852,3,53,92.89,위험,0,0
GATE-05,PARKING-01,2026-01-28 02:00:00,54.5,7.61,23.16,5.24,4.65,38857,4,53,94.97,위험,0,0
GATE-05,PARKING-01,2026-01-28 03:00:00,55.62,8.05,22.76,5.5,5.32,38867,5,53,100,위험,0,0
GATE-05,PARKING-01,2026-01-28 04:00:00,54.84,8.06,22.59,5.57,5.13,38867,5,53,100,위험,0,1
GATE-05,PARKING-01,2026-01-28 05:00:00,60.08,8.04,22.9,5.69,5.5,38870,5,53,100,위험,0,0
GATE-05,PARKING-01,2026-01-28 06:00:00,58.47,8.67,22.73,5.77,5.45,38889,5,53,100,위험,0,0
GATE-05,PARKING-01,2026-01-28 07:00:00,45.42,5.72,23.81,3.49,2.53,38934,1,53,28.58,정상,0,0
GATE-05,PARKING-01,2026-01-28 08:00:00,45.94,5.54,23.65,3.57,2.46,38957,0,53,25.95,정상,0,0
GATE-05,PARKING-01,2026-01-28 09:00:00,48.22,6.33,23.56,3.86,2.58,38992,0,53,36.2,정상,0,0
GATE-05,PARKING-01,2026-01-28 10:00:00,43.19,6.12,23.64,3.39,2.48,39012,1,53,29.25,정상,0,0
GATE-05,PARKING-01,2026-01-28 11:00:00,44.5,5,23.32,3.5,2.58,39031,0,53,23.68,정상,0,0
GATE-05,PARKING-01,2026-01-28 12:00:00,46.1,5.51,23.68,3.97,2.58,39055,1,53,34.68,정상,0,0
GATE-05,PARKING-01,2026-01-28 13:00:00,43.85,5.03,23.15,3.38,1.94,39075,1,53,22.18,정상,0,0
GATE-05,PARKING-01,2026-01-28 14:00:00,46.96,5.52,23.66,3.52,2.24,39103,1,53,29.79,정상,0,0
GATE-05,PARKING-01,2026-01-28 15:00:00,48.67,6.09,23.53,3.71,2.8,39137,1,53,43.3,주의,0,0
GATE-05,PARKING-01,2026-01-28 16:00:00,46.42,5.44,23.1,3.46,2.62,39163,1,53,34.54,정상,0,0
GATE-05,PARKING-01,2026-01-28 17:00:00,48.3,6.48,23.89,3.64,2.19,39210,1,53,34.07,정상,0,0
GATE-05,PARKING-01,2026-01-28 18:00:00,47.76,6.73,23.5,3.68,2.19,39258,1,53,38.18,정상,0,0
GATE-05,PARKING-01,2026-01-28 19:00:00,46.96,5.54,23.68,3.65,2.56,39288,2,53,39.77,주의,0,0
GATE-05,PARKING-01,2026-01-28 20:00:00,46.72,6.24,23.59,3.33,2.52,39333,1,53,29.74,정상,0,0
GATE-05,PARKING-01,2026-01-28 21:00:00,46.53,5.33,23.52,3.61,2.35,39360,0,53,26.69,정상,0,0
GATE-05,PARKING-01,2026-01-28 22:00:00,45.71,6,23.83,3.46,2.45,39384,1,53,27.19,정상,0,0
GATE-05,PARKING-01,2026-01-28 23:00:00,45.63,5.3,23.34,3.54,2.39,39405,0,53,26.16,정상,0,0
GATE-05,PARKING-01,2026-01-29 00:00:00,42.95,6.01,23.21,3.57,2.42,39419,1,54,32.25,정상,0,0
GATE-05,PARKING-01,2026-01-29 01:00:00,44.63,5.54,23.58,3.64,2.49,39425,1,54,30.61,정상,0,0
GATE-05,PARKING-01,2026-01-29 02:00:00,45.11,4.93,23.37,3.57,2.24,39425,1,54,26.4,정상,0,0
GATE-05,PARKING-01,2026-01-29 03:00:00,42.95,5.37,23.97,3.96,2.4,39440,0,54,20.44,정상,0,0
GATE-05,PARKING-01,2026-01-29 04:00:00,44.79,5.12,23.45,3.76,2.49,39440,0,54,25.76,정상,0,0
GATE-05,PARKING-01,2026-01-29 05:00:00,40.86,5.6,23.72,3.47,2.09,39440,1,54,21.42,정상,0,0
GATE-05,PARKING-01,2026-01-29 06:00:00,44.22,4.93,22.89,3.72,2.44,39456,1,54,26.4,정상,0,0
GATE-05,PARKING-01,2026-01-29 07:00:00,46.19,5.91,23.71,3.5,2.48,39495,1,54,33.12,정상,0,0
GATE-05,PARKING-01,2026-01-29 08:00:00,47.66,5.76,23.55,3.76,2.78,39537,0,54,29.71,정상,0,0
GATE-05,PARKING-01,2026-01-29 09:00:00,48.29,5.7,23.8,3.82,2.42,39580,0,54,27.97,정상,0,0
GATE-05,PARKING-01,2026-01-29 10:00:00,45.81,5.57,23.19,3.65,2.67,39596,2,54,42.1,주의,0,0
GATE-05,PARKING-01,2026-01-29 11:00:00,48.85,5.64,23.61,3.56,2.37,39618,2,54,39.56,주의,0,0
GATE-05,PARKING-01,2026-01-29 12:00:00,45.36,5.48,23.06,3.75,2.41,39648,1,54,32.69,정상,0,0
GATE-05,PARKING-01,2026-01-29 13:00:00,44.84,5.63,23.57,3.56,2.36,39660,1,54,31.08,정상,0,0
GATE-05,PARKING-01,2026-01-29 14:00:00,46.14,5.36,23.24,3.49,2.34,39690,1,54,33.38,정상,0,0
GATE-05,PARKING-01,2026-01-29 15:00:00,48.12,5.91,23.38,3.36,2.58,39717,1,54,34.26,정상,0,0
GATE-05,PARKING-01,2026-01-29 16:00:00,45,5.6,24.06,3.81,2.31,39740,1,54,28.17,정상,0,0
GATE-05,PARKING-01,2026-01-29 17:00:00,45.5,5.91,23.4,3.8,2.65,39776,1,54,33.3,정상,0,0
GATE-05,PARKING-01,2026-01-29 18:00:00,46.64,6.26,23.36,3.47,2.75,39828,0,54,35.06,정상,0,0
GATE-05,PARKING-01,2026-01-29 19:00:00,51.08,6.56,23.77,3.48,2.81,39875,0,54,37.03,정상,0,0
GATE-05,PARKING-01,2026-01-29 20:00:00,43.74,5.22,23.41,3.72,2.33,39914,1,54,29.53,정상,0,0
GATE-05,PARKING-01,2026-01-29 21:00:00,43.36,5.37,23.58,3.87,2.6,39929,0,54,25.91,정상,0,0
GATE-05,PARKING-01,2026-01-29 22:00:00,44.92,5.66,23.35,3.69,2.49,39949,0,54,23.74,정상,0,0
GATE-05,PARKING-01,2026-01-29 23:00:00,42.89,5.72,23.8,3.75,2.65,39967,0,54,22.52,정상,0,0
GATE-05,PARKING-01,2026-01-30 00:00:00,45.87,5.52,23.44,3.78,2.41,39972,0,55,24.71,정상,0,0
GATE-05,PARKING-01,2026-01-30 01:00:00,43.85,5.18,23.69,3.66,2.68,39973,1,55,26.84,정상,0,0
GATE-05,PARKING-01,2026-01-30 02:00:00,45.01,5.05,23.8,3.48,2.34,39985,2,55,27,정상,0,0
GATE-05,PARKING-01,2026-01-30 03:00:00,43.91,5.04,23.45,3.59,2.42,39998,1,55,29.88,정상,0,0
GATE-05,PARKING-01,2026-01-30 04:00:00,46.12,5.67,23.57,3.67,2.46,40006,1,55,31.81,정상,0,0
GATE-05,PARKING-01,2026-01-30 05:00:00,42.04,4.82,23.8,3.65,1.98,40013,1,55,15.98,정상,0,0
GATE-05,PARKING-01,2026-01-30 06:00:00,45.67,5.68,23.8,3.44,2.3,40031,2,55,30.64,정상,0,0
GATE-05,PARKING-01,2026-01-30 07:00:00,46.06,6.04,23.38,3.73,2.27,40062,0,55,29.22,정상,0,0
GATE-05,PARKING-01,2026-01-30 08:00:00,46.94,6.32,23.85,3.65,2.77,40109,1,55,38.96,주의,0,0
GATE-05,PARKING-01,2026-01-30 09:00:00,49.85,6.16,23.49,3.49,2.64,40154,1,55,40.27,주의,0,0
GATE-05,PARKING-01,2026-01-30 10:00:00,44.45,5.66,23.46,3.67,2.27,40180,0,55,25.11,정상,0,0
GATE-05,PARKING-01,2026-01-30 11:00:00,44.77,5.5,23.69,3.95,2,40206,0,55,24.89,정상,0,0
GATE-05,PARKING-01,2026-01-30 12:00:00,44.99,5.11,22.9,3.49,2.56,40236,1,55,29.13,정상,0,0
GATE-05,PARKING-01,2026-01-30 13:00:00,46.12,5.42,23.8,3.74,2.31,40248,1,55,29.66,정상,0,0
GATE-05,PARKING-01,2026-01-30 14:00:00,47.39,5.6,23.25,3.58,2.52,40281,1,55,39.21,주의,0,0
GATE-05,PARKING-01,2026-01-30 15:00:00,46.65,6.16,22.93,3.63,2.4,40309,1,55,39.02,주의,0,0
GATE-05,PARKING-01,2026-01-30 16:00:00,45.89,5.6,24.1,3.6,2.58,40325,0,55,27.38,정상,0,0
GATE-05,PARKING-01,2026-01-30 17:00:00,49.94,6.41,23.55,3.82,2.45,40363,1,55,39.57,주의,0,0
GATE-05,PARKING-01,2026-01-30 18:00:00,46.65,5.62,23.39,3.82,2.64,40394,2,55,43.25,주의,0,0
GATE-05,PARKING-01,2026-01-30 19:00:00,48.39,6.16,23.95,3.61,2.33,40437,1,55,33.3,정상,0,0
GATE-05,PARKING-01,2026-01-30 20:00:00,46.99,5.48,23.49,3.56,2.68,40477,1,55,32.39,정상,0,0
GATE-05,PARKING-01,2026-01-30 21:00:00,45.89,5.59,23.78,3.67,2.56,40492,0,55,26.21,정상,0,0
GATE-05,PARKING-01,2026-01-30 22:00:00,46.51,5.28,23.91,3.53,2.33,40513,0,55,16.98,정상,0,0
GATE-05,PARKING-01,2026-01-30 23:00:00,47.15,5.93,23.51,3.51,2.33,40545,1,55,32.78,정상,0,0
GATE-05,PARKING-01,2026-01-31 00:00:00,42.96,5.49,23.8,3.64,2.47,40545,1,56,24.67,정상,0,0
GATE-05,PARKING-01,2026-01-31 01:00:00,45.73,5.37,23.81,3.87,2.58,40551,0,56,25.96,정상,0,0
GATE-05,PARKING-01,2026-01-31 02:00:00,44.54,5.66,23.3,3.69,2.37,40553,2,56,35.15,정상,0,0
GATE-05,PARKING-01,2026-01-31 03:00:00,40.93,5.07,23.55,3.72,2.34,40553,0,56,19.1,정상,0,0
GATE-05,PARKING-01,2026-01-31 04:00:00,43.3,5.2,23.15,3.85,2.27,40555,1,56,30.52,정상,0,0
GATE-05,PARKING-01,2026-01-31 05:00:00,42.54,5.68,23.41,3.98,2.72,40560,0,56,26.18,정상,0,0
GATE-05,PARKING-01,2026-01-31 06:00:00,47.4,5.86,23.33,3.7,2.4,40584,0,56,26.33,정상,0,0
GATE-05,PARKING-01,2026-01-31 07:00:00,47.14,5.73,23.67,3.71,2.9,40626,1,56,33.76,정상,0,0
GATE-05,PARKING-01,2026-01-31 08:00:00,46.48,5.78,23.49,3.86,2.63,40661,0,56,32.22,정상,0,0
GATE-05,PARKING-01,2026-01-31 09:00:00,46.89,6.41,23.76,3.73,2.61,40714,1,56,36.81,정상,0,0
GATE-05,PARKING-01,2026-01-31 10:00:00,46.83,6.01,23.45,3.85,2.6,40736,2,56,39.85,주의,0,0
GATE-05,PARKING-01,2026-01-31 11:00:00,45.04,5.83,23.36,3.45,2.55,40755,0,56,26.74,정상,0,0
GATE-05,PARKING-01,2026-01-31 12:00:00,44.21,6.27,23.11,3.82,2.3,40773,1,56,38.36,정상,0,0
GATE-05,PARKING-01,2026-01-31 13:00:00,46.36,5.34,23.73,3.63,2.4,40795,0,56,22.75,정상,0,0
GATE-05,PARKING-01,2026-01-31 14:00:00,45.41,5.92,23.12,3.92,2.74,40820,0,56,36.89,정상,0,0
GATE-05,PARKING-01,2026-01-31 15:00:00,41.27,5.84,23.78,3.61,2.63,40836,1,56,32.07,정상,0,0
GATE-05,PARKING-01,2026-01-31 16:00:00,47.3,5.53,23.49,3.67,2.42,40860,2,56,37.7,정상,0,0
GATE-05,PARKING-01,2026-01-31 17:00:00,50.24,6.67,24.05,3.82,2.66,40911,0,56,38.32,정상,0,0
GATE-05,PARKING-01,2026-01-31 18:00:00,46.03,5.98,23.88,3.9,2.75,40940,0,56,29.11,정상,0,0
GATE-05,PARKING-01,2026-01-31 19:00:00,47.17,6.03,23.56,3.86,2.45,40980,0,56,33.39,정상,0,0
GATE-05,PARKING-01,2026-01-31 20:00:00,48.26,6.58,23.54,3.71,2.3,41024,1,56,40.05,주의,0,0
GATE-05,PARKING-01,2026-01-31 21:00:00,43.64,5.67,23.83,3.56,2.71,41050,0,56,25.14,정상,0,0
GATE-05,PARKING-01,2026-01-31 22:00:00,43.43,5.52,23.21,3.72,2.75,41073,2,56,36.06,정상,0,0
GATE-05,PARKING-01,2026-01-31 23:00:00,45.36,5.92,23.13,3.73,2.54,41099,0,56,32.2,정상,0,0
GATE-05,PARKING-01,2026-02-01 00:00:00,44.09,5.44,23.51,3.57,2.51,41117,0,57,21.62,정상,0,0
GATE-05,PARKING-01,2026-02-01 01:00:00,41.68,5.28,23.51,3.66,2.29,41120,1,57,23.44,정상,0,0
GATE-05,PARKING-01,2026-02-01 02:00:00,44.76,5.51,23.68,3.73,2.39,41120,0,57,20.51,정상,0,0
GATE-05,PARKING-01,2026-02-01 03:00:00,43.8,5.25,23.48,3.75,2.57,41131,0,57,23.56,정상,0,0
GATE-05,PARKING-01,2026-02-01 04:00:00,42.98,5.5,23.81,3.88,2.87,41133,0,57,26.11,정상,0,0
GATE-05,PARKING-01,2026-02-01 05:00:00,44.48,5.4,23.19,3.83,2.68,41142,0,57,26.11,정상,0,0
GATE-05,PARKING-01,2026-02-01 06:00:00,45.8,5.19,23.8,3.67,2.77,41162,1,57,31.55,정상,0,0
GATE-05,PARKING-01,2026-02-01 07:00:00,48.54,5.98,23.72,3.82,2.42,41214,1,57,35.68,정상,0,0
GATE-05,PARKING-01,2026-02-01 08:00:00,50.18,6.26,23.72,4,2.48,41263,0,57,34.22,정상,0,0
GATE-05,PARKING-01,2026-02-01 09:00:00,47.77,6.01,23.28,3.72,2.55,41295,1,57,41.78,주의,0,0
GATE-05,PARKING-01,2026-02-01 10:00:00,47.04,6.28,23.35,3.68,2.75,41329,1,57,38.51,정상,0,0
GATE-05,PARKING-01,2026-02-01 11:00:00,45.71,6.11,23.24,3.75,2.56,41345,0,57,35.42,정상,0,0
GATE-05,PARKING-01,2026-02-01 12:00:00,44.74,5.52,23.82,3.82,2.2,41364,1,57,26.16,정상,0,0
GATE-05,PARKING-01,2026-02-01 13:00:00,44.46,5.58,23.5,3.75,2.78,41378,0,57,29.5,정상,0,0
GATE-05,PARKING-01,2026-02-01 14:00:00,44.54,5.65,23.44,3.38,2.83,41396,1,57,32.26,정상,0,0
GATE-05,PARKING-01,2026-02-01 15:00:00,48.25,5.4,24.06,3.7,2.37,41416,0,57,25.21,정상,0,0
GATE-05,PARKING-01,2026-02-01 16:00:00,45.21,5.47,23.31,3.79,2.7,41446,1,57,32,정상,0,0
GATE-05,PARKING-01,2026-02-01 17:00:00,49.79,6.32,23.08,3.58,2.43,41494,0,57,38.79,주의,0,0
GATE-05,PARKING-01,2026-02-01 18:00:00,45.06,5.77,23.64,3.67,2.71,41517,0,57,31.54,정상,0,0
GATE-05,PARKING-01,2026-02-01 19:00:00,43.23,5.69,23.7,3.7,2.68,41548,0,57,23.97,정상,0,0
GATE-05,PARKING-01,2026-02-01 20:00:00,48.66,6.03,23.42,3.71,2.66,41588,0,57,32.87,정상,0,0
GATE-05,PARKING-01,2026-02-01 21:00:00,45.57,5.82,23.54,3.65,2.85,41605,0,57,28.84,정상,0,0
GATE-05,PARKING-01,2026-02-01 22:00:00,47.13,5.8,23.72,3.75,2.38,41630,0,57,28.36,정상,0,0
GATE-05,PARKING-01,2026-02-01 23:00:00,47.15,6.18,23.39,3.54,2.48,41656,0,57,28,정상,0,0
GATE-05,PARKING-01,2026-02-02 00:00:00,44.35,5.44,23.42,3.98,2.7,41661,0,58,27.55,정상,0,0
GATE-05,PARKING-01,2026-02-02 01:00:00,42.53,5.27,23.74,3.81,2.56,41665,1,58,23.55,정상,0,0
GATE-05,PARKING-01,2026-02-02 02:00:00,43.21,4.93,23.78,3.74,2.31,41680,0,58,18.95,정상,0,0
GATE-05,PARKING-01,2026-02-02 03:00:00,45.28,5.02,23.41,3.81,2.67,41687,1,58,30.29,정상,0,0
GATE-05,PARKING-01,2026-02-02 04:00:00,44.42,5.31,23.58,4.02,2.39,41695,1,58,31.03,정상,0,0
GATE-05,PARKING-01,2026-02-02 05:00:00,43.15,5.14,23.17,3.45,2.41,41697,0,58,20.2,정상,0,0
GATE-05,PARKING-01,2026-02-02 06:00:00,45.26,5.68,23.78,3.7,2.51,41713,1,58,31.81,정상,0,0
GATE-05,PARKING-01,2026-02-02 07:00:00,51.14,5.97,23.69,3.59,2.59,41771,0,58,33.23,정상,0,0
GATE-05,PARKING-01,2026-02-02 08:00:00,44.77,5.8,23.98,3.84,2.61,41808,1,58,28.85,정상,0,0
GATE-05,PARKING-01,2026-02-02 09:00:00,48.31,5.62,23.7,3.7,2.43,41846,1,58,29.69,정상,0,0
GATE-05,PARKING-01,2026-02-02 10:00:00,42.96,5.46,23.79,3.61,2.54,41869,1,58,25.59,정상,0,0
GATE-05,PARKING-01,2026-02-02 11:00:00,47.97,5.65,23.44,3.54,2.73,41897,1,58,34.28,정상,0,0
GATE-05,PARKING-01,2026-02-02 12:00:00,44.53,5.3,23.6,3.49,2.26,41907,2,58,36.5,정상,0,0
GATE-05,PARKING-01,2026-02-02 13:00:00,46.04,5.78,23.45,3.91,2.24,41934,0,58,29.79,정상,0,0
GATE-05,PARKING-01,2026-02-02 14:00:00,44.37,6.16,23.48,3.62,2.3,41953,1,58,27.82,정상,0,0
GATE-05,PARKING-01,2026-02-02 15:00:00,46.49,5.66,23.88,3.58,2.7,41973,1,58,29.64,정상,0,0
GATE-05,PARKING-01,2026-02-02 16:00:00,44.43,5.67,23.68,3.92,2.51,41993,0,58,29.85,정상,0,0
GATE-05,PARKING-01,2026-02-02 17:00:00,51.08,6.44,23.63,3.64,2.25,42045,1,58,40.48,주의,0,0
GATE-05,PARKING-01,2026-02-02 18:00:00,48.31,6.22,23.32,3.77,2.68,42081,2,58,47.93,주의,0,0
GATE-05,PARKING-01,2026-02-02 19:00:00,48.32,5.74,23.7,3.79,2.36,42116,1,58,33.98,정상,0,0
GATE-05,PARKING-01,2026-02-02 20:00:00,48.58,5.81,23.41,3.81,2.5,42156,2,58,42.09,주의,0,0
GATE-05,PARKING-01,2026-02-02 21:00:00,45.39,5.52,23.63,3.63,2.68,42180,1,58,30.07,정상,0,0
GATE-05,PARKING-01,2026-02-02 22:00:00,46.6,6.05,22.92,3.8,2.39,42208,0,58,35.53,정상,0,0
GATE-05,PARKING-01,2026-02-02 23:00:00,44.42,5.25,23.51,3.67,2.53,42222,1,58,27.95,정상,0,0
GATE-05,PARKING-01,2026-02-03 00:00:00,44.69,5.35,23.52,3.79,2.69,42228,1,59,30.91,정상,0,0
GATE-05,PARKING-01,2026-02-03 01:00:00,46.92,5.63,23.53,3.8,2.47,42240,0,59,29.6,정상,0,0
GATE-05,PARKING-01,2026-02-03 02:00:00,45.97,5.71,23.57,3.93,2.29,42244,0,59,26.92,정상,0,0
GATE-05,PARKING-01,2026-02-03 03:00:00,42.97,5.11,23.42,3.91,2.96,42246,0,59,27.18,정상,0,0
GATE-05,PARKING-01,2026-02-03 04:00:00,45.14,5.16,23.83,3.64,2.16,42247,1,59,25.09,정상,0,0
GATE-05,PARKING-01,2026-02-03 05:00:00,44.54,5.21,23.89,3.61,2.39,42247,0,59,24.81,정상,0,0
GATE-05,PARKING-01,2026-02-03 06:00:00,46.62,5.75,23.57,3.63,2.39,42261,1,59,32.29,정상,0,0
GATE-05,PARKING-01,2026-02-03 07:00:00,46.68,6.52,23.72,3.99,2.46,42301,0,59,30.7,정상,0,0
GATE-05,PARKING-01,2026-02-03 08:00:00,46.47,6.48,23.52,3.84,2.46,42346,0,59,31.92,정상,0,0
GATE-05,PARKING-01,2026-02-03 09:00:00,50.99,6.36,23.4,3.52,3.02,42398,0,59,38.78,주의,0,0
GATE-05,PARKING-01,2026-02-03 10:00:00,45.52,5.51,23.37,4.03,2.57,42418,2,59,43.07,주의,0,0
GATE-05,PARKING-01,2026-02-03 11:00:00,46.74,5.99,23.8,4,2.45,42442,1,59,33.12,정상,0,0
GATE-05,PARKING-01,2026-02-03 12:00:00,46.57,5.5,23.51,3.98,2.57,42464,0,59,28.82,정상,0,0
GATE-05,PARKING-01,2026-02-03 13:00:00,45.25,5.81,23.62,4.16,2.63,42489,1,59,37.42,정상,0,0
GATE-05,PARKING-01,2026-02-03 14:00:00,44.75,6.36,23.31,3.76,2.46,42507,0,59,31.04,정상,0,0
GATE-05,PARKING-01,2026-02-03 15:00:00,47.33,5.11,23.64,3.8,2.45,42529,1,59,30.65,정상,0,0
GATE-05,PARKING-01,2026-02-03 16:00:00,46.01,5.74,23.25,3.42,2.98,42558,1,59,31.47,정상,0,0
GATE-05,PARKING-01,2026-02-03 17:00:00,45.69,6.17,23.54,3.61,2.44,42592,1,59,30.63,정상,0,0
GATE-05,PARKING-01,2026-02-03 18:00:00,48.11,6.21,23.67,3.83,3.17,42630,2,59,49.04,주의,0,0
GATE-05,PARKING-01,2026-02-03 19:00:00,48.13,6.24,23.3,3.7,2.59,42673,1,59,39,주의,0,0
GATE-05,PARKING-01,2026-02-03 20:00:00,49.86,6.39,23.42,3.58,2.63,42721,1,59,38.98,주의,0,0
GATE-05,PARKING-01,2026-02-03 21:00:00,43.77,6.26,23.31,4.03,2.55,42737,1,59,39.01,주의,0,0
GATE-05,PARKING-01,2026-02-03 22:00:00,44.68,6.09,23.29,3.93,2.58,42758,1,59,36.4,정상,0,0
GATE-05,PARKING-01,2026-02-03 23:00:00,45.74,5.75,23.31,3.81,2.61,42784,0,59,29.65,정상,0,0
GATE-05,PARKING-01,2026-02-04 00:00:00,45.91,5.67,23.49,3.77,2.59,42790,1,60,36.04,정상,0,0
GATE-05,PARKING-01,2026-02-04 01:00:00,44.09,5.84,23.63,3.72,2.81,42800,1,60,31.72,정상,0,0
GATE-05,PARKING-01,2026-02-04 02:00:00,44.41,5.09,23.57,3.92,2.58,42803,1,60,23.86,정상,0,0
GATE-05,PARKING-01,2026-02-04 03:00:00,43.79,5.41,23.39,3.7,2.7,42813,2,60,34.97,정상,0,0
GATE-05,PARKING-01,2026-02-04 04:00:00,44.51,5.93,23.6,3.8,2.76,42821,0,60,27.93,정상,0,0
GATE-05,PARKING-01,2026-02-04 05:00:00,45.94,4.97,23.42,3.84,2.58,42830,0,60,27.39,정상,0,0
GATE-05,PARKING-01,2026-02-04 06:00:00,47.2,5.62,23.48,3.72,2.49,42853,1,60,32.71,정상,0,0
GATE-05,PARKING-01,2026-02-04 07:00:00,47.3,6.01,23.81,3.83,2.43,42884,0,60,30.73,정상,0,0
GATE-05,PARKING-01,2026-02-04 08:00:00,48.81,6.14,23.77,3.67,2.58,42935,0,60,31.05,정상,0,0
GATE-05,PARKING-01,2026-02-04 09:00:00,48.99,6.56,23.25,3.86,2.79,42973,0,60,39.4,주의,0,0
GATE-05,PARKING-01,2026-02-04 10:00:00,42.36,5.71,23.5,3.98,2.7,42986,0,60,28.4,정상,0,0
GATE-05,PARKING-01,2026-02-04 11:00:00,44.36,5.2,23.63,4.13,2.65,43008,1,60,30.7,정상,0,0
GATE-05,PARKING-01,2026-02-04 12:00:00,44.89,5.72,23.82,3.85,2.85,43023,1,60,35.48,정상,0,0
GATE-05,PARKING-01,2026-02-04 13:00:00,45.68,6.17,23.17,3.82,2.77,43053,1,60,41.25,주의,0,0
GATE-05,PARKING-01,2026-02-04 14:00:00,46.08,5.52,23.98,3.98,2.58,43077,1,60,36.17,정상,0,0
GATE-05,PARKING-01,2026-02-04 15:00:00,45.2,5.76,23.35,3.67,2.64,43100,2,60,37.5,정상,0,0
GATE-05,PARKING-01,2026-02-04 16:00:00,46.7,5.42,23.44,4.02,2.62,43121,1,60,34.76,정상,0,0
GATE-05,PARKING-01,2026-02-04 17:00:00,46.69,5.55,23.59,3.91,2.65,43147,0,60,31.51,정상,0,0
GATE-05,PARKING-01,2026-02-04 18:00:00,49.67,6.64,23.56,3.76,2.9,43195,0,60,40.78,주의,0,0
GATE-05,PARKING-01,2026-02-04 19:00:00,49.17,6.52,23.25,3.94,2.58,43232,1,60,43.28,주의,0,0
GATE-05,PARKING-01,2026-02-04 20:00:00,50.64,5.96,23.02,3.74,2.56,43277,1,60,44.12,주의,0,0
GATE-05,PARKING-01,2026-02-04 21:00:00,45.69,5.58,23.51,3.76,2.79,43290,1,60,34.25,정상,0,0
GATE-05,PARKING-01,2026-02-04 22:00:00,44.85,6.14,23.51,4.1,2.95,43312,1,60,37.27,정상,0,0
GATE-05,PARKING-01,2026-02-04 23:00:00,45.82,5.41,23.69,3.93,2.75,43337,1,60,31.55,정상,0,0
GATE-05,PARKING-01,2026-02-05 00:00:00,46.32,5.7,23.58,3.77,2.92,43337,1,61,37.39,정상,0,0
GATE-05,PARKING-01,2026-02-05 01:00:00,42.09,6.24,23.23,3.99,2.78,43341,2,61,44.18,주의,0,0
GATE-05,PARKING-01,2026-02-05 02:00:00,45.06,5.67,23.68,3.86,2.58,43349,0,61,26.69,정상,0,0
GATE-05,PARKING-01,2026-02-05 03:00:00,44.51,5.25,23.43,3.68,2.39,43354,0,61,26.46,정상,0,0
GATE-05,PARKING-01,2026-02-05 04:00:00,44.59,4.82,23.48,3.99,2.28,43355,1,61,27.56,정상,0,0
GATE-05,PARKING-01,2026-02-05 05:00:00,45.63,5.46,23.24,3.98,2.58,43357,0,61,31.8,정상,0,0
GATE-05,PARKING-01,2026-02-05 06:00:00,48.15,6.32,23.3,3.92,2.76,43379,1,61,46.55,주의,0,0
GATE-05,PARKING-01,2026-02-05 07:00:00,48.99,6.3,23.51,3.88,2.61,43422,0,61,36.19,정상,0,0
GATE-05,PARKING-01,2026-02-05 08:00:00,46.15,6.38,23.07,3.85,2.54,43463,1,61,37.31,정상,0,0
GATE-05,PARKING-01,2026-02-05 09:00:00,50.12,5.63,23.42,3.84,2.59,43505,0,61,37.54,정상,0,0
GATE-05,PARKING-01,2026-02-05 10:00:00,47.58,5.51,23.54,3.96,2.76,43530,0,61,35.25,정상,0,0
GATE-05,PARKING-01,2026-02-05 11:00:00,42.54,5.61,23.6,3.63,2.62,43551,1,61,27.34,정상,0,0
GATE-05,PARKING-01,2026-02-05 12:00:00,46.67,5.58,23.37,3.73,2.63,43568,0,61,34.57,정상,0,0
GATE-05,PARKING-01,2026-02-05 13:00:00,43.65,5.8,23.2,4.16,2.54,43588,0,61,30.4,정상,0,0
GATE-05,PARKING-01,2026-02-05 14:00:00,49.46,6.03,23.49,3.58,2.65,43607,1,61,35.93,정상,0,0
GATE-05,PARKING-01,2026-02-05 15:00:00,45.71,5.41,23.46,3.64,2.83,43633,1,61,34.75,정상,0,0
GATE-05,PARKING-01,2026-02-05 16:00:00,43.45,5.76,23.86,3.7,2.81,43654,1,61,28.7,정상,0,0
GATE-05,PARKING-01,2026-02-05 17:00:00,48.78,6.09,23.22,3.79,2.72,43699,0,61,33.49,정상,0,0
GATE-05,PARKING-01,2026-02-05 18:00:00,48.94,6.08,23.53,3.67,2.72,43737,0,61,33.6,정상,0,0
GATE-05,PARKING-01,2026-02-05 19:00:00,47.22,5.91,23.79,3.85,2.46,43764,1,61,33.43,정상,0,0
GATE-05,PARKING-01,2026-02-05 20:00:00,44.76,5.86,23.5,3.86,2.95,43805,0,61,33.81,정상,0,0
GATE-05,PARKING-01,2026-02-05 21:00:00,47.72,6.14,23.43,4,2.74,43830,2,61,41.94,주의,0,0
GATE-05,PARKING-01,2026-02-05 22:00:00,47.93,5.8,23.58,3.71,2.83,43854,0,61,31.8,정상,0,0
GATE-05,PARKING-01,2026-02-05 23:00:00,45.75,5.47,23.95,3.97,2.56,43865,0,61,25.9,정상,0,0
GATE-05,PARKING-01,2026-02-06 00:00:00,44.19,5.54,23.26,3.85,2.53,43870,1,62,33.07,정상,0,0
GATE-05,PARKING-01,2026-02-06 01:00:00,44.47,5.38,23.22,3.84,2.79,43871,1,62,34.09,정상,0,0
GATE-05,PARKING-01,2026-02-06 02:00:00,39,5.34,23.89,3.79,2.84,43871,1,62,29.64,정상,0,0
GATE-05,PARKING-01,2026-02-06 03:00:00,44.44,6.16,24,3.8,2.82,43883,1,62,36.39,정상,0,0
GATE-05,PARKING-01,2026-02-06 04:00:00,44.99,5.59,23.3,3.92,2.74,43887,1,62,34.98,정상,0,0
GATE-05,PARKING-01,2026-02-06 05:00:00,47.45,5.7,23.62,3.79,2.93,43896,1,62,39.84,주의,0,0
GATE-05,PARKING-01,2026-02-06 06:00:00,47.63,5.97,23.54,3.68,2.74,43915,2,62,43.72,주의,0,0
GATE-05,PARKING-01,2026-02-06 07:00:00,52.1,6.58,23.22,3.68,2.43,43976,1,62,44.78,주의,0,0
GATE-05,PARKING-01,2026-02-06 08:00:00,47.84,7.04,23.17,4.16,2.55,44029,0,62,42.57,주의,0,0
GATE-05,PARKING-01,2026-02-06 09:00:00,51.7,6.04,23.34,3.72,2.45,44080,1,62,43.02,주의,0,0
GATE-05,PARKING-01,2026-02-06 10:00:00,45.76,5.46,23.49,3.8,2.26,44099,0,62,25.93,정상,0,0
GATE-05,PARKING-01,2026-02-06 11:00:00,46.63,5.55,23.67,3.88,3.03,44119,1,62,36.78,정상,0,0
GATE-05,PARKING-01,2026-02-06 12:00:00,45.51,6.16,23.37,3.69,2.62,44140,1,62,32.9,정상,0,0
GATE-05,PARKING-01,2026-02-06 13:00:00,45.58,6.52,23.7,3.53,2.85,44162,1,62,40.21,주의,0,0
GATE-05,PARKING-01,2026-02-06 14:00:00,42.24,5.24,23.61,3.47,2.92,44181,1,62,27.32,정상,0,0
GATE-05,PARKING-01,2026-02-06 15:00:00,47.76,5.79,23.84,3.74,2.72,44202,2,62,39.94,주의,0,0
GATE-05,PARKING-01,2026-02-06 16:00:00,48.87,5.9,23.32,3.91,2.67,44223,0,62,35.85,정상,0,0
GATE-05,PARKING-01,2026-02-06 17:00:00,51.56,6.61,23.45,3.97,2.73,44289,0,62,44.19,주의,0,0
GATE-05,PARKING-01,2026-02-06 18:00:00,44.89,5.81,23.71,3.7,2.95,44326,0,62,27.39,정상,0,0
GATE-05,PARKING-01,2026-02-06 19:00:00,49.29,6.01,23.76,3.87,3.1,44378,0,62,39.39,주의,0,0
GATE-05,PARKING-01,2026-02-06 20:00:00,49.93,6.56,23.88,3.75,2.4,44416,1,62,39.35,주의,0,0
GATE-05,PARKING-01,2026-02-06 21:00:00,46.22,6.11,23.46,3.73,2.78,44444,1,62,37.45,정상,0,0
GATE-05,PARKING-01,2026-02-06 22:00:00,46.34,5.87,23.78,3.63,2.51,44461,2,62,33.96,정상,0,0
GATE-05,PARKING-01,2026-02-06 23:00:00,48.11,5.78,23.46,3.73,2.83,44487,1,62,37.59,정상,0,0
GATE-05,PARKING-01,2026-02-07 00:00:00,49.02,5.24,23.59,3.73,2.82,44495,2,63,41.69,주의,0,0
GATE-05,PARKING-01,2026-02-07 01:00:00,45.96,5.48,23.74,3.53,2.54,44507,1,63,33.08,정상,0,0
GATE-05,PARKING-01,2026-02-07 02:00:00,44.54,5.47,23.62,3.95,2.79,44510,1,63,34.32,정상,0,0
GATE-05,PARKING-01,2026-02-07 03:00:00,42.36,5.48,22.88,4.01,2.79,44514,1,63,31.86,정상,0,0
GATE-05,PARKING-01,2026-02-07 04:00:00,43.39,5.51,23.86,3.77,3.14,44514,0,63,27.64,정상,0,0
GATE-05,PARKING-01,2026-02-07 05:00:00,43.54,6.01,23.12,4.03,2.45,44519,1,63,35.4,정상,0,0
GATE-05,PARKING-01,2026-02-07 06:00:00,48.39,5.59,23.44,3.78,2.72,44541,0,63,32.32,정상,0,0
GATE-05,PARKING-01,2026-02-07 07:00:00,49.62,6.1,23.13,3.99,2.48,44582,0,63,36.14,정상,0,0
GATE-05,PARKING-01,2026-02-07 08:00:00,49.25,6,23.54,3.66,2.75,44625,1,63,42.88,주의,0,0
GATE-05,PARKING-01,2026-02-07 09:00:00,49.27,6.69,23.52,3.84,2.93,44673,1,63,45.84,주의,0,0
GATE-05,PARKING-01,2026-02-07 10:00:00,46.38,5.65,23.48,3.86,2.49,44699,1,63,36.27,정상,0,0
GATE-05,PARKING-01,2026-02-07 11:00:00,50.63,6.03,23.56,3.86,2.82,44731,1,63,42.22,주의,0,0
GATE-05,PARKING-01,2026-02-07 12:00:00,43.38,5.47,23.65,3.96,2.71,44749,0,63,24.59,정상,0,0
GATE-05,PARKING-01,2026-02-07 13:00:00,46.51,6.02,23.18,4.25,2.82,44763,2,63,49.64,주의,0,0
GATE-05,PARKING-01,2026-02-07 14:00:00,45.98,5.94,23.53,3.94,2.76,44777,1,63,34.81,정상,0,0
GATE-05,PARKING-01,2026-02-07 15:00:00,43.82,5.74,23.53,3.59,3.01,44797,1,63,35.28,정상,0,0
GATE-05,PARKING-01,2026-02-07 16:00:00,45.34,6.03,23.9,3.92,3.02,44821,0,63,31.38,정상,0,0
GATE-05,PARKING-01,2026-02-07 17:00:00,53.38,6.99,23.59,3.96,3.07,44874,1,63,56.09,주의,0,0
GATE-05,PARKING-01,2026-02-07 18:00:00,50.13,5.59,23.74,4.01,2.79,44916,0,63,33.97,정상,0,0
GATE-05,PARKING-01,2026-02-07 19:00:00,50.22,5.99,23.56,4,2.59,44956,0,63,38.19,정상,0,0
GATE-05,PARKING-01,2026-02-07 20:00:00,49.41,6.49,23.23,3.84,2.92,45012,0,63,42.62,주의,0,0
GATE-05,PARKING-01,2026-02-07 21:00:00,46.99,5.82,23.34,3.72,2.93,45043,1,63,38.56,주의,0,0
GATE-05,PARKING-01,2026-02-07 22:00:00,45.28,5.19,23.46,3.86,2.8,45059,0,63,27.16,정상,0,0
GATE-05,PARKING-01,2026-02-07 23:00:00,49.79,6.11,23.34,3.98,2.85,45088,1,63,47.54,주의,0,0
GATE-05,PARKING-01,2026-02-08 00:00:00,42.33,6.08,23.67,3.99,2.82,45097,0,64,29.71,정상,0,0
GATE-05,PARKING-01,2026-02-08 01:00:00,42.47,5.66,23.81,3.84,2.59,45101,1,64,30.32,정상,0,0
GATE-05,PARKING-01,2026-02-08 02:00:00,42.28,5.64,23.3,3.78,2.52,45113,1,64,31.47,정상,0,0
GATE-05,PARKING-01,2026-02-08 03:00:00,43.77,5.56,23.19,3.82,3.11,45117,0,64,29.75,정상,0,0
GATE-05,PARKING-01,2026-02-08 04:00:00,44.13,5.77,23.39,3.78,2.69,45121,0,64,29.57,정상,0,0
GATE-05,PARKING-01,2026-02-08 05:00:00,43.97,5.86,23.19,3.83,2.89,45132,1,64,33.31,정상,0,0
GATE-05,PARKING-01,2026-02-08 06:00:00,47.56,6,23.8,3.84,2.71,45142,1,64,37.34,정상,0,0
GATE-05,PARKING-01,2026-02-08 07:00:00,49.05,6.23,23.78,4.06,2.8,45190,0,64,39.34,주의,0,0
GATE-05,PARKING-01,2026-02-08 08:00:00,53.42,7.36,23.57,3.84,2.71,45252,1,64,49.5,주의,0,0
GATE-05,PARKING-01,2026-02-08 09:00:00,50.08,6.67,23.3,3.95,2.73,45300,2,64,54.58,주의,0,0
GATE-05,PARKING-01,2026-02-08 10:00:00,45.73,6.69,23.51,4.08,2.69,45330,0,64,37.04,정상,0,0
GATE-05,PARKING-01,2026-02-08 11:00:00,48.76,6.07,23.7,3.85,2.57,45366,0,64,33.02,정상,0,0
GATE-05,PARKING-01,2026-02-08 12:00:00,46.81,6.06,23.12,3.75,2.81,45390,1,64,39.13,주의,0,0
GATE-05,PARKING-01,2026-02-08 13:00:00,49.45,6.25,23.21,3.88,3,45414,1,64,42.66,주의,0,0
GATE-05,PARKING-01,2026-02-08 14:00:00,47.43,4.99,23.51,3.86,2.71,45439,0,64,30,정상,0,0
GATE-05,PARKING-01,2026-02-08 15:00:00,46.85,6.09,22.92,3.99,2.67,45457,0,64,34.23,정상,0,0
GATE-05,PARKING-01,2026-02-08 16:00:00,47.28,6.46,23.52,3.78,2.86,45491,0,64,37.87,정상,0,0
GATE-05,PARKING-01,2026-02-08 17:00:00,47.22,6.43,23.31,3.73,2.59,45542,1,64,40.27,주의,0,0
GATE-05,PARKING-01,2026-02-08 18:00:00,51.23,6.66,23.98,3.88,2.96,45595,1,64,47.42,주의,0,0
GATE-05,PARKING-01,2026-02-08 19:00:00,49.6,6.59,23.03,3.87,2.6,45635,2,64,53.93,주의,0,0
GATE-05,PARKING-01,2026-02-08 20:00:00,45.27,6.39,23.45,4.15,2.77,45675,1,64,38.11,정상,0,0
GATE-05,PARKING-01,2026-02-08 21:00:00,47.92,6.06,23.2,4.17,2.8,45703,1,64,48.76,주의,0,0
GATE-05,PARKING-01,2026-02-08 22:00:00,47.99,6.1,22.97,3.95,3.02,45726,1,64,46.23,주의,0,0
GATE-05,PARKING-01,2026-02-08 23:00:00,48.15,5.6,23.58,4.25,2.71,45744,0,64,37.19,정상,0,0
GATE-05,PARKING-01,2026-02-09 00:00:00,48.48,6.18,23.47,3.82,2.96,45756,1,65,44.82,주의,0,0
GATE-05,PARKING-01,2026-02-09 01:00:00,43.85,5.98,23.16,3.99,2.77,45764,1,65,40.34,주의,0,0
GATE-05,PARKING-01,2026-02-09 02:00:00,43.69,5.36,23.2,3.94,2.66,45764,1,65,32.43,정상,0,0
GATE-05,PARKING-01,2026-02-09 03:00:00,43.8,5.92,23.5,3.93,2.8,45775,0,65,29.26,정상,0,0
GATE-05,PARKING-01,2026-02-09 04:00:00,44.66,5.71,23.8,3.55,2.97,45778,1,65,29.84,정상,0,0
GATE-05,PARKING-01,2026-02-09 05:00:00,45.18,6.09,23.27,4.13,3.02,45789,0,65,36.38,정상,0,0
GATE-05,PARKING-01,2026-02-09 06:00:00,47.48,5.77,23.08,4.02,2.91,45812,2,65,47.83,주의,0,0
GATE-05,PARKING-01,2026-02-09 07:00:00,51.27,6.16,24.22,3.87,2.76,45855,1,65,44.25,주의,0,0
GATE-05,PARKING-01,2026-02-09 08:00:00,49.87,6.76,23.13,3.74,3.01,45903,0,65,45.01,주의,0,0
GATE-05,PARKING-01,2026-02-09 09:00:00,49.79,6.22,23.49,3.92,2.91,45947,0,65,41.59,주의,0,0
GATE-05,PARKING-01,2026-02-09 10:00:00,43.85,6.55,23.35,3.94,2.99,45967,0,65,40.57,주의,0,0
GATE-05,PARKING-01,2026-02-09 11:00:00,46.76,6.02,23.49,3.84,3.08,45991,0,65,34.19,정상,0,0
GATE-05,PARKING-01,2026-02-09 12:00:00,46.86,5.95,23.25,3.7,2.75,46013,1,65,41.17,주의,0,0
GATE-05,PARKING-01,2026-02-09 13:00:00,46.36,6.26,23.62,3.91,2.71,46042,1,65,38.19,정상,0,0
GATE-05,PARKING-01,2026-02-09 14:00:00,48.51,6.04,23.91,3.79,2.65,46063,1,65,34.82,정상,0,0
GATE-05,PARKING-01,2026-02-09 15:00:00,46.19,5.68,23.53,4.33,2.66,46087,0,65,35.48,정상,0,0
GATE-05,PARKING-01,2026-02-09 16:00:00,47.82,6.02,23.61,3.92,3.17,46102,0,65,38.67,주의,0,0
GATE-05,PARKING-01,2026-02-09 17:00:00,47.96,6.45,23.63,3.75,2.85,46134,1,65,39.33,주의,0,0
GATE-05,PARKING-01,2026-02-09 18:00:00,45.62,6.08,23.38,3.87,2.67,46174,0,65,35.38,정상,0,0
GATE-05,PARKING-01,2026-02-09 19:00:00,49.38,6.39,23.18,3.98,2.57,46202,2,65,50.92,주의,0,0
GATE-05,PARKING-01,2026-02-09 20:00:00,49.47,6.36,23.11,4,2.71,46244,1,65,50.06,주의,0,0
GATE-05,PARKING-01,2026-02-09 21:00:00,46.89,6.11,23.41,4.2,3.11,46269,1,65,44.9,주의,0,0
GATE-05,PARKING-01,2026-02-09 22:00:00,47.06,5.73,23.08,4.03,2.74,46287,0,65,40.11,주의,0,0
GATE-05,PARKING-01,2026-02-09 23:00:00,47.87,5.96,23.36,3.82,2.82,46313,1,65,40.9,주의,0,0
GATE-05,PARKING-01,2026-02-10 00:00:00,43.48,5.89,23.1,3.86,2.71,46318,1,66,34.99,정상,0,0
GATE-05,PARKING-01,2026-02-10 01:00:00,46.9,6.13,23.36,4.06,2.69,46330,1,66,36.68,정상,0,0
GATE-05,PARKING-01,2026-02-10 02:00:00,43.83,5.65,23.22,3.79,2.76,46330,2,66,41.18,주의,0,0
GATE-05,PARKING-01,2026-02-10 03:00:00,42.49,5.42,23.59,4.02,2.84,46334,1,66,36.07,정상,0,0
GATE-05,PARKING-01,2026-02-10 04:00:00,43.47,5.95,23.21,4.03,2.66,46339,1,66,36.69,정상,0,0
GATE-05,PARKING-01,2026-02-10 05:00:00,45.35,5.79,23.55,3.82,3.1,46343,1,66,38.58,주의,0,0
GATE-05,PARKING-01,2026-02-10 06:00:00,46.55,5.6,23.42,4.16,2.86,46359,2,66,43.42,주의,0,0
GATE-05,PARKING-01,2026-02-10 07:00:00,49.38,6.61,23.47,3.68,2.84,46393,3,66,57.25,주의,0,0
GATE-05,PARKING-01,2026-02-10 08:00:00,48.74,6.45,23.31,3.99,3.05,46435,2,66,56.64,주의,0,0
GATE-05,PARKING-01,2026-02-10 09:00:00,49.32,6.56,23.56,3.91,2.55,46474,1,66,43.71,주의,0,0
GATE-05,PARKING-01,2026-02-10 10:00:00,46.16,6.27,23.24,3.93,2.71,46493,1,66,40.82,주의,0,0
GATE-05,PARKING-01,2026-02-10 11:00:00,46.88,5.36,23.56,3.77,2.93,46511,0,66,31.65,정상,0,0
GATE-05,PARKING-01,2026-02-10 12:00:00,46.79,5.67,23.72,3.82,2.83,46526,0,66,28.37,정상,0,0
GATE-05,PARKING-01,2026-02-10 13:00:00,44.87,6.33,23.2,3.76,2.7,46546,1,66,37.13,정상,0,0
GATE-05,PARKING-01,2026-02-10 14:00:00,50.63,6.19,23.06,3.91,2.76,46574,1,66,48.24,주의,0,0
GATE-05,PARKING-01,2026-02-10 15:00:00,46.15,5.96,23.76,3.99,2.62,46589,1,66,37.73,정상,0,0
GATE-05,PARKING-01,2026-02-10 16:00:00,47.72,6.51,23.63,4.01,2.65,46604,1,66,46.55,주의,0,0
GATE-05,PARKING-01,2026-02-10 17:00:00,46.96,6.32,23.11,3.97,2.76,46651,1,66,46.01,주의,0,0
GATE-05,PARKING-01,2026-02-10 18:00:00,47.16,6.9,23.11,4.03,3.06,46681,1,66,46.82,주의,0,0
GATE-05,PARKING-01,2026-02-10 19:00:00,47.94,6.3,23.66,4.1,2.88,46716,0,66,39.14,주의,0,0
GATE-05,PARKING-01,2026-02-10 20:00:00,49.98,6.64,23.34,3.96,3.3,46766,0,66,46.32,주의,0,0
GATE-05,PARKING-01,2026-02-10 21:00:00,47.59,6.49,23.47,3.87,2.61,46796,1,66,39.06,주의,0,0
GATE-05,PARKING-01,2026-02-10 22:00:00,47.67,5.56,23.42,3.89,3.02,46814,0,66,32.43,정상,0,0
GATE-05,PARKING-01,2026-02-10 23:00:00,47.02,5.65,23.18,4,2.82,46833,1,66,40.23,주의,0,0
GATE-05,PARKING-01,2026-02-11 00:00:00,43.13,5.56,23.22,3.83,2.86,46837,2,67,39.77,주의,0,0
GATE-05,PARKING-01,2026-02-11 01:00:00,43.03,5.68,23.46,3.86,2.61,46839,0,67,28.42,정상,0,0
GATE-05,PARKING-01,2026-02-11 02:00:00,44.31,5.51,23.12,4.11,2.99,46839,0,67,31.6,정상,0,0
GATE-05,PARKING-01,2026-02-11 03:00:00,46.67,6.08,23.04,3.99,2.68,46852,0,67,34.58,정상,0,0
GATE-05,PARKING-01,2026-02-11 04:00:00,45.18,5.97,23.49,4.04,2.56,46858,1,67,37.12,정상,0,0
GATE-05,PARKING-01,2026-02-11 05:00:00,46.9,5.34,23.23,4.11,3.22,46872,1,67,38.04,정상,0,0
GATE-05,PARKING-01,2026-02-11 06:00:00,44.83,5.96,23.28,3.95,3.19,46888,1,67,41.77,주의,0,0
GATE-05,PARKING-01,2026-02-11 07:00:00,48.84,6.41,23.62,3.86,2.91,46931,0,67,38.37,정상,0,0
GATE-05,PARKING-01,2026-02-11 08:00:00,47.71,6.28,23.89,4.12,2.86,46971,1,67,43.11,주의,0,0
GATE-05,PARKING-01,2026-02-11 09:00:00,48.69,6.08,23.44,3.83,3.03,47017,1,67,40.74,주의,0,0
GATE-05,PARKING-01,2026-02-11 10:00:00,48.11,6,23.54,4.21,2.79,47038,1,67,44.55,주의,0,0
GATE-05,PARKING-01,2026-02-11 11:00:00,46.44,6.19,23.36,3.83,2.89,47050,1,67,40.71,주의,0,0
GATE-05,PARKING-01,2026-02-11 12:00:00,47.37,5.67,23.54,4.14,2.6,47071,1,67,37.14,정상,0,0
GATE-05,PARKING-01,2026-02-11 13:00:00,45.63,5.17,23.67,4.06,2.7,47086,1,67,33.18,정상,0,0
GATE-05,PARKING-01,2026-02-11 14:00:00,45.73,5.33,23.65,3.82,2.83,47115,1,67,35.43,정상,0,0
GATE-05,PARKING-01,2026-02-11 15:00:00,46.93,6.21,23.21,3.87,2.94,47140,0,67,39.14,주의,0,0
GATE-06,PARKING-02,2026-01-01 00:00:00,37.4,4.04,24.13,2.78,1.27,25997,0,2,1.14,정상,0,0
GATE-06,PARKING-02,2026-01-01 01:00:00,39.83,4.41,23.78,2.76,1.48,26010,0,2,4.66,정상,0,0
GATE-06,PARKING-02,2026-01-01 02:00:00,36.16,3.69,24.04,2.66,1.04,26011,0,2,0.22,정상,0,0
GATE-06,PARKING-02,2026-01-01 03:00:00,39.9,4.28,24.09,2.73,1.01,26018,0,2,3.35,정상,0,0
GATE-06,PARKING-02,2026-01-01 04:00:00,38,4.27,23.74,2.68,1.29,26026,0,2,0,정상,0,0
GATE-06,PARKING-02,2026-01-01 05:00:00,37.18,3.2,24.18,2.82,1.45,26027,0,2,4.78,정상,0,0
GATE-06,PARKING-02,2026-01-01 06:00:00,38.58,4.27,23.54,2.68,1.23,26049,0,2,0,정상,0,0
GATE-06,PARKING-02,2026-01-01 07:00:00,42.23,5.07,24.2,2.85,1.49,26101,0,2,3.83,정상,0,0
GATE-06,PARKING-02,2026-01-01 08:00:00,44.07,4.84,23.5,2.74,0.94,26143,1,2,11.57,정상,0,0
GATE-06,PARKING-02,2026-01-01 09:00:00,39.42,4.45,23.92,2.82,1.28,26187,1,2,6.75,정상,0,0
GATE-06,PARKING-02,2026-01-01 10:00:00,41.43,4.04,23.86,3.09,1.04,26204,1,2,7.04,정상,0,0
GATE-06,PARKING-02,2026-01-01 11:00:00,43.08,4.26,23.93,2.88,0.98,26238,1,2,6.34,정상,0,0
GATE-06,PARKING-02,2026-01-01 12:00:00,39.81,4.54,23.73,2.95,1.67,26260,0,2,5.16,정상,0,0
GATE-06,PARKING-02,2026-01-01 13:00:00,37.63,3.9,23.99,2.75,1.55,26282,0,2,0,정상,0,0
GATE-06,PARKING-02,2026-01-01 14:00:00,39.81,4.9,23.75,2.94,1.04,26300,1,2,8.62,정상,0,0
GATE-06,PARKING-02,2026-01-01 15:00:00,40.79,4.53,23.81,2.83,1.42,26330,0,2,2.89,정상,0,0
GATE-06,PARKING-02,2026-01-01 16:00:00,41.79,4.49,24.08,2.68,1.33,26357,1,2,6.8,정상,0,0
GATE-06,PARKING-02,2026-01-01 17:00:00,42.21,4.24,24.33,2.97,1.33,26389,0,2,1.04,정상,0,0
GATE-06,PARKING-02,2026-01-01 18:00:00,40.4,4.92,24.04,2.85,1.36,26432,0,2,0.27,정상,0,0
GATE-06,PARKING-02,2026-01-01 19:00:00,42.6,4.21,24.18,2.79,1.15,26464,0,2,1.04,정상,0,0
GATE-06,PARKING-02,2026-01-01 20:00:00,40.69,4.21,23.42,2.49,1.57,26504,0,2,4.87,정상,0,0
GATE-06,PARKING-02,2026-01-01 21:00:00,37.46,4.26,23.74,3.04,1.29,26523,0,2,5.21,정상,0,0
GATE-06,PARKING-02,2026-01-01 22:00:00,37.03,3.86,24.25,2.87,1.39,26541,0,2,1.03,정상,0,0
GATE-06,PARKING-02,2026-01-01 23:00:00,38.75,3.92,23.91,2.39,1.04,26558,0,2,1.01,정상,0,0
GATE-06,PARKING-02,2026-01-02 00:00:00,36.65,4.38,24.01,2.86,1.25,26563,1,3,7.6,정상,0,0
GATE-06,PARKING-02,2026-01-02 01:00:00,38.47,3.76,23.77,2.8,1.64,26566,0,3,4.46,정상,0,0
GATE-06,PARKING-02,2026-01-02 02:00:00,37.13,4.56,23.47,2.81,1.18,26576,0,3,2.27,정상,0,0
GATE-06,PARKING-02,2026-01-02 03:00:00,39.85,4.11,23.64,2.95,1.06,26576,0,3,2.49,정상,0,0
GATE-06,PARKING-02,2026-01-02 04:00:00,37.18,4.36,24.11,2.8,1.1,26595,0,3,0,정상,0,0
GATE-06,PARKING-02,2026-01-02 05:00:00,36.88,3.96,23.47,2.65,1.48,26597,0,3,3.09,정상,0,0
GATE-06,PARKING-02,2026-01-02 06:00:00,38.47,4.17,23.8,3.01,1.51,26618,1,3,6.04,정상,0,0
GATE-06,PARKING-02,2026-01-02 07:00:00,42.26,4.14,24.08,2.76,1.46,26662,1,3,8.04,정상,0,0
GATE-06,PARKING-02,2026-01-02 08:00:00,39.35,4.65,23.5,2.65,1.52,26690,0,3,5.07,정상,0,0
GATE-06,PARKING-02,2026-01-02 09:00:00,43.38,4.77,24.07,3.11,1.18,26727,0,3,5.82,정상,0,0
GATE-06,PARKING-02,2026-01-02 10:00:00,38.01,4.11,24.25,3.03,1.59,26752,1,3,8.47,정상,0,0
GATE-06,PARKING-02,2026-01-02 11:00:00,39.87,3.83,24.07,2.84,1.67,26769,0,3,2.81,정상,0,0
GATE-06,PARKING-02,2026-01-02 12:00:00,36.92,4.4,24.04,2.66,1.2,26789,1,3,5.91,정상,0,0
GATE-06,PARKING-02,2026-01-02 13:00:00,39.98,4.35,24.03,3.04,1.03,26813,0,3,3.17,정상,0,0
GATE-06,PARKING-02,2026-01-02 14:00:00,41.79,4.92,23.67,2.79,1.13,26841,0,3,3.35,정상,0,0
GATE-06,PARKING-02,2026-01-02 15:00:00,38.95,4.84,24.05,2.86,1.34,26868,0,3,8.12,정상,0,0
GATE-06,PARKING-02,2026-01-02 16:00:00,38.6,3.8,24.34,2.57,1.17,26886,1,3,6.91,정상,0,0
GATE-06,PARKING-02,2026-01-02 17:00:00,39.16,4.89,24.03,2.83,1.37,26925,0,3,1.79,정상,0,0
GATE-06,PARKING-02,2026-01-02 18:00:00,42.11,5.07,23.51,2.79,1.33,26975,0,3,5.73,정상,0,0
GATE-06,PARKING-02,2026-01-02 19:00:00,41.76,4.33,23.46,2.91,1.35,27019,0,3,0,정상,0,0
GATE-06,PARKING-02,2026-01-02 20:00:00,36.83,4.31,23.77,3.08,1.02,27038,0,3,0.97,정상,0,0
GATE-06,PARKING-02,2026-01-02 21:00:00,39.79,3.95,23.83,3,1.18,27065,0,3,1.51,정상,0,0
GATE-06,PARKING-02,2026-01-02 22:00:00,42.73,4.68,23.91,2.79,1.37,27096,0,3,2.64,정상,0,0
GATE-06,PARKING-02,2026-01-02 23:00:00,37.86,3.95,23.7,2.79,1.62,27119,0,3,2.14,정상,0,0
GATE-06,PARKING-02,2026-01-03 00:00:00,38.15,4.02,24.41,2.68,1.32,27127,0,4,4.41,정상,0,0
GATE-06,PARKING-02,2026-01-03 01:00:00,36.97,3.55,23.79,2.76,1.6,27132,1,4,12.75,정상,0,0
GATE-06,PARKING-02,2026-01-03 02:00:00,38.02,4.11,23.58,2.96,1.19,27132,0,4,0,정상,0,0
GATE-06,PARKING-02,2026-01-03 03:00:00,37.99,4.13,24.4,2.75,1.24,27145,0,4,1.18,정상,0,0
GATE-06,PARKING-02,2026-01-03 04:00:00,38.62,4.4,24.04,2.76,1.13,27149,0,4,3.02,정상,0,0
GATE-06,PARKING-02,2026-01-03 05:00:00,37.71,3.86,23.96,2.61,0.84,27154,0,4,0,정상,0,0
GATE-06,PARKING-02,2026-01-03 06:00:00,39.96,4.48,23.61,2.78,1.09,27184,0,4,1.92,정상,0,0
GATE-06,PARKING-02,2026-01-03 07:00:00,44.9,4.18,24.07,2.78,1.45,27226,0,4,5.76,정상,0,0
GATE-06,PARKING-02,2026-01-03 08:00:00,43.29,4.36,24.07,2.95,1.46,27271,0,4,5.09,정상,0,0
GATE-06,PARKING-02,2026-01-03 09:00:00,43.22,4.47,23.58,2.98,1.33,27318,1,4,10.29,정상,0,0
GATE-06,PARKING-02,2026-01-03 10:00:00,39.01,4.79,23.88,2.98,1.56,27339,1,4,11.38,정상,0,0
GATE-06,PARKING-02,2026-01-03 11:00:00,38.82,4.68,23.61,2.67,1.39,27356,0,4,7.54,정상,0,0
GATE-06,PARKING-02,2026-01-03 12:00:00,37.63,3.45,23.93,2.93,1.35,27369,0,4,5.44,정상,0,0
GATE-06,PARKING-02,2026-01-03 13:00:00,39.57,4.27,24.08,3.02,1.49,27388,0,4,2.36,정상,0,0
GATE-06,PARKING-02,2026-01-03 14:00:00,38.51,4.09,23.45,2.8,1.42,27407,1,4,7.93,정상,0,0
GATE-06,PARKING-02,2026-01-03 15:00:00,40.4,4.3,23.79,2.88,1.42,27430,0,4,2.2,정상,0,0
GATE-06,PARKING-02,2026-01-03 16:00:00,39.24,4.71,23.84,3.08,1.32,27454,0,4,2.91,정상,0,0
GATE-06,PARKING-02,2026-01-03 17:00:00,40.28,4.51,23.79,2.63,1.49,27490,1,4,9.14,정상,0,0
GATE-06,PARKING-02,2026-01-03 18:00:00,41.79,4.59,23.77,2.9,1.54,27528,0,4,0.94,정상,0,0
GATE-06,PARKING-02,2026-01-03 19:00:00,41.36,4.63,24.1,2.88,1.41,27572,0,4,0.44,정상,0,0
GATE-06,PARKING-02,2026-01-03 20:00:00,44.16,4.97,23.86,2.85,1.69,27631,0,4,8.97,정상,0,0
GATE-06,PARKING-02,2026-01-03 21:00:00,40.12,3.94,23.61,3.05,0.92,27657,0,4,1.61,정상,0,0
GATE-06,PARKING-02,2026-01-03 22:00:00,39.14,4.02,24.41,2.51,1.56,27678,0,4,7.1,정상,0,0
GATE-06,PARKING-02,2026-01-03 23:00:00,41.71,4.6,23.78,2.58,1.49,27708,1,4,11.66,정상,0,0
GATE-06,PARKING-02,2026-01-04 00:00:00,38.16,4.12,23.96,2.74,1.38,27712,1,5,7.31,정상,0,0
GATE-06,PARKING-02,2026-01-04 01:00:00,38.08,4.23,23.81,2.71,1.4,27722,1,5,6.64,정상,0,0
GATE-06,PARKING-02,2026-01-04 02:00:00,36.99,3.67,23.83,2.63,1.11,27722,0,5,0,정상,0,0
GATE-06,PARKING-02,2026-01-04 03:00:00,35.78,3.85,23.4,3.09,1.41,27722,0,5,9.74,정상,0,0
GATE-06,PARKING-02,2026-01-04 04:00:00,41.48,4.21,23.44,2.41,1.33,27728,0,5,4.94,정상,0,0
GATE-06,PARKING-02,2026-01-04 05:00:00,37.36,3.98,24.05,2.98,1.59,27738,0,5,1.41,정상,0,0
GATE-06,PARKING-02,2026-01-04 06:00:00,39.35,4.34,23.96,2.8,1.27,27762,0,5,0,정상,0,0
GATE-06,PARKING-02,2026-01-04 07:00:00,42.96,5,23.71,2.85,1.62,27813,1,5,10.29,정상,0,0
GATE-06,PARKING-02,2026-01-04 08:00:00,41.46,4.64,24.11,2.59,1.24,27840,0,5,0.95,정상,0,0
GATE-06,PARKING-02,2026-01-04 09:00:00,41.75,5.06,23.78,2.86,1.3,27879,0,5,4.49,정상,0,0
GATE-06,PARKING-02,2026-01-04 10:00:00,40.28,4.47,24.26,2.98,1.49,27904,1,5,7.57,정상,0,0
GATE-06,PARKING-02,2026-01-04 11:00:00,40.32,4.37,23.89,2.94,1.61,27921,0,5,1.47,정상,0,0
GATE-06,PARKING-02,2026-01-04 12:00:00,41.34,4.3,23.61,3.27,2,27946,2,5,23.26,정상,0,0
GATE-06,PARKING-02,2026-01-04 13:00:00,43.47,4.94,23.59,3.08,1.92,27974,0,5,13.9,정상,0,0
GATE-06,PARKING-02,2026-01-04 14:00:00,43.3,4.84,23.59,3.26,1.62,27993,0,5,9.39,정상,0,0
GATE-06,PARKING-02,2026-01-04 15:00:00,44.27,5.1,23.69,3.14,2.12,28018,1,5,20.35,정상,0,0
GATE-06,PARKING-02,2026-01-04 16:00:00,43.11,5.23,23.66,3.39,2.32,28048,0,5,19.65,정상,0,0
GATE-06,PARKING-02,2026-01-04 17:00:00,47.57,5.8,23.55,3.41,2.47,28098,1,5,31.11,정상,0,0
GATE-06,PARKING-02,2026-01-04 18:00:00,48.93,5.58,23.78,3.58,2.22,28145,1,5,30.16,정상,0,0
GATE-06,PARKING-02,2026-01-04 19:00:00,47.71,6.45,23.96,3.77,2.23,28196,1,5,38.05,정상,0,0
GATE-06,PARKING-02,2026-01-04 20:00:00,44.85,6.05,23.24,3.67,2.38,28239,2,5,41.3,주의,0,0
GATE-06,PARKING-02,2026-01-04 21:00:00,46.26,5.81,23.15,3.28,2.17,28256,1,5,28.35,정상,0,0
GATE-06,PARKING-02,2026-01-04 22:00:00,47.34,5.11,23.59,4.1,2.63,28273,2,5,41.28,주의,0,0
GATE-06,PARKING-02,2026-01-04 23:00:00,45.83,5.49,23.4,3.69,2.67,28298,1,5,29.19,정상,0,0
GATE-06,PARKING-02,2026-01-05 00:00:00,42.9,5.8,23.78,4.15,2.51,28298,0,6,24.4,정상,0,0
GATE-06,PARKING-02,2026-01-05 01:00:00,42.45,5.74,23.66,3.7,2.6,28302,1,6,26.6,정상,0,0
GATE-06,PARKING-02,2026-01-05 02:00:00,43.31,5.46,24.04,3.75,2.72,28307,1,6,26.82,정상,0,0
GATE-06,PARKING-02,2026-01-05 03:00:00,44.77,5.81,23.41,3.88,2.99,28307,1,6,36.97,정상,0,0
GATE-06,PARKING-02,2026-01-05 04:00:00,46.19,5.59,22.99,4.12,2.9,28313,1,6,39.64,주의,0,0
GATE-06,PARKING-02,2026-01-05 05:00:00,45.39,5.67,23.25,3.79,3.27,28320,2,6,46.5,주의,0,0
GATE-06,PARKING-02,2026-01-05 06:00:00,47,6.77,23.57,4.22,3.16,28351,2,6,48.87,주의,0,0
GATE-06,PARKING-02,2026-01-05 07:00:00,51.92,7.33,23.81,4.18,2.75,28391,3,6,62.71,주의,0,0
GATE-06,PARKING-02,2026-01-05 08:00:00,49.67,6.7,23.37,4.56,3.51,28421,2,6,66.63,주의,0,0
GATE-06,PARKING-02,2026-01-05 09:00:00,51.25,6.69,23.55,4.28,3.64,28467,3,6,65.26,주의,0,0
GATE-06,PARKING-02,2026-01-05 10:00:00,50.38,6.88,22.85,4.31,3.03,28487,3,6,66.66,주의,0,0
GATE-06,PARKING-02,2026-01-05 11:00:00,48.96,7.06,23.56,4.4,3.55,28511,2,6,59.93,주의,0,0
GATE-06,PARKING-02,2026-01-05 12:00:00,51.35,7.43,23.16,4.6,3.44,28535,2,6,69.13,주의,0,0
GATE-06,PARKING-02,2026-01-05 13:00:00,50.81,6.64,23.01,4.84,4.04,28540,3,6,75.02,주의,0,0
GATE-06,PARKING-02,2026-01-05 14:00:00,51.26,7.54,23.21,4.56,3.87,28562,3,6,76.26,주의,0,0
GATE-06,PARKING-02,2026-01-05 15:00:00,54.91,6.96,23.36,4.6,3.8,28589,3,6,81.51,주의,0,0
GATE-06,PARKING-02,2026-01-05 16:00:00,52.74,7.56,23.05,4.8,4.01,28621,3,6,85.27,주의,0,0
GATE-06,PARKING-02,2026-01-05 17:00:00,52.83,7.97,22.97,5.05,4.09,28663,2,6,83.08,주의,0,0
GATE-06,PARKING-02,2026-01-05 18:00:00,53.19,7.22,22.73,5.03,4.41,28702,3,6,87.33,주의,0,0
GATE-06,PARKING-02,2026-01-05 19:00:00,60.86,8.08,23.06,4.9,4.47,28758,4,6,100,위험,0,0
GATE-06,PARKING-02,2026-01-05 20:00:00,54.19,7.65,22.64,5.09,4.42,28799,3,6,93.8,위험,0,0
GATE-06,PARKING-02,2026-01-05 21:00:00,40.37,4.13,23.91,2.63,1.67,28812,0,6,2.24,정상,0,0
GATE-06,PARKING-02,2026-01-05 22:00:00,40.26,4.26,23.76,3.05,1.47,28840,0,6,2.95,정상,0,0
GATE-06,PARKING-02,2026-01-05 23:00:00,39.79,4.46,23.89,2.56,1.3,28862,0,6,0,정상,0,0
GATE-06,PARKING-02,2026-01-06 00:00:00,36.97,3.73,23.64,2.89,1.48,28865,0,7,4.56,정상,0,0
GATE-06,PARKING-02,2026-01-06 01:00:00,35.29,4.02,23.71,2.93,1.56,28865,0,7,6.16,정상,0,0
GATE-06,PARKING-02,2026-01-06 02:00:00,38.5,3.85,23.85,2.88,1.47,28873,0,7,1.4,정상,0,0
GATE-06,PARKING-02,2026-01-06 03:00:00,37.97,4.05,23.41,2.86,1.01,28873,1,7,8.76,정상,0,0
GATE-06,PARKING-02,2026-01-06 04:00:00,41.79,3.89,23.69,3.08,1.54,28880,1,7,10.32,정상,0,0
GATE-06,PARKING-02,2026-01-06 05:00:00,37,4.09,23.81,2.9,1.44,28883,0,7,1.66,정상,0,0
GATE-06,PARKING-02,2026-01-06 06:00:00,40.09,4.47,23.66,2.97,1.66,28909,1,7,12.39,정상,0,0
GATE-06,PARKING-02,2026-01-06 07:00:00,42.82,4.64,23.6,3.09,1.55,28955,0,7,8.86,정상,0,0
GATE-06,PARKING-02,2026-01-06 08:00:00,44.29,4.68,23.78,2.6,1.3,28991,0,7,8.27,정상,0,0
GATE-06,PARKING-02,2026-01-06 09:00:00,41.63,5.4,23.65,2.98,1.33,29039,1,7,11.12,정상,0,0
GATE-06,PARKING-02,2026-01-06 10:00:00,37.79,4.01,23.8,2.91,1.31,29064,1,7,7.07,정상,0,0
GATE-06,PARKING-02,2026-01-06 11:00:00,39.52,4.61,23.96,2.87,1.26,29084,0,7,3.32,정상,0,0
GATE-06,PARKING-02,2026-01-06 12:00:00,39.86,4.43,24.08,2.87,1.5,29101,0,7,0,정상,0,0
GATE-06,PARKING-02,2026-01-06 13:00:00,38.65,4.71,24.24,3.16,1.27,29129,1,7,11.73,정상,0,0
GATE-06,PARKING-02,2026-01-06 14:00:00,40.39,4.26,23.93,2.84,1.28,29145,1,7,7.97,정상,0,0
GATE-06,PARKING-02,2026-01-06 15:00:00,41.29,4.23,23.94,2.93,1.48,29166,0,7,1.86,정상,0,0
GATE-06,PARKING-02,2026-01-06 16:00:00,39.03,4.4,24.04,2.89,0.89,29186,0,7,0,정상,0,0
GATE-06,PARKING-02,2026-01-06 17:00:00,38.98,4.55,24.04,2.9,1.76,29216,0,7,5.2,정상,0,0
GATE-06,PARKING-02,2026-01-06 18:00:00,44.21,5.38,23.65,2.85,1.33,29271,0,7,9.48,정상,0,0
GATE-06,PARKING-02,2026-01-06 19:00:00,42.4,4.67,23.58,2.99,1.31,29309,0,7,3.72,정상,0,0
GATE-06,PARKING-02,2026-01-06 20:00:00,46.12,4.57,23.8,2.5,1.53,29355,0,7,9.11,정상,0,0
GATE-06,PARKING-02,2026-01-06 21:00:00,43.36,4.24,24.02,2.98,1.45,29379,0,7,3.5,정상,0,0
GATE-06,PARKING-02,2026-01-06 22:00:00,41.73,4.67,23.89,2.48,1.33,29403,0,7,0,정상,0,0
GATE-06,PARKING-02,2026-01-06 23:00:00,40.84,4.27,23.29,3.09,1.18,29427,0,7,7,정상,0,0
GATE-06,PARKING-02,2026-01-07 00:00:00,37.84,4.15,24.06,2.88,1.41,29428,0,8,2.21,정상,0,0
GATE-06,PARKING-02,2026-01-07 01:00:00,36.95,3.64,23.8,2.94,1.7,29437,0,8,1.97,정상,0,0
GATE-06,PARKING-02,2026-01-07 02:00:00,39.16,4.92,23.81,2.77,1.24,29440,1,8,7.32,정상,0,0
GATE-06,PARKING-02,2026-01-07 03:00:00,39.79,4.15,23.89,2.76,1.58,29445,0,8,5.4,정상,0,0
GATE-06,PARKING-02,2026-01-07 04:00:00,38.39,3.94,23.67,2.82,1.36,29445,0,8,2.42,정상,0,0
GATE-06,PARKING-02,2026-01-07 05:00:00,35.54,3.95,23.71,2.94,1.2,29451,0,8,0,정상,0,0
GATE-06,PARKING-02,2026-01-07 06:00:00,41.57,4.88,23.68,3.14,1.66,29476,1,8,12.66,정상,0,0
GATE-06,PARKING-02,2026-01-07 07:00:00,41.52,4.6,23.9,3.15,1.65,29521,0,8,3.3,정상,0,0
GATE-06,PARKING-02,2026-01-07 08:00:00,44.28,5.41,24.28,2.98,1.38,29567,1,8,16.69,정상,0,0
GATE-06,PARKING-02,2026-01-07 09:00:00,44.08,4.54,24.23,3.05,1.52,29610,0,8,5.51,정상,0,0
GATE-06,PARKING-02,2026-01-07 10:00:00,42.62,4.48,23.87,2.97,1.37,29633,1,8,11.15,정상,0,0
GATE-06,PARKING-02,2026-01-07 11:00:00,39.17,4.12,23.99,2.85,1.53,29651,0,8,0,정상,0,0
GATE-06,PARKING-02,2026-01-07 12:00:00,40.82,4.56,23.83,2.87,1.6,29679,0,8,1.93,정상,0,0
GATE-06,PARKING-02,2026-01-07 13:00:00,41.39,3.99,23.93,2.74,1.59,29692,0,8,4.17,정상,0,0
GATE-06,PARKING-02,2026-01-07 14:00:00,38.81,4.21,24.33,2.81,1.61,29707,0,8,7.36,정상,0,0
GATE-06,PARKING-02,2026-01-07 15:00:00,38.59,4.32,24.04,3.08,1.25,29725,2,8,13.13,정상,0,0
GATE-06,PARKING-02,2026-01-07 16:00:00,40.88,4.32,23.41,2.61,1.37,29738,0,8,2.65,정상,0,0
GATE-06,PARKING-02,2026-01-07 17:00:00,41.34,5.4,24.03,2.86,1.39,29785,1,8,10.69,정상,0,0
GATE-06,PARKING-02,2026-01-07 18:00:00,43.01,5.48,23.92,3.01,1.45,29838,0,8,7.54,정상,0,0
GATE-06,PARKING-02,2026-01-07 19:00:00,44.5,5.38,24.29,2.94,1.15,29890,0,8,8.85,정상,0,0
GATE-06,PARKING-02,2026-01-07 20:00:00,43.62,4.99,23.69,2.68,1.76,29922,0,8,10.98,정상,0,0
GATE-06,PARKING-02,2026-01-07 21:00:00,37.09,5,23.65,2.67,1.28,29951,1,8,11.96,정상,0,0
GATE-06,PARKING-02,2026-01-07 22:00:00,39.92,4.37,23.71,2.74,1.44,29974,0,8,4.66,정상,0,0
GATE-06,PARKING-02,2026-01-07 23:00:00,41.13,4.9,24.37,2.93,1.19,29999,0,8,3.35,정상,0,0
GATE-06,PARKING-02,2026-01-08 00:00:00,40.82,3.99,23.77,2.88,1.39,29999,0,9,3.85,정상,0,0
GATE-06,PARKING-02,2026-01-08 01:00:00,36.9,4.49,23.81,2.93,1.45,30006,0,9,0,정상,0,0
GATE-06,PARKING-02,2026-01-08 02:00:00,41.62,3.99,23.8,2.86,0.86,30008,0,9,4.05,정상,0,0
GATE-06,PARKING-02,2026-01-08 03:00:00,31.62,3.76,24.13,2.67,1.79,30008,0,9,3.49,정상,0,0
GATE-06,PARKING-02,2026-01-08 04:00:00,38.27,4.64,23.4,3.32,1.46,30025,0,9,7.28,정상,0,0
GATE-06,PARKING-02,2026-01-08 05:00:00,38.2,4.3,23.87,2.97,1.42,30029,0,9,0.72,정상,0,0
GATE-06,PARKING-02,2026-01-08 06:00:00,40.67,4.91,24.34,3.05,1.73,30052,0,9,10.92,정상,0,0
GATE-06,PARKING-02,2026-01-08 07:00:00,45.56,4.78,23.89,2.69,1.36,30099,0,9,9.5,정상,0,0
GATE-06,PARKING-02,2026-01-08 08:00:00,45.91,4.84,23.49,2.69,1.28,30146,0,9,9.05,정상,0,0
GATE-06,PARKING-02,2026-01-08 09:00:00,43.75,5,24.07,3.4,1.33,30177,0,9,4.87,정상,0,0
GATE-06,PARKING-02,2026-01-08 10:00:00,40.39,4.43,23.64,3.11,1.27,30193,0,9,2.84,정상,0,0
GATE-06,PARKING-02,2026-01-08 11:00:00,37.97,4.99,24.22,3.04,1.21,30216,0,9,3.82,정상,0,0
GATE-06,PARKING-02,2026-01-08 12:00:00,40.74,3.86,24.03,3.08,1.33,30232,0,9,0,정상,0,0
GATE-06,PARKING-02,2026-01-08 13:00:00,41.02,4.86,24.22,2.98,0.93,30259,1,9,6.81,정상,0,0
GATE-06,PARKING-02,2026-01-08 14:00:00,39.73,4.66,23.86,2.98,1.52,30282,0,9,3.65,정상,0,0
GATE-06,PARKING-02,2026-01-08 15:00:00,41.48,4.01,23.78,2.92,1.59,30310,0,9,5.21,정상,0,0
GATE-06,PARKING-02,2026-01-08 16:00:00,42.06,4.75,24.23,3.07,1.47,30339,1,9,8.16,정상,0,0
GATE-06,PARKING-02,2026-01-08 17:00:00,44.07,5.75,24.42,3.2,1.58,30396,0,9,16.21,정상,0,0
GATE-06,PARKING-02,2026-01-08 18:00:00,41.25,5.03,23.85,3.1,1.77,30428,0,9,5.53,정상,0,0
GATE-06,PARKING-02,2026-01-08 19:00:00,43.14,5.07,23.85,2.9,1.31,30483,1,9,10.57,정상,0,0
GATE-06,PARKING-02,2026-01-08 20:00:00,42.07,5.01,23.66,3.02,1.56,30524,0,9,3.51,정상,0,0
GATE-06,PARKING-02,2026-01-08 21:00:00,38.13,4.4,23.77,2.92,1.5,30551,1,9,8.82,정상,0,0
GATE-06,PARKING-02,2026-01-08 22:00:00,37.75,4.08,23.62,3.08,1.7,30572,0,9,8.41,정상,0,0
GATE-06,PARKING-02,2026-01-08 23:00:00,37.45,4.56,23.63,2.88,1.8,30593,0,9,6.82,정상,0,0
GATE-06,PARKING-02,2026-01-09 00:00:00,38.29,4.49,23.87,3.16,1.53,30605,0,10,4.26,정상,0,0
GATE-06,PARKING-02,2026-01-09 01:00:00,36.41,4.14,23.6,2.8,1.45,30606,0,10,3.47,정상,0,0
GATE-06,PARKING-02,2026-01-09 02:00:00,39.41,4.11,24.29,2.94,1.69,30609,0,10,1.82,정상,0,0
GATE-06,PARKING-02,2026-01-09 03:00:00,41.15,4.41,23.79,3.03,1.5,30623,0,10,4.13,정상,0,0
GATE-06,PARKING-02,2026-01-09 04:00:00,39.3,4.47,24.35,2.93,1.65,30630,0,10,5.58,정상,0,0
GATE-06,PARKING-02,2026-01-09 05:00:00,37.81,4.28,23.72,2.77,1.45,30641,0,10,5.72,정상,0,0
GATE-06,PARKING-02,2026-01-09 06:00:00,41.25,4.41,23.65,2.99,2.03,30660,0,10,7.35,정상,0,0
GATE-06,PARKING-02,2026-01-09 07:00:00,44.11,5.4,23.49,2.92,1.57,30702,0,10,10.13,정상,0,0
GATE-06,PARKING-02,2026-01-09 08:00:00,42.88,5.12,23.54,2.9,1.72,30750,1,10,17.37,정상,0,0
GATE-06,PARKING-02,2026-01-09 09:00:00,43.98,4.96,23.7,3.39,1.9,30804,0,10,17.93,정상,0,0
GATE-06,PARKING-02,2026-01-09 10:00:00,43.66,4.59,23.53,3.14,1.61,30823,0,10,11.07,정상,0,0
GATE-06,PARKING-02,2026-01-09 11:00:00,40.42,4.77,23.67,2.84,1.37,30845,0,10,5.45,정상,0,0
GATE-06,PARKING-02,2026-01-09 12:00:00,41.51,4.81,23.97,3.01,1.25,30866,1,10,9.51,정상,0,0
GATE-06,PARKING-02,2026-01-09 13:00:00,40.32,4.41,24.06,2.95,1.37,30880,1,10,7.62,정상,0,0
GATE-06,PARKING-02,2026-01-09 14:00:00,39.78,4.3,23.78,3.25,1.48,30904,1,10,12.63,정상,0,0
GATE-06,PARKING-02,2026-01-09 15:00:00,42.91,4.76,23.74,3.23,1.49,30929,0,10,10.1,정상,0,0
GATE-06,PARKING-02,2026-01-09 16:00:00,39.85,5.03,23.73,3.14,1.45,30953,0,10,7.38,정상,0,0
GATE-06,PARKING-02,2026-01-09 17:00:00,42.5,4.95,24.09,2.93,1.85,30996,0,10,4.82,정상,0,0
GATE-06,PARKING-02,2026-01-09 18:00:00,43.58,5,23.51,3.32,1.31,31043,0,10,10.53,정상,0,0
GATE-06,PARKING-02,2026-01-09 19:00:00,44.8,5.45,23.86,2.84,1.19,31084,0,10,6.41,정상,0,0
GATE-06,PARKING-02,2026-01-09 20:00:00,41.59,4.15,24,2.93,1.24,31118,0,10,0,정상,0,0
GATE-06,PARKING-02,2026-01-09 21:00:00,39.77,4.75,23.97,3.01,1.77,31133,0,10,7.15,정상,0,0
GATE-06,PARKING-02,2026-01-09 22:00:00,42.83,4.9,23.7,2.82,1.55,31155,0,10,9.39,정상,0,0
GATE-06,PARKING-02,2026-01-09 23:00:00,43.05,4.43,23.87,2.87,1.45,31176,0,10,0.05,정상,0,0
GATE-06,PARKING-02,2026-01-10 00:00:00,38.95,4.14,23.99,3.04,1.54,31183,0,11,5.2,정상,0,0
GATE-06,PARKING-02,2026-01-10 01:00:00,38.8,4.22,23.88,3.03,1.88,31185,0,11,7.96,정상,0,0
GATE-06,PARKING-02,2026-01-10 02:00:00,39.99,3.96,23.82,2.72,1.65,31186,0,11,3.63,정상,0,0
GATE-06,PARKING-02,2026-01-10 03:00:00,39.95,4.33,23.75,3.15,1.61,31186,0,11,7.8,정상,0,0
GATE-06,PARKING-02,2026-01-10 04:00:00,39.9,4.09,23.96,3.08,1.54,31186,0,11,2.48,정상,0,0
GATE-06,PARKING-02,2026-01-10 05:00:00,37.79,3.63,23.7,2.99,1.8,31193,0,11,6.75,정상,0,0
GATE-06,PARKING-02,2026-01-10 06:00:00,42.95,4.83,24.14,3.09,1,31224,0,11,4.1,정상,0,0
GATE-06,PARKING-02,2026-01-10 07:00:00,43.53,4.81,23.86,2.86,1.33,31261,0,11,5.37,정상,0,0
GATE-06,PARKING-02,2026-01-10 08:00:00,44.36,4.91,23.47,2.91,1.43,31314,0,11,6.74,정상,0,0
GATE-06,PARKING-02,2026-01-10 09:00:00,44.74,4.83,23.53,3.05,1.33,31364,1,11,14.04,정상,0,0
GATE-06,PARKING-02,2026-01-10 10:00:00,41.47,4.58,24.31,2.9,1.36,31397,1,11,9.24,정상,0,0
GATE-06,PARKING-02,2026-01-10 11:00:00,41.65,4.68,23.88,2.74,1.63,31415,1,11,9.68,정상,0,0
GATE-06,PARKING-02,2026-01-10 12:00:00,37.66,4.75,23.41,2.83,1.65,31432,0,11,9.68,정상,0,0
GATE-06,PARKING-02,2026-01-10 13:00:00,42.17,4.5,24.26,3.03,1.44,31454,0,11,1.92,정상,0,0
GATE-06,PARKING-02,2026-01-10 14:00:00,39.62,4.25,23.62,3.02,1.72,31474,0,11,6.09,정상,0,0
GATE-06,PARKING-02,2026-01-10 15:00:00,39.95,4.87,24.25,2.97,1.46,31502,0,11,4.52,정상,0,0
GATE-06,PARKING-02,2026-01-10 16:00:00,37.97,5.17,23.71,2.85,1.41,31521,1,11,10.42,정상,0,0
GATE-06,PARKING-02,2026-01-10 17:00:00,43.04,4.61,23.87,2.91,1.56,31558,1,11,12.97,정상,0,0
GATE-06,PARKING-02,2026-01-10 18:00:00,43.58,4.79,24.04,2.92,1.61,31587,1,11,11.12,정상,0,0
GATE-06,PARKING-02,2026-01-10 19:00:00,41.08,4.63,23.61,3.27,1.4,31605,0,11,7.5,정상,0,0
GATE-06,PARKING-02,2026-01-10 20:00:00,46.24,5.46,24,3.07,1.73,31662,1,11,17.79,정상,0,0
GATE-06,PARKING-02,2026-01-10 21:00:00,42,4.81,23.76,2.8,1.5,31690,0,11,6.41,정상,0,0
GATE-06,PARKING-02,2026-01-10 22:00:00,39.18,4.34,23.61,2.64,1.58,31707,0,11,3.36,정상,0,0
GATE-06,PARKING-02,2026-01-10 23:00:00,39.62,4.53,24.04,3.06,1.69,31733,0,11,3.17,정상,0,0
GATE-06,PARKING-02,2026-01-11 00:00:00,37.44,4.45,23.59,3.18,1.33,31740,0,12,5.21,정상,0,0
GATE-06,PARKING-02,2026-01-11 01:00:00,34.79,4.57,23.67,2.97,1.61,31740,0,12,4.67,정상,0,0
GATE-06,PARKING-02,2026-01-11 02:00:00,39.26,4.76,23.3,3.22,1.72,31740,0,12,12.69,정상,0,0
GATE-06,PARKING-02,2026-01-11 03:00:00,41.34,4.02,23.71,2.9,1.81,31740,1,12,9.07,정상,0,0
GATE-06,PARKING-02,2026-01-11 04:00:00,35.55,4.4,23.56,2.84,1.39,31748,1,12,8,정상,0,0
GATE-06,PARKING-02,2026-01-11 05:00:00,37.15,4.09,23.8,3.13,1.8,31749,1,12,10.21,정상,0,0
GATE-06,PARKING-02,2026-01-11 06:00:00,41.61,4.82,24.16,3.1,1.49,31781,0,12,5.15,정상,0,0
GATE-06,PARKING-02,2026-01-11 07:00:00,41.1,4.51,23.98,2.87,1.47,31817,0,12,2.29,정상,0,0
GATE-06,PARKING-02,2026-01-11 08:00:00,44.41,4.65,24.31,2.83,1.5,31858,0,12,8.35,정상,0,0
GATE-06,PARKING-02,2026-01-11 09:00:00,44.04,6.02,24.04,2.98,1.5,31921,1,12,16.11,정상,0,0
GATE-06,PARKING-02,2026-01-11 10:00:00,43.69,4.4,23.47,2.93,1.55,31951,0,12,6.84,정상,0,0
GATE-06,PARKING-02,2026-01-11 11:00:00,41.13,5.13,24.33,3.14,1.82,31972,1,12,14.74,정상,0,0
GATE-06,PARKING-02,2026-01-11 12:00:00,40.47,4.81,23.57,3,1.66,31995,0,12,7.2,정상,0,0
GATE-06,PARKING-02,2026-01-11 13:00:00,41.32,5.1,23.93,3.04,1.75,32024,0,12,9,정상,0,0
GATE-06,PARKING-02,2026-01-11 14:00:00,38.32,4.33,23.92,3.24,1.5,32041,0,12,3.84,정상,0,0
GATE-06,PARKING-02,2026-01-11 15:00:00,42.62,3.94,23.83,3.02,1.2,32065,0,12,4.69,정상,0,0
GATE-06,PARKING-02,2026-01-11 16:00:00,43.25,5.23,24.18,3.03,1.55,32096,0,12,10.86,정상,0,0
GATE-06,PARKING-02,2026-01-11 17:00:00,45.75,4.88,24.53,2.92,1.27,32138,0,12,6.18,정상,0,0
GATE-06,PARKING-02,2026-01-11 18:00:00,43.32,4.84,24.06,2.99,1.49,32173,0,12,8.13,정상,0,0
GATE-06,PARKING-02,2026-01-11 19:00:00,44.58,5.38,24.41,2.97,1.24,32208,1,12,12.77,정상,0,0
GATE-06,PARKING-02,2026-01-11 20:00:00,40.88,4.93,23.17,3.17,1.25,32250,0,12,10.16,정상,0,0
GATE-06,PARKING-02,2026-01-11 21:00:00,41.24,4.65,23.84,2.81,1.52,32269,1,12,12.83,정상,0,0
GATE-06,PARKING-02,2026-01-11 22:00:00,40.05,4.6,23.6,2.83,1.61,32289,0,12,5.99,정상,0,0
GATE-06,PARKING-02,2026-01-11 23:00:00,41.95,4.95,23.81,3.2,1.47,32311,0,12,3.64,정상,0,0
GATE-06,PARKING-02,2026-01-12 00:00:00,40.79,4.37,24.37,2.75,1.86,32322,0,13,6.33,정상,0,0
GATE-06,PARKING-02,2026-01-12 01:00:00,39.81,3.98,24.08,3.17,1.22,32322,0,13,2.2,정상,0,0
GATE-06,PARKING-02,2026-01-12 02:00:00,38.43,4.28,23.85,3.31,1.65,32335,0,13,5.43,정상,0,0
GATE-06,PARKING-02,2026-01-12 03:00:00,40.84,3.91,23.85,2.95,1.47,32346,0,13,2.94,정상,0,0
GATE-06,PARKING-02,2026-01-12 04:00:00,38.75,3.92,23.85,2.91,1.51,32357,0,13,0,정상,0,0
GATE-06,PARKING-02,2026-01-12 05:00:00,34.44,4.67,24.2,2.7,1.81,32357,0,13,8.87,정상,0,0
GATE-06,PARKING-02,2026-01-12 06:00:00,40.03,4.25,23.79,3.27,1.52,32370,1,13,7.7,정상,0,0
GATE-06,PARKING-02,2026-01-12 07:00:00,43.9,5.12,23.49,3.16,1.77,32421,1,13,19.84,정상,0,0
GATE-06,PARKING-02,2026-01-12 08:00:00,44.62,5.21,23.37,3.01,1.62,32468,0,13,11.78,정상,0,0
GATE-06,PARKING-02,2026-01-12 09:00:00,43.63,5.03,23.77,2.93,1.61,32514,1,13,12.68,정상,0,0
GATE-06,PARKING-02,2026-01-12 10:00:00,41.91,4.98,23.91,2.99,1.48,32537,0,13,6.44,정상,0,0
GATE-06,PARKING-02,2026-01-12 11:00:00,42.71,4.09,23.87,2.87,1.76,32553,1,13,13.18,정상,0,0
GATE-06,PARKING-02,2026-01-12 12:00:00,43.26,4.51,23.64,3.35,1.45,32564,1,13,17.61,정상,0,0
GATE-06,PARKING-02,2026-01-12 13:00:00,43.87,4.68,23.35,2.99,1.46,32589,1,13,12.98,정상,0,0
GATE-06,PARKING-02,2026-01-12 14:00:00,42.21,4.9,23.73,2.98,1.45,32611,1,13,6.83,정상,0,0
GATE-06,PARKING-02,2026-01-12 15:00:00,42.46,4.81,24.11,2.97,1.97,32632,0,13,8.81,정상,0,0
GATE-06,PARKING-02,2026-01-12 16:00:00,41.71,4.17,23.85,3.16,1.57,32649,1,13,13.72,정상,0,0
GATE-06,PARKING-02,2026-01-12 17:00:00,45.96,5.47,23.34,3.06,1.69,32698,0,13,14.07,정상,0,0
GATE-06,PARKING-02,2026-01-12 18:00:00,41.31,5.09,24.01,3.4,1.39,32732,0,13,10.14,정상,0,0
GATE-06,PARKING-02,2026-01-12 19:00:00,45.22,5.51,23.7,3.1,2.07,32781,1,13,19.7,정상,0,0
GATE-06,PARKING-02,2026-01-12 20:00:00,43.15,4.78,23.87,3.17,1.87,32817,0,13,11.97,정상,0,0
GATE-06,PARKING-02,2026-01-12 21:00:00,41.69,4.53,23.94,2.82,1.42,32835,0,13,0,정상,0,0
GATE-06,PARKING-02,2026-01-12 22:00:00,38.97,4.74,24.69,2.95,1.65,32848,0,13,5.54,정상,0,0
GATE-06,PARKING-02,2026-01-12 23:00:00,43.25,4.49,24.18,2.79,1.74,32876,1,13,12.46,정상,0,0
GATE-06,PARKING-02,2026-01-13 00:00:00,39.18,4.04,23.99,3,1.79,32877,0,14,5.58,정상,0,0
GATE-06,PARKING-02,2026-01-13 01:00:00,38.04,4.59,23.49,3.04,1.35,32879,0,14,5.36,정상,0,0
GATE-06,PARKING-02,2026-01-13 02:00:00,40.83,4.32,23.8,3.2,1.61,32889,0,14,8.2,정상,0,0
GATE-06,PARKING-02,2026-01-13 03:00:00,41.73,4.57,23.9,3.42,1.25,32894,1,14,11.49,정상,0,0
GATE-06,PARKING-02,2026-01-13 04:00:00,38.7,4.35,23.73,3.13,1.9,32894,1,14,10.78,정상,0,0
GATE-06,PARKING-02,2026-01-13 05:00:00,40.32,4.52,23.61,3.1,1.75,32900,0,14,4.11,정상,0,0
GATE-06,PARKING-02,2026-01-13 06:00:00,42.46,4.57,23.9,3.27,1.6,32906,0,14,7.43,정상,0,0
GATE-06,PARKING-02,2026-01-13 07:00:00,41.19,4.9,23.48,2.91,1.43,32925,0,14,6.18,정상,0,0
GATE-06,PARKING-02,2026-01-13 08:00:00,42.97,5.37,23.76,2.85,1.69,32966,0,14,8.42,정상,0,0
GATE-06,PARKING-02,2026-01-13 09:00:00,45.75,4.77,24.1,3.13,1.8,33019,1,14,18.25,정상,0,0
GATE-06,PARKING-02,2026-01-13 10:00:00,42.82,4.75,24.38,3.31,1.52,33050,0,14,10.66,정상,0,0
GATE-06,PARKING-02,2026-01-13 11:00:00,43.16,4.77,23.75,2.92,1.47,33072,0,14,7.58,정상,0,0
GATE-06,PARKING-02,2026-01-13 12:00:00,42.27,4.68,23.66,2.85,1.43,33094,0,14,3.51,정상,0,0
GATE-06,PARKING-02,2026-01-13 13:00:00,43.52,4.58,23.74,2.89,1.66,33119,0,14,4.89,정상,0,0
GATE-06,PARKING-02,2026-01-13 14:00:00,40.98,4.56,23.92,2.76,1.51,33138,0,14,5.68,정상,0,0
GATE-06,PARKING-02,2026-01-13 15:00:00,42.62,5.08,23.63,3.23,1.76,33163,0,14,13.66,정상,0,0
GATE-06,PARKING-02,2026-01-13 16:00:00,39.98,5.03,23.7,3.33,1.91,33193,1,14,17.49,정상,0,0
GATE-06,PARKING-02,2026-01-13 17:00:00,45.26,5.64,23.46,3.12,1.78,33254,0,14,18.24,정상,0,0
GATE-06,PARKING-02,2026-01-13 18:00:00,43.49,4.61,23.78,2.83,1.76,33290,0,14,9.01,정상,0,0
GATE-06,PARKING-02,2026-01-13 19:00:00,40.15,5.22,23.48,3.1,1.36,33327,0,14,7.05,정상,0,0
GATE-06,PARKING-02,2026-01-13 20:00:00,45.95,4.9,23.93,3.2,1.76,33372,0,14,13.2,정상,0,0
GATE-06,PARKING-02,2026-01-13 21:00:00,40.62,4.96,23.82,3.2,2.01,33387,1,14,20.02,정상,0,0
GATE-06,PARKING-02,2026-01-13 22:00:00,38.88,4.78,23.85,3.18,1.61,33409,1,14,12.71,정상,0,0
GATE-06,PARKING-02,2026-01-13 23:00:00,43.38,4.57,24.18,3.11,1.92,33430,0,14,7.58,정상,0,0
GATE-06,PARKING-02,2026-01-14 00:00:00,35.92,4.92,23.54,2.63,1.77,33432,0,15,1.21,정상,0,0
GATE-06,PARKING-02,2026-01-14 01:00:00,40.31,4.62,23.2,2.91,1.66,33440,0,15,7.4,정상,0,0
GATE-06,PARKING-02,2026-01-14 02:00:00,38.01,4.68,23.68,3.27,1.69,33440,1,15,13.87,정상,0,0
GATE-06,PARKING-02,2026-01-14 03:00:00,37.96,4.13,23.7,3.17,2.03,33440,0,15,5.71,정상,0,0
GATE-06,PARKING-02,2026-01-14 04:00:00,38.97,4.36,23.49,3.15,1.61,33449,0,15,3.16,정상,0,0
GATE-06,PARKING-02,2026-01-14 05:00:00,39.41,4.29,23.74,3.09,1.55,33458,0,15,1.64,정상,0,0
GATE-06,PARKING-02,2026-01-14 06:00:00,42.03,4.03,23.64,2.68,1.58,33479,0,15,4.47,정상,0,0
GATE-06,PARKING-02,2026-01-14 07:00:00,41.73,4.38,23.4,3.22,1.68,33507,0,15,7.57,정상,0,0
GATE-06,PARKING-02,2026-01-14 08:00:00,46.73,6.02,24.19,2.73,1.99,33563,1,15,23.7,정상,0,0
GATE-06,PARKING-02,2026-01-14 09:00:00,44.82,4.84,23.59,3.07,1.6,33601,0,15,13.56,정상,0,0
GATE-06,PARKING-02,2026-01-14 10:00:00,40.33,4.57,24.13,3.1,1.66,33619,0,15,2.8,정상,0,0
GATE-06,PARKING-02,2026-01-14 11:00:00,41.76,4.68,23.49,3.17,1.68,33637,0,15,6.57,정상,0,0
GATE-06,PARKING-02,2026-01-14 12:00:00,44.15,4.77,24,2.94,1.99,33663,1,15,15.82,정상,0,0
GATE-06,PARKING-02,2026-01-14 13:00:00,41.82,5.06,23.47,3.04,1.56,33690,0,15,6.48,정상,0,0
GATE-06,PARKING-02,2026-01-14 14:00:00,42.61,4.86,23.68,3.25,1.72,33707,0,15,9.45,정상,0,0
GATE-06,PARKING-02,2026-01-14 15:00:00,41.03,5.18,23.8,3.1,1.64,33731,0,15,6.84,정상,0,0
GATE-06,PARKING-02,2026-01-14 16:00:00,39.51,4.4,24.19,3,1.68,33758,0,15,1.76,정상,0,0
GATE-06,PARKING-02,2026-01-14 17:00:00,43.9,4.87,23.8,3.01,1.7,33805,0,15,12.47,정상,0,0
GATE-06,PARKING-02,2026-01-14 18:00:00,44.2,4.79,23.78,3.05,1.69,33853,0,15,7.52,정상,0,0
GATE-06,PARKING-02,2026-01-14 19:00:00,45.66,5.05,24.22,3.37,1.92,33895,1,15,18.62,정상,0,0
GATE-06,PARKING-02,2026-01-14 20:00:00,44.34,5.07,23.94,3.18,1.61,33940,0,15,6.93,정상,0,0
GATE-06,PARKING-02,2026-01-14 21:00:00,41.96,4.47,23.42,3.12,1.86,33962,2,15,20.11,정상,0,0
GATE-06,PARKING-02,2026-01-14 22:00:00,41.37,4.68,23.78,3.14,1.56,33990,1,15,9.5,정상,0,0
GATE-06,PARKING-02,2026-01-14 23:00:00,38.72,4.08,23.97,3.05,1.83,34005,1,15,9.66,정상,0,0
GATE-06,PARKING-02,2026-01-15 00:00:00,39.24,4.13,23.48,2.87,1.46,34011,0,16,2.61,정상,0,0
GATE-06,PARKING-02,2026-01-15 01:00:00,40.95,4.67,23.54,3.04,1.76,34016,0,16,5,정상,0,0
GATE-06,PARKING-02,2026-01-15 02:00:00,41.16,4.25,23.62,3.12,1.62,34019,2,16,15,정상,0,0
GATE-06,PARKING-02,2026-01-15 03:00:00,38.75,4.82,23.58,2.97,1.83,34027,0,16,9.15,정상,0,0
GATE-06,PARKING-02,2026-01-15 04:00:00,39.45,4.28,24.23,3.01,1.84,34030,1,16,11.27,정상,0,0
GATE-06,PARKING-02,2026-01-15 05:00:00,41.94,4.42,23.63,3.03,2.08,34040,0,16,5.28,정상,0,0
GATE-06,PARKING-02,2026-01-15 06:00:00,40.55,4.99,23.64,3.09,1.82,34058,0,16,8.96,정상,0,0
GATE-06,PARKING-02,2026-01-15 07:00:00,45.79,5.02,23.68,2.77,1.62,34104,0,16,12.09,정상,0,0
GATE-06,PARKING-02,2026-01-15 08:00:00,45.98,5.17,23.66,2.96,1.88,34153,0,16,16.91,정상,0,0
GATE-06,PARKING-02,2026-01-15 09:00:00,41.52,5.16,24.22,2.78,1.96,34199,0,16,9.32,정상,0,0
GATE-06,PARKING-02,2026-01-15 10:00:00,42.11,4.45,23.48,3.26,1.72,34224,1,16,13.28,정상,0,0
GATE-06,PARKING-02,2026-01-15 11:00:00,40.46,5.03,23.89,3.16,1.82,34244,1,16,11.26,정상,0,0
GATE-06,PARKING-02,2026-01-15 12:00:00,41.5,5.18,24.15,3.25,1.47,34266,0,16,7.99,정상,0,0
GATE-06,PARKING-02,2026-01-15 13:00:00,41.75,5.53,23.63,3.15,1.74,34291,0,16,8.16,정상,0,0
GATE-06,PARKING-02,2026-01-15 14:00:00,41.7,5.2,23.56,2.73,1.59,34310,0,16,7.25,정상,0,0
GATE-06,PARKING-02,2026-01-15 15:00:00,40.99,4.59,23.45,3.27,1.74,34330,0,16,11.45,정상,0,0
GATE-06,PARKING-02,2026-01-15 16:00:00,41.84,4.84,23.76,3.21,1.66,34351,0,16,7.51,정상,0,0
GATE-06,PARKING-02,2026-01-15 17:00:00,45.97,5.27,23.65,3.22,1.58,34400,1,16,19.57,정상,0,0
GATE-06,PARKING-02,2026-01-15 18:00:00,43.55,4.86,23.73,3.14,1.54,34443,0,16,6.97,정상,0,0
GATE-06,PARKING-02,2026-01-15 19:00:00,45.58,5.59,23.52,3.08,2,34490,1,16,22.54,정상,0,0
GATE-06,PARKING-02,2026-01-15 20:00:00,46.34,5.08,23.6,3.02,1.88,34522,0,16,17.79,정상,0,0
GATE-06,PARKING-02,2026-01-15 21:00:00,42.98,5.15,23.88,3.11,1.74,34549,1,16,13.86,정상,0,0
GATE-06,PARKING-02,2026-01-15 22:00:00,43.46,4.57,23.8,3.12,1.59,34567,0,16,2.64,정상,0,0
GATE-06,PARKING-02,2026-01-15 23:00:00,39.88,5.06,23.69,3.01,1.84,34586,0,16,9.99,정상,0,0
GATE-06,PARKING-02,2026-01-16 00:00:00,39.12,4.4,23.8,3.41,2,34596,1,17,15.78,정상,0,0
GATE-06,PARKING-02,2026-01-16 01:00:00,39.6,4.46,23.58,3.34,2.04,34609,0,17,13.45,정상,0,0
GATE-06,PARKING-02,2026-01-16 02:00:00,39.3,4.94,23.74,2.88,1.81,34610,0,17,8.52,정상,0,0
GATE-06,PARKING-02,2026-01-16 03:00:00,40.95,4.44,23.46,3.12,1.68,34617,0,17,7.85,정상,0,0
GATE-06,PARKING-02,2026-01-16 04:00:00,43.22,4.86,23.67,3.38,1.8,34633,0,17,11.05,정상,0,0
GATE-06,PARKING-02,2026-01-16 05:00:00,42.07,4.15,23.42,3.04,1.53,34642,0,17,5.19,정상,0,0
GATE-06,PARKING-02,2026-01-16 06:00:00,39.76,4.95,23.3,3.31,1.63,34666,0,17,8.5,정상,0,0
GATE-06,PARKING-02,2026-01-16 07:00:00,39.86,4.77,23.94,3.18,1.8,34693,0,17,4.27,정상,0,0
GATE-06,PARKING-02,2026-01-16 08:00:00,43.92,5.35,23.85,3.17,1.74,34730,0,17,12.13,정상,0,0
GATE-06,PARKING-02,2026-01-16 09:00:00,45.66,5.65,23.32,3.19,1.77,34784,0,17,19.04,정상,0,0
GATE-06,PARKING-02,2026-01-16 10:00:00,40.03,4.93,23.52,2.94,1.63,34805,1,17,15.85,정상,0,0
GATE-06,PARKING-02,2026-01-16 11:00:00,37.9,4.76,23.57,2.96,1.68,34820,1,17,11.72,정상,0,0
GATE-06,PARKING-02,2026-01-16 12:00:00,40.98,5.36,23.73,3.08,1.43,34847,0,17,6.81,정상,0,0
GATE-06,PARKING-02,2026-01-16 13:00:00,45.57,4.97,23.69,3.4,1.62,34869,0,17,14.97,정상,0,0
GATE-06,PARKING-02,2026-01-16 14:00:00,44.49,4.99,23.88,3.21,1.66,34894,0,17,10.04,정상,0,0
GATE-06,PARKING-02,2026-01-16 15:00:00,40.61,4.77,23.8,3.22,1.84,34913,1,17,11.46,정상,0,0
GATE-06,PARKING-02,2026-01-16 16:00:00,41.24,4.75,23.72,2.99,1.38,34939,1,17,8.32,정상,0,0
GATE-06,PARKING-02,2026-01-16 17:00:00,41.47,4.9,23.1,3.18,1.48,34963,1,17,13.3,정상,0,0
GATE-06,PARKING-02,2026-01-16 18:00:00,45.29,5.02,23.47,3.34,1.74,35003,1,17,18.23,정상,0,0
GATE-06,PARKING-02,2026-01-16 19:00:00,43.24,4.94,23.73,2.91,1.83,35045,1,17,14.37,정상,0,0
GATE-06,PARKING-02,2026-01-16 20:00:00,42.69,5.83,23.28,3.14,2.03,35093,0,17,14.55,정상,0,0
GATE-06,PARKING-02,2026-01-16 21:00:00,41.49,5.4,24.05,3.06,1.89,35111,1,17,17.53,정상,0,0
GATE-06,PARKING-02,2026-01-16 22:00:00,42,5.54,23.53,3.27,1.97,35142,1,17,19.81,정상,0,0
GATE-06,PARKING-02,2026-01-16 23:00:00,40.1,5.11,23.88,3.27,1.67,35163,0,17,11.03,정상,0,0
GATE-06,PARKING-02,2026-01-17 00:00:00,39.94,5.17,23.69,3.1,1.97,35174,0,18,10.47,정상,0,0
GATE-06,PARKING-02,2026-01-17 01:00:00,39.21,4.73,23.77,3.08,1.76,35174,1,18,10.76,정상,0,0
GATE-06,PARKING-02,2026-01-17 02:00:00,39.29,4.45,23.64,3.21,1.75,35177,0,18,8.71,정상,0,0
GATE-06,PARKING-02,2026-01-17 03:00:00,39.2,5.15,23.62,3.17,1.75,35177,0,18,9.49,정상,0,0
GATE-06,PARKING-02,2026-01-17 04:00:00,40.79,5.02,23.47,3.39,1.8,35184,0,18,11.61,정상,0,0
GATE-06,PARKING-02,2026-01-17 05:00:00,40.04,4.08,23.77,3.25,2,35184,0,18,10.33,정상,0,0
GATE-06,PARKING-02,2026-01-17 06:00:00,43.1,5.07,23.45,2.84,1.25,35212,0,18,8.03,정상,0,0
GATE-06,PARKING-02,2026-01-17 07:00:00,44.82,4.99,24.04,3.22,1.77,35258,1,18,16.14,정상,0,0
GATE-06,PARKING-02,2026-01-17 08:00:00,43.35,5.42,23.73,3.18,1.88,35300,0,18,17.14,정상,0,0
GATE-06,PARKING-02,2026-01-17 09:00:00,45.22,5.15,23.46,3.04,1.59,35346,0,18,12.34,정상,0,0
GATE-06,PARKING-02,2026-01-17 10:00:00,39.79,4.45,23.89,3.23,1.8,35364,0,18,8.89,정상,0,0
GATE-06,PARKING-02,2026-01-17 11:00:00,43.36,4.94,23.28,3.05,1.51,35391,0,18,10.38,정상,0,0
GATE-06,PARKING-02,2026-01-17 12:00:00,44.51,4.95,23.36,3.26,1.78,35412,1,18,18.53,정상,0,0
GATE-06,PARKING-02,2026-01-17 13:00:00,42,4.52,23.56,3.17,2.2,35432,0,18,8.19,정상,0,0
GATE-06,PARKING-02,2026-01-17 14:00:00,39.67,5.18,23.81,3.27,1.82,35454,0,18,12.12,정상,0,0
GATE-06,PARKING-02,2026-01-17 15:00:00,42.65,4.79,23.88,3.29,1.72,35480,0,18,8.85,정상,0,0
GATE-06,PARKING-02,2026-01-17 16:00:00,42.59,5.07,23.95,3.27,1.68,35501,0,18,9.06,정상,0,0
GATE-06,PARKING-02,2026-01-17 17:00:00,44.25,4.95,23.7,2.98,1.84,35545,0,18,10.08,정상,0,0
GATE-06,PARKING-02,2026-01-17 18:00:00,43.2,4.89,23.95,3.24,1.66,35571,0,18,7.11,정상,0,0
GATE-06,PARKING-02,2026-01-17 19:00:00,44.93,4.88,23.48,3.44,1.99,35609,0,18,19.42,정상,0,0
GATE-06,PARKING-02,2026-01-17 20:00:00,45.38,5.23,24.02,3.08,1.51,35655,1,18,14.08,정상,0,0
GATE-06,PARKING-02,2026-01-17 21:00:00,43.42,4.64,24.36,2.82,1.69,35675,1,18,11.41,정상,0,0
GATE-06,PARKING-02,2026-01-17 22:00:00,40.19,4.49,23.59,3.22,1.83,35693,2,18,21.14,정상,0,0
GATE-06,PARKING-02,2026-01-17 23:00:00,44.2,5.57,23.69,3.2,1.71,35717,1,18,19.58,정상,0,0
GATE-06,PARKING-02,2026-01-18 00:00:00,39.13,4.51,23.59,3.39,1.63,35723,1,19,11.71,정상,0,0
GATE-06,PARKING-02,2026-01-18 01:00:00,40.87,4.66,23.99,3.23,1.77,35732,0,19,6.32,정상,0,0
GATE-06,PARKING-02,2026-01-18 02:00:00,40.02,4.57,23.53,2.84,1.89,35740,0,19,5.83,정상,0,0
GATE-06,PARKING-02,2026-01-18 03:00:00,39.88,4.94,24.07,2.97,1.82,35741,0,19,6.92,정상,0,0
GATE-06,PARKING-02,2026-01-18 04:00:00,41.68,4.52,23.91,3.02,1.91,35747,1,19,12.07,정상,0,0
GATE-06,PARKING-02,2026-01-18 05:00:00,41.72,4.59,24.1,3.27,1.8,35763,1,19,12.98,정상,0,0
GATE-06,PARKING-02,2026-01-18 06:00:00,38.67,4.76,23.91,3.53,1.79,35789,1,19,18,정상,0,0
GATE-06,PARKING-02,2026-01-18 07:00:00,47.98,5.26,23.82,3.23,1.87,35838,1,19,23.94,정상,0,0
GATE-06,PARKING-02,2026-01-18 08:00:00,44.37,4.79,23.63,3.17,2.06,35885,0,19,13.1,정상,0,0
GATE-06,PARKING-02,2026-01-18 09:00:00,43.6,4.89,23.31,3.11,1.7,35917,0,19,9.92,정상,0,0
GATE-06,PARKING-02,2026-01-18 10:00:00,42.53,4.72,23.6,3.4,1.73,35942,0,19,13.18,정상,0,0
GATE-06,PARKING-02,2026-01-18 11:00:00,40.97,4.68,24.03,3.07,2.08,35961,1,19,14.24,정상,0,0
GATE-06,PARKING-02,2026-01-18 12:00:00,43.43,4.97,23.8,3.14,1.63,35983,0,19,8.26,정상,0,0
GATE-06,PARKING-02,2026-01-18 13:00:00,42.65,5.03,24.11,3.31,1.92,36003,0,19,13.46,정상,0,0
GATE-06,PARKING-02,2026-01-18 14:00:00,43.19,5.44,23.9,3.41,1.63,36028,0,19,9.84,정상,0,0
GATE-06,PARKING-02,2026-01-18 15:00:00,41.69,4.98,23.97,3.09,1.8,36056,1,19,13,정상,0,0
GATE-06,PARKING-02,2026-01-18 16:00:00,42.98,5.25,23.78,3.23,2.09,36076,0,19,13.67,정상,0,0
GATE-06,PARKING-02,2026-01-18 17:00:00,43.63,4.94,23.54,3.17,1.66,36112,0,19,8.55,정상,0,0
GATE-06,PARKING-02,2026-01-18 18:00:00,43.63,4.85,24.08,3.43,1.71,36145,0,19,7.76,정상,0,0
GATE-06,PARKING-02,2026-01-18 19:00:00,44.9,5.78,23.74,3.44,1.9,36190,1,19,25.07,정상,0,0
GATE-06,PARKING-02,2026-01-18 20:00:00,44.17,5.25,24.14,3.21,2.05,36238,1,19,21.64,정상,0,0
GATE-06,PARKING-02,2026-01-18 21:00:00,43.21,4.76,23.87,2.99,1.8,36261,0,19,8.05,정상,0,0
GATE-06,PARKING-02,2026-01-18 22:00:00,41.45,4.66,23.38,3.28,1.91,36274,0,19,11.38,정상,0,0
GATE-06,PARKING-02,2026-01-18 23:00:00,41.91,5.01,23.85,3.19,1.87,36301,0,19,7.13,정상,0,0
GATE-06,PARKING-02,2026-01-19 00:00:00,40.93,4.5,23.52,3.05,1.78,36305,1,20,9.25,정상,0,0
GATE-06,PARKING-02,2026-01-19 01:00:00,43.82,4.84,23.66,3.2,1.62,36309,0,20,9.61,정상,0,0
GATE-06,PARKING-02,2026-01-19 02:00:00,38.89,4.67,23.51,3.14,1.64,36309,0,20,8.52,정상,0,0
GATE-06,PARKING-02,2026-01-19 03:00:00,38.62,5.13,23.65,3.16,1.78,36309,0,20,10.24,정상,0,0
GATE-06,PARKING-02,2026-01-19 04:00:00,40.13,4.99,24.07,3.18,1.79,36311,0,20,7.82,정상,0,0
GATE-06,PARKING-02,2026-01-19 05:00:00,40.47,5.1,23.47,3.16,1.69,36311,0,20,9.58,정상,0,0
GATE-06,PARKING-02,2026-01-19 06:00:00,43.84,4.76,23.65,3.25,2.07,36329,0,20,11.15,정상,0,0
GATE-06,PARKING-02,2026-01-19 07:00:00,41.45,4.76,24.2,2.92,1.71,36368,0,20,5.85,정상,0,0
GATE-06,PARKING-02,2026-01-19 08:00:00,44.96,5.44,24.18,3.41,2.05,36409,0,20,15.83,정상,0,0
GATE-06,PARKING-02,2026-01-19 09:00:00,43.67,5.77,23.3,3.11,1.8,36449,0,20,15.39,정상,0,0
GATE-06,PARKING-02,2026-01-19 10:00:00,40.13,4.71,23.83,3.1,1.55,36473,0,20,4.57,정상,0,0
GATE-06,PARKING-02,2026-01-19 11:00:00,40.5,5.01,24.09,2.82,1.9,36486,0,20,8.58,정상,0,0
GATE-06,PARKING-02,2026-01-19 12:00:00,40.46,5.05,23.6,3.09,2.07,36505,1,20,15.42,정상,0,0
GATE-06,PARKING-02,2026-01-19 13:00:00,40.66,4.29,23.1,3.07,1.7,36523,0,20,7.79,정상,0,0
GATE-06,PARKING-02,2026-01-19 14:00:00,42.67,5.32,23.76,3.01,1.87,36550,1,20,15.67,정상,0,0
GATE-06,PARKING-02,2026-01-19 15:00:00,42.38,4.74,24.16,3.2,1.7,36566,0,20,7.36,정상,0,0
GATE-06,PARKING-02,2026-01-19 16:00:00,42.45,4.7,23.56,3.28,1.89,36592,0,20,9.62,정상,0,0
GATE-06,PARKING-02,2026-01-19 17:00:00,45.34,5.42,23.95,3.11,1.74,36645,0,20,12.92,정상,0,0
GATE-06,PARKING-02,2026-01-19 18:00:00,43.11,5.24,23.28,3.01,2.03,36687,0,20,17.54,정상,0,0
GATE-06,PARKING-02,2026-01-19 19:00:00,44.81,5.55,23.74,3.56,1.91,36733,1,20,25.67,정상,0,0
GATE-06,PARKING-02,2026-01-19 20:00:00,43.54,5.42,23.82,2.95,1.98,36778,0,20,9.71,정상,0,0
GATE-06,PARKING-02,2026-01-19 21:00:00,43.86,5.08,24.26,3.24,1.69,36803,0,20,10.38,정상,0,0
GATE-06,PARKING-02,2026-01-19 22:00:00,41.61,5.02,23.66,3.24,1.77,36818,1,20,17,정상,0,0
GATE-06,PARKING-02,2026-01-19 23:00:00,41.84,4.94,23.6,3.11,2.07,36837,0,20,11.45,정상,0,0
GATE-06,PARKING-02,2026-01-20 00:00:00,37.63,4.82,23.73,3.34,1.69,36849,0,21,8.09,정상,0,0
GATE-06,PARKING-02,2026-01-20 01:00:00,42.61,4.95,23.34,3.35,1.86,36853,0,21,17.72,정상,0,0
GATE-06,PARKING-02,2026-01-20 02:00:00,39.66,4.58,23.93,3.29,1.91,36864,1,21,9.37,정상,0,0
GATE-06,PARKING-02,2026-01-20 03:00:00,38.6,4.63,24.08,3.21,1.73,36871,1,21,10.09,정상,0,0
GATE-06,PARKING-02,2026-01-20 04:00:00,41.59,4.98,23.43,2.97,1.99,36876,0,21,10.49,정상,0,0
GATE-06,PARKING-02,2026-01-20 05:00:00,40.01,4.21,24.02,3.01,2.29,36880,1,21,12.86,정상,0,0
GATE-06,PARKING-02,2026-01-20 06:00:00,43.15,5.26,23.37,3.23,2.09,36905,0,21,21.02,정상,0,0
GATE-06,PARKING-02,2026-01-20 07:00:00,45.88,5.04,23.53,3.22,1.77,36950,1,21,21.3,정상,0,0
GATE-06,PARKING-02,2026-01-20 08:00:00,45.8,4.82,23.7,2.9,2.05,36991,0,21,15.81,정상,0,0
GATE-06,PARKING-02,2026-01-20 09:00:00,44.18,5.01,23.84,3.24,1.95,37023,2,21,22.04,정상,0,0
GATE-06,PARKING-02,2026-01-20 10:00:00,45.12,4.88,23.41,3.31,2.19,37048,0,21,20.26,정상,0,0
GATE-06,PARKING-02,2026-01-20 11:00:00,43.23,5.28,23.52,3.77,1.94,37073,0,21,21.43,정상,0,0
GATE-06,PARKING-02,2026-01-20 12:00:00,42.04,4.67,23.78,2.99,1.99,37087,1,21,11.64,정상,0,0
GATE-06,PARKING-02,2026-01-20 13:00:00,41.51,4.8,23.45,3.36,1.77,37112,1,21,14.61,정상,0,0
GATE-06,PARKING-02,2026-01-20 14:00:00,40.43,5.14,23.75,3.35,1.89,37138,0,21,15.15,정상,0,0
GATE-06,PARKING-02,2026-01-20 15:00:00,44.35,4.97,24.32,3.15,1.84,37152,0,21,12.57,정상,0,0
GATE-06,PARKING-02,2026-01-20 16:00:00,38.86,5.21,23.81,3.3,1.76,37169,0,21,13.44,정상,0,0
GATE-06,PARKING-02,2026-01-20 17:00:00,45.06,5.34,23.6,3.21,1.84,37201,0,21,15.61,정상,0,0
GATE-06,PARKING-02,2026-01-20 18:00:00,50.25,5.31,23.18,3.06,1.81,37243,0,21,23.26,정상,0,0
GATE-06,PARKING-02,2026-01-20 19:00:00,44.62,5.17,23.28,3.07,1.83,37278,1,21,21.28,정상,0,0
GATE-06,PARKING-02,2026-01-20 20:00:00,46.03,4.94,23.6,2.95,2.15,37312,0,21,17.36,정상,0,0
GATE-06,PARKING-02,2026-01-20 21:00:00,39.75,5.14,23.5,3.18,1.83,37332,1,21,16.59,정상,0,0
GATE-06,PARKING-02,2026-01-20 22:00:00,40.15,4.75,23.61,3.49,1.88,37347,1,21,16.97,정상,0,0
GATE-06,PARKING-02,2026-01-20 23:00:00,43.26,5.28,24.11,3.2,1.96,37363,0,21,11.09,정상,0,0
GATE-06,PARKING-02,2026-01-21 00:00:00,43.98,4.25,24.12,3.13,1.99,37363,1,22,15.01,정상,0,0
GATE-06,PARKING-02,2026-01-21 01:00:00,42.63,4.8,23.95,3.21,2.14,37375,0,22,12.1,정상,0,0
GATE-06,PARKING-02,2026-01-21 02:00:00,38.62,5.14,23.9,3.24,2,37386,1,22,16.65,정상,0,0
GATE-06,PARKING-02,2026-01-21 03:00:00,41.24,4.81,23.52,3.35,1.96,37391,0,22,10.94,정상,0,0
GATE-06,PARKING-02,2026-01-21 04:00:00,39.81,4.91,23.25,3.33,1.8,37391,2,22,27.28,정상,0,0
GATE-06,PARKING-02,2026-01-21 05:00:00,42.23,4.96,23.67,3.47,2.35,37391,0,22,14.49,정상,0,0
GATE-06,PARKING-02,2026-01-21 06:00:00,46.84,5.25,23.49,3.33,2.43,37417,1,22,27.59,정상,0,0
GATE-06,PARKING-02,2026-01-21 07:00:00,46.52,5.87,23.53,3.9,2.51,37461,0,22,31.63,정상,0,0
GATE-06,PARKING-02,2026-01-21 08:00:00,47.65,6.01,24.08,3.55,2.8,37513,1,22,37.1,정상,0,0
GATE-06,PARKING-02,2026-01-21 09:00:00,48.87,6.07,23.64,3.58,2.23,37551,2,22,39,주의,0,0
GATE-06,PARKING-02,2026-01-21 10:00:00,45.29,5.65,23.7,3.89,2.48,37569,0,22,24.68,정상,0,0
GATE-06,PARKING-02,2026-01-21 11:00:00,43.93,5.48,23.47,3.65,2.91,37591,1,22,30.21,정상,0,0
GATE-06,PARKING-02,2026-01-21 12:00:00,44.25,5.93,22.91,3.95,2.57,37614,1,22,36.01,정상,0,0
GATE-06,PARKING-02,2026-01-21 13:00:00,49.01,5.78,23.14,3.87,2.91,37636,1,22,45.31,주의,0,0
GATE-06,PARKING-02,2026-01-21 14:00:00,48.36,6.07,23.17,3.99,2.68,37658,1,22,47.78,주의,0,0
GATE-06,PARKING-02,2026-01-21 15:00:00,49.57,6.14,23.52,4.27,3.26,37691,2,22,55.61,주의,0,0
GATE-06,PARKING-02,2026-01-21 16:00:00,51.22,6.39,23.56,4.28,3.02,37716,1,22,51.35,주의,0,0
GATE-06,PARKING-02,2026-01-21 17:00:00,50.33,6.62,23.25,4.02,3.31,37757,2,22,56.93,주의,0,0
GATE-06,PARKING-02,2026-01-21 18:00:00,54.7,7.04,23.59,4.12,3.27,37814,1,22,55.44,주의,0,0
GATE-06,PARKING-02,2026-01-21 19:00:00,51.61,7.26,23.19,4.41,3.32,37858,1,22,56.82,주의,0,0
GATE-06,PARKING-02,2026-01-21 20:00:00,53.6,7.2,23.69,4.09,3.26,37905,3,22,67.34,주의,0,0
GATE-06,PARKING-02,2026-01-21 21:00:00,48.6,7.08,22.96,4.54,3.37,37924,3,22,69.5,주의,0,0
GATE-06,PARKING-02,2026-01-21 22:00:00,48.27,6.3,23.38,4.59,3.53,37942,3,22,64.75,주의,0,0
GATE-06,PARKING-02,2026-01-21 23:00:00,49.69,6.74,23.41,4.7,3.79,37964,2,22,64.56,주의,0,0
GATE-06,PARKING-02,2026-01-22 00:00:00,49.2,6.23,22.85,4.64,3.66,37969,2,23,65.38,주의,0,0
GATE-06,PARKING-02,2026-01-22 01:00:00,52.01,6.9,23.24,4.8,3.78,37970,3,23,73.83,주의,0,0
GATE-06,PARKING-02,2026-01-22 02:00:00,52.49,6.72,23.37,4.79,3.94,37973,2,23,69.88,주의,0,0
GATE-06,PARKING-02,2026-01-22 03:00:00,50.15,6.68,23.03,5.08,3.72,37977,2,23,66.36,주의,0,0
GATE-06,PARKING-02,2026-01-22 04:00:00,52.17,7.63,23.37,5.09,4.02,37980,3,23,83.48,주의,0,0
GATE-06,PARKING-02,2026-01-22 05:00:00,54.54,6.81,23.04,4.88,4.32,37989,3,23,80.25,주의,0,0
GATE-06,PARKING-02,2026-01-22 06:00:00,54.74,7.18,23.01,4.99,4.3,38012,3,23,85.81,주의,0,0
GATE-06,PARKING-02,2026-01-22 07:00:00,58.29,7.97,23.42,5.22,4.47,38068,4,23,100,위험,0,0
GATE-06,PARKING-02,2026-01-22 08:00:00,59.84,7.86,22.81,4.97,4.28,38118,4,23,100,위험,0,1
GATE-06,PARKING-02,2026-01-22 09:00:00,60.43,8.24,23.12,5.37,4.41,38172,4,23,100,위험,0,0
GATE-06,PARKING-02,2026-01-22 10:00:00,55.31,7.41,22.62,5.29,4.38,38198,3,23,89.25,주의,0,0
GATE-06,PARKING-02,2026-01-22 11:00:00,54.11,8.06,22.9,5.28,4.45,38221,4,23,100,위험,0,0
GATE-06,PARKING-02,2026-01-22 12:00:00,55.1,7.76,23.16,5.4,4.92,38239,4,23,100,위험,0,0
GATE-06,PARKING-02,2026-01-22 13:00:00,57.63,8.49,22.9,5.03,4.72,38266,2,23,93.47,위험,0,0
GATE-06,PARKING-02,2026-01-22 14:00:00,41.77,4.85,23.69,3.43,1.92,38293,0,23,11.25,정상,0,0
GATE-06,PARKING-02,2026-01-22 15:00:00,43.83,5.34,23.92,3.42,2.25,38318,1,23,25.06,정상,0,0
GATE-06,PARKING-02,2026-01-22 16:00:00,41.87,5.47,23.83,3.3,1.98,38341,1,23,19.91,정상,0,0
GATE-06,PARKING-02,2026-01-22 17:00:00,44.76,5.62,23.32,3.31,1.72,38388,0,23,16.97,정상,0,0
GATE-06,PARKING-02,2026-01-22 18:00:00,43.93,5.93,23.6,3.21,1.97,38432,0,23,18.79,정상,0,0
GATE-06,PARKING-02,2026-01-22 19:00:00,46.94,5.52,23.66,3.28,1.85,38470,0,23,22.1,정상,0,0
GATE-06,PARKING-02,2026-01-22 20:00:00,43.35,5.59,23.6,3.23,1.63,38516,1,23,18.8,정상,0,0
GATE-06,PARKING-02,2026-01-22 21:00:00,41.89,5.41,23.67,3.58,1.92,38539,0,23,13.84,정상,0,0
GATE-06,PARKING-02,2026-01-22 22:00:00,43.17,4.48,23.47,3.36,2.07,38563,0,23,14.82,정상,0,0
GATE-06,PARKING-02,2026-01-22 23:00:00,43.57,4.96,23.57,3.13,1.53,38584,0,23,10.35,정상,0,0
GATE-06,PARKING-02,2026-01-23 00:00:00,40.78,4.99,24.06,3.29,2.04,38594,0,24,8.17,정상,0,0
GATE-06,PARKING-02,2026-01-23 01:00:00,39.71,4.53,24.15,3.54,1.82,38594,0,24,3.68,정상,0,0
GATE-06,PARKING-02,2026-01-23 02:00:00,41.92,4.69,23.48,3.33,2.09,38594,0,24,12.22,정상,0,0
GATE-06,PARKING-02,2026-01-23 03:00:00,40.83,4.5,23.75,3.29,1.83,38594,0,24,9.68,정상,0,0
GATE-06,PARKING-02,2026-01-23 04:00:00,38.71,5.07,23.54,3.22,2.02,38596,0,24,13.34,정상,0,0
GATE-06,PARKING-02,2026-01-23 05:00:00,40.15,4.42,23.6,3.28,1.92,38598,1,24,14.96,정상,0,0
GATE-06,PARKING-02,2026-01-23 06:00:00,44.32,5.07,23.67,3.19,2.1,38618,1,24,21.74,정상,0,0
GATE-06,PARKING-02,2026-01-23 07:00:00,45.54,5.58,23.56,3.09,2.37,38665,0,24,21.83,정상,0,0
GATE-06,PARKING-02,2026-01-23 08:00:00,44.6,5.2,23.61,3.27,2.06,38701,0,24,17.4,정상,0,0
GATE-06,PARKING-02,2026-01-23 09:00:00,47.02,5.18,23.44,3.25,2.05,38733,1,24,26.78,정상,0,0
GATE-06,PARKING-02,2026-01-23 10:00:00,43.62,5.22,23.7,3.28,1.78,38757,0,24,10.4,정상,0,0
GATE-06,PARKING-02,2026-01-23 11:00:00,40.86,4.97,23.48,3.43,2.11,38777,1,24,24.94,정상,0,0
GATE-06,PARKING-02,2026-01-23 12:00:00,41.28,5.08,23.68,3.04,1.81,38796,1,24,12.24,정상,0,0
GATE-06,PARKING-02,2026-01-23 13:00:00,41.47,4.87,23.63,3.06,1.99,38821,1,24,14.4,정상,0,0
GATE-06,PARKING-02,2026-01-23 14:00:00,41.68,4.7,23.56,3.29,1.76,38843,1,24,13.37,정상,0,0
GATE-06,PARKING-02,2026-01-23 15:00:00,40.47,5.38,23.5,3.39,1.63,38860,1,24,20.16,정상,0,0
GATE-06,PARKING-02,2026-01-23 16:00:00,39.69,5.03,23.85,3.25,1.95,38881,1,24,16.61,정상,0,0
GATE-06,PARKING-02,2026-01-23 17:00:00,44.76,5.36,23.5,3.26,1.66,38921,1,24,22.38,정상,0,0
GATE-06,PARKING-02,2026-01-23 18:00:00,44.84,5.06,23.69,3.47,1.89,38964,2,24,27.53,정상,0,0
GATE-06,PARKING-02,2026-01-23 19:00:00,46.5,5.6,23.5,3.32,1.68,39025,0,24,20.98,정상,0,0
GATE-06,PARKING-02,2026-01-23 20:00:00,44.25,5.21,23.75,3.29,1.85,39066,0,24,14.75,정상,0,0
GATE-06,PARKING-02,2026-01-23 21:00:00,42.91,5.28,23.62,3.07,2.12,39083,0,24,11.35,정상,0,0
GATE-06,PARKING-02,2026-01-23 22:00:00,41.43,4.92,23.45,3.33,1.78,39103,0,24,8.39,정상,0,0
GATE-06,PARKING-02,2026-01-23 23:00:00,45.15,5.27,23.9,3.29,2.03,39126,0,24,14.27,정상,0,0
GATE-06,PARKING-02,2026-01-24 00:00:00,41.97,5.19,23.86,3.51,1.91,39127,1,25,21.17,정상,0,0
GATE-06,PARKING-02,2026-01-24 01:00:00,38.69,4.97,23.79,3.25,2,39135,1,25,14.25,정상,0,0
GATE-06,PARKING-02,2026-01-24 02:00:00,39.94,4.86,23.72,3.07,1.86,39144,0,25,9.2,정상,0,0
GATE-06,PARKING-02,2026-01-24 03:00:00,39.9,4.61,23.76,3.45,1.74,39149,0,25,9.6,정상,0,0
GATE-06,PARKING-02,2026-01-24 04:00:00,42.77,4.68,24.04,3.31,1.75,39152,0,25,7.62,정상,0,0
GATE-06,PARKING-02,2026-01-24 05:00:00,37.48,4.55,23.17,3.51,2.05,39153,0,25,14.28,정상,0,0
GATE-06,PARKING-02,2026-01-24 06:00:00,40.57,5.03,23.7,3.2,2.01,39175,1,25,17.51,정상,0,0
GATE-06,PARKING-02,2026-01-24 07:00:00,46.65,5.38,23.66,3.18,1.86,39216,0,25,18.27,정상,0,0
GATE-06,PARKING-02,2026-01-24 08:00:00,43.59,5.45,23.7,3.22,2.24,39256,0,25,17.57,정상,0,0
GATE-06,PARKING-02,2026-01-24 09:00:00,46.84,5.85,23.82,3.39,2.07,39306,0,25,22.97,정상,0,0
GATE-06,PARKING-02,2026-01-24 10:00:00,45.52,5.24,23.87,3.24,2.01,39334,0,25,14.79,정상,0,0
GATE-06,PARKING-02,2026-01-24 11:00:00,40.91,4.91,24.06,3.03,1.57,39352,0,25,3.97,정상,0,0
GATE-06,PARKING-02,2026-01-24 12:00:00,42.22,4.75,23.15,3.5,1.9,39373,0,25,18.76,정상,0,0
GATE-06,PARKING-02,2026-01-24 13:00:00,40.16,5.24,23.98,3.24,2.11,39402,0,25,14.64,정상,0,0
GATE-06,PARKING-02,2026-01-24 14:00:00,41.37,5.35,23.52,3.01,1.75,39429,0,25,9.65,정상,0,0
GATE-06,PARKING-02,2026-01-24 15:00:00,43.6,5.14,23.64,3.29,1.89,39451,1,25,16.95,정상,0,0
GATE-06,PARKING-02,2026-01-24 16:00:00,43.77,5.34,23.87,3.17,2.09,39470,0,25,16.17,정상,0,0
GATE-06,PARKING-02,2026-01-24 17:00:00,45,5.2,23.49,3.32,2.02,39498,0,25,15.57,정상,0,0
GATE-06,PARKING-02,2026-01-24 18:00:00,44.09,5.36,23.7,3.34,1.9,39536,0,25,16.04,정상,0,0
GATE-06,PARKING-02,2026-01-24 19:00:00,49.33,5.75,23.56,3.33,2.08,39593,0,25,27.22,정상,0,0
GATE-06,PARKING-02,2026-01-24 20:00:00,46.29,5.08,23.84,3.19,2.06,39642,1,25,20.26,정상,0,0
GATE-06,PARKING-02,2026-01-24 21:00:00,42.22,4.86,23.6,3.46,1.39,39658,0,25,9.61,정상,0,0
GATE-06,PARKING-02,2026-01-24 22:00:00,45.49,5.64,23.88,3.35,1.91,39682,0,25,16.84,정상,0,0
GATE-06,PARKING-02,2026-01-24 23:00:00,43.96,4.94,24.25,3.5,1.89,39704,0,25,15.22,정상,0,0
GATE-06,PARKING-02,2026-01-25 00:00:00,39.88,5,23.89,3.23,1.61,39707,1,26,13.86,정상,0,0
GATE-06,PARKING-02,2026-01-25 01:00:00,43.54,5.07,23.83,3.24,2.35,39709,0,26,15.18,정상,0,0
GATE-06,PARKING-02,2026-01-25 02:00:00,41.74,5.18,23.44,3.35,2.4,39716,0,26,19.21,정상,0,0
GATE-06,PARKING-02,2026-01-25 03:00:00,39.92,4.43,23.94,3.13,2,39722,0,26,6.37,정상,0,0
GATE-06,PARKING-02,2026-01-25 04:00:00,42.44,4.4,23.74,3.27,2.15,39727,1,26,16.14,정상,0,0
GATE-06,PARKING-02,2026-01-25 05:00:00,43.29,4.7,23.66,3.45,2.02,39743,0,26,15.22,정상,0,0
GATE-06,PARKING-02,2026-01-25 06:00:00,42.38,5.31,24.11,3.32,1.98,39772,1,26,17.88,정상,0,0
GATE-06,PARKING-02,2026-01-25 07:00:00,49.76,4.98,23.43,3.4,2.35,39829,0,26,23.54,정상,0,0
GATE-06,PARKING-02,2026-01-25 08:00:00,48.4,5.9,23.64,3.42,2.1,39878,0,26,24.39,정상,0,0
GATE-06,PARKING-02,2026-01-25 09:00:00,48.13,5.86,23.51,3.22,1.96,39926,1,26,27.58,정상,0,0
GATE-06,PARKING-02,2026-01-25 10:00:00,44.05,5.07,23.76,3.38,1.79,39943,1,26,15.69,정상,0,0
GATE-06,PARKING-02,2026-01-25 11:00:00,43.66,5.11,23.61,3.5,1.82,39964,0,26,15.01,정상,0,0
GATE-06,PARKING-02,2026-01-25 12:00:00,42.42,4.85,23.9,3.33,2.12,39986,0,26,13.39,정상,0,0
GATE-06,PARKING-02,2026-01-25 13:00:00,44.46,4.64,23.49,3.45,2.03,40011,0,26,17.71,정상,0,0
GATE-06,PARKING-02,2026-01-25 14:00:00,44.16,5.17,23.82,3.42,2.04,40034,0,26,17.19,정상,0,0
GATE-06,PARKING-02,2026-01-25 15:00:00,40.82,5.29,23.76,3.41,1.87,40058,1,26,20.07,정상,0,0
GATE-06,PARKING-02,2026-01-25 16:00:00,45.97,4.93,23.84,3.48,2.01,40084,0,26,19.51,정상,0,0
GATE-06,PARKING-02,2026-01-25 17:00:00,46.16,5.43,23.27,3.05,1.83,40110,1,26,19.19,정상,0,0
GATE-06,PARKING-02,2026-01-25 18:00:00,47.17,5.59,23.78,3.62,1.86,40152,1,26,27.97,정상,0,0
GATE-06,PARKING-02,2026-01-25 19:00:00,45.76,5.57,23.68,3.46,2.17,40188,0,26,23.98,정상,0,0
GATE-06,PARKING-02,2026-01-25 20:00:00,43.91,5.51,24.05,3.33,1.74,40221,0,26,10.38,정상,0,0
GATE-06,PARKING-02,2026-01-25 21:00:00,38.01,5.04,23.86,3.43,2.06,40245,0,26,11.28,정상,0,0
GATE-06,PARKING-02,2026-01-25 22:00:00,43.41,5.17,23.7,3.15,2.09,40260,0,26,17.72,정상,0,0
GATE-06,PARKING-02,2026-01-25 23:00:00,44.2,5.34,23.54,3.15,1.62,40274,0,26,12.75,정상,0,0
GATE-06,PARKING-02,2026-01-26 00:00:00,37.41,5.17,24,3.55,1.66,40281,0,27,12.61,정상,0,0
GATE-06,PARKING-02,2026-01-26 01:00:00,39.11,4.72,23.54,3.37,2.15,40281,1,27,15.77,정상,0,0
GATE-06,PARKING-02,2026-01-26 02:00:00,38.89,4.88,23.83,3.29,2.02,40292,1,27,17.64,정상,0,0
GATE-06,PARKING-02,2026-01-26 03:00:00,41.12,4.9,23.82,3.62,1.81,40292,1,27,14.07,정상,0,0
GATE-06,PARKING-02,2026-01-26 04:00:00,41.89,4.86,23.3,3.52,1.85,40297,2,27,24.65,정상,0,0
GATE-06,PARKING-02,2026-01-26 05:00:00,39.19,4.81,23.84,3.47,1.95,40299,1,27,16.81,정상,0,0
GATE-06,PARKING-02,2026-01-26 06:00:00,45.78,4.7,23.78,3.27,2.16,40313,0,27,16.82,정상,0,0
GATE-06,PARKING-02,2026-01-26 07:00:00,44.61,4.92,23.4,3.41,2.3,40345,2,27,28.64,정상,0,0
GATE-06,PARKING-02,2026-01-26 08:00:00,45.33,5.41,23.6,3.61,2.16,40384,0,27,19.64,정상,0,0
GATE-06,PARKING-02,2026-01-26 09:00:00,47.31,5.75,23.42,3.36,1.72,40436,0,27,21.95,정상,0,0
GATE-06,PARKING-02,2026-01-26 10:00:00,44.71,5.02,23.52,3.31,2,40459,0,27,15.79,정상,0,0
GATE-06,PARKING-02,2026-01-26 11:00:00,44.01,4.38,23.72,3.34,1.99,40481,0,27,11.91,정상,0,0
GATE-06,PARKING-02,2026-01-26 12:00:00,40.49,4.86,23.7,3.7,1.97,40500,0,27,9.92,정상,0,0
GATE-06,PARKING-02,2026-01-26 13:00:00,40.56,5.04,23.66,3.53,1.66,40525,0,27,12.08,정상,0,0
GATE-06,PARKING-02,2026-01-26 14:00:00,42.31,4.73,23.71,3.42,2.22,40546,1,27,17.34,정상,0,0
GATE-06,PARKING-02,2026-01-26 15:00:00,42.39,5.45,23.66,3.02,1.86,40568,0,27,10.6,정상,0,0
GATE-06,PARKING-02,2026-01-26 16:00:00,43.16,5.59,23.84,3.61,2,40594,1,27,22.11,정상,0,0
GATE-06,PARKING-02,2026-01-26 17:00:00,43.99,5.61,23.95,3.19,2.24,40642,0,27,16.18,정상,0,0
GATE-06,PARKING-02,2026-01-26 18:00:00,45.55,5.13,23.69,3.34,1.95,40681,0,27,14.65,정상,0,0
GATE-06,PARKING-02,2026-01-26 19:00:00,44.43,5.79,24.06,3.33,2.35,40730,0,27,17.52,정상,0,0
GATE-06,PARKING-02,2026-01-26 20:00:00,45.61,5.54,23.8,3.33,1.86,40767,1,27,23.62,정상,0,0
GATE-06,PARKING-02,2026-01-26 21:00:00,43.73,5.35,23.2,3.39,2.32,40788,1,27,26.2,정상,0,0
GATE-06,PARKING-02,2026-01-26 22:00:00,40.5,5.21,23.4,3.46,1.96,40807,0,27,14.64,정상,0,0
GATE-06,PARKING-02,2026-01-26 23:00:00,44.51,5.15,23.95,3.43,2.04,40833,0,27,15.96,정상,0,0
GATE-06,PARKING-02,2026-01-27 00:00:00,41.28,4.55,23.7,3.44,1.95,40839,1,28,17.8,정상,0,0
GATE-06,PARKING-02,2026-01-27 01:00:00,41.3,4.98,23.41,3.5,1.95,40847,1,28,18.37,정상,0,0
GATE-06,PARKING-02,2026-01-27 02:00:00,42.64,4.52,24.06,3.49,2.48,40852,0,28,11.5,정상,0,0
GATE-06,PARKING-02,2026-01-27 03:00:00,42.61,4.59,24,3.41,2.03,40856,1,28,14.15,정상,0,0
GATE-06,PARKING-02,2026-01-27 04:00:00,36.79,4.97,23.44,3.38,1.88,40856,0,28,11.95,정상,0,0
GATE-06,PARKING-02,2026-01-27 05:00:00,41.27,4.7,23.6,3.42,1.62,40856,0,28,9.92,정상,0,0
GATE-06,PARKING-02,2026-01-27 06:00:00,44.05,5.12,23.25,3.37,1.73,40878,0,28,16.5,정상,0,0
GATE-06,PARKING-02,2026-01-27 07:00:00,48.62,5.79,23.51,3.45,1.9,40915,0,28,24.83,정상,0,0
GATE-06,PARKING-02,2026-01-27 08:00:00,43.7,5.56,23.2,3.25,2.03,40958,0,28,16.44,정상,0,0
GATE-06,PARKING-02,2026-01-27 09:00:00,46.09,5.46,23.42,3.25,1.77,40996,2,28,27.98,정상,0,0
GATE-06,PARKING-02,2026-01-27 10:00:00,43.98,4.93,23.25,3.28,2.26,41015,1,28,22.04,정상,0,0
GATE-06,PARKING-02,2026-01-27 11:00:00,43.78,4.86,23.13,3.42,1.97,41040,0,28,18.66,정상,0,0
GATE-06,PARKING-02,2026-01-27 12:00:00,43.95,5.74,23.47,3.33,2.01,41065,1,28,23.88,정상,0,0
GATE-06,PARKING-02,2026-01-27 13:00:00,37.87,4.91,23.68,3.41,2.67,41085,0,28,14.15,정상,0,0
GATE-06,PARKING-02,2026-01-27 14:00:00,43.97,4.7,23.76,3.42,2.04,41105,1,28,18.05,정상,0,0
GATE-06,PARKING-02,2026-01-27 15:00:00,43.65,5.42,24.04,3.32,2.13,41127,1,28,22.33,정상,0,0
GATE-06,PARKING-02,2026-01-27 16:00:00,39.62,4.35,23.73,2.97,2,41144,1,28,15.58,정상,0,0
GATE-06,PARKING-02,2026-01-27 17:00:00,47.22,6.03,23.47,3.45,2.01,41191,0,28,24.98,정상,0,0
GATE-06,PARKING-02,2026-01-27 18:00:00,47.11,5.82,23.83,3.53,2.04,41237,0,28,22.86,정상,0,0
GATE-06,PARKING-02,2026-01-27 19:00:00,44.33,5.37,23.9,3.45,2.02,41267,0,28,18.66,정상,0,0
GATE-06,PARKING-02,2026-01-27 20:00:00,46.97,5.6,23.27,3.55,2.11,41305,0,28,27.99,정상,0,0
GATE-06,PARKING-02,2026-01-27 21:00:00,42.92,5.2,23.68,3.57,1.98,41327,0,28,12.91,정상,0,0
GATE-06,PARKING-02,2026-01-27 22:00:00,42.89,5.09,23.75,3.64,2.12,41347,0,28,16.71,정상,0,0
GATE-06,PARKING-02,2026-01-27 23:00:00,42.27,5.06,23.75,3.16,2.02,41368,0,28,14.32,정상,0,0
GATE-06,PARKING-02,2026-01-28 00:00:00,42.67,4.81,23.32,3.54,1.96,41375,0,29,18.61,정상,0,0
GATE-06,PARKING-02,2026-01-28 01:00:00,41.77,4.84,23.19,3.41,2.05,41380,0,29,14.65,정상,0,0
GATE-06,PARKING-02,2026-01-28 02:00:00,40.16,5.1,23.3,3.57,1.97,41386,0,29,18.37,정상,0,0
GATE-06,PARKING-02,2026-01-28 03:00:00,38.98,5.01,24.06,3.65,2.18,41386,0,29,13.01,정상,0,0
GATE-06,PARKING-02,2026-01-28 04:00:00,39.97,4.6,23.39,3.46,2.34,41389,0,29,15.02,정상,0,0
GATE-06,PARKING-02,2026-01-28 05:00:00,41.84,5.03,23.59,3.48,2.18,41395,0,29,13.46,정상,0,0
GATE-06,PARKING-02,2026-01-28 06:00:00,42.53,5.52,23.68,3.18,2.15,41420,1,29,21.19,정상,0,0
GATE-06,PARKING-02,2026-01-28 07:00:00,46.44,5.3,23.75,3.39,2.28,41468,1,29,27.72,정상,0,0
GATE-06,PARKING-02,2026-01-28 08:00:00,43.66,5.37,23.44,3.33,2.17,41507,0,29,20.7,정상,0,0
GATE-06,PARKING-02,2026-01-28 09:00:00,44.28,5.01,23.66,3.47,2.16,41552,1,29,20.2,정상,0,0
GATE-06,PARKING-02,2026-01-28 10:00:00,45.11,5.6,23.7,3.62,2.2,41573,0,29,21.72,정상,0,0
GATE-06,PARKING-02,2026-01-28 11:00:00,41.79,5,23.63,3.41,2.09,41589,0,29,13.34,정상,0,0
GATE-06,PARKING-02,2026-01-28 12:00:00,44.45,5.13,23.32,3.39,2.15,41612,0,29,22.74,정상,0,0
GATE-06,PARKING-02,2026-01-28 13:00:00,44.73,5.79,23.6,3.56,2.22,41637,1,29,30.95,정상,0,0
GATE-06,PARKING-02,2026-01-28 14:00:00,43.16,5.15,23.56,3.62,1.99,41657,0,29,18.41,정상,0,0
GATE-06,PARKING-02,2026-01-28 15:00:00,45.26,5.37,23.54,3.55,2.2,41685,0,29,23.04,정상,0,0
GATE-06,PARKING-02,2026-01-28 16:00:00,45.49,4.93,24.17,3.26,2.33,41711,0,29,20.89,정상,0,0
GATE-06,PARKING-02,2026-01-28 17:00:00,45.95,5.49,23.47,3.34,2.15,41767,0,29,21.46,정상,0,0
GATE-06,PARKING-02,2026-01-28 18:00:00,49.38,5.94,23.07,3.49,1.94,41816,1,29,34.63,정상,0,0
GATE-06,PARKING-02,2026-01-28 19:00:00,45.68,5.49,22.89,3.38,2.01,41857,1,29,29.05,정상,0,0
GATE-06,PARKING-02,2026-01-28 20:00:00,45.24,5.08,23.31,3.22,2.55,41890,1,29,27.78,정상,0,0
GATE-06,PARKING-02,2026-01-28 21:00:00,44.21,5.26,23.17,3.25,2.29,41907,1,29,26.29,정상,0,0
GATE-06,PARKING-02,2026-01-28 22:00:00,43.06,5.36,23.53,3.3,2.26,41927,1,29,22.68,정상,0,0
GATE-06,PARKING-02,2026-01-28 23:00:00,47.16,4.86,23.82,3.29,1.99,41950,0,29,17.54,정상,0,0
GATE-06,PARKING-02,2026-01-29 00:00:00,39.23,4.87,23.85,3.34,2.16,41956,0,30,9.92,정상,0,0
GATE-06,PARKING-02,2026-01-29 01:00:00,43.28,5.39,23.5,3.5,1.91,41964,1,30,24.08,정상,0,0
GATE-06,PARKING-02,2026-01-29 02:00:00,41.07,4.93,23.52,3.34,2.17,41979,0,30,12.04,정상,0,0
GATE-06,PARKING-02,2026-01-29 03:00:00,41.53,4.97,23.21,3.36,2.24,41986,0,30,16.36,정상,0,0
GATE-06,PARKING-02,2026-01-29 04:00:00,37.32,4.6,23.48,2.91,2.03,41986,1,30,16.72,정상,0,0
GATE-06,PARKING-02,2026-01-29 05:00:00,40.76,4.82,23.39,3.59,2.41,41986,0,30,20.7,정상,0,0
GATE-06,PARKING-02,2026-01-29 06:00:00,44.32,5.05,23.53,3.34,2.16,42005,0,30,15.54,정상,0,0
GATE-06,PARKING-02,2026-01-29 07:00:00,42.21,5.69,23.87,3.43,1.8,42053,2,30,24.81,정상,0,0
GATE-06,PARKING-02,2026-01-29 08:00:00,44.95,5.65,23.37,3.24,2.06,42096,1,30,23.5,정상,0,0
GATE-06,PARKING-02,2026-01-29 09:00:00,45.78,6.06,23.33,2.94,2.3,42143,0,30,23.14,정상,0,0
GATE-06,PARKING-02,2026-01-29 10:00:00,42.39,5.41,23.92,3.56,2.03,42165,1,30,19.59,정상,0,0
GATE-06,PARKING-02,2026-01-29 11:00:00,44.91,5.25,23.73,3.61,2.13,42196,1,30,19.88,정상,0,0
GATE-06,PARKING-02,2026-01-29 12:00:00,42.63,5.05,23.43,3.47,2.2,42216,1,30,19.98,정상,0,0
GATE-06,PARKING-02,2026-01-29 13:00:00,45.15,5.35,23.64,3.49,2.28,42249,1,30,25.83,정상,0,0
GATE-06,PARKING-02,2026-01-29 14:00:00,46.23,5.04,23.72,3.38,2.06,42278,1,30,21.94,정상,0,0
GATE-06,PARKING-02,2026-01-29 15:00:00,45.9,6.13,23.3,3.4,2.3,42308,0,30,26.49,정상,0,0
GATE-06,PARKING-02,2026-01-29 16:00:00,46.52,5.49,23.85,3.31,2.03,42343,0,30,16.01,정상,0,0
GATE-06,PARKING-02,2026-01-29 17:00:00,43.42,5.28,23.86,3.66,2.01,42380,0,30,19.01,정상,0,0
GATE-06,PARKING-02,2026-01-29 18:00:00,42.9,5.16,23.5,3.6,2.17,42418,0,30,16.13,정상,0,0
GATE-06,PARKING-02,2026-01-29 19:00:00,42.07,5.31,24.02,3.46,2.15,42454,1,30,21.15,정상,0,0
GATE-06,PARKING-02,2026-01-29 20:00:00,45.39,5.92,24.01,3.54,2.21,42499,0,30,23.19,정상,0,0
GATE-06,PARKING-02,2026-01-29 21:00:00,43.69,5.38,23.39,3.62,2.2,42514,1,30,24.17,정상,0,0
GATE-06,PARKING-02,2026-01-29 22:00:00,46.12,5.31,24.25,3.49,2.11,42538,0,30,21.71,정상,0,0
GATE-06,PARKING-02,2026-01-29 23:00:00,46.02,4.98,23.82,3.22,2.28,42563,0,30,13.67,정상,0,0
GATE-06,PARKING-02,2026-01-30 00:00:00,43.33,5.23,23.23,2.98,2.09,42569,0,31,15.92,정상,0,0
GATE-06,PARKING-02,2026-01-30 01:00:00,45.64,4.7,23.73,3.9,1.92,42579,0,31,14.52,정상,0,0
GATE-06,PARKING-02,2026-01-30 02:00:00,40.79,5.09,23.79,3.52,1.98,42579,1,31,17.57,정상,0,0
GATE-06,PARKING-02,2026-01-30 03:00:00,38.33,4.33,23.63,3.49,2.75,42579,0,31,19.63,정상,0,0
GATE-06,PARKING-02,2026-01-30 04:00:00,43.46,5.14,23.6,3.56,1.79,42579,1,31,16.95,정상,0,0
GATE-06,PARKING-02,2026-01-30 05:00:00,40.84,5.47,23.83,3.49,2.11,42583,0,31,14.62,정상,0,0
GATE-06,PARKING-02,2026-01-30 06:00:00,44.95,5.48,23.51,3.67,2.01,42602,0,31,22.17,정상,0,0
GATE-06,PARKING-02,2026-01-30 07:00:00,48.16,5.39,23.9,3.48,1.95,42655,0,31,20.52,정상,0,0
GATE-06,PARKING-02,2026-01-30 08:00:00,46.77,5.88,23.73,3.58,2.47,42702,0,31,26.36,정상,0,0
GATE-06,PARKING-02,2026-01-30 09:00:00,45.5,5.91,23.51,3.74,2.23,42744,0,31,26.68,정상,0,0
GATE-06,PARKING-02,2026-01-30 10:00:00,45.44,5.57,23.84,3.41,2.13,42779,0,31,22.52,정상,0,0
GATE-06,PARKING-02,2026-01-30 11:00:00,41.57,5.73,23.45,3.53,2.33,42795,0,31,20.25,정상,0,0
GATE-06,PARKING-02,2026-01-30 12:00:00,42.37,5.41,23.75,3.51,2.21,42805,0,31,19.72,정상,0,0
GATE-06,PARKING-02,2026-01-30 13:00:00,46.48,5.27,23.43,3.45,1.9,42834,1,31,27.45,정상,0,0
GATE-06,PARKING-02,2026-01-30 14:00:00,45.96,5.41,23.56,3.38,2.32,42854,0,31,22.45,정상,0,0
GATE-06,PARKING-02,2026-01-30 15:00:00,44.87,5.15,23.13,3.42,2.69,42871,1,31,29.72,정상,0,0
GATE-06,PARKING-02,2026-01-30 16:00:00,44.03,5.51,23.25,3.69,2.25,42885,0,31,22.57,정상,0,0
GATE-06,PARKING-02,2026-01-30 17:00:00,45.28,4.96,23.82,3.55,2.23,42915,0,31,20.23,정상,0,0
GATE-06,PARKING-02,2026-01-30 18:00:00,45.39,5.42,24.06,3.87,1.78,42960,2,31,27.51,정상,0,0
GATE-06,PARKING-02,2026-01-30 19:00:00,45.42,5.48,23.49,3.61,2.08,43004,1,31,29.01,정상,0,0
GATE-06,PARKING-02,2026-01-30 20:00:00,49.83,6.01,24.06,3.44,2.13,43064,0,31,25.56,정상,0,0
GATE-06,PARKING-02,2026-01-30 21:00:00,43.8,5.44,24.12,4,2.11,43086,0,31,21.39,정상,0,0
GATE-06,PARKING-02,2026-01-30 22:00:00,43.81,5.22,24.09,3.54,2.36,43103,0,31,18.59,정상,0,0
GATE-06,PARKING-02,2026-01-30 23:00:00,46.23,5.3,23.92,3.5,2.11,43124,1,31,24.18,정상,0,0
GATE-06,PARKING-02,2026-01-31 00:00:00,44.96,4.92,23.46,3.45,2.13,43137,2,32,31.86,정상,0,0
GATE-06,PARKING-02,2026-01-31 01:00:00,41.32,5.17,23.58,3.36,2.32,43155,1,32,21.17,정상,0,0
GATE-06,PARKING-02,2026-01-31 02:00:00,42.61,4.89,23.82,3.52,2.32,43158,0,32,11.7,정상,0,0
GATE-06,PARKING-02,2026-01-31 03:00:00,43,5.28,23.42,3.5,2.31,43167,0,32,18.54,정상,0,0
GATE-06,PARKING-02,2026-01-31 04:00:00,38.97,5.23,23.88,3.69,1.76,43170,0,32,13.29,정상,0,0
GATE-06,PARKING-02,2026-01-31 05:00:00,42.49,4.65,23.66,3.65,1.85,43176,0,32,11.76,정상,0,0
GATE-06,PARKING-02,2026-01-31 06:00:00,45.86,5.46,23.64,3.61,1.99,43197,0,32,22.71,정상,0,0
GATE-06,PARKING-02,2026-01-31 07:00:00,44.12,6.06,24.14,3.43,2.09,43240,0,32,20.08,정상,0,0
GATE-06,PARKING-02,2026-01-31 08:00:00,45.91,5.67,24.01,3.39,2.38,43288,0,32,22.68,정상,0,0
GATE-06,PARKING-02,2026-01-31 09:00:00,48.17,6,23.78,3.58,2.54,43331,0,32,28.25,정상,0,0
GATE-06,PARKING-02,2026-01-31 10:00:00,46.28,5.22,23.73,3.61,2.19,43357,0,32,20.47,정상,0,0
GATE-06,PARKING-02,2026-01-31 11:00:00,45.5,5.18,23.2,3.27,2.35,43378,0,32,25.46,정상,0,0
GATE-06,PARKING-02,2026-01-31 12:00:00,42.17,5.46,23.76,3.4,2.17,43399,0,32,16.32,정상,0,0
GATE-06,PARKING-02,2026-01-31 13:00:00,41.23,5.29,23.42,3.61,2.01,43424,0,32,20.21,정상,0,0
GATE-06,PARKING-02,2026-01-31 14:00:00,44.75,5.32,23.82,3.36,2.32,43446,0,32,16,정상,0,0
GATE-06,PARKING-02,2026-01-31 15:00:00,43.54,5.21,23.67,3.63,1.84,43468,1,32,20.34,정상,0,0
GATE-06,PARKING-02,2026-01-31 16:00:00,45.62,6.18,23.54,3.5,2.35,43492,0,32,30.89,정상,0,0
GATE-06,PARKING-02,2026-01-31 17:00:00,44.57,6.04,23.47,3.63,2.34,43531,2,32,35.64,정상,0,0
GATE-06,PARKING-02,2026-01-31 18:00:00,49.63,6.26,23.53,3.5,2.47,43590,1,32,38.33,정상,0,0
GATE-06,PARKING-02,2026-01-31 19:00:00,48.48,5.39,23.63,3.73,2.46,43635,0,32,28.29,정상,0,0
GATE-06,PARKING-02,2026-01-31 20:00:00,46.08,5.57,23.48,3.4,2.41,43686,0,32,23.92,정상,0,0
GATE-06,PARKING-02,2026-01-31 21:00:00,45.51,5.75,24.14,3.15,2,43711,1,32,20.39,정상,0,0
GATE-06,PARKING-02,2026-01-31 22:00:00,44.37,5.61,23.38,3.63,1.91,43732,0,32,20.84,정상,0,0
GATE-06,PARKING-02,2026-01-31 23:00:00,44.14,5.37,23.38,3.45,1.9,43765,1,32,24.24,정상,0,0
GATE-06,PARKING-02,2026-02-01 00:00:00,41.73,5.23,24.25,3.47,2.36,43769,0,33,17.91,정상,0,0
GATE-06,PARKING-02,2026-02-01 01:00:00,39.38,5.32,23.79,3.62,2.24,43779,0,33,17.11,정상,0,0
GATE-06,PARKING-02,2026-02-01 02:00:00,44.56,5,23.56,3.27,2.05,43788,1,33,22.9,정상,0,0
GATE-06,PARKING-02,2026-02-01 03:00:00,42.43,5.11,23.49,3.41,2.2,43797,0,33,16.29,정상,0,0
GATE-06,PARKING-02,2026-02-01 04:00:00,43.2,5.02,23.49,3.86,2.13,43797,0,33,20.26,정상,0,0
GATE-06,PARKING-02,2026-02-01 05:00:00,40.26,4.63,23.35,3.45,2.38,43798,0,33,18.45,정상,0,0
GATE-06,PARKING-02,2026-02-01 06:00:00,45.89,5.15,23.68,3.52,2.42,43817,0,33,22.72,정상,0,0
GATE-06,PARKING-02,2026-02-01 07:00:00,44.77,5,23.91,3.64,2.09,43856,0,33,18.49,정상,0,0
GATE-06,PARKING-02,2026-02-01 08:00:00,46.95,5.38,24.1,3.58,2.38,43893,0,33,21.2,정상,0,0
GATE-06,PARKING-02,2026-02-01 09:00:00,46.89,5.45,23.65,3.64,2.01,43926,0,33,23.32,정상,0,0
GATE-06,PARKING-02,2026-02-01 10:00:00,44.15,5.5,23.4,3.31,2.53,43951,1,33,31.53,정상,0,0
GATE-06,PARKING-02,2026-02-01 11:00:00,40.18,5.85,23.76,2.88,2.01,43970,0,33,11.23,정상,0,0
GATE-06,PARKING-02,2026-02-01 12:00:00,43.18,4.99,23.73,3.42,2.16,43992,1,33,20.04,정상,0,0
GATE-06,PARKING-02,2026-02-01 13:00:00,45.09,5.69,23.1,3.47,2.27,44012,0,33,24.88,정상,0,0
GATE-06,PARKING-02,2026-02-01 14:00:00,44.68,5.72,23.61,3.67,2.34,44035,1,33,28.94,정상,0,0
GATE-06,PARKING-02,2026-02-01 15:00:00,46.38,5.13,23.42,3.51,2.14,44060,0,33,20.59,정상,0,0
GATE-06,PARKING-02,2026-02-01 16:00:00,43.27,5.48,23.81,3.58,2.59,44086,1,33,30.93,정상,0,0
GATE-06,PARKING-02,2026-02-01 17:00:00,46.92,6,23.3,3.37,2.12,44134,2,33,34.28,정상,0,0
GATE-06,PARKING-02,2026-02-01 18:00:00,46.23,5.86,23.66,3.5,2.26,44172,0,33,27.14,정상,0,0
GATE-06,PARKING-02,2026-02-01 19:00:00,46.56,5.95,23.67,3.86,2.35,44216,0,33,29.33,정상,0,0
GATE-06,PARKING-02,2026-02-01 20:00:00,44.16,5.01,24.06,3.43,2.43,44253,0,33,17.75,정상,0,0
GATE-06,PARKING-02,2026-02-01 21:00:00,42.29,5.55,23.79,3.55,2.14,44273,1,33,22.14,정상,0,0
GATE-06,PARKING-02,2026-02-01 22:00:00,46.81,6.47,23.9,3.52,2.23,44298,0,33,29.17,정상,0,0
GATE-06,PARKING-02,2026-02-01 23:00:00,45.81,5.61,23.75,3.45,2.37,44318,1,33,29.39,정상,0,0
GATE-06,PARKING-02,2026-02-02 00:00:00,43.09,5.41,23.76,3.59,2.48,44324,0,34,21.12,정상,0,0
GATE-06,PARKING-02,2026-02-02 01:00:00,41.8,4.56,23.57,3.36,2.5,44324,1,34,22.86,정상,0,0
GATE-06,PARKING-02,2026-02-02 02:00:00,42.27,4.83,23.38,3.57,2.31,44330,0,34,21.11,정상,0,0
GATE-06,PARKING-02,2026-02-02 03:00:00,42.63,5.24,23.74,3.44,2.26,44339,1,34,21.53,정상,0,0
GATE-06,PARKING-02,2026-02-02 04:00:00,39.03,4.85,23.35,3.2,2.32,44344,2,34,25.13,정상,0,0
GATE-06,PARKING-02,2026-02-02 05:00:00,39.87,5.05,23.1,3.54,2.31,44355,0,34,22.21,정상,0,0
GATE-06,PARKING-02,2026-02-02 06:00:00,39.91,5.5,23.67,3.44,2.24,44379,1,34,22.23,정상,0,0
GATE-06,PARKING-02,2026-02-02 07:00:00,45.28,6.36,23.51,3.28,2.28,44435,0,34,22.53,정상,0,0
GATE-06,PARKING-02,2026-02-02 08:00:00,47.25,4.87,24.13,3.67,2.35,44473,1,34,26.31,정상,0,0
GATE-06,PARKING-02,2026-02-02 09:00:00,45.37,5.97,23.28,3.64,1.95,44514,1,34,31.42,정상,0,0
GATE-06,PARKING-02,2026-02-02 10:00:00,46.83,4.71,24.11,3.39,2.44,44534,0,34,24.2,정상,0,0
GATE-06,PARKING-02,2026-02-02 11:00:00,43.47,5.23,23.23,3.47,2.26,44549,1,34,26.73,정상,0,0
GATE-06,PARKING-02,2026-02-02 12:00:00,43.72,5.32,23.41,3.44,2.39,44575,0,34,22.7,정상,0,0
GATE-06,PARKING-02,2026-02-02 13:00:00,42.3,4.86,22.95,3.52,2.39,44599,1,34,32.09,정상,0,0
GATE-06,PARKING-02,2026-02-02 14:00:00,41.4,5.07,23.81,3.45,2.39,44615,0,34,13.75,정상,0,0
GATE-06,PARKING-02,2026-02-02 15:00:00,47.74,5.13,24.14,3.33,2.18,44639,1,34,25.65,정상,0,0
GATE-06,PARKING-02,2026-02-02 16:00:00,44.87,5.54,23.93,3.52,2.58,44660,0,34,21.71,정상,0,0
GATE-06,PARKING-02,2026-02-02 17:00:00,46.54,5.87,23.75,3.43,2.06,44707,1,34,25.51,정상,0,0
GATE-06,PARKING-02,2026-02-02 18:00:00,48.17,6.04,23.68,4.02,2.47,44761,0,34,31.71,정상,0,0
GATE-06,PARKING-02,2026-02-02 19:00:00,46.86,5.53,23.76,3.3,2.57,44811,1,34,28.28,정상,0,0
GATE-06,PARKING-02,2026-02-02 20:00:00,46.47,5.46,23.13,3.48,2.03,44859,1,34,28.74,정상,0,0
GATE-06,PARKING-02,2026-02-02 21:00:00,45.29,5.33,23.36,3.58,2.31,44879,1,34,30.16,정상,0,0
GATE-06,PARKING-02,2026-02-02 22:00:00,45.73,5.88,23.68,3.72,2.39,44899,0,34,29.55,정상,0,0
GATE-06,PARKING-02,2026-02-02 23:00:00,42.15,5.14,23.23,3.63,2.43,44922,0,34,19.22,정상,0,0
GATE-06,PARKING-02,2026-02-03 00:00:00,41.71,5.04,23.72,3.39,2.52,44926,2,35,29.49,정상,0,0
GATE-06,PARKING-02,2026-02-03 01:00:00,42.23,4.8,23.67,3.34,2.24,44935,0,35,12.28,정상,0,0
GATE-06,PARKING-02,2026-02-03 02:00:00,41.24,4.84,23.65,3.42,2,44940,0,35,11.38,정상,0,0
GATE-06,PARKING-02,2026-02-03 03:00:00,40.66,5.23,23.5,3.33,2.44,44940,1,35,21.34,정상,0,0
GATE-06,PARKING-02,2026-02-03 04:00:00,40.98,5.17,24,3.43,2.49,44945,1,35,20.52,정상,0,0
GATE-06,PARKING-02,2026-02-03 05:00:00,43.59,4.49,23.25,3.46,2.19,44952,0,35,18.61,정상,0,0
GATE-06,PARKING-02,2026-02-03 06:00:00,43.06,5.34,23.77,3.57,2.43,44966,0,35,17.73,정상,0,0
GATE-06,PARKING-02,2026-02-03 07:00:00,45.81,6.37,23.43,3.35,2.19,45012,1,35,31.96,정상,0,0
GATE-06,PARKING-02,2026-02-03 08:00:00,44.29,5.34,23.63,3.76,2.28,45036,1,35,27.75,정상,0,0
GATE-06,PARKING-02,2026-02-03 09:00:00,46.77,6.02,23.71,3.31,2.05,45089,0,35,21.81,정상,0,0
GATE-06,PARKING-02,2026-02-03 10:00:00,43.54,5.6,23.47,3.72,2.24,45114,1,35,26.64,정상,0,0
GATE-06,PARKING-02,2026-02-03 11:00:00,45.61,4.93,23.53,3.79,2.14,45133,0,35,21.01,정상,0,0
GATE-06,PARKING-02,2026-02-03 12:00:00,44.89,5.07,23.63,3.2,2.28,45161,0,35,11.83,정상,0,0
GATE-06,PARKING-02,2026-02-03 13:00:00,41.58,5.23,23.61,3.62,2.1,45178,0,35,18.14,정상,0,0
GATE-06,PARKING-02,2026-02-03 14:00:00,44.95,5.66,23.86,3.58,2.44,45196,1,35,27.34,정상,0,0
GATE-06,PARKING-02,2026-02-03 15:00:00,47.8,4.98,23.17,3.5,2.27,45217,1,35,31.78,정상,0,0
GATE-06,PARKING-02,2026-02-03 16:00:00,43.01,5.39,23.76,3.97,2.2,45237,0,35,20.37,정상,0,0
GATE-06,PARKING-02,2026-02-03 17:00:00,44.55,5.17,23.34,3.54,1.98,45268,0,35,21.81,정상,0,0
GATE-06,PARKING-02,2026-02-03 18:00:00,46.64,6.17,23.46,3.56,2.22,45304,0,35,31.17,정상,0,0
GATE-06,PARKING-02,2026-02-03 19:00:00,43.98,5.8,23.61,3.59,2.47,45343,1,35,27.84,정상,0,0
GATE-06,PARKING-02,2026-02-03 20:00:00,44.53,5.14,23.52,3.65,2.46,45372,1,35,28.75,정상,0,0
GATE-06,PARKING-02,2026-02-03 21:00:00,49.46,5.45,23.54,3.42,2.66,45402,0,35,29.4,정상,0,0
GATE-06,PARKING-02,2026-02-03 22:00:00,45.65,4.76,23.37,3.69,2.4,45425,2,35,34.43,정상,0,0
GATE-06,PARKING-02,2026-02-03 23:00:00,44.66,5.52,23.74,3.62,2.38,45443,1,35,28.2,정상,0,0
GATE-06,PARKING-02,2026-02-04 00:00:00,38.76,4.67,23.26,3.85,2.36,45445,1,36,23.25,정상,0,0
GATE-06,PARKING-02,2026-02-04 01:00:00,39.88,5.23,23.67,3.64,2.79,45454,0,36,20.66,정상,0,0
GATE-06,PARKING-02,2026-02-04 02:00:00,41.5,5.21,23.13,3.63,2.31,45454,0,36,20.7,정상,0,0
GATE-06,PARKING-02,2026-02-04 03:00:00,41.15,5.29,23.44,3.57,2.4,45460,0,36,17.48,정상,0,0
GATE-06,PARKING-02,2026-02-04 04:00:00,44.39,5.11,23.31,3.44,2.26,45460,0,36,23.06,정상,0,0
GATE-06,PARKING-02,2026-02-04 05:00:00,40.6,4.92,23.61,3.57,2.51,45460,1,36,23.58,정상,0,0
GATE-06,PARKING-02,2026-02-04 06:00:00,47.72,5.26,22.95,3.58,2.17,45493,0,36,28.23,정상,0,0
GATE-06,PARKING-02,2026-02-04 07:00:00,49,5.43,23.26,3.24,2.13,45534,1,36,32.56,정상,0,0
GATE-06,PARKING-02,2026-02-04 08:00:00,47.08,5.73,23.83,3.53,2.56,45585,0,36,32.37,정상,0,0
GATE-06,PARKING-02,2026-02-04 09:00:00,45.73,5.66,23.29,3.64,2.37,45612,1,36,31.8,정상,0,0
GATE-06,PARKING-02,2026-02-04 10:00:00,44.41,5.86,23.68,3.87,2.45,45633,1,36,33.06,정상,0,0
GATE-06,PARKING-02,2026-02-04 11:00:00,44.47,5.54,23.61,3.84,2.22,45657,0,36,24.11,정상,0,0
GATE-06,PARKING-02,2026-02-04 12:00:00,44.53,4.91,23.39,3.77,2.29,45674,1,36,27.89,정상,0,0
GATE-06,PARKING-02,2026-02-04 13:00:00,44.07,5.59,24.16,3.63,2.16,45691,0,36,20.63,정상,0,0
GATE-06,PARKING-02,2026-02-04 14:00:00,43.69,5.19,23.92,3.3,2.25,45703,1,36,19.27,정상,0,0
GATE-06,PARKING-02,2026-02-04 15:00:00,43.62,5.89,23.45,3.71,2.34,45728,1,36,30.47,정상,0,0
GATE-06,PARKING-02,2026-02-04 16:00:00,44.43,5.01,23.61,3.94,2.55,45742,0,36,27,정상,0,0
GATE-06,PARKING-02,2026-02-04 17:00:00,49.11,5.84,23.14,3.62,2.46,45782,2,36,43.93,주의,0,0
GATE-06,PARKING-02,2026-02-04 18:00:00,45.59,5.58,23.34,3.27,2.38,45821,1,36,29.22,정상,0,0
GATE-06,PARKING-02,2026-02-04 19:00:00,49.04,6.34,23.53,3.62,1.99,45869,1,36,38.11,정상,0,0
GATE-06,PARKING-02,2026-02-04 20:00:00,47.98,6.16,23.7,3.61,2.38,45912,1,36,33.52,정상,0,0
GATE-06,PARKING-02,2026-02-04 21:00:00,46.47,5.33,23.69,3.69,2.47,45939,0,36,24.99,정상,0,0
GATE-06,PARKING-02,2026-02-04 22:00:00,45.97,5.2,23.88,3.52,2.67,45963,1,36,27.35,정상,0,0
GATE-06,PARKING-02,2026-02-04 23:00:00,45.14,5.39,23.6,3.35,2.33,45992,0,36,21.6,정상,0,0
GATE-06,PARKING-02,2026-02-05 00:00:00,40.46,5.27,23.6,3.53,2.74,46001,0,37,21.49,정상,0,0
GATE-06,PARKING-02,2026-02-05 01:00:00,41.49,4.69,23.31,3.7,2.63,46002,0,37,22.38,정상,0,0
GATE-06,PARKING-02,2026-02-05 02:00:00,41.41,5.31,23.69,3.46,2.07,46006,0,37,17.72,정상,0,0
GATE-06,PARKING-02,2026-02-05 03:00:00,40.8,4.96,23.66,3.67,2.42,46014,1,37,23.71,정상,0,0
GATE-06,PARKING-02,2026-02-05 04:00:00,42.21,4.99,23.39,3.61,2.15,46014,1,37,25.33,정상,0,0
GATE-06,PARKING-02,2026-02-05 05:00:00,43.33,5.55,23.58,3.38,2.3,46023,1,37,23.14,정상,0,0
GATE-06,PARKING-02,2026-02-05 06:00:00,43.67,4.98,23.85,3.68,2.54,46046,0,37,16.52,정상,0,0
GATE-06,PARKING-02,2026-02-05 07:00:00,44,5.26,23.74,3.75,2.33,46080,1,37,25.13,정상,0,0
GATE-06,PARKING-02,2026-02-05 08:00:00,51.69,6.75,23.68,3.49,2.23,46141,0,37,33.72,정상,0,0
GATE-06,PARKING-02,2026-02-05 09:00:00,49.68,5.95,23.94,3.88,2.61,46191,0,37,33.1,정상,0,0
GATE-06,PARKING-02,2026-02-05 10:00:00,47.06,5.49,23.75,3.72,2.4,46217,1,37,31.5,정상,0,0
GATE-06,PARKING-02,2026-02-05 11:00:00,44.33,5.27,23.65,3.49,2.24,46233,2,37,30.75,정상,0,0
GATE-06,PARKING-02,2026-02-05 12:00:00,45.08,5.03,23.94,3.61,2.02,46255,0,37,19.04,정상,0,0
GATE-06,PARKING-02,2026-02-05 13:00:00,45.63,5.64,23.94,3.5,2.21,46278,1,37,27.42,정상,0,0
GATE-06,PARKING-02,2026-02-05 14:00:00,45.16,5.66,23.68,3.64,2.37,46297,0,37,24.8,정상,0,0
GATE-06,PARKING-02,2026-02-05 15:00:00,43.78,5.19,23.7,3.67,2.46,46321,1,37,26.12,정상,0,0
GATE-06,PARKING-02,2026-02-05 16:00:00,45.6,5.49,23.69,3.71,2.45,46348,0,37,27.7,정상,0,0
GATE-06,PARKING-02,2026-02-05 17:00:00,47.3,5.56,23.12,3.73,2.54,46398,0,37,30.77,정상,0,0
GATE-06,PARKING-02,2026-02-05 18:00:00,46.17,5.71,23.44,3.77,2.43,46440,0,37,30.07,정상,0,0
GATE-06,PARKING-02,2026-02-05 19:00:00,47.18,5.44,23.8,3.39,2.45,46484,0,37,22.63,정상,0,0
GATE-06,PARKING-02,2026-02-05 20:00:00,46.26,6.07,23.97,3.51,2.09,46526,0,37,22.54,정상,0,0
GATE-06,PARKING-02,2026-02-05 21:00:00,43.62,5.73,23.77,3.68,2.14,46551,0,37,16.37,정상,0,0
GATE-06,PARKING-02,2026-02-05 22:00:00,46.55,5.65,23.42,3.68,2.12,46572,1,37,28.39,정상,0,0
GATE-06,PARKING-02,2026-02-05 23:00:00,41.31,5.28,23.88,3.83,2.52,46593,0,37,19.38,정상,0,0
GATE-06,PARKING-02,2026-02-06 00:00:00,41.52,4.75,23.43,3.43,2.48,46599,1,38,20.61,정상,0,0
GATE-06,PARKING-02,2026-02-06 01:00:00,44.72,4.93,23.81,3.67,2.29,46606,0,38,19.33,정상,0,0
GATE-06,PARKING-02,2026-02-06 02:00:00,41.67,5.4,23.41,3.71,2.44,46608,2,38,30.7,정상,0,0
GATE-06,PARKING-02,2026-02-06 03:00:00,44.51,5.48,23.51,3.45,2.75,46610,1,38,35.56,정상,0,0
GATE-06,PARKING-02,2026-02-06 04:00:00,47.07,5.83,23.58,3.59,2.47,46621,1,38,33.78,정상,0,0
GATE-06,PARKING-02,2026-02-06 05:00:00,42.14,5.56,23.46,3.83,2.36,46627,1,38,28.21,정상,0,0
GATE-06,PARKING-02,2026-02-06 06:00:00,44.32,5.09,23.77,3.81,2.43,46643,1,38,24.15,정상,0,0
GATE-06,PARKING-02,2026-02-06 07:00:00,49.8,6.07,23.63,3.34,2.5,46695,1,38,38.09,정상,0,0
GATE-06,PARKING-02,2026-02-06 08:00:00,48.78,5.41,23.28,3.55,2.55,46736,1,38,36.22,정상,0,0
GATE-06,PARKING-02,2026-02-06 09:00:00,47.22,5.65,24.29,3.69,2.43,46775,2,38,35.07,정상,0,0
GATE-06,PARKING-02,2026-02-06 10:00:00,45.65,5.35,23.37,3.63,2.26,46799,1,38,25.55,정상,0,0
GATE-06,PARKING-02,2026-02-06 11:00:00,47.29,5.95,23.56,3.29,2.4,46829,1,38,29.97,정상,0,0
GATE-06,PARKING-02,2026-02-06 12:00:00,44.66,5.34,23.6,3.82,2.39,46851,0,38,25.1,정상,0,0
GATE-06,PARKING-02,2026-02-06 13:00:00,43.47,5.21,23.13,3.6,2.48,46869,1,38,30.55,정상,0,0
GATE-06,PARKING-02,2026-02-06 14:00:00,41.1,5.34,23.36,3.56,2.27,46893,1,38,22.39,정상,0,0
GATE-06,PARKING-02,2026-02-06 15:00:00,45.83,5.99,23.72,3.46,2.56,46916,0,38,24.2,정상,0,0
GATE-06,PARKING-02,2026-02-06 16:00:00,43.78,6,23.44,3.91,2.36,46942,1,38,35.54,정상,0,0
GATE-06,PARKING-02,2026-02-06 17:00:00,47.7,5.63,23.72,3.56,2.61,46978,0,38,28.97,정상,0,0
GATE-06,PARKING-02,2026-02-06 18:00:00,48.61,6.1,23.68,3.67,2.38,47026,0,38,31.06,정상,0,0
GATE-06,PARKING-02,2026-02-06 19:00:00,48.72,6.46,23.89,3.49,2.01,47079,1,38,32.5,정상,0,0
GATE-06,PARKING-02,2026-02-06 20:00:00,47.71,6.15,23.57,3.75,2.55,47124,1,38,35.1,정상,0,0
GATE-06,PARKING-02,2026-02-06 21:00:00,46.98,5.28,23.19,3.92,2.71,47139,1,38,38.17,정상,0,0
GATE-06,PARKING-02,2026-02-06 22:00:00,45.48,6.04,23.78,3.83,2.53,47161,0,38,29.88,정상,0,0
GATE-06,PARKING-02,2026-02-06 23:00:00,44.3,6,23.37,3.95,2.48,47175,0,38,29.5,정상,0,0
GATE-06,PARKING-02,2026-02-07 00:00:00,46.63,5.81,23.74,4.03,3.06,47184,1,39,41.04,주의,0,0
GATE-06,PARKING-02,2026-02-07 01:00:00,45.25,5.99,23.24,4.02,2.9,47184,0,39,30.32,정상,0,0
GATE-06,PARKING-02,2026-02-07 02:00:00,44.12,6.09,23.51,4,3.26,47186,1,39,38.11,정상,0,0
GATE-06,PARKING-02,2026-02-07 03:00:00,51.96,6.42,23.37,4.22,2.91,47195,1,39,52.55,주의,0,0
GATE-06,PARKING-02,2026-02-07 04:00:00,46.16,6.01,23.31,4,3.02,47197,0,39,37.33,정상,0,0
GATE-06,PARKING-02,2026-02-07 05:00:00,48.87,6.53,23.37,4.19,3.62,47204,2,39,63.75,주의,0,0
GATE-06,PARKING-02,2026-02-07 06:00:00,49.97,6.49,23.53,4.17,3.2,47231,2,39,56.12,주의,0,0
GATE-06,PARKING-02,2026-02-07 07:00:00,50.87,7.15,23.25,4.54,3.4,47266,1,39,60.98,주의,0,0
GATE-06,PARKING-02,2026-02-07 08:00:00,53.53,7.21,23.29,4.31,3.72,47311,2,39,66.78,주의,0,0
GATE-06,PARKING-02,2026-02-07 09:00:00,53.44,7.27,23.19,4.5,3.35,47351,3,39,75.53,주의,0,0
GATE-06,PARKING-02,2026-02-07 10:00:00,50.25,7.17,23.14,4.47,3.37,47372,2,39,65.22,주의,0,0
GATE-06,PARKING-02,2026-02-07 11:00:00,52.71,7.02,23.2,4.58,3.62,47399,2,39,67.28,주의,0,0
GATE-06,PARKING-02,2026-02-07 12:00:00,51.98,7.26,23.39,4.69,4.18,47419,3,39,75.4,주의,0,0
GATE-06,PARKING-02,2026-02-07 13:00:00,50.39,6.99,23.47,4.77,4.04,47437,3,39,72.3,주의,0,0
GATE-06,PARKING-02,2026-02-07 14:00:00,51.79,7.44,23.3,4.98,4.19,47452,2,39,73.46,주의,0,0
GATE-06,PARKING-02,2026-02-07 15:00:00,53.06,7.51,23.59,5,4.38,47471,3,39,80.85,주의,0,0
GATE-06,PARKING-02,2026-02-07 16:00:00,54.77,7.05,22.97,5.09,4.24,47489,3,39,87.8,주의,0,0
GATE-06,PARKING-02,2026-02-07 17:00:00,56.05,8.01,22.79,5,4.45,47525,3,39,94.57,위험,0,0
GATE-06,PARKING-02,2026-02-07 18:00:00,57.16,7.88,22.74,5.38,4.27,47577,3,39,98.11,위험,0,1
GATE-06,PARKING-02,2026-02-07 19:00:00,55.64,7.92,22.64,5.04,4.3,47611,2,39,89.13,주의,0,0
GATE-06,PARKING-02,2026-02-07 20:00:00,60.8,7.73,22.65,5.03,4.62,47659,4,39,100,위험,0,0
GATE-06,PARKING-02,2026-02-07 21:00:00,53.31,7.25,22.98,5.19,4.68,47677,3,39,91.32,주의,0,0
GATE-06,PARKING-02,2026-02-07 22:00:00,53.91,8.12,23.06,5.12,4.88,47693,4,39,100,위험,0,0
GATE-06,PARKING-02,2026-02-07 23:00:00,54.67,7.87,22.98,5.27,4.56,47706,5,39,100,위험,0,0
GATE-06,PARKING-02,2026-02-08 00:00:00,55.38,7.79,22.49,5.29,4.87,47709,4,40,100,위험,0,0
GATE-06,PARKING-02,2026-02-08 01:00:00,54.11,7.67,22.64,5.41,4.64,47714,5,40,100,위험,0,1
GATE-06,PARKING-02,2026-02-08 02:00:00,56.9,8.48,22.51,5.34,4.77,47723,5,40,100,위험,0,0
GATE-06,PARKING-02,2026-02-08 03:00:00,54.3,7.87,22.78,5.73,5.34,47726,3,40,100,위험,0,0
GATE-06,PARKING-02,2026-02-08 04:00:00,55.35,8.59,22.92,5.63,5.13,47734,5,40,100,위험,0,0
GATE-06,PARKING-02,2026-02-08 05:00:00,58.8,8.51,22.72,5.54,5.33,47741,5,40,100,위험,0,0
GATE-06,PARKING-02,2026-02-08 06:00:00,57.03,8.6,22.75,5.92,5.39,47752,5,40,100,위험,0,0
GATE-06,PARKING-02,2026-02-08 07:00:00,47.56,5.35,23.5,3.83,2.55,47776,0,40,27.81,정상,0,0
GATE-06,PARKING-02,2026-02-08 08:00:00,47.55,5.94,23.35,3.67,2.38,47820,1,40,37.28,정상,0,0
GATE-06,PARKING-02,2026-02-08 09:00:00,46.99,6.07,23.53,3.86,2.21,47870,0,40,30.15,정상,0,0
GATE-06,PARKING-02,2026-02-08 10:00:00,44.64,5.8,23.72,3.63,2.54,47895,1,40,25.25,정상,0,0
GATE-06,PARKING-02,2026-02-08 11:00:00,45.28,5.7,23.62,3.49,2.46,47919,1,40,26.73,정상,0,0
GATE-06,PARKING-02,2026-02-08 12:00:00,47.14,5.75,23.91,3.56,2.69,47941,0,40,26.02,정상,0,0
GATE-06,PARKING-02,2026-02-08 13:00:00,47,5.24,23.35,3.92,2.42,47955,0,40,31.76,정상,0,0
GATE-06,PARKING-02,2026-02-08 14:00:00,47.53,5.6,23.74,3.63,2.6,47985,1,40,36.75,정상,0,0
GATE-06,PARKING-02,2026-02-08 15:00:00,45.44,5.75,23.43,3.78,2.33,48010,0,40,29.68,정상,0,0
GATE-06,PARKING-02,2026-02-08 16:00:00,45.22,5.77,22.98,3.74,2.41,48041,1,40,35.9,정상,0,0
GATE-06,PARKING-02,2026-02-08 17:00:00,45.91,6.2,23.52,3.53,3.17,48080,0,40,33.11,정상,0,0
GATE-06,PARKING-02,2026-02-08 18:00:00,47.62,6.02,23.11,3.71,2.73,48131,0,40,38.53,주의,0,0
GATE-06,PARKING-02,2026-02-08 19:00:00,44.27,6.24,23.46,3.65,2.44,48165,0,40,26.17,정상,0,0
GATE-06,PARKING-02,2026-02-08 20:00:00,47.24,5.43,23.36,3.6,2.4,48205,1,40,26.22,정상,0,0
GATE-06,PARKING-02,2026-02-08 21:00:00,44.86,5.79,23.36,3.56,2.54,48239,0,40,24.14,정상,0,0
GATE-06,PARKING-02,2026-02-08 22:00:00,45.18,5.54,23.51,3.8,2.57,48262,1,40,29.32,정상,0,0
GATE-06,PARKING-02,2026-02-08 23:00:00,48.88,5.9,22.99,3.47,2.63,48294,1,40,38.69,주의,0,0
GATE-06,PARKING-02,2026-02-09 00:00:00,44.3,5.96,23.63,3.43,2.32,48299,0,41,23.33,정상,0,0
GATE-06,PARKING-02,2026-02-09 01:00:00,44.2,5.19,23.04,3.78,2.81,48299,1,41,33.41,정상,0,0
GATE-06,PARKING-02,2026-02-09 02:00:00,43.76,5.4,23.18,3.8,2.69,48317,0,41,27.79,정상,0,0
GATE-06,PARKING-02,2026-02-09 03:00:00,44.31,4.89,23.76,3.66,2.36,48323,0,41,21.42,정상,0,0
GATE-06,PARKING-02,2026-02-09 04:00:00,44.85,5.49,23.67,3.67,2.36,48330,0,41,23.06,정상,0,0
GATE-06,PARKING-02,2026-02-09 05:00:00,42.9,5.04,23.52,3.62,2.59,48337,1,41,26.41,정상,0,0
GATE-06,PARKING-02,2026-02-09 06:00:00,44.4,5.5,22.99,3.7,2.69,48363,0,41,31.23,정상,0,0
GATE-06,PARKING-02,2026-02-09 07:00:00,48.9,5.67,23.93,3.81,2.23,48404,1,41,33.64,정상,0,0
GATE-06,PARKING-02,2026-02-09 08:00:00,45.56,5.9,23.25,3.81,2.71,48444,0,41,31.99,정상,0,0
GATE-06,PARKING-02,2026-02-09 09:00:00,48,6.28,23.94,3.81,2.5,48478,2,41,41.78,주의,0,0
GATE-06,PARKING-02,2026-02-09 10:00:00,42.54,5.48,23.44,3.46,2.74,48488,0,41,24.24,정상,0,0
GATE-06,PARKING-02,2026-02-09 11:00:00,47.16,5.79,23.41,3.65,2.36,48520,0,41,30,정상,0,0
GATE-06,PARKING-02,2026-02-09 12:00:00,44.35,5.14,23.39,3.9,2.35,48546,1,41,29.35,정상,0,0
GATE-06,PARKING-02,2026-02-09 13:00:00,44.92,5.45,23.29,3.44,2.66,48559,0,41,26.18,정상,0,0
GATE-06,PARKING-02,2026-02-09 14:00:00,45.81,5.49,23.72,3.87,2.35,48584,0,41,29.66,정상,0,0
GATE-06,PARKING-02,2026-02-09 15:00:00,45.74,5.42,23.72,3.64,2.77,48609,1,41,32.07,정상,0,0
GATE-06,PARKING-02,2026-02-09 16:00:00,46.03,5.69,23.45,3.67,2.53,48630,1,41,36.74,정상,0,0
GATE-06,PARKING-02,2026-02-09 17:00:00,48.02,5.66,23.64,3.65,2.85,48678,1,41,35.73,정상,0,0
GATE-06,PARKING-02,2026-02-09 18:00:00,50.16,5.73,23.4,3.37,2.33,48722,1,41,37.02,정상,0,0
GATE-06,PARKING-02,2026-02-09 19:00:00,48.02,6.29,23.71,3.75,2.3,48762,0,41,30.92,정상,0,0
GATE-06,PARKING-02,2026-02-09 20:00:00,46.81,6.05,23.9,3.6,2.44,48804,0,41,28.46,정상,0,0
GATE-06,PARKING-02,2026-02-09 21:00:00,46.1,5.24,23.83,3.74,2.5,48827,0,41,28.77,정상,0,0
GATE-06,PARKING-02,2026-02-09 22:00:00,43.35,5.83,23.81,3.51,2.29,48849,0,41,17.61,정상,0,0
GATE-06,PARKING-02,2026-02-09 23:00:00,47.73,5.95,23.42,3.75,2.29,48874,0,41,24.9,정상,0,0
GATE-06,PARKING-02,2026-02-10 00:00:00,44.11,5.68,23.75,3.53,2.65,48879,1,42,30.88,정상,0,0
GATE-06,PARKING-02,2026-02-10 01:00:00,44.73,5.13,23.72,3.59,2.17,48892,1,42,27.03,정상,0,0
GATE-06,PARKING-02,2026-02-10 02:00:00,43.82,5.19,23.67,3.73,2.53,48897,0,42,24.33,정상,0,0
GATE-06,PARKING-02,2026-02-10 03:00:00,43.65,5.11,23.4,3.89,2.62,48910,1,42,29.61,정상,0,0
GATE-06,PARKING-02,2026-02-10 04:00:00,42.43,5.9,23.67,4.01,2.85,48910,1,42,35.15,정상,0,0
GATE-06,PARKING-02,2026-02-10 05:00:00,45.92,5.45,23.64,3.64,2.8,48911,1,42,31.87,정상,0,0
GATE-06,PARKING-02,2026-02-10 06:00:00,47.36,5.51,23.62,3.64,2.15,48942,1,42,28.31,정상,0,0
GATE-06,PARKING-02,2026-02-10 07:00:00,47.66,6.24,23.69,3.61,2.66,48978,1,42,35.98,정상,0,0
GATE-06,PARKING-02,2026-02-10 08:00:00,46.24,6.1,23.42,4.19,2.52,49014,1,42,33.11,정상,0,0
GATE-06,PARKING-02,2026-02-10 09:00:00,46.53,6.36,23.43,3.77,2.6,49063,0,42,33.78,정상,0,0
GATE-06,PARKING-02,2026-02-10 10:00:00,44.92,5.73,23.64,3.72,2.5,49091,1,42,27.56,정상,0,0
GATE-06,PARKING-02,2026-02-10 11:00:00,43.45,5.3,23.59,3.89,2.44,49113,0,42,24.55,정상,0,0
GATE-06,PARKING-02,2026-02-10 12:00:00,44.29,5.87,23.75,3.58,2.67,49139,0,42,25.18,정상,0,0
GATE-06,PARKING-02,2026-02-10 13:00:00,44.33,5.61,23.55,3.61,2.75,49162,1,42,30.24,정상,0,0
GATE-06,PARKING-02,2026-02-10 14:00:00,44.79,5.71,23.76,3.82,2.57,49182,0,42,26.63,정상,0,0
GATE-06,PARKING-02,2026-02-10 15:00:00,45.07,5.29,23.33,3.86,2.76,49213,0,42,31.04,정상,0,0
GATE-06,PARKING-02,2026-02-10 16:00:00,45.31,6.17,23.37,3.84,2.31,49237,2,42,39.43,주의,0,0
GATE-06,PARKING-02,2026-02-10 17:00:00,49.94,6,23.72,3.68,2.27,49290,1,42,35.6,정상,0,0
GATE-06,PARKING-02,2026-02-10 18:00:00,50.46,5.55,23.41,3.94,2.51,49343,0,42,34.93,정상,0,0
GATE-06,PARKING-02,2026-02-10 19:00:00,46.22,5.86,23.46,3.56,2.73,49388,1,42,32.76,정상,0,0
GATE-06,PARKING-02,2026-02-10 20:00:00,47.86,6.4,23.7,3.85,2.38,49428,1,42,43.26,주의,0,0
GATE-06,PARKING-02,2026-02-10 21:00:00,45.73,5.39,23.32,3.48,2.69,49448,1,42,29.68,정상,0,0
GATE-06,PARKING-02,2026-02-10 22:00:00,48.13,5.9,23.4,3.81,2.64,49471,0,42,35.18,정상,0,0
GATE-06,PARKING-02,2026-02-10 23:00:00,46.78,5.46,23.66,3.65,2.32,49494,1,42,30.02,정상,0,0
GATE-06,PARKING-02,2026-02-11 00:00:00,41.44,5.06,23.34,3.83,2.49,49495,2,43,34.91,정상,0,0
GATE-06,PARKING-02,2026-02-11 01:00:00,44.34,5.75,23.44,3.73,2.57,49502,1,43,29.52,정상,0,0
GATE-06,PARKING-02,2026-02-11 02:00:00,44.01,5.61,23.31,3.69,2.47,49506,1,43,30.13,정상,0,0
GATE-06,PARKING-02,2026-02-11 03:00:00,44.45,6.06,23.16,3.67,2.57,49507,1,43,36.86,정상,0,0
GATE-06,PARKING-02,2026-02-11 04:00:00,43.42,5.18,23.89,3.5,2.91,49514,2,43,31.6,정상,0,0
GATE-06,PARKING-02,2026-02-11 05:00:00,42.08,5.33,23.29,3.96,2.45,49526,0,43,26.43,정상,0,0
GATE-06,PARKING-02,2026-02-11 06:00:00,47.89,5.2,23.88,3.9,2.72,49552,0,43,27.23,정상,0,0
GATE-06,PARKING-02,2026-02-11 07:00:00,47.11,6.32,24.08,3.98,2.81,49587,0,43,36.08,정상,0,0
GATE-06,PARKING-02,2026-02-11 08:00:00,45.21,5.67,23.28,3.76,2.53,49626,0,43,29.07,정상,0,0
GATE-06,PARKING-02,2026-02-11 09:00:00,49.35,6.24,23.2,3.62,2.76,49674,2,43,50.12,주의,0,0
GATE-06,PARKING-02,2026-02-11 10:00:00,46.81,5.46,23.77,3.55,2.6,49692,0,43,26.25,정상,0,0
GATE-06,PARKING-02,2026-02-11 11:00:00,47.26,5.96,23.46,3.82,2.43,49713,1,43,38.64,주의,0,0
GATE-06,PARKING-02,2026-02-11 12:00:00,45.5,5.58,23.8,4.16,2.7,49734,1,43,36.31,정상,0,0
GATE-06,PARKING-02,2026-02-11 13:00:00,44.09,5.51,23.89,3.96,3.05,49758,1,43,32.13,정상,0,0
GATE-06,PARKING-02,2026-02-11 14:00:00,47.62,5.84,23.64,3.82,2.46,49780,1,43,35.13,정상,0,0
GATE-06,PARKING-02,2026-02-11 15:00:00,47.7,6,23.55,3.53,2.56,49805,0,43,28.83,정상,0,0
GATE-07,PARKING-01,2026-01-01 00:00:00,34.14,3.03,24.17,2.73,0.56,32350,1,36,3.43,정상,0,0
GATE-07,PARKING-01,2026-01-01 01:00:00,34.93,3.47,23.5,2.28,0.53,32350,1,36,6.24,정상,0,0
GATE-07,PARKING-01,2026-01-01 02:00:00,35.6,3.25,24.08,2.42,0.48,32350,0,36,0,정상,0,0
GATE-07,PARKING-01,2026-01-01 03:00:00,34.69,3.29,24.14,2.41,0.54,32354,0,36,2.72,정상,0,0
GATE-07,PARKING-01,2026-01-01 04:00:00,35.92,3.25,24.46,2.25,0.79,32354,0,36,2.91,정상,0,0
GATE-07,PARKING-01,2026-01-01 05:00:00,36.12,3.38,23.91,2.46,0.59,32361,0,36,1.07,정상,0,0
GATE-07,PARKING-01,2026-01-01 06:00:00,36.14,4.3,24.28,2.36,0.49,32384,0,36,2.42,정상,0,0
GATE-07,PARKING-01,2026-01-01 07:00:00,43.27,4.42,24,2.56,1.04,32426,1,36,5.7,정상,0,0
GATE-07,PARKING-01,2026-01-01 08:00:00,38.13,3.99,23.93,2.33,0.83,32458,0,36,0,정상,0,0
GATE-07,PARKING-01,2026-01-01 09:00:00,38.99,4.28,24.53,2.17,0.56,32500,0,36,4.02,정상,0,0
GATE-07,PARKING-01,2026-01-01 10:00:00,40.28,3.74,23.97,2.68,0.92,32527,0,36,0,정상,0,0
GATE-07,PARKING-01,2026-01-01 11:00:00,37.07,3.87,23.95,2.39,0.81,32551,0,36,0,정상,0,0
GATE-07,PARKING-01,2026-01-01 12:00:00,35.43,3.61,24.16,2.57,0.74,32578,0,36,0,정상,0,0
GATE-07,PARKING-01,2026-01-01 13:00:00,36.94,3.58,24.02,2.27,0.77,32602,0,36,3.14,정상,0,0
GATE-07,PARKING-01,2026-01-01 14:00:00,35.41,4.12,24.2,2.69,0.56,32617,0,36,0,정상,0,0
GATE-07,PARKING-01,2026-01-01 15:00:00,37.2,3.68,24.65,2.6,0.67,32642,0,36,3.53,정상,0,0
GATE-07,PARKING-01,2026-01-01 16:00:00,37.96,3.54,24.31,2.18,0.98,32659,0,36,4.29,정상,0,0
GATE-07,PARKING-01,2026-01-01 17:00:00,35.83,3.91,24.34,2.36,0.73,32700,0,36,0.05,정상,0,0
GATE-07,PARKING-01,2026-01-01 18:00:00,35.77,4.09,24.24,2.13,0.7,32737,0,36,3.41,정상,0,0
GATE-07,PARKING-01,2026-01-01 19:00:00,37.85,3.64,24.32,2.6,0.8,32772,1,36,9.83,정상,0,0
GATE-07,PARKING-01,2026-01-01 20:00:00,39.43,3.86,23.71,2.54,0.59,32808,0,36,0,정상,0,0
GATE-07,PARKING-01,2026-01-01 21:00:00,35.49,3.86,23.84,2.46,0.75,32832,0,36,0,정상,0,0
GATE-07,PARKING-01,2026-01-01 22:00:00,38.46,3.9,24.07,2.38,0.9,32856,1,36,8.89,정상,0,0
GATE-07,PARKING-01,2026-01-01 23:00:00,35.26,3.49,24.08,2.34,0.76,32876,0,36,1.64,정상,0,0
GATE-07,PARKING-01,2026-01-02 00:00:00,35.71,3.14,24.23,2.19,0.78,32879,1,37,5.17,정상,0,0
GATE-07,PARKING-01,2026-01-02 01:00:00,32.35,3.47,23.86,2.23,0.62,32884,1,37,7.26,정상,0,0
GATE-07,PARKING-01,2026-01-02 02:00:00,37.57,3.8,24.18,2.39,0.59,32896,0,37,0,정상,0,0
GATE-07,PARKING-01,2026-01-02 03:00:00,35.79,3.75,24.14,2.48,0.62,32904,0,37,0.34,정상,0,0
GATE-07,PARKING-01,2026-01-02 04:00:00,34.13,3.58,23.88,2.51,0.77,32912,0,37,0,정상,0,0
GATE-07,PARKING-01,2026-01-02 05:00:00,34.34,3.53,24.31,2.64,0.8,32919,1,37,6.48,정상,0,0
GATE-07,PARKING-01,2026-01-02 06:00:00,39.2,4.33,24.21,2.21,0.89,32950,0,37,0.82,정상,0,0
GATE-07,PARKING-01,2026-01-02 07:00:00,41,4.38,24.07,2.24,0.89,32991,2,37,10.82,정상,0,0
GATE-07,PARKING-01,2026-01-02 08:00:00,39.42,4.29,24,2.48,0.9,33034,0,37,0,정상,0,0
GATE-07,PARKING-01,2026-01-02 09:00:00,40.88,4.16,24,2.58,0.58,33086,1,37,3.32,정상,0,0
GATE-07,PARKING-01,2026-01-02 10:00:00,34.5,3.38,24.19,2.2,0.52,33101,1,37,6.21,정상,0,0
GATE-07,PARKING-01,2026-01-02 11:00:00,37.97,4.04,24.19,2.42,1.07,33128,1,37,2.95,정상,0,0
GATE-07,PARKING-01,2026-01-02 12:00:00,36.37,4.18,24.32,2.26,0.73,33145,0,37,1.49,정상,0,0
GATE-07,PARKING-01,2026-01-02 13:00:00,37.87,3.77,23.93,2.48,0.81,33169,0,37,0,정상,0,0
GATE-07,PARKING-01,2026-01-02 14:00:00,35.11,4.57,24.13,2.58,1.08,33195,0,37,2.17,정상,0,0
GATE-07,PARKING-01,2026-01-02 15:00:00,35.11,3.75,23.91,2.16,0.62,33212,0,37,2.25,정상,0,0
GATE-07,PARKING-01,2026-01-02 16:00:00,38.53,3.44,23.77,2.31,0.81,33236,1,37,7.55,정상,0,0
GATE-07,PARKING-01,2026-01-02 17:00:00,39.78,4.42,24.27,2.18,0.58,33280,0,37,3.99,정상,0,0
GATE-07,PARKING-01,2026-01-02 18:00:00,39.88,3.45,24.33,2.27,0.7,33327,1,37,8.68,정상,0,0
GATE-07,PARKING-01,2026-01-02 19:00:00,40.75,3.5,24.44,2.31,0.57,33363,0,37,0,정상,0,0
GATE-07,PARKING-01,2026-01-02 20:00:00,40.54,3.83,24.17,2.29,0.57,33406,0,37,0.3,정상,0,0
GATE-07,PARKING-01,2026-01-02 21:00:00,40.04,3.83,23.75,2.77,0.76,33434,1,37,4.88,정상,0,0
GATE-07,PARKING-01,2026-01-02 22:00:00,37.53,3.78,23.98,2.49,0.78,33461,0,37,0.4,정상,0,0
GATE-07,PARKING-01,2026-01-02 23:00:00,36.76,3.31,24.35,2.47,0.84,33482,1,37,7.73,정상,0,0
GATE-07,PARKING-01,2026-01-03 00:00:00,36.89,3.51,24.07,2.38,0.6,33492,0,38,0,정상,0,0
GATE-07,PARKING-01,2026-01-03 01:00:00,35.73,3.02,23.65,2.47,0.63,33500,1,38,8.04,정상,0,0
GATE-07,PARKING-01,2026-01-03 02:00:00,34.26,3.5,24.14,2.44,0.83,33506,0,38,1.64,정상,0,0
GATE-07,PARKING-01,2026-01-03 03:00:00,35.02,3.54,23.7,2.7,0.83,33518,0,38,0,정상,0,0
GATE-07,PARKING-01,2026-01-03 04:00:00,39.12,3.28,24.49,2.28,0.89,33526,1,38,6.62,정상,0,0
GATE-07,PARKING-01,2026-01-03 05:00:00,36.51,3.56,23.77,2.36,0.7,33543,0,38,1.96,정상,0,0
GATE-07,PARKING-01,2026-01-03 06:00:00,37.91,4.17,24.17,2.35,0.7,33568,0,38,0.04,정상,0,0
GATE-07,PARKING-01,2026-01-03 07:00:00,39.6,4.02,24.48,2.53,0.85,33617,1,38,5.27,정상,0,0
GATE-07,PARKING-01,2026-01-03 08:00:00,37.43,3.89,24.49,2.4,1.01,33651,0,38,0,정상,0,0
GATE-07,PARKING-01,2026-01-03 09:00:00,44.15,4.42,23.77,2.58,0.74,33699,1,38,9.97,정상,0,0
GATE-07,PARKING-01,2026-01-03 10:00:00,37.99,3.53,24.18,2.44,0.67,33722,0,38,0,정상,0,0
GATE-07,PARKING-01,2026-01-03 11:00:00,36.75,3.82,23.93,2.79,0.91,33744,0,38,0,정상,0,0
GATE-07,PARKING-01,2026-01-03 12:00:00,38.49,3.26,24.06,2.17,0.67,33763,1,38,6.35,정상,0,0
GATE-07,PARKING-01,2026-01-03 13:00:00,38.25,3.75,24.28,2.25,0.59,33786,0,38,3.05,정상,0,0
GATE-07,PARKING-01,2026-01-03 14:00:00,36.1,3.11,24.3,2.35,0.71,33805,0,38,2.77,정상,0,0
GATE-07,PARKING-01,2026-01-03 15:00:00,36.06,3.97,24.17,2.51,0.58,33832,0,38,1,정상,0,0
GATE-07,PARKING-01,2026-01-03 16:00:00,35.28,3.4,23.73,2.52,0.94,33842,0,38,0.33,정상,0,0
GATE-07,PARKING-01,2026-01-03 17:00:00,40.05,4.14,24.25,2.21,0.73,33881,0,38,2.48,정상,0,0
GATE-07,PARKING-01,2026-01-03 18:00:00,40.43,4.64,23.46,2.44,0.82,33936,0,38,4.14,정상,0,0
GATE-07,PARKING-01,2026-01-03 19:00:00,40.28,3.73,24.02,2.66,0.82,33978,0,38,0,정상,0,0
GATE-07,PARKING-01,2026-01-03 20:00:00,39.6,3.75,23.71,2.65,0.78,34006,0,38,0.81,정상,0,0
GATE-07,PARKING-01,2026-01-03 21:00:00,34.83,3.8,24.44,2.47,0.84,34032,1,38,7.66,정상,0,0
GATE-07,PARKING-01,2026-01-03 22:00:00,37.23,3.45,23.98,2.49,0.89,34058,1,38,6.84,정상,0,0
GATE-07,PARKING-01,2026-01-03 23:00:00,39.48,3.18,23.61,2.53,0.82,34082,0,38,3.39,정상,0,0
GATE-07,PARKING-01,2026-01-04 00:00:00,34.32,3.09,23.74,2.79,0.81,34090,1,39,9.23,정상,0,0
GATE-07,PARKING-01,2026-01-04 01:00:00,35.63,3.26,24.25,2.16,0.7,34097,0,39,0.98,정상,0,0
GATE-07,PARKING-01,2026-01-04 02:00:00,37.86,3.22,24.47,2.64,1,34099,0,39,3.23,정상,0,0
GATE-07,PARKING-01,2026-01-04 03:00:00,34.46,3.32,23.94,2.48,0.76,34101,0,39,0,정상,0,0
GATE-07,PARKING-01,2026-01-04 04:00:00,35.01,3.08,24.03,2.2,0.56,34112,0,39,1.45,정상,0,0
GATE-07,PARKING-01,2026-01-04 05:00:00,37.16,3.25,24.15,2.47,0.53,34128,1,39,7.14,정상,0,0
GATE-07,PARKING-01,2026-01-04 06:00:00,34.32,3.91,23.65,2.45,0.85,34152,0,39,1.29,정상,0,0
GATE-07,PARKING-01,2026-01-04 07:00:00,40.34,4.31,24.03,2.3,1,34193,0,39,3.85,정상,0,0
GATE-07,PARKING-01,2026-01-04 08:00:00,40.53,4.4,24.04,2.31,0.73,34248,0,39,0.93,정상,0,0
GATE-07,PARKING-01,2026-01-04 09:00:00,37.53,4,23.9,2.51,0.83,34288,0,39,0.71,정상,0,0
GATE-07,PARKING-01,2026-01-04 10:00:00,39.95,3.7,24.4,2.41,0.8,34313,1,39,6.63,정상,0,0
GATE-07,PARKING-01,2026-01-04 11:00:00,36.69,4.12,24.21,2.34,0.58,34327,2,39,13.31,정상,0,0
GATE-07,PARKING-01,2026-01-04 12:00:00,41.01,4.23,23.94,2.5,0.74,34353,1,39,5.91,정상,0,0
GATE-07,PARKING-01,2026-01-04 13:00:00,37.43,3.86,24,2.43,0.78,34374,0,39,0,정상,0,0
GATE-07,PARKING-01,2026-01-04 14:00:00,35.4,3.92,24.51,2.72,0.94,34395,0,39,3.19,정상,0,0
GATE-07,PARKING-01,2026-01-04 15:00:00,36.69,3.53,23.99,2.49,0.87,34414,0,39,0,정상,0,0
GATE-07,PARKING-01,2026-01-04 16:00:00,37.52,3.34,24.04,2.46,0.89,34438,0,39,0,정상,0,0
GATE-07,PARKING-01,2026-01-04 17:00:00,39.77,3.57,24.1,2.4,0.62,34468,0,39,4.06,정상,0,0
GATE-07,PARKING-01,2026-01-04 18:00:00,41.64,4.14,23.82,2.62,0.89,34509,0,39,0,정상,0,0
GATE-07,PARKING-01,2026-01-04 19:00:00,37.84,4.19,24.2,2.57,0.85,34551,0,39,0,정상,0,0
GATE-07,PARKING-01,2026-01-04 20:00:00,38.26,3.85,24.44,2.17,0.77,34597,0,39,0.4,정상,0,0
GATE-07,PARKING-01,2026-01-04 21:00:00,35.92,3.99,23.87,2.38,0.73,34612,0,39,2.37,정상,0,0
GATE-07,PARKING-01,2026-01-04 22:00:00,40.15,3.7,24.02,2.25,0.76,34637,0,39,0.23,정상,0,0
GATE-07,PARKING-01,2026-01-04 23:00:00,35.38,4.19,24.13,2.17,0.59,34656,1,39,5.33,정상,0,0
GATE-07,PARKING-01,2026-01-05 00:00:00,33.45,3.72,23.87,2.46,0.57,34660,0,40,2.01,정상,0,0
GATE-07,PARKING-01,2026-01-05 01:00:00,35.24,3.13,23.85,2.61,0.56,34660,0,40,3.41,정상,0,0
GATE-07,PARKING-01,2026-01-05 02:00:00,35.41,3.45,24.41,2.39,0.72,34667,1,40,9.14,정상,0,0
GATE-07,PARKING-01,2026-01-05 03:00:00,35.4,3.68,24.12,2.35,1.01,34679,0,40,2.66,정상,0,0
GATE-07,PARKING-01,2026-01-05 04:00:00,36.64,3.75,24.03,2.2,1.02,34684,1,40,4.16,정상,0,0
GATE-07,PARKING-01,2026-01-05 05:00:00,34.75,3.43,24.34,2.72,0.93,34692,0,40,0,정상,0,0
GATE-07,PARKING-01,2026-01-05 06:00:00,36.08,3.85,23.7,2.48,0.61,34718,0,40,1.27,정상,0,0
GATE-07,PARKING-01,2026-01-05 07:00:00,41.39,4.13,24.13,2.5,1.16,34760,1,40,6.09,정상,0,0
GATE-07,PARKING-01,2026-01-05 08:00:00,44.82,4.57,23.93,2.35,1.18,34813,0,40,2.37,정상,0,0
GATE-07,PARKING-01,2026-01-05 09:00:00,40.61,4,24.09,2.66,0.75,34860,0,40,0,정상,0,0
GATE-07,PARKING-01,2026-01-05 10:00:00,39.41,3.97,24.03,2.45,0.68,34881,0,40,0.09,정상,0,0
GATE-07,PARKING-01,2026-01-05 11:00:00,37.71,3.65,24.17,2.55,0.92,34896,0,40,0,정상,0,0
GATE-07,PARKING-01,2026-01-05 12:00:00,39.45,3.69,23.66,2.54,1.02,34922,0,40,0,정상,0,0
GATE-07,PARKING-01,2026-01-05 13:00:00,39.62,3.94,24.33,2.45,0.77,34945,1,40,3.77,정상,0,0
GATE-07,PARKING-01,2026-01-05 14:00:00,36.15,4.24,24.19,2.4,0.74,34958,1,40,9.79,정상,0,0
GATE-07,PARKING-01,2026-01-05 15:00:00,37.78,3.97,23.71,2.77,1.04,34987,0,40,1.69,정상,0,0
GATE-07,PARKING-01,2026-01-05 16:00:00,37.24,3.7,23.97,2.69,0.83,35017,0,40,0.9,정상,0,0
GATE-07,PARKING-01,2026-01-05 17:00:00,38.07,4.28,23.75,2.27,0.68,35047,0,40,3.01,정상,0,0
GATE-07,PARKING-01,2026-01-05 18:00:00,40.3,4.5,23.84,2.78,0.79,35086,0,40,3.04,정상,0,0
GATE-07,PARKING-01,2026-01-05 19:00:00,40.1,3.59,24.13,2.63,0.96,35117,1,40,7.23,정상,0,0
GATE-07,PARKING-01,2026-01-05 20:00:00,40.36,3.99,23.73,2.6,0.77,35156,1,40,6.79,정상,0,0
GATE-07,PARKING-01,2026-01-05 21:00:00,41.13,3.95,23.62,2.54,0.6,35181,0,40,0,정상,0,0
GATE-07,PARKING-01,2026-01-05 22:00:00,35.61,4.1,24.14,2.64,1,35195,0,40,0,정상,0,0
GATE-07,PARKING-01,2026-01-05 23:00:00,37.41,4.02,23.85,2.6,0.75,35216,0,40,3.17,정상,0,0
GATE-07,PARKING-01,2026-01-06 00:00:00,30.15,3.77,24.44,2.73,0.56,35216,0,41,4.59,정상,0,0
GATE-07,PARKING-01,2026-01-06 01:00:00,34.18,3.93,23.98,2.58,0.67,35232,0,41,0.01,정상,0,0
GATE-07,PARKING-01,2026-01-06 02:00:00,36.9,3.53,23.91,2.44,1.06,35235,0,41,0,정상,0,0
GATE-07,PARKING-01,2026-01-06 03:00:00,33.39,2.94,24.26,2.38,0.89,35235,0,41,6.44,정상,0,0
GATE-07,PARKING-01,2026-01-06 04:00:00,36.3,3.42,24.01,2.51,0.96,35240,0,41,2.87,정상,0,0
GATE-07,PARKING-01,2026-01-06 05:00:00,38.45,3.41,24.75,2.36,0.79,35250,1,41,11.28,정상,0,0
GATE-07,PARKING-01,2026-01-06 06:00:00,38.64,3.65,24,2.32,1.04,35273,2,41,9.03,정상,0,0
GATE-07,PARKING-01,2026-01-06 07:00:00,37.47,4.53,23.67,2.45,0.84,35325,0,41,0,정상,0,0
GATE-07,PARKING-01,2026-01-06 08:00:00,39.04,4.51,23.69,2.71,0.66,35365,1,41,6.76,정상,0,0
GATE-07,PARKING-01,2026-01-06 09:00:00,41.67,4.46,24.16,2.58,0.71,35409,0,41,1.7,정상,0,0
GATE-07,PARKING-01,2026-01-06 10:00:00,37.2,3.73,23.9,2,0.67,35435,0,41,3.87,정상,0,0
GATE-07,PARKING-01,2026-01-06 11:00:00,36.86,3.72,24.32,2.52,0.77,35449,0,41,0.98,정상,0,0
GATE-07,PARKING-01,2026-01-06 12:00:00,37.93,3.7,23.86,2.68,1.08,35470,1,41,3.93,정상,0,0
GATE-07,PARKING-01,2026-01-06 13:00:00,39.55,3.92,24.08,2.34,0.96,35501,0,41,0,정상,0,0
GATE-07,PARKING-01,2026-01-06 14:00:00,38.98,3.37,24.41,2.64,0.93,35527,0,41,0.57,정상,0,0
GATE-07,PARKING-01,2026-01-06 15:00:00,39.63,4.37,23.57,2.7,0.69,35544,0,41,0.38,정상,0,0
GATE-07,PARKING-01,2026-01-06 16:00:00,36.92,3.61,23.87,2.78,0.87,35560,1,41,3.49,정상,0,0
GATE-07,PARKING-01,2026-01-06 17:00:00,38.53,4.29,23.98,2.4,1.21,35595,0,41,0,정상,0,0
GATE-07,PARKING-01,2026-01-06 18:00:00,39.09,4.02,24.24,2.58,0.73,35633,0,41,0,정상,0,0
GATE-07,PARKING-01,2026-01-06 19:00:00,38.49,4.01,23.67,2.64,1.12,35666,0,41,0.28,정상,0,0
GATE-07,PARKING-01,2026-01-06 20:00:00,41.45,4.2,24.17,2.47,1.15,35703,0,41,0.14,정상,0,0
GATE-07,PARKING-01,2026-01-06 21:00:00,35.83,3.61,24.18,2.4,0.94,35721,0,41,2.68,정상,0,0
GATE-07,PARKING-01,2026-01-06 22:00:00,36.86,3.67,24.14,2.63,0.65,35740,0,41,0,정상,0,0
GATE-07,PARKING-01,2026-01-06 23:00:00,39.41,3.54,23.63,2.42,0.94,35764,0,41,0.91,정상,0,0
GATE-07,PARKING-01,2026-01-07 00:00:00,37.82,3.59,24.44,2.3,0.84,35776,0,42,0,정상,0,0
GATE-07,PARKING-01,2026-01-07 01:00:00,38.63,3.73,24.04,2.63,0.75,35789,0,42,1.25,정상,0,0
GATE-07,PARKING-01,2026-01-07 02:00:00,35.63,3.36,23.97,2.58,0.91,35791,1,42,8.43,정상,0,0
GATE-07,PARKING-01,2026-01-07 03:00:00,34.46,3.6,24.15,2.41,0.97,35799,0,42,1.86,정상,0,0
GATE-07,PARKING-01,2026-01-07 04:00:00,36.51,4.16,23.89,2.57,0.77,35810,0,42,0,정상,0,0
GATE-07,PARKING-01,2026-01-07 05:00:00,37.1,3.39,23.6,2.5,0.98,35817,0,42,4.92,정상,0,0
GATE-07,PARKING-01,2026-01-07 06:00:00,34.8,3.69,24.27,2.4,1.21,35838,0,42,0.34,정상,0,0
GATE-07,PARKING-01,2026-01-07 07:00:00,39.46,3.7,24.17,2.33,0.78,35883,0,42,0.78,정상,0,0
GATE-07,PARKING-01,2026-01-07 08:00:00,39.68,3.68,23.88,2.45,1,35920,0,42,0.28,정상,0,0
GATE-07,PARKING-01,2026-01-07 09:00:00,40.32,3.85,23.83,2.64,1.36,35964,0,42,2.26,정상,0,0
GATE-07,PARKING-01,2026-01-07 10:00:00,38.34,4.4,23.77,2.73,0.56,35982,0,42,0,정상,0,0
GATE-07,PARKING-01,2026-01-07 11:00:00,37.66,3.61,23.78,2.53,0.63,36002,0,42,4.42,정상,0,0
GATE-07,PARKING-01,2026-01-07 12:00:00,38.72,3.57,23.83,2.48,1,36027,1,42,3.82,정상,0,0
GATE-07,PARKING-01,2026-01-07 13:00:00,34.95,4.53,24.02,2.63,0.88,36046,0,42,0,정상,0,0
GATE-07,PARKING-01,2026-01-07 14:00:00,34.86,3.57,24.03,2.63,0.59,36055,1,42,1.76,정상,0,0
GATE-07,PARKING-01,2026-01-07 15:00:00,36.53,3.77,23.99,2.45,0.79,36078,0,42,0.05,정상,0,0
GATE-07,PARKING-01,2026-01-07 16:00:00,37.21,3.07,24.1,2.62,1.06,36102,0,42,0,정상,0,0
GATE-07,PARKING-01,2026-01-07 17:00:00,39.21,4.4,24.43,2.61,1.01,36154,1,42,4.34,정상,0,0
GATE-07,PARKING-01,2026-01-07 18:00:00,39.71,4.23,23.79,2.5,1.22,36194,1,42,7.56,정상,0,0
GATE-07,PARKING-01,2026-01-07 19:00:00,40.47,4.08,23.85,2.44,0.93,36227,0,42,3.61,정상,0,0
GATE-07,PARKING-01,2026-01-07 20:00:00,40.07,4.77,24.61,2.92,1,36271,0,42,5.27,정상,0,0
GATE-07,PARKING-01,2026-01-07 21:00:00,36.27,3.39,24.28,2.54,0.8,36284,1,42,5.15,정상,0,0
GATE-07,PARKING-01,2026-01-07 22:00:00,38.77,3.91,23.92,2.24,0.85,36305,0,42,0,정상,0,0
GATE-07,PARKING-01,2026-01-07 23:00:00,37.49,3.63,23.65,2.26,0.81,36318,0,42,2.83,정상,0,0
GATE-07,PARKING-01,2026-01-08 00:00:00,36.45,3.52,24.32,2.86,0.82,36327,0,43,2.96,정상,0,0
GATE-07,PARKING-01,2026-01-08 01:00:00,39,4.12,24.08,2.65,0.96,36339,0,43,0,정상,0,0
GATE-07,PARKING-01,2026-01-08 02:00:00,37.19,3.54,24.06,2.51,0.89,36353,0,43,0,정상,0,0
GATE-07,PARKING-01,2026-01-08 03:00:00,37.87,3.05,23.97,2.4,0.97,36358,0,43,0,정상,0,0
GATE-07,PARKING-01,2026-01-08 04:00:00,33.72,3.56,23.83,2.6,0.78,36359,0,43,2.53,정상,0,0
GATE-07,PARKING-01,2026-01-08 05:00:00,38.65,3.71,23.9,2.8,0.9,36370,0,43,1.5,정상,0,0
GATE-07,PARKING-01,2026-01-08 06:00:00,39.67,4.28,23.93,2.32,0.85,36399,0,43,0,정상,0,0
GATE-07,PARKING-01,2026-01-08 07:00:00,38.69,4.97,24.37,2.53,0.79,36441,1,43,8.44,정상,0,0
GATE-07,PARKING-01,2026-01-08 08:00:00,34.55,3.61,23.86,2.59,1.15,36465,2,43,13.18,정상,0,0
GATE-07,PARKING-01,2026-01-08 09:00:00,37.59,4.45,24.19,2.5,0.73,36502,1,43,1.24,정상,0,0
GATE-07,PARKING-01,2026-01-08 10:00:00,39.32,3.89,24.18,2.37,0.7,36526,0,43,0,정상,0,0
GATE-07,PARKING-01,2026-01-08 11:00:00,36.03,3.6,23.93,2.64,0.77,36541,0,43,3,정상,0,0
GATE-07,PARKING-01,2026-01-08 12:00:00,40.15,3.86,24.22,2.67,0.64,36562,0,43,0,정상,0,0
GATE-07,PARKING-01,2026-01-08 13:00:00,38.92,4.49,23.72,2.58,1.01,36584,0,43,4.37,정상,0,0
GATE-07,PARKING-01,2026-01-08 14:00:00,39.43,3.76,23.98,2.78,1.07,36611,0,43,0,정상,0,0
GATE-07,PARKING-01,2026-01-08 15:00:00,38.05,3.66,23.78,2.55,0.9,36633,0,43,0.06,정상,0,0
GATE-07,PARKING-01,2026-01-08 16:00:00,39.13,4.06,24.16,2.61,0.83,36650,1,43,6.7,정상,0,0
GATE-07,PARKING-01,2026-01-08 17:00:00,40.17,3.91,24.02,2.4,1.02,36682,0,43,2.22,정상,0,0
GATE-07,PARKING-01,2026-01-08 18:00:00,38.12,4.13,24.51,2.64,0.8,36714,0,43,2.72,정상,0,0
GATE-07,PARKING-01,2026-01-08 19:00:00,41.5,3.61,24.55,2.41,1.09,36746,0,43,4.33,정상,0,0
GATE-07,PARKING-01,2026-01-08 20:00:00,41.51,4.67,23.78,2.6,0.89,36791,0,43,2.47,정상,0,0
GATE-07,PARKING-01,2026-01-08 21:00:00,36.91,3.78,23.85,2.74,0.99,36814,0,43,3.67,정상,0,0
GATE-07,PARKING-01,2026-01-08 22:00:00,35.93,3.95,23.91,2.52,1.23,36828,0,43,0.9,정상,0,0
GATE-07,PARKING-01,2026-01-08 23:00:00,40.07,4.33,24.13,2.54,1.17,36859,0,43,3.69,정상,0,0
GATE-07,PARKING-01,2026-01-09 00:00:00,34.74,3.46,24.26,2.49,1.06,36859,0,44,4.43,정상,0,0
GATE-07,PARKING-01,2026-01-09 01:00:00,35.06,3.95,24.03,2.73,0.91,36868,0,44,0,정상,0,0
GATE-07,PARKING-01,2026-01-09 02:00:00,35.41,3.63,24.3,2.56,0.79,36875,0,44,1.25,정상,0,0
GATE-07,PARKING-01,2026-01-09 03:00:00,36.76,3.6,24.25,2.89,1.2,36877,0,44,2.87,정상,0,0
GATE-07,PARKING-01,2026-01-09 04:00:00,34.53,3.6,24.34,2.47,1.27,36880,1,44,8.29,정상,0,0
GATE-07,PARKING-01,2026-01-09 05:00:00,33.73,3.28,24.02,2.54,1.17,36884,0,44,0,정상,0,0
GATE-07,PARKING-01,2026-01-09 06:00:00,36.88,3.72,23.82,2.77,0.84,36905,1,44,7.02,정상,0,0
GATE-07,PARKING-01,2026-01-09 07:00:00,44.61,3.98,24.07,2.5,1,36954,0,44,3.22,정상,0,0
GATE-07,PARKING-01,2026-01-09 08:00:00,37.51,4.47,23.78,2.92,0.92,36995,0,44,1.8,정상,0,0
GATE-07,PARKING-01,2026-01-09 09:00:00,42.03,4.29,23.88,2.55,1.15,37052,0,44,2.41,정상,0,0
GATE-07,PARKING-01,2026-01-09 10:00:00,39.46,3.7,24.09,2.87,0.93,37072,2,44,12.31,정상,0,0
GATE-07,PARKING-01,2026-01-09 11:00:00,39.63,4.26,24.01,2.73,0.8,37098,0,44,1.24,정상,0,0
GATE-07,PARKING-01,2026-01-09 12:00:00,40.36,4.3,24.18,2.32,1.05,37124,1,44,8.04,정상,0,0
GATE-07,PARKING-01,2026-01-09 13:00:00,39.97,3.91,23.92,2.61,0.98,37141,1,44,6.65,정상,0,0
GATE-07,PARKING-01,2026-01-09 14:00:00,39.56,4.25,24.17,2.42,1.12,37167,0,44,0.13,정상,0,0
GATE-07,PARKING-01,2026-01-09 15:00:00,37.11,4.1,24.48,2.6,1.16,37186,0,44,4.27,정상,0,0
GATE-07,PARKING-01,2026-01-09 16:00:00,36.43,4.53,24.57,2.92,1.19,37210,1,44,7.92,정상,0,0
GATE-07,PARKING-01,2026-01-09 17:00:00,39.05,4.27,23.91,2.72,1.05,37254,1,44,5.63,정상,0,0
GATE-07,PARKING-01,2026-01-09 18:00:00,41.67,4.59,23.94,2.56,0.81,37306,0,44,0,정상,0,0
GATE-07,PARKING-01,2026-01-09 19:00:00,39.45,3.91,24.08,2.46,1.02,37344,0,44,1.03,정상,0,0
GATE-07,PARKING-01,2026-01-09 20:00:00,42.05,4.18,23.98,2.58,1.09,37386,0,44,0,정상,0,0
GATE-07,PARKING-01,2026-01-09 21:00:00,37.5,3.78,23.54,2.77,1.18,37400,0,44,4.19,정상,0,0
GATE-07,PARKING-01,2026-01-09 22:00:00,37.65,3.16,23.73,2.56,1.06,37415,0,44,0.31,정상,0,0
GATE-07,PARKING-01,2026-01-09 23:00:00,36.37,4.12,24.21,2.6,0.83,37436,0,44,0,정상,0,0
GATE-07,PARKING-01,2026-01-10 00:00:00,35.5,3.71,23.99,2.16,1.12,37442,1,45,3.87,정상,0,0
GATE-07,PARKING-01,2026-01-10 01:00:00,33.9,3.85,23.94,2.54,0.97,37452,0,45,1.86,정상,0,0
GATE-07,PARKING-01,2026-01-10 02:00:00,34.43,3.88,24.09,2.64,1.17,37452,0,45,3.25,정상,0,0
GATE-07,PARKING-01,2026-01-10 03:00:00,36.21,3.85,23.55,2.67,0.67,37461,0,45,2.76,정상,0,0
GATE-07,PARKING-01,2026-01-10 04:00:00,37.13,3.14,24.05,2.41,0.79,37466,0,45,2.83,정상,0,0
GATE-07,PARKING-01,2026-01-10 05:00:00,37.25,3.59,24.45,2.5,0.81,37466,0,45,3.12,정상,0,0
GATE-07,PARKING-01,2026-01-10 06:00:00,37.58,4.15,23.9,2.61,0.77,37483,0,45,0.73,정상,0,0
GATE-07,PARKING-01,2026-01-10 07:00:00,40.14,4.31,24.04,2.66,1.23,37522,0,45,1.26,정상,0,0
GATE-07,PARKING-01,2026-01-10 08:00:00,39.69,3.78,24.43,2.77,1.22,37557,0,45,3.49,정상,0,0
GATE-07,PARKING-01,2026-01-10 09:00:00,40.93,4.3,24.11,2.42,1.13,37613,0,45,2.95,정상,0,0
GATE-07,PARKING-01,2026-01-10 10:00:00,37.85,3.97,23.87,2.43,1.15,37631,0,45,2.91,정상,0,0
GATE-07,PARKING-01,2026-01-10 11:00:00,39.93,3.88,24.75,2.44,0.92,37649,1,45,9.34,정상,0,0
GATE-07,PARKING-01,2026-01-10 12:00:00,37.79,4.81,24.38,2.64,0.99,37661,0,45,5.14,정상,0,0
GATE-07,PARKING-01,2026-01-10 13:00:00,37.43,4.43,23.9,2.47,1.29,37682,0,45,0.71,정상,0,0
GATE-07,PARKING-01,2026-01-10 14:00:00,40.11,4.4,24.2,2.62,1.16,37705,0,45,3.04,정상,0,0
GATE-07,PARKING-01,2026-01-10 15:00:00,37.88,4.38,24.28,2.86,1.06,37729,0,45,0,정상,0,0
GATE-07,PARKING-01,2026-01-10 16:00:00,39.24,3.8,23.69,2.56,1.06,37751,0,45,0,정상,0,0
GATE-07,PARKING-01,2026-01-10 17:00:00,40.77,4.2,24.04,2.62,1.15,37792,0,45,0.65,정상,0,0
GATE-07,PARKING-01,2026-01-10 18:00:00,44.54,4.74,23.98,2.63,0.81,37853,0,45,6.06,정상,0,0
GATE-07,PARKING-01,2026-01-10 19:00:00,39.53,4.48,23.89,2.6,0.97,37893,1,45,3.73,정상,0,0
GATE-07,PARKING-01,2026-01-10 20:00:00,38.73,4.5,23.7,2.65,1.01,37930,0,45,1.22,정상,0,0
GATE-07,PARKING-01,2026-01-10 21:00:00,37.31,3.39,23.9,2.56,1.24,37942,1,45,4.36,정상,0,0
GATE-07,PARKING-01,2026-01-10 22:00:00,38.87,4.06,24.41,2.46,0.51,37962,0,45,1.96,정상,0,0
GATE-07,PARKING-01,2026-01-10 23:00:00,39.46,3.89,23.56,2.67,1.04,37981,1,45,7.68,정상,0,0
GATE-07,PARKING-01,2026-01-11 00:00:00,37.86,3.6,24.16,2.87,1.14,37988,0,46,2.29,정상,0,0
GATE-07,PARKING-01,2026-01-11 01:00:00,39.96,4.36,23.95,2.84,0.94,37995,0,46,2.44,정상,0,0
GATE-07,PARKING-01,2026-01-11 02:00:00,36.73,3.33,23.58,2.93,0.94,37996,0,46,3.96,정상,0,0
GATE-07,PARKING-01,2026-01-11 03:00:00,35.91,3.77,23.89,2.81,0.76,38007,0,46,0,정상,0,0
GATE-07,PARKING-01,2026-01-11 04:00:00,37.91,4.02,23.89,2.91,1.16,38009,0,46,0,정상,0,0
GATE-07,PARKING-01,2026-01-11 05:00:00,36.07,3.96,24.17,2.67,0.71,38011,1,46,5.74,정상,0,0
GATE-07,PARKING-01,2026-01-11 06:00:00,37.94,4.9,23.99,2.72,0.94,38032,0,46,1.18,정상,0,0
GATE-07,PARKING-01,2026-01-11 07:00:00,36.64,3.96,23.9,2.76,1.18,38052,0,46,0,정상,0,0
GATE-07,PARKING-01,2026-01-11 08:00:00,41.14,4.3,23.83,2.83,0.92,38086,1,46,8.42,정상,0,0
GATE-07,PARKING-01,2026-01-11 09:00:00,42.13,4.43,23.68,2.65,1.02,38127,0,46,0.61,정상,0,0
GATE-07,PARKING-01,2026-01-11 10:00:00,36.93,3.95,24.23,2.37,1.13,38148,0,46,1.23,정상,0,0
GATE-07,PARKING-01,2026-01-11 11:00:00,40.85,3.97,23.97,2.62,1.19,38181,0,46,0,정상,0,0
GATE-07,PARKING-01,2026-01-11 12:00:00,38.98,4.06,23.82,2.78,0.97,38205,0,46,1.24,정상,0,0
GATE-07,PARKING-01,2026-01-11 13:00:00,37.66,4.15,24.22,2.71,1.35,38232,0,46,2.55,정상,0,0
GATE-07,PARKING-01,2026-01-11 14:00:00,39.34,4.04,24.06,2.36,1,38248,0,46,3.97,정상,0,0
GATE-07,PARKING-01,2026-01-11 15:00:00,38.63,3.82,23.93,2.43,1.26,38274,0,46,1.43,정상,0,0
GATE-07,PARKING-01,2026-01-11 16:00:00,37.85,4.06,23.91,2.44,0.96,38293,0,46,0.68,정상,0,0
GATE-07,PARKING-01,2026-01-11 17:00:00,39.94,4.71,24,2.58,1.11,38321,0,46,0,정상,0,0
GATE-07,PARKING-01,2026-01-11 18:00:00,38.31,4.51,24.35,2.7,1.14,38368,0,46,3.65,정상,0,0
GATE-07,PARKING-01,2026-01-11 19:00:00,40.62,4.43,24.07,2.62,1.16,38418,1,46,8.43,정상,0,0
GATE-07,PARKING-01,2026-01-11 20:00:00,40.01,4.7,24.17,2.93,1.17,38448,0,46,0.49,정상,0,0
GATE-07,PARKING-01,2026-01-11 21:00:00,37.33,3.98,23.96,2.55,0.99,38474,0,46,0,정상,0,0
GATE-07,PARKING-01,2026-01-11 22:00:00,35.02,3.44,24.11,2.82,0.78,38491,0,46,0,정상,0,0
GATE-07,PARKING-01,2026-01-11 23:00:00,35.82,4.14,23.96,2.62,1.07,38504,0,46,1.6,정상,0,0
GATE-07,PARKING-01,2026-01-12 00:00:00,37.75,3.49,23.67,2.48,0.68,38510,1,47,2.34,정상,0,0
GATE-07,PARKING-01,2026-01-12 01:00:00,36.13,3.33,24.11,2.64,0.87,38510,0,47,0.79,정상,0,0
GATE-07,PARKING-01,2026-01-12 02:00:00,36.17,3.82,23.66,2.54,0.95,38515,1,47,3.38,정상,0,0
GATE-07,PARKING-01,2026-01-12 03:00:00,36.57,3.49,24.11,2.53,1.13,38520,0,47,0,정상,0,0
GATE-07,PARKING-01,2026-01-12 04:00:00,38.84,4,23.75,2.79,1.15,38520,0,47,4.71,정상,0,0
GATE-07,PARKING-01,2026-01-12 05:00:00,35.93,4.28,23.83,2.61,1.36,38533,1,47,7.68,정상,0,0
GATE-07,PARKING-01,2026-01-12 06:00:00,37.06,4.45,23.53,2.51,0.92,38553,0,47,1.3,정상,0,0
GATE-07,PARKING-01,2026-01-12 07:00:00,43.82,4.74,24.31,2.84,0.79,38610,0,47,3.56,정상,0,0
GATE-07,PARKING-01,2026-01-12 08:00:00,41.53,4.12,24.09,2.44,1.01,38655,0,47,0.76,정상,0,0
GATE-07,PARKING-01,2026-01-12 09:00:00,40.67,4.06,23.76,2.57,0.96,38688,0,47,1.12,정상,0,0
GATE-07,PARKING-01,2026-01-12 10:00:00,39.94,3.8,24.09,2.4,0.63,38710,0,47,0,정상,0,0
GATE-07,PARKING-01,2026-01-12 11:00:00,34.64,3.55,24.02,2.78,1.21,38723,0,47,0.24,정상,0,0
GATE-07,PARKING-01,2026-01-12 12:00:00,38.63,3.99,24.28,2.66,1.14,38741,0,47,1.29,정상,0,0
GATE-07,PARKING-01,2026-01-12 13:00:00,40.18,4.36,23.54,2.69,0.99,38766,1,47,6.7,정상,0,0
GATE-07,PARKING-01,2026-01-12 14:00:00,42.41,4.68,24.35,2.68,1.23,38795,0,47,2.88,정상,0,0
GATE-07,PARKING-01,2026-01-12 15:00:00,37.42,4.07,23.6,2.89,0.87,38816,0,47,0.66,정상,0,0
GATE-07,PARKING-01,2026-01-12 16:00:00,41.14,4.27,23.88,2.74,1.15,38843,1,47,6.36,정상,0,0
GATE-07,PARKING-01,2026-01-12 17:00:00,37.76,4.16,23.56,2.85,0.97,38883,0,47,1.2,정상,0,0
GATE-07,PARKING-01,2026-01-12 18:00:00,43.02,4.6,23.7,2.58,0.95,38930,0,47,6.3,정상,0,0
GATE-07,PARKING-01,2026-01-12 19:00:00,42.57,4.96,23.49,2.78,1.1,38980,0,47,8.43,정상,0,0
GATE-07,PARKING-01,2026-01-12 20:00:00,39.41,4.56,23.89,2.58,1.12,39025,0,47,2.05,정상,0,0
GATE-07,PARKING-01,2026-01-12 21:00:00,37.27,3.63,24.05,2.57,1.23,39040,0,47,1.88,정상,0,0
GATE-07,PARKING-01,2026-01-12 22:00:00,37.17,4.77,24.24,2.66,1.19,39062,0,47,1.71,정상,0,0
GATE-07,PARKING-01,2026-01-12 23:00:00,38.99,4.05,23.64,2.66,1.22,39075,1,47,5.44,정상,0,0
GATE-07,PARKING-01,2026-01-13 00:00:00,38.77,4.19,23.92,2.53,1.05,39094,1,48,6.51,정상,0,0
GATE-07,PARKING-01,2026-01-13 01:00:00,33.23,3.03,23.62,2.43,0.9,39094,0,48,0,정상,0,0
GATE-07,PARKING-01,2026-01-13 02:00:00,37.56,3.6,23.9,2.86,1.22,39100,1,48,6,정상,0,0
GATE-07,PARKING-01,2026-01-13 03:00:00,36.03,3.97,23.79,2.66,1.03,39107,1,48,5.74,정상,0,0
GATE-07,PARKING-01,2026-01-13 04:00:00,35.02,3.31,23.9,2.41,1.02,39107,1,48,3.87,정상,0,0
GATE-07,PARKING-01,2026-01-13 05:00:00,37.22,3.58,24.29,2.85,1.17,39114,0,48,3.19,정상,0,0
GATE-07,PARKING-01,2026-01-13 06:00:00,36.63,4.07,23.8,2.27,0.83,39132,0,48,0,정상,0,0
GATE-07,PARKING-01,2026-01-13 07:00:00,40.33,4.18,24.14,2.53,1.04,39166,1,48,4.59,정상,0,0
GATE-07,PARKING-01,2026-01-13 08:00:00,42.35,4.69,23.91,2.65,1.09,39217,1,48,7.64,정상,0,0
GATE-07,PARKING-01,2026-01-13 09:00:00,40.93,4.41,24.22,2.86,0.99,39262,0,48,1.96,정상,0,0
GATE-07,PARKING-01,2026-01-13 10:00:00,38.38,4.18,23.89,2.65,1.1,39282,0,48,0,정상,0,0
GATE-07,PARKING-01,2026-01-13 11:00:00,38.57,4.41,24.01,3.03,0.96,39302,1,48,4.57,정상,0,0
GATE-07,PARKING-01,2026-01-13 12:00:00,38.77,4.2,24.02,2.89,1.24,39319,0,48,1.15,정상,0,0
GATE-07,PARKING-01,2026-01-13 13:00:00,38.76,3.82,23.81,2.36,0.9,39334,0,48,2.18,정상,0,0
GATE-07,PARKING-01,2026-01-13 14:00:00,41.05,4.22,23.91,2.67,1.14,39355,0,48,0,정상,0,0
GATE-07,PARKING-01,2026-01-13 15:00:00,41.74,4.24,23.98,2.37,1.31,39387,1,48,8.35,정상,0,0
GATE-07,PARKING-01,2026-01-13 16:00:00,38.53,4.35,23.9,2.76,0.89,39411,0,48,2.73,정상,0,0
GATE-07,PARKING-01,2026-01-13 17:00:00,39.86,3.92,23.85,2.88,0.85,39443,0,48,0,정상,0,0
GATE-07,PARKING-01,2026-01-13 18:00:00,41.08,4.73,23.51,2.97,0.9,39489,0,48,6.39,정상,0,0
GATE-07,PARKING-01,2026-01-13 19:00:00,40.85,4.21,24.11,2.56,0.91,39531,0,48,0,정상,0,0
GATE-07,PARKING-01,2026-01-13 20:00:00,40.21,4.71,23.51,2.65,0.91,39577,1,48,7.48,정상,0,0
GATE-07,PARKING-01,2026-01-13 21:00:00,38.35,4.09,23.99,2.67,1.04,39597,1,48,6.46,정상,0,0
GATE-07,PARKING-01,2026-01-13 22:00:00,37.6,4.16,24.22,2.49,1.21,39617,0,48,6.9,정상,0,0
GATE-07,PARKING-01,2026-01-13 23:00:00,36.32,3.72,24.06,2.52,0.96,39639,0,48,0,정상,0,0
GATE-07,PARKING-01,2026-01-14 00:00:00,34.66,4.05,24.14,2.73,1.04,39642,0,49,1.67,정상,0,0
GATE-07,PARKING-01,2026-01-14 01:00:00,36.76,3.65,24.32,2.58,1.05,39655,1,49,8.98,정상,0,0
GATE-07,PARKING-01,2026-01-14 02:00:00,38.43,3.71,23.97,2.92,0.94,39658,1,49,4.88,정상,0,0
GATE-07,PARKING-01,2026-01-14 03:00:00,35.92,3.68,24.26,2.58,1.41,39658,0,49,0.99,정상,0,0
GATE-07,PARKING-01,2026-01-14 04:00:00,35.16,3.83,24.17,2.59,1.2,39667,0,49,1.77,정상,0,0
GATE-07,PARKING-01,2026-01-14 05:00:00,37.94,3.77,24.11,2.45,0.89,39674,0,49,0,정상,0,0
GATE-07,PARKING-01,2026-01-14 06:00:00,39.01,4.18,24.35,2.74,1.29,39695,0,49,0.9,정상,0,0
GATE-07,PARKING-01,2026-01-14 07:00:00,42.94,4.2,24.02,2.69,1.14,39735,1,49,10.77,정상,0,0
GATE-07,PARKING-01,2026-01-14 08:00:00,43.98,4.06,23.76,2.64,1.29,39782,0,49,3.44,정상,0,0
GATE-07,PARKING-01,2026-01-14 09:00:00,39.56,4.59,23.95,2.58,1.06,39828,0,49,4.56,정상,0,0
GATE-07,PARKING-01,2026-01-14 10:00:00,40.45,4.39,23.88,2.53,1.17,39853,0,49,2.06,정상,0,0
GATE-07,PARKING-01,2026-01-14 11:00:00,40.75,3.78,23.61,2.78,1.04,39874,0,49,1.85,정상,0,0
GATE-07,PARKING-01,2026-01-14 12:00:00,41.72,4.08,23.92,2.66,1.02,39900,1,49,2.79,정상,0,0
GATE-07,PARKING-01,2026-01-14 13:00:00,39.21,4.6,23.77,2.87,1.23,39923,0,49,2.79,정상,0,0
GATE-07,PARKING-01,2026-01-14 14:00:00,38.28,4.29,24.09,2.71,1.23,39945,2,49,11.78,정상,0,0
GATE-07,PARKING-01,2026-01-14 15:00:00,38.29,3.89,24.3,2.48,1.41,39961,0,49,5.47,정상,0,0
GATE-07,PARKING-01,2026-01-14 16:00:00,37.81,3.91,23.75,2.78,1.24,39982,0,49,0.75,정상,0,0
GATE-07,PARKING-01,2026-01-14 17:00:00,42.38,4.22,23.72,2.57,1.15,40019,0,49,2.71,정상,0,0
GATE-07,PARKING-01,2026-01-14 18:00:00,39.28,4.3,24.14,2.82,1.17,40062,0,49,3,정상,0,0
GATE-07,PARKING-01,2026-01-14 19:00:00,41.74,4.5,23.97,2.59,1.22,40109,0,49,0,정상,0,0
GATE-07,PARKING-01,2026-01-14 20:00:00,41.6,4.72,23.82,2.56,1.22,40153,1,49,8.36,정상,0,0
GATE-07,PARKING-01,2026-01-14 21:00:00,39.39,4.11,24.46,2.72,1.24,40177,0,49,2.85,정상,0,0
GATE-07,PARKING-01,2026-01-14 22:00:00,38.62,4.77,24.34,2.82,1.12,40197,0,49,5.06,정상,0,0
GATE-07,PARKING-01,2026-01-14 23:00:00,39.06,4.07,23.61,2.7,1.35,40216,0,49,3.14,정상,0,0
GATE-07,PARKING-01,2026-01-15 00:00:00,37.81,4.34,24.28,2.73,1.22,40224,0,50,1.52,정상,0,0
GATE-07,PARKING-01,2026-01-15 01:00:00,39.96,3.78,23.94,2.76,1.04,40231,0,50,0,정상,0,0
GATE-07,PARKING-01,2026-01-15 02:00:00,36.31,3.68,23.67,2.67,1.16,40235,1,50,7.48,정상,0,0
GATE-07,PARKING-01,2026-01-15 03:00:00,34.78,3.85,24.15,2.91,0.95,40235,1,50,5.49,정상,0,0
GATE-07,PARKING-01,2026-01-15 04:00:00,35.63,4.06,24.04,2.59,0.88,40238,0,50,2.25,정상,0,0
GATE-07,PARKING-01,2026-01-15 05:00:00,32.82,4.09,23.83,2.64,1.22,40238,2,50,9.29,정상,0,0
GATE-07,PARKING-01,2026-01-15 06:00:00,39.64,4.46,24.32,2.52,1.42,40264,0,50,5.88,정상,0,0
GATE-07,PARKING-01,2026-01-15 07:00:00,39.71,4.17,23.94,2.61,0.98,40305,0,50,4.79,정상,0,0
GATE-07,PARKING-01,2026-01-15 08:00:00,43.51,4.82,24.19,2.88,1.13,40356,1,50,10.43,정상,0,0
GATE-07,PARKING-01,2026-01-15 09:00:00,43.04,4.66,24.31,2.78,1,40409,0,50,0.93,정상,0,0
GATE-07,PARKING-01,2026-01-15 10:00:00,39.93,4.11,24.16,2.6,1.6,40432,1,50,5.29,정상,0,0
GATE-07,PARKING-01,2026-01-15 11:00:00,37.43,4.17,23.7,2.79,1.69,40445,0,50,6.99,정상,0,0
GATE-07,PARKING-01,2026-01-15 12:00:00,42.54,4.6,23.56,2.73,1.47,40463,1,50,10.01,정상,0,0
GATE-07,PARKING-01,2026-01-15 13:00:00,38.4,4.74,23.32,2.9,1.46,40480,1,50,11.76,정상,0,0
GATE-07,PARKING-01,2026-01-15 14:00:00,40.95,5.19,23.55,3.14,1.46,40509,1,50,12.73,정상,0,0
GATE-07,PARKING-01,2026-01-15 15:00:00,41.31,4.84,23.55,3.1,1.82,40533,2,50,18.74,정상,0,0
GATE-07,PARKING-01,2026-01-15 16:00:00,41.32,4.63,23.85,3.07,1.61,40556,1,50,10.82,정상,0,0
GATE-07,PARKING-01,2026-01-15 17:00:00,43.73,4.96,23.74,3.25,1.68,40594,0,50,14.46,정상,0,0
GATE-07,PARKING-01,2026-01-15 18:00:00,48.06,5.54,23.55,3.26,1.56,40640,0,50,20.42,정상,0,0
GATE-07,PARKING-01,2026-01-15 19:00:00,46.97,5.6,23.79,3.23,1.73,40685,1,50,22.29,정상,0,0
GATE-07,PARKING-01,2026-01-15 20:00:00,45.85,5.67,23.71,3.46,1.88,40718,2,50,30.94,정상,0,0
GATE-07,PARKING-01,2026-01-15 21:00:00,42.58,5.23,23.44,3.47,2.3,40740,0,50,15.9,정상,0,0
GATE-07,PARKING-01,2026-01-15 22:00:00,43.11,5.28,23.68,3.52,2.08,40758,1,50,21.83,정상,0,0
GATE-07,PARKING-01,2026-01-15 23:00:00,46.29,5.06,23.46,3.16,2.4,40775,1,50,29.02,정상,0,0
GATE-07,PARKING-01,2026-01-16 00:00:00,44.73,5.26,23.47,3.73,2.32,40781,2,51,30.62,정상,0,0
GATE-07,PARKING-01,2026-01-16 01:00:00,44.63,5.24,23.9,3.58,2.38,40781,1,51,24.36,정상,0,0
GATE-07,PARKING-01,2026-01-16 02:00:00,44.25,5.59,23.06,3.52,2.48,40783,1,51,33.57,정상,0,0
GATE-07,PARKING-01,2026-01-16 03:00:00,43.28,5.39,23.73,3.85,2.56,40785,2,51,35.57,정상,0,0
GATE-07,PARKING-01,2026-01-16 04:00:00,45.85,6.07,23.22,3.83,2.48,40797,1,51,35.67,정상,0,0
GATE-07,PARKING-01,2026-01-16 05:00:00,46.72,5.68,23.34,3.61,3.21,40807,1,51,43.18,주의,0,0
GATE-07,PARKING-01,2026-01-16 06:00:00,48.34,5.9,23.31,4.17,2.98,40832,1,51,43.66,주의,0,0
GATE-07,PARKING-01,2026-01-16 07:00:00,53.14,6.09,23.1,4.1,3.43,40869,2,51,63.84,주의,0,0
GATE-07,PARKING-01,2026-01-16 08:00:00,53.75,7.02,23.35,3.87,2.92,40911,2,51,60.17,주의,0,0
GATE-07,PARKING-01,2026-01-16 09:00:00,54.44,7.29,22.87,4.15,3.05,40968,3,51,71.4,주의,0,0
GATE-07,PARKING-01,2026-01-16 10:00:00,46.79,6.95,23.37,4.11,3.49,40993,3,51,60.66,주의,0,0
GATE-07,PARKING-01,2026-01-16 11:00:00,46.7,6.37,23.26,4.2,3.06,41021,3,51,56.34,주의,0,0
GATE-07,PARKING-01,2026-01-16 12:00:00,49.33,6.21,23.45,4.55,3.34,41046,2,51,57.64,주의,0,0
GATE-07,PARKING-01,2026-01-16 13:00:00,50.25,6.67,23.51,4.5,3.6,41063,1,51,53.26,주의,0,0
GATE-07,PARKING-01,2026-01-16 14:00:00,50.36,6.84,23.05,4.35,3.95,41084,2,51,66.37,주의,0,0
GATE-07,PARKING-01,2026-01-16 15:00:00,53.25,6.55,23.64,4.1,3.54,41104,2,51,58.32,주의,0,0
GATE-07,PARKING-01,2026-01-16 16:00:00,49.32,6.98,23.26,4.57,3.65,41118,3,51,70.77,주의,0,0
GATE-07,PARKING-01,2026-01-16 17:00:00,53.98,7.76,23.04,4.58,3.92,41160,4,51,88.98,주의,0,0
GATE-07,PARKING-01,2026-01-16 18:00:00,55.41,7.53,23.05,4.68,4.2,41203,3,51,86.29,주의,0,0
GATE-07,PARKING-01,2026-01-16 19:00:00,56.01,7.83,23.2,4.55,4.11,41248,3,51,84.13,주의,0,0
GATE-07,PARKING-01,2026-01-16 20:00:00,53.13,7.84,23.02,4.67,4.28,41293,3,51,85.8,주의,0,0
GATE-07,PARKING-01,2026-01-16 21:00:00,39.26,3.7,23.61,2.62,1.22,41319,0,51,2.86,정상,0,0
GATE-07,PARKING-01,2026-01-16 22:00:00,37.32,4.58,23.56,2.82,0.8,41341,0,51,0.6,정상,0,0
GATE-07,PARKING-01,2026-01-16 23:00:00,40.35,3.82,24.01,2.53,1.28,41362,1,51,6.46,정상,0,0
GATE-07,PARKING-01,2026-01-17 00:00:00,36.58,3.59,23.56,2.84,1.1,41362,0,52,2.47,정상,0,0
GATE-07,PARKING-01,2026-01-17 01:00:00,40.3,3.83,23.98,2.73,1.03,41372,0,52,0,정상,0,0
GATE-07,PARKING-01,2026-01-17 02:00:00,36.97,3.6,23.91,3.14,0.92,41378,0,52,2.52,정상,0,0
GATE-07,PARKING-01,2026-01-17 03:00:00,34.66,3.84,23.84,2.8,1.68,41381,0,52,3.42,정상,0,0
GATE-07,PARKING-01,2026-01-17 04:00:00,37.67,3.54,23.84,2.61,1.06,41384,0,52,0.42,정상,0,0
GATE-07,PARKING-01,2026-01-17 05:00:00,36.85,3.84,23.81,2.71,1.23,41393,0,52,0.38,정상,0,0
GATE-07,PARKING-01,2026-01-17 06:00:00,38.64,4.63,23.84,2.93,1.28,41420,1,52,9.01,정상,0,0
GATE-07,PARKING-01,2026-01-17 07:00:00,42.15,4.38,23.82,2.62,0.94,41461,0,52,0,정상,0,0
GATE-07,PARKING-01,2026-01-17 08:00:00,39.43,3.8,23.8,2.83,1.33,41500,0,52,0,정상,0,0
GATE-07,PARKING-01,2026-01-17 09:00:00,43.19,4.55,23.59,2.56,1.11,41547,1,52,5.1,정상,0,0
GATE-07,PARKING-01,2026-01-17 10:00:00,38.28,4.05,24.13,2.96,1.19,41566,0,52,3.47,정상,0,0
GATE-07,PARKING-01,2026-01-17 11:00:00,39.01,4.69,23.74,2.82,1.1,41591,0,52,4.51,정상,0,0
GATE-07,PARKING-01,2026-01-17 12:00:00,40.16,4.33,23.66,2.92,1.14,41614,0,52,1.48,정상,0,0
GATE-07,PARKING-01,2026-01-17 13:00:00,38.03,4.7,23.76,2.82,1.24,41639,1,52,3.57,정상,0,0
GATE-07,PARKING-01,2026-01-17 14:00:00,40.07,3.83,24.03,2.59,1.08,41654,0,52,0,정상,0,0
GATE-07,PARKING-01,2026-01-17 15:00:00,41.7,4.09,23.75,2.79,1.12,41674,0,52,4.04,정상,0,0
GATE-07,PARKING-01,2026-01-17 16:00:00,38.17,3.87,24.25,3.05,0.98,41700,0,52,2.06,정상,0,0
GATE-07,PARKING-01,2026-01-17 17:00:00,42.73,4.47,23.88,2.85,1.14,41744,0,52,1.9,정상,0,0
GATE-07,PARKING-01,2026-01-17 18:00:00,41.53,3.98,23.72,2.83,1.34,41766,0,52,0,정상,0,0
GATE-07,PARKING-01,2026-01-17 19:00:00,41.17,4.17,23.9,2.73,1.51,41804,1,52,8.84,정상,0,0
GATE-07,PARKING-01,2026-01-17 20:00:00,41.55,4.38,23.86,2.98,1.22,41845,1,52,5.67,정상,0,0
GATE-07,PARKING-01,2026-01-17 21:00:00,39.15,4.32,23.94,2.77,1.02,41868,1,52,6.33,정상,0,0
GATE-07,PARKING-01,2026-01-17 22:00:00,40.79,4.09,24.02,2.65,1.46,41887,0,52,0.64,정상,0,0
GATE-07,PARKING-01,2026-01-17 23:00:00,39.86,4.24,24.01,2.54,1.26,41911,2,52,12.74,정상,0,0
GATE-07,PARKING-01,2026-01-18 00:00:00,42.27,3.95,23.9,2.82,1.1,41915,1,53,7.53,정상,0,0
GATE-07,PARKING-01,2026-01-18 01:00:00,40.52,3.91,23.72,2.57,1.36,41923,0,53,3.6,정상,0,0
GATE-07,PARKING-01,2026-01-18 02:00:00,37.16,4.26,23.93,2.57,1.17,41930,0,53,0,정상,0,0
GATE-07,PARKING-01,2026-01-18 03:00:00,41.23,3.83,23.84,2.19,1.28,41934,0,53,3.72,정상,0,0
GATE-07,PARKING-01,2026-01-18 04:00:00,34.72,3.87,23.87,2.96,1.04,41941,0,53,0.53,정상,0,0
GATE-07,PARKING-01,2026-01-18 05:00:00,37.18,3.53,24.09,3.12,1.22,41947,0,53,1.96,정상,0,0
GATE-07,PARKING-01,2026-01-18 06:00:00,36.59,4.52,24.02,2.76,1.17,41966,0,53,1.3,정상,0,0
GATE-07,PARKING-01,2026-01-18 07:00:00,38.65,4.68,24.09,3.07,1.59,41988,0,53,3.99,정상,0,0
GATE-07,PARKING-01,2026-01-18 08:00:00,44.68,5.18,23.97,2.8,1.43,42035,1,53,9.96,정상,0,0
GATE-07,PARKING-01,2026-01-18 09:00:00,41.86,4.77,23.92,2.79,1.08,42077,0,53,3.52,정상,0,0
GATE-07,PARKING-01,2026-01-18 10:00:00,36.51,4.32,23.66,2.75,1.4,42090,0,53,0,정상,0,0
GATE-07,PARKING-01,2026-01-18 11:00:00,41.98,4.68,24.25,2.57,0.94,42117,0,53,5.46,정상,0,0
GATE-07,PARKING-01,2026-01-18 12:00:00,39.86,4.33,23.49,2.82,1.23,42140,0,53,1.24,정상,0,0
GATE-07,PARKING-01,2026-01-18 13:00:00,40.09,4.42,23.77,2.47,1.3,42163,0,53,2.53,정상,0,0
GATE-07,PARKING-01,2026-01-18 14:00:00,39.09,4.28,24.37,2.64,1.08,42176,0,53,1.93,정상,0,0
GATE-07,PARKING-01,2026-01-18 15:00:00,39.84,3.97,23.81,2.91,1.21,42199,1,53,6.96,정상,0,0
GATE-07,PARKING-01,2026-01-18 16:00:00,36.53,4.11,24.27,2.74,1.54,42216,0,53,1.96,정상,0,0
GATE-07,PARKING-01,2026-01-18 17:00:00,42.53,4.26,24.17,2.88,1.36,42257,0,53,5.74,정상,0,0
GATE-07,PARKING-01,2026-01-18 18:00:00,37.19,5.12,24.02,2.76,1.47,42284,1,53,11.08,정상,0,0
GATE-07,PARKING-01,2026-01-18 19:00:00,43.5,4.6,24.1,2.88,0.77,42330,0,53,1.36,정상,0,0
GATE-07,PARKING-01,2026-01-18 20:00:00,38.07,4.27,24.21,2.64,1.61,42359,0,53,7.66,정상,0,0
GATE-07,PARKING-01,2026-01-18 21:00:00,38.43,4.66,23.69,2.5,1.46,42380,1,53,9.88,정상,0,0
GATE-07,PARKING-01,2026-01-18 22:00:00,39.17,4.45,23.52,2.6,1.02,42399,0,53,3.96,정상,0,0
GATE-07,PARKING-01,2026-01-18 23:00:00,41.13,4.17,23.9,3.02,1.33,42412,1,53,8.13,정상,0,0
GATE-07,PARKING-01,2026-01-19 00:00:00,38.81,3.44,23.7,2.93,1.03,42415,1,54,9.06,정상,0,0
GATE-07,PARKING-01,2026-01-19 01:00:00,38.18,4.27,23.45,2.88,1.21,42423,0,54,7.2,정상,0,0
GATE-07,PARKING-01,2026-01-19 02:00:00,36.05,4.44,24,2.69,1.5,42429,1,54,3.54,정상,0,0
GATE-07,PARKING-01,2026-01-19 03:00:00,35.17,3.33,23.98,3.09,1.24,42431,0,54,0.9,정상,0,0
GATE-07,PARKING-01,2026-01-19 04:00:00,36.74,4.15,23.74,2.71,1.21,42433,0,54,1.3,정상,0,0
GATE-07,PARKING-01,2026-01-19 05:00:00,36.46,4.29,23.83,2.85,1.31,42439,0,54,2.1,정상,0,0
GATE-07,PARKING-01,2026-01-19 06:00:00,42.02,4.49,23.63,3,0.89,42474,0,54,4.26,정상,0,0
GATE-07,PARKING-01,2026-01-19 07:00:00,41.46,4.44,23.47,2.72,1.06,42519,0,54,3.82,정상,0,0
GATE-07,PARKING-01,2026-01-19 08:00:00,42.11,4.58,23.48,2.61,1.17,42557,1,54,11.65,정상,0,0
GATE-07,PARKING-01,2026-01-19 09:00:00,40.23,4.95,23.34,2.69,1.17,42613,0,54,4.05,정상,0,0
GATE-07,PARKING-01,2026-01-19 10:00:00,38.38,4.25,24.27,2.96,1.15,42626,0,54,4.28,정상,0,0
GATE-07,PARKING-01,2026-01-19 11:00:00,38.93,4.44,23.89,2.96,1.09,42649,0,54,2.78,정상,0,0
GATE-07,PARKING-01,2026-01-19 12:00:00,40.07,4.12,23.72,2.58,1.52,42667,0,54,0.4,정상,0,0
GATE-07,PARKING-01,2026-01-19 13:00:00,39.87,4.83,23.43,2.86,1.21,42694,1,54,10.55,정상,0,0
GATE-07,PARKING-01,2026-01-19 14:00:00,36.7,4.04,23.85,2.75,1.39,42712,0,54,1.58,정상,0,0
GATE-07,PARKING-01,2026-01-19 15:00:00,40.8,4.16,23.95,2.77,1.15,42738,0,54,0,정상,0,0
GATE-07,PARKING-01,2026-01-19 16:00:00,40.45,4.11,24.07,3.04,1.37,42764,0,54,1.42,정상,0,0
GATE-07,PARKING-01,2026-01-19 17:00:00,42.56,4.91,24.25,2.78,1.29,42808,0,54,7.25,정상,0,0
GATE-07,PARKING-01,2026-01-19 18:00:00,37.96,4.64,23.87,3.15,1.22,42842,1,54,9.55,정상,0,0
GATE-07,PARKING-01,2026-01-19 19:00:00,42.12,4.41,23.91,3.13,1.37,42887,0,54,3.46,정상,0,0
GATE-07,PARKING-01,2026-01-19 20:00:00,42.79,4.82,24.28,2.85,1.43,42933,0,54,7.37,정상,0,0
GATE-07,PARKING-01,2026-01-19 21:00:00,41.19,3.99,23.33,2.84,1.07,42956,0,54,6.3,정상,0,0
GATE-07,PARKING-01,2026-01-19 22:00:00,41.1,3.3,23.91,3.04,1.3,42975,0,54,0,정상,0,0
GATE-07,PARKING-01,2026-01-19 23:00:00,39.22,3.9,23.84,2.81,1.06,42997,0,54,1.77,정상,0,0
GATE-07,PARKING-01,2026-01-20 00:00:00,37.33,3.67,23.95,2.93,1.6,42997,0,55,5.73,정상,0,0
GATE-07,PARKING-01,2026-01-20 01:00:00,39.65,4.64,24.34,2.77,1.2,43010,0,55,2.58,정상,0,0
GATE-07,PARKING-01,2026-01-20 02:00:00,35.58,3.81,23.68,2.64,1.36,43015,0,55,5.17,정상,0,0
GATE-07,PARKING-01,2026-01-20 03:00:00,37.78,3.78,23.91,2.92,1.41,43015,1,55,6.79,정상,0,0
GATE-07,PARKING-01,2026-01-20 04:00:00,40.15,3.98,23.91,2.6,1.1,43030,0,55,0.47,정상,0,0
GATE-07,PARKING-01,2026-01-20 05:00:00,38.43,3.95,24.02,3.01,1.18,43033,0,55,0,정상,0,0
GATE-07,PARKING-01,2026-01-20 06:00:00,39.65,4.39,24.15,2.86,1.56,43059,0,55,4.36,정상,0,0
GATE-07,PARKING-01,2026-01-20 07:00:00,40.68,5.11,23.8,2.78,1.19,43093,0,55,5.04,정상,0,0
GATE-07,PARKING-01,2026-01-20 08:00:00,42.87,4.62,23.92,2.94,1.16,43127,1,55,7.97,정상,0,0
GATE-07,PARKING-01,2026-01-20 09:00:00,42.74,4.73,23.85,2.68,1.41,43179,0,55,3.95,정상,0,0
GATE-07,PARKING-01,2026-01-20 10:00:00,44.4,4.45,23.98,2.88,1.43,43205,0,55,4.51,정상,0,0
GATE-07,PARKING-01,2026-01-20 11:00:00,42.68,4.76,24,2.88,1.04,43234,0,55,7.51,정상,0,0
GATE-07,PARKING-01,2026-01-20 12:00:00,38.88,4.13,23.73,2.82,1.31,43252,0,55,1.75,정상,0,0
GATE-07,PARKING-01,2026-01-20 13:00:00,37.55,4.78,23.56,2.97,1.27,43269,0,55,3.46,정상,0,0
GATE-07,PARKING-01,2026-01-20 14:00:00,41.85,4.25,24.24,2.73,1.6,43302,0,55,6.88,정상,0,0
GATE-07,PARKING-01,2026-01-20 15:00:00,41.45,4.69,24.09,2.98,1.47,43336,0,55,5.63,정상,0,0
GATE-07,PARKING-01,2026-01-20 16:00:00,39.11,4.56,24.3,2.8,1.13,43356,0,55,2.88,정상,0,0
GATE-07,PARKING-01,2026-01-20 17:00:00,44.85,5.09,23.63,2.82,1.14,43414,1,55,13.67,정상,0,0
GATE-07,PARKING-01,2026-01-20 18:00:00,41.8,4.67,23.64,3.02,1.27,43450,0,55,2.42,정상,0,0
GATE-07,PARKING-01,2026-01-20 19:00:00,42.66,4.88,23.68,2.69,1.27,43493,0,55,6.34,정상,0,0
GATE-07,PARKING-01,2026-01-20 20:00:00,39.91,4.48,24.18,2.76,1.41,43524,0,55,6.48,정상,0,0
GATE-07,PARKING-01,2026-01-20 21:00:00,36.82,3.67,23.83,2.9,1.15,43537,1,55,5.6,정상,0,0
GATE-07,PARKING-01,2026-01-20 22:00:00,42.06,4.06,24.15,2.98,1.19,43558,0,55,3.26,정상,0,0
GATE-07,PARKING-01,2026-01-20 23:00:00,37.18,4.31,24.01,2.82,1.57,43578,1,55,6.95,정상,0,0
GATE-07,PARKING-01,2026-01-21 00:00:00,40.27,3.97,23.71,2.77,1.44,43588,0,56,3.6,정상,0,0
GATE-07,PARKING-01,2026-01-21 01:00:00,35,3.69,23.51,2.72,1.46,43595,1,56,11.68,정상,0,0
GATE-07,PARKING-01,2026-01-21 02:00:00,38.34,4.22,23.58,2.85,1.3,43601,0,56,3.97,정상,0,0
GATE-07,PARKING-01,2026-01-21 03:00:00,38.45,4.14,23.92,2.87,1.27,43601,0,56,0,정상,0,0
GATE-07,PARKING-01,2026-01-21 04:00:00,39.45,4.71,24.05,2.58,0.86,43607,1,56,7.22,정상,0,0
GATE-07,PARKING-01,2026-01-21 05:00:00,41.2,4.07,24.19,2.76,1.08,43617,0,56,1.55,정상,0,0
GATE-07,PARKING-01,2026-01-21 06:00:00,37.82,4.46,24.53,2.88,1.21,43633,0,56,2.6,정상,0,0
GATE-07,PARKING-01,2026-01-21 07:00:00,41.98,4.76,23.64,2.63,1.44,43663,1,56,12.71,정상,0,0
GATE-07,PARKING-01,2026-01-21 08:00:00,41.91,4.76,23.65,2.79,1.57,43702,1,56,8.97,정상,0,0
GATE-07,PARKING-01,2026-01-21 09:00:00,40.57,4.43,23.55,2.77,1.11,43729,1,56,7.28,정상,0,0
GATE-07,PARKING-01,2026-01-21 10:00:00,43.96,4.29,23.75,3.04,1.38,43756,0,56,9.9,정상,0,0
GATE-07,PARKING-01,2026-01-21 11:00:00,41.87,4.05,24.12,2.82,1.39,43774,1,56,5.98,정상,0,0
GATE-07,PARKING-01,2026-01-21 12:00:00,39.52,4.46,23.48,3.13,1.26,43789,1,56,10.1,정상,0,0
GATE-07,PARKING-01,2026-01-21 13:00:00,41.02,4.43,24.18,2.72,1.32,43817,0,56,1.97,정상,0,0
GATE-07,PARKING-01,2026-01-21 14:00:00,36.94,4.41,23.87,2.71,1.41,43836,1,56,6.04,정상,0,0
GATE-07,PARKING-01,2026-01-21 15:00:00,41.18,4.17,24.14,2.71,1.42,43855,1,56,9.39,정상,0,0
GATE-07,PARKING-01,2026-01-21 16:00:00,38.6,3.87,24.01,3.08,1.58,43868,0,56,4.13,정상,0,0
GATE-07,PARKING-01,2026-01-21 17:00:00,40.64,4.47,24.02,2.52,1.4,43897,0,56,0,정상,0,0
GATE-07,PARKING-01,2026-01-21 18:00:00,43.79,5.26,23.93,2.9,1.19,43939,0,56,7.57,정상,0,0
GATE-07,PARKING-01,2026-01-21 19:00:00,42.81,4.74,23.95,2.73,1.3,43984,0,56,0,정상,0,0
GATE-07,PARKING-01,2026-01-21 20:00:00,41.94,4.67,23.75,2.9,1.27,44026,0,56,1.12,정상,0,0
GATE-07,PARKING-01,2026-01-21 21:00:00,41.21,4.39,24.1,2.99,1.01,44052,0,56,0,정상,0,0
GATE-07,PARKING-01,2026-01-21 22:00:00,38.37,4.03,23.81,2.8,1.41,44074,1,56,7.26,정상,0,0
GATE-07,PARKING-01,2026-01-21 23:00:00,41.28,4.7,24.06,2.99,1.35,44101,0,56,2.76,정상,0,0
GATE-07,PARKING-01,2026-01-22 00:00:00,35.2,3.68,23.94,2.37,1.44,44102,0,57,0.82,정상,0,0
GATE-07,PARKING-01,2026-01-22 01:00:00,34.78,4.24,23.94,2.85,1.35,44102,0,57,2.15,정상,0,0
GATE-07,PARKING-01,2026-01-22 02:00:00,34.47,3.36,23.7,2.68,1.06,44108,0,57,0.79,정상,0,0
GATE-07,PARKING-01,2026-01-22 03:00:00,37.65,3.83,23.49,2.96,1.23,44116,0,57,2.47,정상,0,0
GATE-07,PARKING-01,2026-01-22 04:00:00,34.77,4.15,24.07,2.61,1.08,44121,1,57,4.77,정상,0,0
GATE-07,PARKING-01,2026-01-22 05:00:00,40.69,4.13,23.93,2.75,1.23,44126,0,57,4.78,정상,0,0
GATE-07,PARKING-01,2026-01-22 06:00:00,39.19,4.23,23.76,2.58,1.31,44140,0,57,0.17,정상,0,0
GATE-07,PARKING-01,2026-01-22 07:00:00,44.42,4.82,23.88,2.85,1.87,44177,0,57,9.02,정상,0,0
GATE-07,PARKING-01,2026-01-22 08:00:00,44.36,4.52,23.57,3.28,1.61,44228,0,57,11.45,정상,0,0
GATE-07,PARKING-01,2026-01-22 09:00:00,42.04,5.19,23.41,3.17,1.82,44278,0,57,13.56,정상,0,0
GATE-07,PARKING-01,2026-01-22 10:00:00,40.38,4.93,23.71,2.94,1.73,44304,0,57,7.18,정상,0,0
GATE-07,PARKING-01,2026-01-22 11:00:00,40.86,3.75,23.88,2.9,1.43,44320,0,57,1.74,정상,0,0
GATE-07,PARKING-01,2026-01-22 12:00:00,38.16,3.74,23.87,2.62,1.28,44341,1,57,7.19,정상,0,0
GATE-07,PARKING-01,2026-01-22 13:00:00,39.23,4.76,24.18,2.92,1.59,44368,0,57,1.72,정상,0,0
GATE-07,PARKING-01,2026-01-22 14:00:00,38.13,4.14,23.84,2.87,1.43,44393,1,57,9.18,정상,0,0
GATE-07,PARKING-01,2026-01-22 15:00:00,40.45,4.79,23.83,2.9,0.98,44417,0,57,0.6,정상,0,0
GATE-07,PARKING-01,2026-01-22 16:00:00,42.99,4.53,23.86,2.73,1.38,44443,0,57,3.75,정상,0,0
GATE-07,PARKING-01,2026-01-22 17:00:00,43.54,5.26,24.23,2.9,1.4,44482,0,57,8.28,정상,0,0
GATE-07,PARKING-01,2026-01-22 18:00:00,41.95,4.97,24.19,3.01,1.44,44523,1,57,9.1,정상,0,0
GATE-07,PARKING-01,2026-01-22 19:00:00,44.18,4.19,23.95,2.92,1.01,44565,0,57,7.32,정상,0,0
GATE-07,PARKING-01,2026-01-22 20:00:00,42.88,4.89,23.8,3.09,1.47,44602,0,57,2.52,정상,0,0
GATE-07,PARKING-01,2026-01-22 21:00:00,37.28,4.81,23.91,2.93,1.53,44622,0,57,4.58,정상,0,0
GATE-07,PARKING-01,2026-01-22 22:00:00,39,4.63,23.99,2.54,1.32,44642,1,57,6.61,정상,0,0
GATE-07,PARKING-01,2026-01-22 23:00:00,38.78,4.24,23.99,3.03,1.31,44661,1,57,7.68,정상,0,0
GATE-07,PARKING-01,2026-01-23 00:00:00,38.97,3.57,24.11,2.82,1.3,44661,0,58,5.42,정상,0,0
GATE-07,PARKING-01,2026-01-23 01:00:00,38.22,4.19,24.17,3.23,1.29,44668,0,58,0.6,정상,0,0
GATE-07,PARKING-01,2026-01-23 02:00:00,35.9,4.04,23.61,2.78,1.35,44670,0,58,6.01,정상,0,0
GATE-07,PARKING-01,2026-01-23 03:00:00,37.56,5.32,24,2.88,1.21,44679,0,58,4.38,정상,0,0
GATE-07,PARKING-01,2026-01-23 04:00:00,39.9,4.29,23.85,2.64,1.3,44691,0,58,4.02,정상,0,0
GATE-07,PARKING-01,2026-01-23 05:00:00,39.32,4,23.72,3.15,1.46,44694,0,58,4.1,정상,0,0
GATE-07,PARKING-01,2026-01-23 06:00:00,40.48,4.57,24.45,2.74,1.32,44718,0,58,3.88,정상,0,0
GATE-07,PARKING-01,2026-01-23 07:00:00,45.85,4.75,23.84,2.87,1.49,44771,0,58,7.55,정상,0,0
GATE-07,PARKING-01,2026-01-23 08:00:00,41.43,4.16,24.42,2.73,1.72,44806,1,58,9.29,정상,0,0
GATE-07,PARKING-01,2026-01-23 09:00:00,41.69,4.72,23.8,3.03,1.24,44836,0,58,4.78,정상,0,0
GATE-07,PARKING-01,2026-01-23 10:00:00,39.18,4.63,23.57,2.95,1.68,44852,1,58,11.96,정상,0,0
GATE-07,PARKING-01,2026-01-23 11:00:00,42.6,4.27,23.73,2.94,1.51,44883,0,58,2.94,정상,0,0
GATE-07,PARKING-01,2026-01-23 12:00:00,38.12,4.43,24.03,3.08,1.16,44901,0,58,0.79,정상,0,0
GATE-07,PARKING-01,2026-01-23 13:00:00,39.32,4.44,24,2.73,1.46,44924,1,58,7.28,정상,0,0
GATE-07,PARKING-01,2026-01-23 14:00:00,36.55,4.86,23.98,2.62,1.5,44947,0,58,4.9,정상,0,0
GATE-07,PARKING-01,2026-01-23 15:00:00,40.19,4.34,23.93,2.81,1.41,44965,0,58,1.01,정상,0,0
GATE-07,PARKING-01,2026-01-23 16:00:00,41.54,4.56,24.03,2.67,1.5,44986,1,58,6.81,정상,0,0
GATE-07,PARKING-01,2026-01-23 17:00:00,43.63,5.04,24.17,2.74,1.52,45028,0,58,7.2,정상,0,0
GATE-07,PARKING-01,2026-01-23 18:00:00,42.8,4.9,23.89,2.85,1.3,45075,0,58,2.15,정상,0,0
GATE-07,PARKING-01,2026-01-23 19:00:00,43.48,5.49,23.71,2.85,1.65,45128,0,58,10.72,정상,0,0
GATE-07,PARKING-01,2026-01-23 20:00:00,42.22,4.23,24.09,2.84,1.25,45169,0,58,0,정상,0,0
GATE-07,PARKING-01,2026-01-23 21:00:00,36.99,4.42,23.91,2.89,1.49,45189,0,58,3.04,정상,0,0
GATE-07,PARKING-01,2026-01-23 22:00:00,39.93,4.08,23.88,2.78,1.37,45212,0,58,0,정상,0,0
GATE-07,PARKING-01,2026-01-23 23:00:00,41.7,4.09,24.06,2.86,1.34,45234,0,58,0,정상,0,0
GATE-07,PARKING-01,2026-01-24 00:00:00,37.08,4.23,23.8,2.97,1.17,45237,0,59,0,정상,0,0
GATE-07,PARKING-01,2026-01-24 01:00:00,35.21,4.35,23.82,3.01,1.31,45238,0,59,1.36,정상,0,0
GATE-07,PARKING-01,2026-01-24 02:00:00,37.25,3.89,24.29,2.85,1.36,45241,1,59,5.91,정상,0,0
GATE-07,PARKING-01,2026-01-24 03:00:00,38.63,4.07,23.86,3.15,1.17,45248,0,59,3.5,정상,0,0
GATE-07,PARKING-01,2026-01-24 04:00:00,42.16,3.99,23.69,3.04,1.27,45259,0,59,1.41,정상,0,0
GATE-07,PARKING-01,2026-01-24 05:00:00,40,4.26,23.87,3.04,1.27,45263,1,59,5.96,정상,0,0
GATE-07,PARKING-01,2026-01-24 06:00:00,38.88,4.73,23.79,2.86,1.52,45274,0,59,1.89,정상,0,0
GATE-07,PARKING-01,2026-01-24 07:00:00,44.2,5.33,23.74,2.92,1.68,45320,1,59,16.12,정상,0,0
GATE-07,PARKING-01,2026-01-24 08:00:00,42.58,4.5,24.45,2.97,1.65,45351,0,59,5.85,정상,0,0
GATE-07,PARKING-01,2026-01-24 09:00:00,44.1,4.92,23.84,2.96,1.68,45401,0,59,10.41,정상,0,0
GATE-07,PARKING-01,2026-01-24 10:00:00,39.71,4.47,24,3.08,1.85,45427,1,59,13.66,정상,0,0
GATE-07,PARKING-01,2026-01-24 11:00:00,41.66,4.41,24,2.75,1.56,45449,0,59,5.61,정상,0,0
GATE-07,PARKING-01,2026-01-24 12:00:00,39.29,4.48,24.19,2.68,1.57,45466,0,59,3.86,정상,0,0
GATE-07,PARKING-01,2026-01-24 13:00:00,38.4,4.88,23.68,3.03,1.32,45496,0,59,3.7,정상,0,0
GATE-07,PARKING-01,2026-01-24 14:00:00,41.01,4.35,23.87,2.86,1.32,45512,0,59,1,정상,0,0
GATE-07,PARKING-01,2026-01-24 15:00:00,41.06,4.38,23.7,2.93,1.35,45528,1,59,6.1,정상,0,0
GATE-07,PARKING-01,2026-01-24 16:00:00,42.63,5.21,24.11,2.72,1.14,45561,0,59,4.13,정상,0,0
GATE-07,PARKING-01,2026-01-24 17:00:00,45.69,4.79,23.76,2.93,1.4,45609,0,59,6.89,정상,0,0
GATE-07,PARKING-01,2026-01-24 18:00:00,44.51,4.95,23.51,2.73,1,45665,1,59,13.53,정상,0,0
GATE-07,PARKING-01,2026-01-24 19:00:00,45.32,4.76,24.01,2.77,1.37,45705,0,59,5.97,정상,0,0
GATE-07,PARKING-01,2026-01-24 20:00:00,41.64,5.23,23.5,3.13,1.06,45741,0,59,5.78,정상,0,0
GATE-07,PARKING-01,2026-01-24 21:00:00,42.66,3.99,23.75,2.89,1.35,45762,1,59,10.27,정상,0,0
GATE-07,PARKING-01,2026-01-24 22:00:00,40.38,4.97,24.24,2.91,1.54,45784,1,59,17.61,정상,0,0
GATE-07,PARKING-01,2026-01-24 23:00:00,38.77,4.24,23.83,2.62,1.34,45802,0,59,2.48,정상,0,0
GATE-07,PARKING-01,2026-01-25 00:00:00,40.36,3.68,24,2.74,1.32,45811,0,60,0,정상,0,0
GATE-07,PARKING-01,2026-01-25 01:00:00,43.84,4.8,23.91,2.88,1.6,45823,0,60,8.19,정상,0,0
GATE-07,PARKING-01,2026-01-25 02:00:00,36.71,3.96,23.9,2.82,1.26,45823,0,60,2.03,정상,0,0
GATE-07,PARKING-01,2026-01-25 03:00:00,36.91,3.71,23.79,2.98,1.48,45823,0,60,3.7,정상,0,0
GATE-07,PARKING-01,2026-01-25 04:00:00,38.48,3.74,24.09,3.19,1.26,45836,0,60,5.7,정상,0,0
GATE-07,PARKING-01,2026-01-25 05:00:00,34.87,3.77,23.28,2.99,1.66,45838,1,60,11.57,정상,0,0
GATE-07,PARKING-01,2026-01-25 06:00:00,39.51,4.35,23.55,2.97,1.67,45860,1,60,11.68,정상,0,0
GATE-07,PARKING-01,2026-01-25 07:00:00,40.33,4.84,24.07,2.84,1.45,45899,0,60,3.87,정상,0,0
GATE-07,PARKING-01,2026-01-25 08:00:00,41.31,4.67,23.98,3.14,1.35,45928,0,60,0,정상,0,0
GATE-07,PARKING-01,2026-01-25 09:00:00,41.11,4.98,23.91,2.72,1.36,45963,0,60,4.33,정상,0,0
GATE-07,PARKING-01,2026-01-25 10:00:00,40.87,3.84,23.61,3.04,1.5,45979,0,60,2.57,정상,0,0
GATE-07,PARKING-01,2026-01-25 11:00:00,42.1,4.58,23.86,2.83,1.41,46004,0,60,5.4,정상,0,0
GATE-07,PARKING-01,2026-01-25 12:00:00,40.03,4.73,24.21,3.38,1.46,46026,1,60,12.02,정상,0,0
GATE-07,PARKING-01,2026-01-25 13:00:00,42.6,4.28,23.53,3.02,1.38,46056,0,60,2.2,정상,0,0
GATE-07,PARKING-01,2026-01-25 14:00:00,41.79,5.05,23.95,3.02,1.71,46084,0,60,3.02,정상,0,0
GATE-07,PARKING-01,2026-01-25 15:00:00,38.46,4.11,23.47,2.92,1.21,46100,1,60,6.19,정상,0,0
GATE-07,PARKING-01,2026-01-25 16:00:00,42.08,4.07,23.6,2.86,1.1,46123,0,60,2.76,정상,0,0
GATE-07,PARKING-01,2026-01-25 17:00:00,46.83,4.57,23.67,2.98,1.59,46165,1,60,20.25,정상,0,0
GATE-07,PARKING-01,2026-01-25 18:00:00,41.24,4.76,23.71,2.56,1.48,46192,0,60,2.52,정상,0,0
GATE-07,PARKING-01,2026-01-25 19:00:00,41.68,5.16,23.59,3.14,1.59,46225,0,60,10.38,정상,0,0
GATE-07,PARKING-01,2026-01-25 20:00:00,41.77,5.22,23.68,2.92,1.7,46263,1,60,16.77,정상,0,0
GATE-07,PARKING-01,2026-01-25 21:00:00,41.72,4.92,23.87,3.27,1.5,46295,0,60,7.53,정상,0,0
GATE-07,PARKING-01,2026-01-25 22:00:00,39.31,4.47,24.16,3,1.45,46311,0,60,3.41,정상,0,0
GATE-07,PARKING-01,2026-01-25 23:00:00,43.93,4.88,23.63,2.84,1.46,46349,0,60,6.74,정상,0,0
GATE-07,PARKING-01,2026-01-26 00:00:00,37.7,4.64,24.3,2.81,1.63,46353,0,61,4.17,정상,0,0
GATE-07,PARKING-01,2026-01-26 01:00:00,38.33,4.31,23.91,2.85,1.6,46356,1,61,10.02,정상,0,0
GATE-07,PARKING-01,2026-01-26 02:00:00,38.22,3.99,23.79,2.73,1.37,46358,0,61,5.27,정상,0,0
GATE-07,PARKING-01,2026-01-26 03:00:00,40.99,4.7,23.97,3.08,1.23,46370,0,61,0,정상,0,0
GATE-07,PARKING-01,2026-01-26 04:00:00,37.95,4.51,24.02,2.53,1.39,46373,3,61,17.81,정상,0,0
GATE-07,PARKING-01,2026-01-26 05:00:00,40.77,3.22,23.5,2.68,1.75,46380,0,61,6.67,정상,0,0
GATE-07,PARKING-01,2026-01-26 06:00:00,39.14,4.55,24.27,2.95,2.05,46403,0,61,8.79,정상,0,0
GATE-07,PARKING-01,2026-01-26 07:00:00,42.07,4.49,23.61,2.86,1.47,46443,0,61,3.3,정상,0,0
GATE-07,PARKING-01,2026-01-26 08:00:00,41.66,4.39,23.58,3.35,1.27,46473,0,61,9.95,정상,0,0
GATE-07,PARKING-01,2026-01-26 09:00:00,43.94,5.19,23.43,2.88,1.77,46518,1,61,17.01,정상,0,0
GATE-07,PARKING-01,2026-01-26 10:00:00,39.43,4.28,23.67,2.99,1.49,46533,0,61,1.29,정상,0,0
GATE-07,PARKING-01,2026-01-26 11:00:00,40.67,4.81,23.58,3.28,1.35,46553,0,61,9.27,정상,0,0
GATE-07,PARKING-01,2026-01-26 12:00:00,40.7,4.71,23.87,2.83,1.25,46573,0,61,4.81,정상,0,0
GATE-07,PARKING-01,2026-01-26 13:00:00,43.15,4.42,23.71,2.99,1.24,46600,0,61,6.74,정상,0,0
GATE-07,PARKING-01,2026-01-26 14:00:00,40.48,4.08,23.66,3.09,1.85,46619,1,61,11.2,정상,0,0
GATE-07,PARKING-01,2026-01-26 15:00:00,41.51,4.61,23.63,3.13,1.65,46642,1,61,11.69,정상,0,0
GATE-07,PARKING-01,2026-01-26 16:00:00,40.01,4.45,24.2,3.1,1.48,46662,0,61,3.15,정상,0,0
GATE-07,PARKING-01,2026-01-26 17:00:00,45.06,4.81,23.8,3.1,1.42,46700,1,61,10.81,정상,0,0
GATE-07,PARKING-01,2026-01-26 18:00:00,43.46,4.84,23.53,3.02,1.79,46741,0,61,7.11,정상,0,0
GATE-07,PARKING-01,2026-01-26 19:00:00,43.37,4.81,23.97,3.29,1.75,46780,0,61,5.82,정상,0,0
GATE-07,PARKING-01,2026-01-26 20:00:00,43.34,4.72,23.93,2.99,1.37,46817,0,61,2.11,정상,0,0
GATE-07,PARKING-01,2026-01-26 21:00:00,41.5,4.5,23.47,2.97,1.43,46837,0,61,5.83,정상,0,0
GATE-07,PARKING-01,2026-01-26 22:00:00,41.51,4.73,23.19,2.94,1.64,46869,0,61,6.55,정상,0,0
GATE-07,PARKING-01,2026-01-26 23:00:00,39.8,4.36,24.13,2.98,1.73,46886,0,61,6.31,정상,0,0
GATE-07,PARKING-01,2026-01-27 00:00:00,36.89,4.77,23.86,3.16,1.74,46890,0,62,6.01,정상,0,0
GATE-07,PARKING-01,2026-01-27 01:00:00,37.33,4.34,23.71,3.11,1.56,46891,0,62,7.12,정상,0,0
GATE-07,PARKING-01,2026-01-27 02:00:00,38.38,4.18,24.01,2.76,1.78,46898,0,62,4.54,정상,0,0
GATE-07,PARKING-01,2026-01-27 03:00:00,37.3,3.83,23.98,2.82,1.74,46903,0,62,2.03,정상,0,0
GATE-07,PARKING-01,2026-01-27 04:00:00,34.33,4.25,24.17,2.86,1.66,46907,0,62,1.99,정상,0,0
GATE-07,PARKING-01,2026-01-27 05:00:00,35.34,4.33,24.21,2.74,0.87,46910,1,62,6.69,정상,0,0
GATE-07,PARKING-01,2026-01-27 06:00:00,38.92,4.27,24.02,3.01,1.25,46935,0,62,0,정상,0,0
GATE-07,PARKING-01,2026-01-27 07:00:00,43.33,4.8,24.33,3.13,1.4,46977,1,62,9.32,정상,0,0
GATE-07,PARKING-01,2026-01-27 08:00:00,44.02,5.37,23.81,3.04,1.31,47020,0,62,9.14,정상,0,0
GATE-07,PARKING-01,2026-01-27 09:00:00,43.4,4.96,23.93,3.01,1.23,47058,0,62,4.51,정상,0,0
GATE-07,PARKING-01,2026-01-27 10:00:00,39.9,4.75,23.61,2.93,1.5,47077,0,62,9.28,정상,0,0
GATE-07,PARKING-01,2026-01-27 11:00:00,44.13,4.43,23.9,3.02,1.58,47105,0,62,4.23,정상,0,0
GATE-07,PARKING-01,2026-01-27 12:00:00,40.32,5.02,23.48,3.19,1.57,47127,0,62,8.59,정상,0,0
GATE-07,PARKING-01,2026-01-27 13:00:00,39.18,4.08,23.45,2.89,1.4,47141,0,62,4.02,정상,0,0
GATE-07,PARKING-01,2026-01-27 14:00:00,42.88,4.51,23.57,2.98,1.78,47161,0,62,3.92,정상,0,0
GATE-07,PARKING-01,2026-01-27 15:00:00,43.69,4.22,24.15,2.96,1.62,47185,0,62,6.17,정상,0,0
GATE-07,PARKING-01,2026-01-27 16:00:00,45.64,4.74,23.79,3.05,1.57,47207,0,62,10.21,정상,0,0
GATE-07,PARKING-01,2026-01-27 17:00:00,44.42,5.88,23.47,2.94,1.53,47255,0,62,13.75,정상,0,0
GATE-07,PARKING-01,2026-01-27 18:00:00,45.24,4.29,23.84,3.13,1.49,47293,0,62,7.33,정상,0,0
GATE-07,PARKING-01,2026-01-27 19:00:00,41.65,4.52,23.92,3.14,1.75,47328,1,62,9.8,정상,0,0
GATE-07,PARKING-01,2026-01-27 20:00:00,47.09,4.91,23.96,3,1.47,47389,1,62,18.29,정상,0,0
GATE-07,PARKING-01,2026-01-27 21:00:00,40.12,4.6,24.01,2.98,1.67,47410,0,62,0.35,정상,0,0
GATE-07,PARKING-01,2026-01-27 22:00:00,41.84,4.99,24.09,3.09,1.62,47425,0,62,7.93,정상,0,0
GATE-07,PARKING-01,2026-01-27 23:00:00,41.76,5.01,23.67,2.83,1.91,47450,0,62,9.77,정상,0,0
GATE-07,PARKING-01,2026-01-28 00:00:00,39.87,4.16,24.07,3.02,1.45,47457,0,63,0,정상,0,0
GATE-07,PARKING-01,2026-01-28 01:00:00,41.81,3.71,23.86,2.91,1.72,47473,0,63,3.9,정상,0,0
GATE-07,PARKING-01,2026-01-28 02:00:00,40.35,4.35,23.86,2.73,1.75,47473,0,63,4.44,정상,0,0
GATE-07,PARKING-01,2026-01-28 03:00:00,39.11,4.41,24.1,3,1.83,47473,0,63,3.09,정상,0,0
GATE-07,PARKING-01,2026-01-28 04:00:00,39.31,4.26,24.07,3.14,1.65,47476,0,63,7.43,정상,0,0
GATE-07,PARKING-01,2026-01-28 05:00:00,39.43,3.88,23.94,2.98,1.53,47480,0,63,3.07,정상,0,0
GATE-07,PARKING-01,2026-01-28 06:00:00,42.31,4.14,23.84,2.79,1.59,47506,0,63,6.98,정상,0,0
GATE-07,PARKING-01,2026-01-28 07:00:00,45.29,5.46,23.97,3.13,1.64,47560,0,63,12.63,정상,0,0
GATE-07,PARKING-01,2026-01-28 08:00:00,38.85,4.96,23.72,3.04,1.05,47589,0,63,5.05,정상,0,0
GATE-07,PARKING-01,2026-01-28 09:00:00,42.19,4.64,23.42,3.19,1.47,47620,0,63,10.03,정상,0,0
GATE-07,PARKING-01,2026-01-28 10:00:00,42.13,4.34,23.81,2.54,1.53,47643,0,63,5.31,정상,0,0
GATE-07,PARKING-01,2026-01-28 11:00:00,40.85,4.68,23.69,2.99,1.63,47665,0,63,5.94,정상,0,0
GATE-07,PARKING-01,2026-01-28 12:00:00,42.59,4.88,23.98,2.91,1.71,47692,0,63,5.2,정상,0,0
GATE-07,PARKING-01,2026-01-28 13:00:00,40.2,5.1,23.8,2.92,1.53,47713,0,63,6.14,정상,0,0
GATE-07,PARKING-01,2026-01-28 14:00:00,41.64,4.68,23.82,3.03,1.76,47740,0,63,3.6,정상,0,0
GATE-07,PARKING-01,2026-01-28 15:00:00,40.17,4.15,24.14,3.16,1.42,47752,0,63,4.08,정상,0,0
GATE-07,PARKING-01,2026-01-28 16:00:00,41.55,4.63,23.59,3.19,1.61,47775,1,63,13.9,정상,0,0
GATE-07,PARKING-01,2026-01-28 17:00:00,44.74,4.91,23.57,3.09,1.61,47815,0,63,8.99,정상,0,0
GATE-07,PARKING-01,2026-01-28 18:00:00,44.62,4.69,23.55,3.04,1.31,47860,2,63,17.37,정상,0,0
GATE-07,PARKING-01,2026-01-28 19:00:00,44.8,4.93,23.48,2.93,1.22,47908,0,63,7.5,정상,0,0
GATE-07,PARKING-01,2026-01-28 20:00:00,44.1,4.61,23.79,3.21,1.84,47948,0,63,13.94,정상,0,0
GATE-07,PARKING-01,2026-01-28 21:00:00,45.82,4.51,23.93,3.01,1.55,47982,0,63,11.72,정상,0,0
GATE-07,PARKING-01,2026-01-28 22:00:00,37.58,4.53,23.75,3,1.63,47994,0,63,2.27,정상,0,0
GATE-07,PARKING-01,2026-01-28 23:00:00,41.07,4.53,23.99,3.35,1.47,48023,0,63,3.88,정상,0,0
GATE-07,PARKING-01,2026-01-29 00:00:00,40.66,3.98,23.93,3.09,1.4,48031,0,64,4.08,정상,0,0
GATE-07,PARKING-01,2026-01-29 01:00:00,40.43,4.01,23.76,2.52,1.49,48032,0,64,5.57,정상,0,0
GATE-07,PARKING-01,2026-01-29 02:00:00,37.62,3.98,23.74,2.99,1.68,48032,0,64,5.99,정상,0,0
GATE-07,PARKING-01,2026-01-29 03:00:00,39.27,4.06,23.65,3.34,1.9,48034,0,64,7.96,정상,0,0
GATE-07,PARKING-01,2026-01-29 04:00:00,37.07,4.27,23.68,3.09,1.86,48037,1,64,12.6,정상,0,0
GATE-07,PARKING-01,2026-01-29 05:00:00,39.2,4.72,23.36,3.1,1.61,48037,0,64,7.66,정상,0,0
GATE-07,PARKING-01,2026-01-29 06:00:00,41.71,4.31,23.98,3.04,1.5,48062,0,64,2.62,정상,0,0
GATE-07,PARKING-01,2026-01-29 07:00:00,43.87,4.43,23.95,3.3,1.24,48109,2,64,17.97,정상,0,0
GATE-07,PARKING-01,2026-01-29 08:00:00,46.74,5.36,24.12,2.96,1.6,48155,0,64,12.12,정상,0,0
GATE-07,PARKING-01,2026-01-29 09:00:00,41.76,5.25,23.64,2.72,1.44,48189,0,64,7.77,정상,0,0
GATE-07,PARKING-01,2026-01-29 10:00:00,41.33,4.59,23.89,2.83,1.93,48205,0,64,7.57,정상,0,0
GATE-07,PARKING-01,2026-01-29 11:00:00,42.64,4.47,23.49,2.76,1.44,48220,0,64,4.73,정상,0,0
GATE-07,PARKING-01,2026-01-29 12:00:00,38.02,4.39,23.6,3.26,1.51,48237,1,64,16.31,정상,0,0
GATE-07,PARKING-01,2026-01-29 13:00:00,40.83,4.33,24.06,2.97,1.67,48256,1,64,9.04,정상,0,0
GATE-07,PARKING-01,2026-01-29 14:00:00,43.35,4.57,23.87,3.01,1.51,48275,0,64,3.31,정상,0,0
GATE-07,PARKING-01,2026-01-29 15:00:00,39.62,4.78,23.84,3.23,1.64,48300,0,64,9.1,정상,0,0
GATE-07,PARKING-01,2026-01-29 16:00:00,39.32,4.8,24.11,3.16,1.58,48324,0,64,3.43,정상,0,0
GATE-07,PARKING-01,2026-01-29 17:00:00,43.48,4.92,23.49,2.95,1.14,48357,2,64,16.42,정상,0,0
GATE-07,PARKING-01,2026-01-29 18:00:00,41.85,4.88,23.91,2.91,2,48397,0,64,10.87,정상,0,0
GATE-07,PARKING-01,2026-01-29 19:00:00,43.12,5.02,23.87,3.01,1.61,48435,0,64,7.39,정상,0,0
GATE-07,PARKING-01,2026-01-29 20:00:00,41.18,4.32,23.25,2.99,1.35,48456,1,64,13.83,정상,0,0
GATE-07,PARKING-01,2026-01-29 21:00:00,42.35,4.89,23.53,2.64,1.65,48481,0,64,10.35,정상,0,0
GATE-07,PARKING-01,2026-01-29 22:00:00,41.4,4.38,23.79,3.12,1.38,48501,2,64,12.57,정상,0,0
GATE-07,PARKING-01,2026-01-29 23:00:00,42.69,4.49,23.6,3.08,1.42,48527,0,64,7.32,정상,0,0
GATE-07,PARKING-01,2026-01-30 00:00:00,41.86,4.3,24.05,3.13,1.52,48530,0,65,4.89,정상,0,0
GATE-07,PARKING-01,2026-01-30 01:00:00,39.16,3.96,24.01,3.17,1.58,48530,1,65,9.63,정상,0,0
GATE-07,PARKING-01,2026-01-30 02:00:00,37.22,4.3,23.47,3.14,1.48,48540,0,65,5.55,정상,0,0
GATE-07,PARKING-01,2026-01-30 03:00:00,38.48,4.04,24,3.09,1.36,48547,0,65,7.59,정상,0,0
GATE-07,PARKING-01,2026-01-30 04:00:00,39.28,4.26,23.99,3.02,1.59,48554,0,65,4.1,정상,0,0
GATE-07,PARKING-01,2026-01-30 05:00:00,40.15,4.17,23.91,3.18,1.51,48554,0,65,1.95,정상,0,0
GATE-07,PARKING-01,2026-01-30 06:00:00,39.51,4.76,23.91,3.07,1.75,48567,0,65,7.57,정상,0,0
GATE-07,PARKING-01,2026-01-30 07:00:00,41.81,5.18,23.8,3.31,1.66,48608,0,65,7.09,정상,0,0
GATE-07,PARKING-01,2026-01-30 08:00:00,41.65,5.36,24.07,3.13,1.86,48643,1,65,14.19,정상,0,0
GATE-07,PARKING-01,2026-01-30 09:00:00,42.75,4.83,23.85,3.13,1.7,48680,0,65,7.02,정상,0,0
GATE-07,PARKING-01,2026-01-30 10:00:00,40.88,4.58,23.97,2.86,1.56,48706,0,65,5.41,정상,0,0
GATE-07,PARKING-01,2026-01-30 11:00:00,43.22,4.15,23.71,2.96,1.85,48718,0,65,7.4,정상,0,0
GATE-07,PARKING-01,2026-01-30 12:00:00,41.63,4.42,23.74,3.05,1.57,48743,0,65,7.95,정상,0,0
GATE-07,PARKING-01,2026-01-30 13:00:00,44.62,4,23.71,2.9,1.71,48767,0,65,9.12,정상,0,0
GATE-07,PARKING-01,2026-01-30 14:00:00,42.29,4.74,23.9,3.04,1.56,48783,0,65,4.17,정상,0,0
GATE-07,PARKING-01,2026-01-30 15:00:00,40.38,4.71,24.24,3.21,1.56,48797,1,65,11.8,정상,0,0
GATE-07,PARKING-01,2026-01-30 16:00:00,42.24,4.55,23.2,3.05,1.73,48815,0,65,11.11,정상,0,0
GATE-07,PARKING-01,2026-01-30 17:00:00,43.27,5.03,24.04,3.11,1.49,48857,1,65,7.97,정상,0,0
GATE-07,PARKING-01,2026-01-30 18:00:00,44.93,5.23,23.67,2.96,1.81,48906,1,65,15.14,정상,0,0
GATE-07,PARKING-01,2026-01-30 19:00:00,43.55,4.85,23.87,3.01,1.57,48949,0,65,5.41,정상,0,0
GATE-07,PARKING-01,2026-01-30 20:00:00,44.78,4.89,24.22,2.98,1.34,49000,0,65,7.81,정상,0,0
GATE-07,PARKING-01,2026-01-30 21:00:00,42.31,4.53,23.49,3.27,1.4,49023,1,65,12.05,정상,0,0
GATE-07,PARKING-01,2026-01-30 22:00:00,40.58,4.77,24.06,3.06,1.87,49046,0,65,7.85,정상,0,0
GATE-07,PARKING-01,2026-01-30 23:00:00,45.41,4.86,23.97,3.17,1.48,49075,0,65,11.82,정상,0,0
GATE-07,PARKING-01,2026-01-31 00:00:00,35.96,4.58,23.92,3.21,1.49,49077,1,66,10.15,정상,0,0
GATE-07,PARKING-01,2026-01-31 01:00:00,37.88,4.13,23.68,3.55,1.57,49077,0,66,9.71,정상,0,0
GATE-07,PARKING-01,2026-01-31 02:00:00,39.11,4.77,23.57,2.85,1.62,49091,0,66,8.2,정상,0,0
GATE-07,PARKING-01,2026-01-31 03:00:00,38.52,3.89,23.64,2.96,1.64,49092,0,66,6.08,정상,0,0
GATE-07,PARKING-01,2026-01-31 04:00:00,41.12,3.94,24.02,3.12,1.43,49095,1,66,1.16,정상,0,0
GATE-07,PARKING-01,2026-01-31 05:00:00,38.62,4.25,23.79,3.14,1.78,49099,2,66,15.53,정상,0,0
GATE-07,PARKING-01,2026-01-31 06:00:00,43.4,4.48,23.43,3.16,1.67,49120,0,66,8.99,정상,0,0
GATE-07,PARKING-01,2026-01-31 07:00:00,44.49,5.47,23.27,3.11,1.53,49172,1,66,18.18,정상,0,0
GATE-07,PARKING-01,2026-01-31 08:00:00,43.78,4.75,23.57,3.29,1.53,49202,0,66,11.46,정상,0,0
GATE-07,PARKING-01,2026-01-31 09:00:00,43.29,5.22,23.73,3.13,1.76,49256,0,66,4.13,정상,0,0
GATE-07,PARKING-01,2026-01-31 10:00:00,42.37,4.74,23.74,3.22,1.38,49278,0,66,4.9,정상,0,0
GATE-07,PARKING-01,2026-01-31 11:00:00,41.53,4.12,24.15,3.4,1.62,49298,0,66,7.07,정상,0,0
GATE-07,PARKING-01,2026-01-31 12:00:00,42.59,4.72,24.1,3.3,2.05,49317,0,66,13.24,정상,0,0
GATE-07,PARKING-01,2026-01-31 13:00:00,41.31,4.35,23.98,2.93,1.6,49347,0,66,2.62,정상,0,0
GATE-07,PARKING-01,2026-01-31 14:00:00,39.34,4.65,23.9,2.98,1.88,49370,0,66,6.5,정상,0,0
GATE-07,PARKING-01,2026-01-31 15:00:00,41.93,4.55,23.7,3.13,1.71,49394,0,66,2.87,정상,0,0
GATE-07,PARKING-01,2026-01-31 16:00:00,41.73,5.08,23.93,3.27,1.54,49419,0,66,9.12,정상,0,0
GATE-07,PARKING-01,2026-01-31 17:00:00,43.59,5.25,24.13,3.01,1.42,49460,0,66,9.5,정상,0,0
GATE-07,PARKING-01,2026-01-31 18:00:00,46.72,5.1,23.51,2.66,1.51,49510,0,66,14.44,정상,0,0
GATE-07,PARKING-01,2026-01-31 19:00:00,44.17,5.13,24.01,3.08,1.55,49556,0,66,7.37,정상,0,0
GATE-07,PARKING-01,2026-01-31 20:00:00,43.61,5.47,24.19,2.81,1.61,49594,0,66,8.16,정상,0,0
GATE-07,PARKING-01,2026-01-31 21:00:00,41.16,4.21,23.8,2.72,1.8,49620,1,66,11.11,정상,0,0
GATE-07,PARKING-01,2026-01-31 22:00:00,39.97,4.67,23.61,3.11,1.58,49640,1,66,8.7,정상,0,0
GATE-07,PARKING-01,2026-01-31 23:00:00,40.99,4.8,23.46,3.04,1.67,49663,1,66,14.18,정상,0,0
GATE-07,PARKING-01,2026-02-01 00:00:00,39.66,4.13,23.91,2.73,1.79,49663,0,67,1.85,정상,0,0
GATE-07,PARKING-01,2026-02-01 01:00:00,43.8,4.55,23.71,2.87,1.4,49671,0,67,4.53,정상,0,0
GATE-07,PARKING-01,2026-02-01 02:00:00,40.29,4.4,23.24,3.24,1.74,49675,0,67,10.09,정상,0,0
GATE-07,PARKING-01,2026-02-01 03:00:00,38.33,4.7,23.64,3.47,1.83,49681,0,67,11.59,정상,0,0
GATE-07,PARKING-01,2026-02-01 04:00:00,38.4,4.21,23.85,2.94,1.54,49690,0,67,3.84,정상,0,0
GATE-07,PARKING-01,2026-02-01 05:00:00,43.63,4.41,24,3.55,2.02,49692,0,67,11.84,정상,0,0
GATE-07,PARKING-01,2026-02-01 06:00:00,45.57,5.36,23.59,3.38,1.92,49717,1,67,21.94,정상,0,0
GATE-07,PARKING-01,2026-02-01 07:00:00,44.03,5.56,23.47,3.47,1.73,49750,2,67,27.84,정상,0,0
GATE-07,PARKING-01,2026-02-01 08:00:00,44.41,5.48,23.63,3.44,2.09,49788,0,67,17.83,정상,0,0
GATE-07,PARKING-01,2026-02-01 09:00:00,47.5,5.82,23.74,3.51,2.19,49839,0,67,26.39,정상,0,0
GATE-07,PARKING-01,2026-02-01 10:00:00,46.57,6.02,23.66,3.61,1.96,49867,2,67,36.35,정상,0,0
GATE-07,PARKING-01,2026-02-01 11:00:00,43.41,5.85,23.75,3.7,2.41,49885,1,67,31.94,정상,0,0
GATE-07,PARKING-01,2026-02-01 12:00:00,43.87,6.24,23.54,3.77,2.65,49900,0,67,31.63,정상,0,0
GATE-07,PARKING-01,2026-02-01 13:00:00,46.02,5.92,23.79,3.85,2.74,49924,1,67,35.66,정상,0,0
GATE-07,PARKING-01,2026-02-01 14:00:00,47.86,5.84,23.77,3.69,2.14,49942,2,67,36.58,정상,0,0
GATE-07,PARKING-01,2026-02-01 15:00:00,46.16,5.81,23.49,3.78,2.93,49967,2,67,43.62,주의,0,0
GATE-07,PARKING-01,2026-02-01 16:00:00,48.34,6.04,23.56,4.08,2.74,49986,1,67,44.94,주의,0,0
GATE-07,PARKING-01,2026-02-01 17:00:00,52.66,6.16,22.93,3.68,3.09,50030,2,67,55.58,주의,0,0
GATE-07,PARKING-01,2026-02-01 18:00:00,51.39,6.12,23.2,3.88,2.95,50076,2,67,53.96,주의,0,0
GATE-07,PARKING-01,2026-02-01 19:00:00,50.69,6.21,23.49,3.91,3.25,50107,3,67,57.16,주의,0,0
GATE-07,PARKING-01,2026-02-01 20:00:00,51.29,6.7,23.45,4.05,3.21,50152,3,67,62.03,주의,0,0
GATE-07,PARKING-01,2026-02-01 21:00:00,47.04,6.5,23.46,4.3,2.93,50167,2,67,51.33,주의,0,0
GATE-07,PARKING-01,2026-02-01 22:00:00,50.42,6.63,23.27,4.13,3.57,50185,2,67,58.57,주의,0,0
GATE-07,PARKING-01,2026-02-01 23:00:00,50.7,6.77,23.45,4.49,3.28,50208,3,67,65.84,주의,0,0
GATE-07,PARKING-01,2026-02-02 00:00:00,47.59,6.07,23.06,4.65,3.7,50210,3,68,63.52,주의,0,0
GATE-07,PARKING-01,2026-02-02 01:00:00,47.85,6.22,23.08,4.43,3.65,50210,1,68,50.78,주의,0,0
GATE-07,PARKING-01,2026-02-02 02:00:00,46.9,6.72,23.48,4.46,3.45,50219,3,68,58.62,주의,0,0
GATE-07,PARKING-01,2026-02-02 03:00:00,47.67,6.73,23.29,4.43,3.83,50225,3,68,65.4,주의,0,0
GATE-07,PARKING-01,2026-02-02 04:00:00,50.56,7.33,23.1,4.59,3.93,50233,2,68,69.58,주의,0,0
GATE-07,PARKING-01,2026-02-02 05:00:00,50.13,6.66,23.23,4.6,3.78,50236,3,68,66.47,주의,0,0
GATE-07,PARKING-01,2026-02-02 06:00:00,52.13,6.98,23.05,4.72,3.99,50255,2,68,70.49,주의,0,0
GATE-07,PARKING-01,2026-02-02 07:00:00,57.72,7.54,23.63,4.91,3.81,50313,3,68,84,주의,0,0
GATE-07,PARKING-01,2026-02-02 08:00:00,53.68,8.13,23,4.89,4.06,50349,4,68,93.65,위험,0,0
GATE-07,PARKING-01,2026-02-02 09:00:00,56.5,8,22.95,4.62,3.99,50401,3,68,87.34,주의,0,0
GATE-07,PARKING-01,2026-02-02 10:00:00,54.71,7.37,23.56,5.01,4.35,50423,4,68,90.45,주의,0,0
GATE-07,PARKING-01,2026-02-02 11:00:00,52.16,7.71,22.52,4.91,4.54,50432,4,68,93.64,위험,0,0
GATE-07,PARKING-01,2026-02-02 12:00:00,51.48,7.85,22.85,5.19,4.55,50459,3,68,92.68,위험,0,0
GATE-07,PARKING-01,2026-02-02 13:00:00,56.55,8.3,22.86,4.99,4.46,50482,4,68,100,위험,0,1
GATE-07,PARKING-01,2026-02-02 14:00:00,44.07,4.53,23.52,3.18,1.63,50502,0,68,9.98,정상,0,0
GATE-07,PARKING-01,2026-02-02 15:00:00,42.28,4.21,23.75,3.06,1.53,50516,0,68,5.36,정상,0,0
GATE-07,PARKING-01,2026-02-02 16:00:00,41.66,4.91,24.01,3.08,1.69,50538,0,68,3.15,정상,0,0
GATE-07,PARKING-01,2026-02-02 17:00:00,45.79,4.83,24.13,3.08,1.7,50599,0,68,8.19,정상,0,0
GATE-07,PARKING-01,2026-02-02 18:00:00,44.61,4.95,24.04,3.24,1.58,50642,0,68,9.31,정상,0,0
GATE-07,PARKING-01,2026-02-02 19:00:00,42.52,4.78,23.89,3.12,2.05,50675,0,68,12.21,정상,0,0
GATE-07,PARKING-01,2026-02-02 20:00:00,44.04,5.5,23.51,3.29,1.9,50723,0,68,15.73,정상,0,0
GATE-07,PARKING-01,2026-02-02 21:00:00,38.65,4.92,23.9,3.12,1.88,50745,0,68,10.17,정상,0,0
GATE-07,PARKING-01,2026-02-02 22:00:00,41.82,4.57,23.61,3.01,1.76,50765,1,68,12.31,정상,0,0
GATE-07,PARKING-01,2026-02-02 23:00:00,37.37,4.01,23.51,3.09,1.69,50766,0,68,8.82,정상,0,0
GATE-07,PARKING-01,2026-02-03 00:00:00,39.73,4.84,23.9,3.13,1.95,50771,0,69,5.93,정상,0,0
GATE-07,PARKING-01,2026-02-03 01:00:00,36.98,4.37,23.69,3.21,1.87,50779,0,69,10.76,정상,0,0
GATE-07,PARKING-01,2026-02-03 02:00:00,39.97,4.12,23.41,3.07,1.41,50782,0,69,3.4,정상,0,0
GATE-07,PARKING-01,2026-02-03 03:00:00,40.59,4.75,24.27,2.96,1.93,50785,2,69,16.48,정상,0,0
GATE-07,PARKING-01,2026-02-03 04:00:00,39.32,4.72,23.56,3.22,1.6,50786,0,69,10.39,정상,0,0
GATE-07,PARKING-01,2026-02-03 05:00:00,39.88,4.14,24.21,3.46,1.8,50795,0,69,10.64,정상,0,0
GATE-07,PARKING-01,2026-02-03 06:00:00,38.44,4.56,23.48,2.83,1.58,50819,0,69,5.31,정상,0,0
GATE-07,PARKING-01,2026-02-03 07:00:00,49.82,5.41,23.19,3.25,1.74,50872,0,69,24.76,정상,0,0
GATE-07,PARKING-01,2026-02-03 08:00:00,46.59,5.21,24.14,3.15,1.82,50925,0,69,17.05,정상,0,0
GATE-07,PARKING-01,2026-02-03 09:00:00,46.35,5.36,23.76,3.39,1.77,50970,0,69,18.76,정상,0,0
GATE-07,PARKING-01,2026-02-03 10:00:00,40.11,4.64,23.74,3.06,1.93,50993,1,69,11.84,정상,0,0
GATE-07,PARKING-01,2026-02-03 11:00:00,41.95,4.85,23.68,3.15,1.72,51011,0,69,7.53,정상,0,0
GATE-07,PARKING-01,2026-02-03 12:00:00,40.66,4.69,23.65,3.34,1.78,51031,1,69,10.39,정상,0,0
GATE-07,PARKING-01,2026-02-03 13:00:00,40.24,5.04,23.86,2.9,1.59,51050,1,69,9.07,정상,0,0
GATE-07,PARKING-01,2026-02-03 14:00:00,42.67,5.12,23.48,3.38,1.42,51073,0,69,9.89,정상,0,0
GATE-07,PARKING-01,2026-02-03 15:00:00,43.55,4.86,23.42,2.93,1.69,51101,0,69,11.88,정상,0,0
GATE-07,PARKING-01,2026-02-03 16:00:00,38.47,4.99,23.89,3.48,1.9,51120,0,69,11.87,정상,0,0
GATE-07,PARKING-01,2026-02-03 17:00:00,43.67,4.91,24.09,2.97,1.81,51160,0,69,6.8,정상,0,0
GATE-07,PARKING-01,2026-02-03 18:00:00,44.19,4.77,23.77,3.05,1.7,51199,1,69,15.13,정상,0,0
GATE-07,PARKING-01,2026-02-03 19:00:00,42.11,5.28,23.45,3.28,1.56,51233,1,69,16.99,정상,0,0
GATE-07,PARKING-01,2026-02-03 20:00:00,43.03,5.48,23.83,2.98,1.78,51273,0,69,8.66,정상,0,0
GATE-07,PARKING-01,2026-02-03 21:00:00,40.26,4.87,23.54,3.04,1.95,51295,1,69,16.54,정상,0,0
GATE-07,PARKING-01,2026-02-03 22:00:00,39.73,4.87,23.57,3.22,1.44,51320,0,69,8.63,정상,0,0
GATE-07,PARKING-01,2026-02-03 23:00:00,41.63,4.77,23.94,2.97,1.49,51337,0,69,3.43,정상,0,0
GATE-07,PARKING-01,2026-02-04 00:00:00,40.79,4.58,23.21,3.19,1.34,51340,1,70,15.13,정상,0,0
GATE-07,PARKING-01,2026-02-04 01:00:00,38.16,5.06,23.92,3.22,1.79,51340,1,70,13.95,정상,0,0
GATE-07,PARKING-01,2026-02-04 02:00:00,42.75,5.21,24.1,3.06,1.78,51351,1,70,16.97,정상,0,0
GATE-07,PARKING-01,2026-02-04 03:00:00,39.96,4.28,23.85,3.22,1.64,51351,0,70,5.5,정상,0,0
GATE-07,PARKING-01,2026-02-04 04:00:00,38.59,4.63,23.7,3.04,1.74,51351,0,70,7.16,정상,0,0
GATE-07,PARKING-01,2026-02-04 05:00:00,38.68,4.82,23.6,2.96,1.92,51356,0,70,9.33,정상,0,0
GATE-07,PARKING-01,2026-02-04 06:00:00,43.5,4.94,23.66,3.2,2.25,51375,0,70,13.59,정상,0,0
GATE-07,PARKING-01,2026-02-04 07:00:00,44.15,5.22,24.2,3.1,1.92,51427,0,70,11.26,정상,0,0
GATE-07,PARKING-01,2026-02-04 08:00:00,47.5,5.48,23.84,3.2,1.71,51479,1,70,23.35,정상,0,0
GATE-07,PARKING-01,2026-02-04 09:00:00,43.79,5.35,23.82,3.17,2.07,51522,0,70,17.11,정상,0,0
GATE-07,PARKING-01,2026-02-04 10:00:00,41.66,5.58,23.84,3.47,1.99,51544,1,70,17.31,정상,0,0
GATE-07,PARKING-01,2026-02-04 11:00:00,39.65,4.79,24.07,3.51,1.93,51561,0,70,11.15,정상,0,0
GATE-07,PARKING-01,2026-02-04 12:00:00,41.06,4.97,23.85,3.14,1.75,51590,0,70,9.21,정상,0,0
GATE-07,PARKING-01,2026-02-04 13:00:00,43.61,5.21,24,3.21,1.72,51605,0,70,11.92,정상,0,0
GATE-07,PARKING-01,2026-02-04 14:00:00,43.11,4.85,23.69,2.99,1.47,51629,0,70,5.81,정상,0,0
GATE-07,PARKING-01,2026-02-04 15:00:00,43.48,4.4,23.92,2.85,1.8,51646,0,70,3.31,정상,0,0
GATE-07,PARKING-01,2026-02-04 16:00:00,45.4,4.71,23.4,3.16,1.66,51679,0,70,9.59,정상,0,0
GATE-07,PARKING-01,2026-02-04 17:00:00,42.61,4.5,23.58,3.31,1.67,51705,0,70,6.6,정상,0,0
GATE-07,PARKING-01,2026-02-04 18:00:00,42.97,5.14,23.44,3.04,1.83,51739,0,70,9.43,정상,0,0
GATE-07,PARKING-01,2026-02-04 19:00:00,44.84,5.31,23.26,3.16,1.92,51798,0,70,19.18,정상,0,0
GATE-07,PARKING-01,2026-02-04 20:00:00,43.91,5.06,23.64,3.05,1.88,51842,0,70,9.7,정상,0,0
GATE-07,PARKING-01,2026-02-04 21:00:00,43.7,4.4,24.01,3.2,1.88,51866,0,70,10.53,정상,0,0
GATE-07,PARKING-01,2026-02-04 22:00:00,44.42,4.78,23.77,3.09,1.68,51879,1,70,16.05,정상,0,0
GATE-07,PARKING-01,2026-02-04 23:00:00,44.68,4.74,23.75,3.4,1.58,51913,0,70,11.99,정상,0,0
GATE-07,PARKING-01,2026-02-05 00:00:00,41.26,4.29,23.71,3.29,1.77,51916,0,71,10.88,정상,0,0
GATE-07,PARKING-01,2026-02-05 01:00:00,40.8,4.92,23.76,3.15,1.63,51921,0,71,7.09,정상,0,0
GATE-07,PARKING-01,2026-02-05 02:00:00,40.39,4.41,23.64,3.21,1.44,51924,0,71,2.57,정상,0,0
GATE-07,PARKING-01,2026-02-05 03:00:00,39.65,4.48,23.94,3.03,1.71,51924,0,71,3.79,정상,0,0
GATE-07,PARKING-01,2026-02-05 04:00:00,40.25,4.54,23.1,3.16,1.74,51926,0,71,10.77,정상,0,0
GATE-07,PARKING-01,2026-02-05 05:00:00,40.22,4.72,23.21,3.29,1.65,51941,0,71,8.6,정상,0,0
GATE-07,PARKING-01,2026-02-05 06:00:00,44.3,4.94,23.64,3.43,1.81,51963,1,71,15.02,정상,0,0
GATE-07,PARKING-01,2026-02-05 07:00:00,42.86,5.28,24.1,3.14,1.66,52009,0,71,12.34,정상,0,0
GATE-07,PARKING-01,2026-02-05 08:00:00,41.85,4.83,23.63,2.73,1.71,52052,0,71,6.11,정상,0,0
GATE-07,PARKING-01,2026-02-05 09:00:00,45.5,5.1,23.77,2.9,1.88,52094,1,71,15.39,정상,0,0
GATE-07,PARKING-01,2026-02-05 10:00:00,40.94,5.28,23.68,3.32,1.88,52117,1,71,20.49,정상,0,0
GATE-07,PARKING-01,2026-02-05 11:00:00,42.65,4.83,23.79,3.39,1.77,52136,0,71,12.75,정상,0,0
GATE-07,PARKING-01,2026-02-05 12:00:00,42.75,5.06,23.35,3.27,1.76,52163,0,71,13.15,정상,0,0
GATE-07,PARKING-01,2026-02-05 13:00:00,40.47,4.87,23.85,3.11,1.94,52188,1,71,14.78,정상,0,0
GATE-07,PARKING-01,2026-02-05 14:00:00,44.51,5.3,23.71,2.98,1.76,52215,0,71,13.49,정상,0,0
GATE-07,PARKING-01,2026-02-05 15:00:00,43.26,5.49,24.04,3.11,1.75,52245,1,71,15.81,정상,0,0
GATE-07,PARKING-01,2026-02-05 16:00:00,39.62,4.73,23.7,3.25,1.88,52255,0,71,9.04,정상,0,0
GATE-07,PARKING-01,2026-02-05 17:00:00,41.98,5.14,23.51,3.19,1.84,52298,0,71,11.39,정상,0,0
GATE-07,PARKING-01,2026-02-05 18:00:00,41.64,4.53,23.38,3.38,1.59,52330,0,71,9.55,정상,0,0
GATE-07,PARKING-01,2026-02-05 19:00:00,44.06,5.53,23.92,3.27,1.97,52368,1,71,21.28,정상,0,0
GATE-07,PARKING-01,2026-02-05 20:00:00,44.93,5.63,24.07,3.08,2.11,52396,0,71,17.35,정상,0,0
GATE-07,PARKING-01,2026-02-05 21:00:00,43.39,4.43,23.65,3.31,1.55,52424,0,71,8,정상,0,0
GATE-07,PARKING-01,2026-02-05 22:00:00,41.33,5.24,23.52,3.17,1.78,52451,0,71,11.17,정상,0,0
GATE-07,PARKING-01,2026-02-05 23:00:00,43.02,4.97,23.76,2.86,1.8,52474,0,71,10.56,정상,0,0
GATE-07,PARKING-01,2026-02-06 00:00:00,41.06,4.99,23.17,3.1,1.73,52487,1,72,16.19,정상,0,0
GATE-07,PARKING-01,2026-02-06 01:00:00,39.93,4.6,23.2,3.34,1.9,52488,1,72,20.91,정상,0,0
GATE-07,PARKING-01,2026-02-06 02:00:00,41.09,4.17,23.71,3.19,1.74,52488,0,72,5.9,정상,0,0
GATE-07,PARKING-01,2026-02-06 03:00:00,40.57,4.65,23.62,3.33,1.64,52490,0,72,8.86,정상,0,0
GATE-07,PARKING-01,2026-02-06 04:00:00,39.21,5.03,23.63,3.37,1.88,52492,0,72,9.62,정상,0,0
GATE-07,PARKING-01,2026-02-06 05:00:00,39.53,4.69,23.87,3.24,2.08,52502,1,72,11.49,정상,0,0
GATE-07,PARKING-01,2026-02-06 06:00:00,40.74,4.7,23.57,2.91,1.69,52526,2,72,17.09,정상,0,0
GATE-07,PARKING-01,2026-02-06 07:00:00,44.34,4.87,23.74,3.05,1.88,52564,0,72,10.69,정상,0,0
GATE-07,PARKING-01,2026-02-06 08:00:00,43.73,5.3,23.79,3.25,1.85,52610,1,72,18.91,정상,0,0
GATE-07,PARKING-01,2026-02-06 09:00:00,46.51,4.94,23.82,3.62,1.88,52661,1,72,22.44,정상,0,0
GATE-07,PARKING-01,2026-02-06 10:00:00,42.65,4.7,24.03,3.39,1.84,52683,0,72,9.02,정상,0,0
GATE-07,PARKING-01,2026-02-06 11:00:00,42.38,4.55,23.62,3.44,1.8,52702,1,72,16.59,정상,0,0
GATE-07,PARKING-01,2026-02-06 12:00:00,41.71,4.26,23.8,3.21,1.84,52726,0,72,7.9,정상,0,0
GATE-07,PARKING-01,2026-02-06 13:00:00,40.14,4.62,23.97,3.21,1.84,52737,1,72,12.45,정상,0,0
GATE-07,PARKING-01,2026-02-06 14:00:00,40.05,4.66,24.21,3.14,1.76,52760,1,72,10.53,정상,0,0
GATE-07,PARKING-01,2026-02-06 15:00:00,44.07,4.97,24.1,3.16,2.35,52780,1,72,18.34,정상,0,0
GATE-07,PARKING-01,2026-02-06 16:00:00,45.38,4.87,23.25,2.95,1.88,52802,1,72,19.97,정상,0,0
GATE-07,PARKING-01,2026-02-06 17:00:00,47.85,5.22,23.73,3.32,1.81,52857,0,72,16.58,정상,0,0
GATE-07,PARKING-01,2026-02-06 18:00:00,41.49,5.53,23.91,3.01,1.81,52890,0,72,10.99,정상,0,0
GATE-07,PARKING-01,2026-02-06 19:00:00,43.74,4.87,23.91,3.23,1.85,52931,1,72,16.23,정상,0,0
GATE-07,PARKING-01,2026-02-06 20:00:00,42.58,5.61,23.43,3.62,1.66,52971,0,72,17.56,정상,0,0
GATE-07,PARKING-01,2026-02-06 21:00:00,38.98,5.07,23.73,3.12,1.82,52991,0,72,10.64,정상,0,0
GATE-07,PARKING-01,2026-02-06 22:00:00,41.76,5.25,23.99,3.46,1.85,53014,0,72,13.36,정상,0,0
GATE-07,PARKING-01,2026-02-06 23:00:00,43.11,4.36,23.75,3.23,1.86,53033,1,72,13.57,정상,0,0
GATE-07,PARKING-01,2026-02-07 00:00:00,40.32,4.13,23.75,3.29,2.12,53038,0,73,9.49,정상,0,0
GATE-07,PARKING-01,2026-02-07 01:00:00,36.66,4.43,23.83,3.14,2.06,53040,0,73,8.81,정상,0,0
GATE-07,PARKING-01,2026-02-07 02:00:00,40.74,5.05,23.64,3.06,2.08,53052,1,73,14.17,정상,0,0
GATE-07,PARKING-01,2026-02-07 03:00:00,40.81,4.21,23.41,3.21,1.74,53057,1,73,15.69,정상,0,0
GATE-07,PARKING-01,2026-02-07 04:00:00,41.31,4.28,23.88,2.94,1.78,53065,1,73,14.37,정상,0,0
GATE-07,PARKING-01,2026-02-07 05:00:00,42.04,4.67,23.78,3.25,1.88,53068,0,73,8.6,정상,0,0
GATE-07,PARKING-01,2026-02-07 06:00:00,43.44,5.53,23.92,3.18,1.8,53093,1,73,16.13,정상,0,0
GATE-07,PARKING-01,2026-02-07 07:00:00,42.97,4.83,23.81,3.14,2.04,53133,0,73,12.1,정상,0,0
GATE-07,PARKING-01,2026-02-07 08:00:00,42.95,5.11,23.59,3.39,1.66,53174,0,73,14.14,정상,0,0
GATE-07,PARKING-01,2026-02-07 09:00:00,46.42,5.16,23.69,3.13,1.69,53211,0,73,11.74,정상,0,0
GATE-07,PARKING-01,2026-02-07 10:00:00,41.81,5.22,23.53,3.47,2.06,53231,0,73,13.51,정상,0,0
GATE-07,PARKING-01,2026-02-07 11:00:00,40.66,5.41,23.56,3.43,1.87,53254,1,73,18.96,정상,0,0
GATE-07,PARKING-01,2026-02-07 12:00:00,42.61,5.32,23.72,3.51,1.86,53279,2,73,24.02,정상,0,0
GATE-07,PARKING-01,2026-02-07 13:00:00,41.76,4.97,24.09,3.48,1.99,53299,1,73,18.66,정상,0,0
GATE-07,PARKING-01,2026-02-07 14:00:00,40.71,5,23.67,3.71,1.95,53325,0,73,12.84,정상,0,0
GATE-07,PARKING-01,2026-02-07 15:00:00,43.63,4.81,24.08,3.35,1.68,53342,0,73,11.59,정상,0,0
GATE-07,PARKING-01,2026-02-07 16:00:00,41.69,4.44,23.8,3.34,1.94,53362,1,73,12.05,정상,0,0
GATE-07,PARKING-01,2026-02-07 17:00:00,43.13,5.41,23.63,3.34,1.78,53399,1,73,16.17,정상,0,0
GATE-07,PARKING-01,2026-02-07 18:00:00,42.07,4.98,23.45,3.19,2.2,53435,0,73,13.3,정상,0,0
GATE-07,PARKING-01,2026-02-07 19:00:00,44.25,5.59,23.77,3.11,1.88,53481,0,73,17.71,정상,0,0
GATE-07,PARKING-01,2026-02-07 20:00:00,42.88,4.94,23.12,3.37,2.12,53521,0,73,17.41,정상,0,0
GATE-07,PARKING-01,2026-02-07 21:00:00,45.6,5.6,23.8,3.11,1.53,53545,0,73,12.52,정상,0,0
GATE-07,PARKING-01,2026-02-07 22:00:00,40.23,4.57,23.29,3.42,1.7,53570,0,73,10.42,정상,0,0
GATE-07,PARKING-01,2026-02-07 23:00:00,43.1,5.12,23.92,3.36,2.2,53600,0,73,15.94,정상,0,0
GATE-07,PARKING-01,2026-02-08 00:00:00,41.11,4.89,24.02,2.91,1.59,53611,0,74,3.78,정상,0,0
GATE-07,PARKING-01,2026-02-08 01:00:00,37.74,5.04,23.79,3.23,2,53615,1,74,15.89,정상,0,0
GATE-07,PARKING-01,2026-02-08 02:00:00,39.05,4.63,23.83,3.3,1.81,53615,0,74,9.7,정상,0,0
GATE-07,PARKING-01,2026-02-08 03:00:00,40.62,4.54,24.1,3.3,1.9,53617,0,74,7.09,정상,0,0
GATE-07,PARKING-01,2026-02-08 04:00:00,40.78,4.63,23.96,3.33,2.02,53626,0,74,9.74,정상,0,0
GATE-07,PARKING-01,2026-02-08 05:00:00,39.91,4.16,23.86,3.04,1.75,53636,0,74,4.33,정상,0,0
GATE-07,PARKING-01,2026-02-08 06:00:00,43.99,5.03,23.96,3.49,1.94,53666,1,74,20.86,정상,0,0
GATE-07,PARKING-01,2026-02-08 07:00:00,46.29,5.62,24.1,3.1,1.81,53717,0,74,17.42,정상,0,0
GATE-07,PARKING-01,2026-02-08 08:00:00,45.26,5.28,23.66,2.96,2.06,53748,1,74,22.72,정상,0,0
GATE-07,PARKING-01,2026-02-08 09:00:00,48.1,5.84,24,3.19,2.01,53792,0,74,15.85,정상,0,0
GATE-07,PARKING-01,2026-02-08 10:00:00,41.04,5.65,23.73,2.79,1.62,53813,0,74,10.8,정상,0,0
GATE-07,PARKING-01,2026-02-08 11:00:00,42.4,4.36,23.7,3.36,1.9,53830,1,74,14.31,정상,0,0
GATE-07,PARKING-01,2026-02-08 12:00:00,41.72,5.33,23.79,3.13,1.88,53855,1,74,10.69,정상,0,0
GATE-07,PARKING-01,2026-02-08 13:00:00,44.11,5.01,23.6,3.28,2.02,53880,1,74,23.86,정상,0,0
GATE-07,PARKING-01,2026-02-08 14:00:00,37.64,4.97,23.45,3.57,1.92,53902,0,74,17.28,정상,0,0
GATE-07,PARKING-01,2026-02-08 15:00:00,41.17,4.68,23.84,3.28,2.29,53918,0,74,12.3,정상,0,0
GATE-07,PARKING-01,2026-02-08 16:00:00,42.32,5.05,23.85,2.8,1.77,53936,1,74,12,정상,0,0
GATE-07,PARKING-01,2026-02-08 17:00:00,43.34,5.14,23.51,3.37,1.78,53980,0,74,13.83,정상,0,0
GATE-07,PARKING-01,2026-02-08 18:00:00,42.87,5.11,23.12,3.45,1.63,54010,1,74,16.07,정상,0,0
GATE-07,PARKING-01,2026-02-08 19:00:00,44.01,5.47,23.35,3.47,1.64,54049,0,74,19.83,정상,0,0
GATE-07,PARKING-01,2026-02-08 20:00:00,41.43,5.22,23.71,3.22,2.05,54079,0,74,12.29,정상,0,0
GATE-07,PARKING-01,2026-02-08 21:00:00,42.42,4.97,23.47,3.53,1.73,54104,0,74,12.12,정상,0,0
GATE-07,PARKING-01,2026-02-08 22:00:00,41.6,4.95,23.2,3.15,1.82,54122,1,74,16.97,정상,0,0
GATE-07,PARKING-01,2026-02-08 23:00:00,41.63,5.21,23.51,3.14,1.7,54146,0,74,11.44,정상,0,0
GATE-07,PARKING-01,2026-02-09 00:00:00,38.47,4.56,24.29,3.27,2.16,54146,1,75,17.4,정상,0,0
GATE-07,PARKING-01,2026-02-09 01:00:00,37.99,4.51,23.52,3.29,1.97,54146,0,75,8.92,정상,0,0
GATE-07,PARKING-01,2026-02-09 02:00:00,39.12,4.23,23.58,3.15,2.12,54153,0,75,7.23,정상,0,0
GATE-07,PARKING-01,2026-02-09 03:00:00,39.74,4.67,23.64,3.27,2.05,54158,1,75,14.38,정상,0,0
GATE-07,PARKING-01,2026-02-09 04:00:00,41.23,5.12,23.55,3.28,2.08,54166,0,75,11.12,정상,0,0
GATE-07,PARKING-01,2026-02-09 05:00:00,40.77,4.72,23.47,3.39,1.94,54171,0,75,13.46,정상,0,0
GATE-07,PARKING-01,2026-02-09 06:00:00,42.56,4.73,23.62,3.1,2.32,54191,0,75,16.09,정상,0,0
GATE-07,PARKING-01,2026-02-09 07:00:00,44.33,6.08,24.18,3.19,2.05,54244,1,75,28.4,정상,0,0
GATE-07,PARKING-01,2026-02-09 08:00:00,40.8,5.34,23.9,3.41,1.88,54280,1,75,16.4,정상,0,0
GATE-07,PARKING-01,2026-02-09 09:00:00,47.03,5.79,23.7,3.18,2.13,54329,1,75,28.02,정상,0,0
GATE-07,PARKING-01,2026-02-09 10:00:00,44.63,5.45,23.94,3.18,1.88,54360,1,75,14.53,정상,0,0
GATE-07,PARKING-01,2026-02-09 11:00:00,45.35,5.36,24.16,3.43,2.17,54392,1,75,22.95,정상,0,0
GATE-07,PARKING-01,2026-02-09 12:00:00,42.62,4.66,23.82,3.18,1.78,54411,0,75,8.79,정상,0,0
GATE-07,PARKING-01,2026-02-09 13:00:00,44.09,4.95,23.79,3.19,1.8,54432,1,75,16.73,정상,0,0
GATE-07,PARKING-01,2026-02-09 14:00:00,42.19,4.7,24.07,3.27,1.68,54442,0,75,7.63,정상,0,0
GATE-07,PARKING-01,2026-02-09 15:00:00,43.78,5.73,23.63,3.01,1.99,54462,0,75,21.76,정상,0,0
GATE-07,PARKING-01,2026-02-09 16:00:00,43.04,4.87,23.57,3.3,2.31,54480,0,75,14.58,정상,0,0
GATE-07,PARKING-01,2026-02-09 17:00:00,42.19,5.6,23.53,3.34,2.01,54509,0,75,15.66,정상,0,0
GATE-07,PARKING-01,2026-02-09 18:00:00,44.45,5.78,23.81,3.33,1.84,54563,0,75,15.03,정상,0,0
GATE-07,PARKING-01,2026-02-09 19:00:00,45.82,6.01,23.74,3.26,1.78,54614,0,75,19.63,정상,0,0
GATE-07,PARKING-01,2026-02-09 20:00:00,45.23,4.92,23.75,3.32,2.11,54651,0,75,15.39,정상,0,0
GATE-07,PARKING-01,2026-02-09 21:00:00,41.08,4.95,23.89,3.4,1.62,54669,0,75,8.19,정상,0,0
GATE-07,PARKING-01,2026-02-09 22:00:00,41.46,4.96,23.74,3.43,2.02,54684,0,75,18.51,정상,0,0
GATE-07,PARKING-01,2026-02-09 23:00:00,43.26,4.79,23.67,3.47,2.03,54705,0,75,15.89,정상,0,0
GATE-07,PARKING-01,2026-02-10 00:00:00,38.84,4.7,23.32,3.25,2.2,54706,0,76,12.06,정상,0,0
GATE-07,PARKING-01,2026-02-10 01:00:00,38.72,4.45,24.09,3.35,1.95,54714,1,76,18.52,정상,0,0
GATE-07,PARKING-01,2026-02-10 02:00:00,39.9,5.03,23.64,3.33,1.95,54716,0,76,7.65,정상,0,0
GATE-07,PARKING-01,2026-02-10 03:00:00,43.14,4.33,24.16,3.05,2.03,54726,1,76,11.23,정상,0,0
GATE-07,PARKING-01,2026-02-10 04:00:00,40.12,4.23,23.63,3.36,1.83,54729,0,76,9.74,정상,0,0
GATE-07,PARKING-01,2026-02-10 05:00:00,40.76,4.52,23.7,3.14,1.92,54729,0,76,7.13,정상,0,0
GATE-07,PARKING-01,2026-02-10 06:00:00,41.72,5.55,23.79,3.34,1.65,54753,0,76,10.65,정상,0,0
GATE-07,PARKING-01,2026-02-10 07:00:00,45.66,5.02,23.92,3.24,2.2,54788,1,76,20.93,정상,0,0
GATE-07,PARKING-01,2026-02-10 08:00:00,47.56,6.16,24.06,3.52,1.92,54842,1,76,32.39,정상,0,0
GATE-07,PARKING-01,2026-02-10 09:00:00,46.16,5.64,23.38,3.09,2.13,54902,1,76,24.49,정상,0,0
GATE-07,PARKING-01,2026-02-10 10:00:00,42.94,5.61,24.16,3.17,1.71,54928,0,76,12.72,정상,0,0
GATE-07,PARKING-01,2026-02-10 11:00:00,43.05,5.3,23.34,3.33,1.96,54950,0,76,16.81,정상,0,0
GATE-07,PARKING-01,2026-02-10 12:00:00,44.06,4.84,22.94,3.44,1.78,54978,0,76,18.58,정상,0,0
GATE-07,PARKING-01,2026-02-10 13:00:00,42.85,4.64,23.89,3.06,2,54992,0,76,5.94,정상,0,0
GATE-07,PARKING-01,2026-02-10 14:00:00,39.27,4.91,23.66,3.07,1.91,55007,0,76,7.9,정상,0,0
GATE-07,PARKING-01,2026-02-10 15:00:00,44.45,5.67,23.86,3.23,1.63,55033,1,76,19.62,정상,0,0
GATE-07,PARKING-01,2026-02-10 16:00:00,40,4.68,23.33,3.22,2.14,55045,2,76,25.64,정상,0,0
GATE-07,PARKING-01,2026-02-10 17:00:00,44.27,5.69,23.43,3.2,1.76,55087,0,76,21.02,정상,0,0
GATE-07,PARKING-01,2026-02-10 18:00:00,41.26,5.19,23.73,3.35,1.89,55112,1,76,17.3,정상,0,0
GATE-07,PARKING-01,2026-02-10 19:00:00,44.73,5.4,23.71,3.21,2.01,55150,0,76,17.54,정상,0,0
GATE-07,PARKING-01,2026-02-10 20:00:00,48.72,5.36,23.71,3.01,2.02,55198,1,76,24.68,정상,0,0
GATE-07,PARKING-01,2026-02-10 21:00:00,46.3,5.64,23.93,3.4,1.96,55227,0,76,17.8,정상,0,0
GATE-07,PARKING-01,2026-02-10 22:00:00,44.28,5.36,23.71,3.26,2.23,55254,0,76,19.46,정상,0,0
GATE-07,PARKING-01,2026-02-10 23:00:00,42.25,5.06,23.54,3.51,1.94,55277,1,76,19.66,정상,0,0
GATE-07,PARKING-01,2026-02-11 00:00:00,42.77,5.3,23.52,3.31,2.17,55284,1,77,19.3,정상,0,0
GATE-07,PARKING-01,2026-02-11 01:00:00,39.31,4.42,23.55,3.13,1.75,55284,0,77,7.86,정상,0,0
GATE-07,PARKING-01,2026-02-11 02:00:00,41.23,4.1,23.43,3.49,1.94,55287,0,77,12.42,정상,0,0
GATE-07,PARKING-01,2026-02-11 03:00:00,40.07,5.07,23.8,3.35,2.15,55297,0,77,10.81,정상,0,0
GATE-07,PARKING-01,2026-02-11 04:00:00,41.9,4.29,23.92,3.14,1.84,55300,1,77,11.66,정상,0,0
GATE-07,PARKING-01,2026-02-11 05:00:00,43.29,5.01,24.16,3.38,1.87,55307,0,77,13.52,정상,0,0
GATE-07,PARKING-01,2026-02-11 06:00:00,42.45,4.52,24,3.37,2.23,55331,0,77,12.93,정상,0,0
GATE-07,PARKING-01,2026-02-11 07:00:00,45.24,5.23,23.83,3.41,2.43,55375,1,77,24.34,정상,0,0
GATE-07,PARKING-01,2026-02-11 08:00:00,47.45,5.37,23.74,3.12,2.28,55427,1,77,25.88,정상,0,0
GATE-07,PARKING-01,2026-02-11 09:00:00,44.3,5.61,23.46,3.32,1.89,55474,0,77,16.56,정상,0,0
GATE-07,PARKING-01,2026-02-11 10:00:00,42.3,4.91,23.75,3.49,2,55494,0,77,18.81,정상,0,0
GATE-07,PARKING-01,2026-02-11 11:00:00,43.26,5.13,23.97,3.32,1.68,55516,1,77,14.91,정상,0,0
GATE-07,PARKING-01,2026-02-11 12:00:00,43.5,4.91,23.77,3.09,2.29,55537,1,77,15.51,정상,0,0
GATE-07,PARKING-01,2026-02-11 13:00:00,44.81,5.14,23.37,3.44,2.38,55550,0,77,23.14,정상,0,0
GATE-07,PARKING-01,2026-02-11 14:00:00,44.57,4.12,23.49,3.48,1.7,55569,0,77,11.91,정상,0,0
GATE-07,PARKING-01,2026-02-11 15:00:00,42.44,5.35,23.77,3.37,1.71,55594,0,77,13.63,정상,0,0
GATE-08,PARKING-02,2026-01-01 00:00:00,34.76,4.1,23.97,2.27,0.41,43959,1,47,6.48,정상,0,0
GATE-08,PARKING-02,2026-01-01 01:00:00,36.06,3.16,24.52,2.32,0.49,43971,0,47,2.83,정상,0,0
GATE-08,PARKING-02,2026-01-01 02:00:00,35.06,3.2,24.1,2.39,0.55,43978,0,47,1.02,정상,0,0
GATE-08,PARKING-02,2026-01-01 03:00:00,34.44,3.13,23.85,2.2,0.57,43983,0,47,1.41,정상,0,0
GATE-08,PARKING-02,2026-01-01 04:00:00,36.44,3.25,24.19,2.14,0.57,43992,0,47,2.82,정상,0,0
GATE-08,PARKING-02,2026-01-01 05:00:00,32.21,3.36,24.12,2.49,0.71,43998,1,47,4.07,정상,0,0
GATE-08,PARKING-02,2026-01-01 06:00:00,34.85,3.25,24.05,2.54,0.63,44014,0,47,1.44,정상,0,0
GATE-08,PARKING-02,2026-01-01 07:00:00,37.85,3.94,24.02,2.3,0.63,44059,1,47,5.6,정상,0,0
GATE-08,PARKING-02,2026-01-01 08:00:00,38.72,4.53,24.1,2.22,0.72,44101,0,47,2.43,정상,0,0
GATE-08,PARKING-02,2026-01-01 09:00:00,38.92,3.68,23.81,2.19,0.48,44134,0,47,0,정상,0,0
GATE-08,PARKING-02,2026-01-01 10:00:00,36.65,3.37,23.53,2,0.7,44147,0,47,5.92,정상,0,0
GATE-08,PARKING-02,2026-01-01 11:00:00,37.28,3.42,23.87,2.35,0.95,44160,0,47,0,정상,0,0
GATE-08,PARKING-02,2026-01-01 12:00:00,35.23,3.67,24.05,2.5,0.77,44175,0,47,1.6,정상,0,0
GATE-08,PARKING-02,2026-01-01 13:00:00,38.18,3.08,23.67,2.51,0.9,44201,0,47,1.88,정상,0,0
GATE-08,PARKING-02,2026-01-01 14:00:00,38.67,3.6,23.99,2.18,0.34,44231,0,47,0.24,정상,0,0
GATE-08,PARKING-02,2026-01-01 15:00:00,36.73,3.19,23.9,2.33,0.75,44252,0,47,1.89,정상,0,0
GATE-08,PARKING-02,2026-01-01 16:00:00,37.7,3.66,23.95,2.35,0.71,44268,0,47,0,정상,0,0
GATE-08,PARKING-02,2026-01-01 17:00:00,35,4.2,23.83,2.42,0.93,44300,0,47,2.72,정상,0,0
GATE-08,PARKING-02,2026-01-01 18:00:00,40.19,3.93,24.34,2.32,0.71,44341,0,47,2.38,정상,0,0
GATE-08,PARKING-02,2026-01-01 19:00:00,39.6,3.88,23.96,2.39,0.94,44382,1,47,4.44,정상,0,0
GATE-08,PARKING-02,2026-01-01 20:00:00,38.64,3.66,24.1,2.55,0.76,44421,0,47,1.83,정상,0,0
GATE-08,PARKING-02,2026-01-01 21:00:00,37.97,3.32,23.49,2.39,0.51,44443,0,47,1.76,정상,0,0
GATE-08,PARKING-02,2026-01-01 22:00:00,36.22,3.72,24.48,2.48,0.38,44468,0,47,1.79,정상,0,0
GATE-08,PARKING-02,2026-01-01 23:00:00,36.14,3.82,24.15,2.36,0.81,44488,0,47,2.76,정상,0,0
GATE-08,PARKING-02,2026-01-02 00:00:00,34.44,2.92,23.97,2.53,0.89,44498,0,48,0,정상,0,0
GATE-08,PARKING-02,2026-01-02 01:00:00,32.72,3.36,24.46,2.37,0.8,44501,0,48,0,정상,0,0
GATE-08,PARKING-02,2026-01-02 02:00:00,32.39,2.62,24.45,2.36,0.52,44501,1,48,9.88,정상,0,0
GATE-08,PARKING-02,2026-01-02 03:00:00,35.25,2.79,24.23,2.34,0.76,44501,0,48,2.34,정상,0,0
GATE-08,PARKING-02,2026-01-02 04:00:00,32.89,2.69,23.98,2.5,0.82,44506,0,48,0,정상,0,0
GATE-08,PARKING-02,2026-01-02 05:00:00,35.13,2.98,24.07,2.66,0.52,44515,0,48,0,정상,0,0
GATE-08,PARKING-02,2026-01-02 06:00:00,34.5,3.14,24.48,2.39,0.59,44531,0,48,1.36,정상,0,0
GATE-08,PARKING-02,2026-01-02 07:00:00,38.41,3.85,23.87,2.28,0.25,44569,0,48,0,정상,0,0
GATE-08,PARKING-02,2026-01-02 08:00:00,39.2,3.9,24.31,2.42,0.62,44622,0,48,0,정상,0,0
GATE-08,PARKING-02,2026-01-02 09:00:00,38.6,3.63,23.92,2.27,0.53,44655,0,48,0.45,정상,0,0
GATE-08,PARKING-02,2026-01-02 10:00:00,37.56,3.84,23.66,2.33,0.71,44677,0,48,4.13,정상,0,0
GATE-08,PARKING-02,2026-01-02 11:00:00,37.82,4.03,24.27,2.18,1,44702,1,48,5.09,정상,0,0
GATE-08,PARKING-02,2026-01-02 12:00:00,36.81,3.69,24.12,2.35,0.65,44721,1,48,2.03,정상,0,0
GATE-08,PARKING-02,2026-01-02 13:00:00,36.52,3.78,23.79,2.36,1.02,44742,0,48,0,정상,0,0
GATE-08,PARKING-02,2026-01-02 14:00:00,36.89,3.35,24.14,2.48,0.35,44765,0,48,0.79,정상,0,0
GATE-08,PARKING-02,2026-01-02 15:00:00,38.01,3.25,24.42,2.25,0.65,44783,1,48,4.98,정상,0,0
GATE-08,PARKING-02,2026-01-02 16:00:00,34.84,4.22,24.18,2.25,0.81,44809,0,48,0,정상,0,0
GATE-08,PARKING-02,2026-01-02 17:00:00,36.18,3.88,24.03,2.42,0.38,44836,1,48,5.41,정상,0,0
GATE-08,PARKING-02,2026-01-02 18:00:00,39.74,4.2,24.21,2.57,0.59,44873,0,48,1.92,정상,0,0
GATE-08,PARKING-02,2026-01-02 19:00:00,37.87,4.26,24.21,2.3,0.7,44917,1,48,10.31,정상,0,0
GATE-08,PARKING-02,2026-01-02 20:00:00,41.39,4.02,23.88,2.25,0.6,44956,0,48,0.57,정상,0,0
GATE-08,PARKING-02,2026-01-02 21:00:00,37.42,3.69,24.11,2.57,0.57,44976,0,48,3.6,정상,0,0
GATE-08,PARKING-02,2026-01-02 22:00:00,34.98,3.6,24.18,2.22,0.77,44994,0,48,1.32,정상,0,0
GATE-08,PARKING-02,2026-01-02 23:00:00,36.82,3.9,24.34,2.21,0.34,45016,0,48,0.68,정상,0,0
GATE-08,PARKING-02,2026-01-03 00:00:00,34.41,3.48,23.9,2.46,0.44,45019,0,49,0.9,정상,0,0
GATE-08,PARKING-02,2026-01-03 01:00:00,34.94,3.17,23.71,2.36,0.82,45028,0,49,3.25,정상,0,0
GATE-08,PARKING-02,2026-01-03 02:00:00,33.99,2.91,24.56,2.58,0.52,45032,1,49,4.49,정상,0,0
GATE-08,PARKING-02,2026-01-03 03:00:00,33.77,3.64,24.07,2.26,0.56,45033,0,49,0,정상,0,0
GATE-08,PARKING-02,2026-01-03 04:00:00,36.57,3.68,23.75,2.25,0.71,45043,0,49,0.75,정상,0,0
GATE-08,PARKING-02,2026-01-03 05:00:00,33.83,2.91,23.69,2.18,0.69,45046,0,49,5.4,정상,0,0
GATE-08,PARKING-02,2026-01-03 06:00:00,36.34,3.5,23.61,2.25,0.93,45067,1,49,6.75,정상,0,0
GATE-08,PARKING-02,2026-01-03 07:00:00,42.75,4.62,24.1,2.32,0.43,45121,0,49,3.86,정상,0,0
GATE-08,PARKING-02,2026-01-03 08:00:00,39.4,3.73,23.57,2.6,0.59,45158,0,49,2.8,정상,0,0
GATE-08,PARKING-02,2026-01-03 09:00:00,38.01,3.81,24.3,2.38,0.64,45196,1,49,5.03,정상,0,0
GATE-08,PARKING-02,2026-01-03 10:00:00,34.4,3.95,23.81,2.41,0.58,45219,0,49,1.02,정상,0,0
GATE-08,PARKING-02,2026-01-03 11:00:00,40.39,3.65,24.67,2.55,0.83,45249,2,49,9.58,정상,0,0
GATE-08,PARKING-02,2026-01-03 12:00:00,36.53,3.49,24.07,2.57,0.92,45262,1,49,3.81,정상,0,0
GATE-08,PARKING-02,2026-01-03 13:00:00,35.68,3.96,24.21,2.16,0.78,45290,0,49,2.56,정상,0,0
GATE-08,PARKING-02,2026-01-03 14:00:00,38.63,3.76,24.27,2.37,0.7,45325,0,49,0.9,정상,0,0
GATE-08,PARKING-02,2026-01-03 15:00:00,36.47,3.98,24.51,2.28,0.6,45352,0,49,0.71,정상,0,0
GATE-08,PARKING-02,2026-01-03 16:00:00,37.08,3.31,24.51,2.45,0.73,45369,0,49,2.77,정상,0,0
GATE-08,PARKING-02,2026-01-03 17:00:00,41.43,4.39,24.13,2.34,0.66,45427,0,49,3.36,정상,0,0
GATE-08,PARKING-02,2026-01-03 18:00:00,37.36,4.03,23.77,2.31,0.64,45469,0,49,0.72,정상,0,0
GATE-08,PARKING-02,2026-01-03 19:00:00,38.41,3.95,24.46,2.25,0.99,45503,0,49,4.26,정상,0,0
GATE-08,PARKING-02,2026-01-03 20:00:00,36.74,4.11,23.88,2.53,0.65,45536,0,49,2.43,정상,0,0
GATE-08,PARKING-02,2026-01-03 21:00:00,35.77,4.1,23.85,2.42,0.25,45557,1,49,3.78,정상,0,0
GATE-08,PARKING-02,2026-01-03 22:00:00,38.01,4.07,24.39,2.35,0.82,45577,0,49,0,정상,0,0
GATE-08,PARKING-02,2026-01-03 23:00:00,38.83,3.69,24.42,2.28,0.93,45601,1,49,5.56,정상,0,0
GATE-08,PARKING-02,2026-01-04 00:00:00,35.03,3.69,24.04,2.22,0.81,45607,0,50,0,정상,0,0
GATE-08,PARKING-02,2026-01-04 01:00:00,39.06,3.12,24.19,2.53,0.36,45620,0,50,0,정상,0,0
GATE-08,PARKING-02,2026-01-04 02:00:00,34.35,3.02,23.6,2.34,0.73,45622,1,50,7.58,정상,0,0
GATE-08,PARKING-02,2026-01-04 03:00:00,35.62,2.98,24.25,2.27,0.88,45627,0,50,4.7,정상,0,0
GATE-08,PARKING-02,2026-01-04 04:00:00,35.61,3.63,24.03,2.31,0.99,45632,0,50,1.14,정상,0,0
GATE-08,PARKING-02,2026-01-04 05:00:00,34.47,3.13,24.31,2.2,0.66,45636,0,50,2.8,정상,0,0
GATE-08,PARKING-02,2026-01-04 06:00:00,37.6,3.66,24.39,2.54,0.77,45657,0,50,0,정상,0,0
GATE-08,PARKING-02,2026-01-04 07:00:00,42.34,4.41,24.06,2.2,0.63,45715,0,50,0,정상,0,0
GATE-08,PARKING-02,2026-01-04 08:00:00,39.58,4.28,23.59,2.26,0.68,45759,1,50,5.1,정상,0,0
GATE-08,PARKING-02,2026-01-04 09:00:00,35.75,3.39,23.85,2.26,0.66,45791,0,50,2.42,정상,0,0
GATE-08,PARKING-02,2026-01-04 10:00:00,36.51,3.93,23.9,2.2,0.96,45810,1,50,7.5,정상,0,0
GATE-08,PARKING-02,2026-01-04 11:00:00,31.19,3.34,23.64,2.11,0.82,45830,0,50,4,정상,0,0
GATE-08,PARKING-02,2026-01-04 12:00:00,35.84,3.77,23.73,1.89,0.68,45851,0,50,1.65,정상,0,0
GATE-08,PARKING-02,2026-01-04 13:00:00,34.69,3.67,24.19,2.46,0.85,45868,1,50,4.66,정상,0,0
GATE-08,PARKING-02,2026-01-04 14:00:00,33.61,3.54,24.24,2.62,0.8,45888,0,50,2.89,정상,0,0
GATE-08,PARKING-02,2026-01-04 15:00:00,39.69,3.4,23.98,2.24,0.85,45913,0,50,0.7,정상,0,0
GATE-08,PARKING-02,2026-01-04 16:00:00,34.71,3.63,24.31,2.39,0.82,45932,0,50,0.09,정상,0,0
GATE-08,PARKING-02,2026-01-04 17:00:00,38.82,4.33,23.81,2.31,0.97,45982,0,50,0,정상,0,0
GATE-08,PARKING-02,2026-01-04 18:00:00,38.47,4.04,24,2.6,0.73,46029,0,50,0,정상,0,0
GATE-08,PARKING-02,2026-01-04 19:00:00,41.45,3.64,24.34,2.26,0.67,46078,2,50,11.71,정상,0,0
GATE-08,PARKING-02,2026-01-04 20:00:00,39.35,4.53,24.24,2.18,0.62,46123,1,50,7.17,정상,0,0
GATE-08,PARKING-02,2026-01-04 21:00:00,36.49,3.33,24.34,2.4,0.75,46141,0,50,4.13,정상,0,0
GATE-08,PARKING-02,2026-01-04 22:00:00,35.66,3.92,24.31,2.45,0.99,46159,0,50,0.22,정상,0,0
GATE-08,PARKING-02,2026-01-04 23:00:00,36.06,3.27,24.03,2.27,0.77,46189,0,50,0.38,정상,0,0
GATE-08,PARKING-02,2026-01-05 00:00:00,32.99,3.52,24.33,2.33,0.78,46194,0,51,3.65,정상,0,0
GATE-08,PARKING-02,2026-01-05 01:00:00,35.91,4.15,24.34,2.38,0.73,46194,0,51,4.53,정상,0,0
GATE-08,PARKING-02,2026-01-05 02:00:00,37.08,3.85,23.9,1.98,0.54,46200,0,51,0,정상,0,0
GATE-08,PARKING-02,2026-01-05 03:00:00,33.24,3.53,24.1,2.5,0.69,46200,0,51,4.49,정상,0,0
GATE-08,PARKING-02,2026-01-05 04:00:00,37.41,3.27,23.61,2.3,0.74,46200,0,51,0,정상,0,0
GATE-08,PARKING-02,2026-01-05 05:00:00,33.38,2.86,24.45,2.33,0.63,46204,0,51,2.29,정상,0,0
GATE-08,PARKING-02,2026-01-05 06:00:00,37.05,3.19,23.97,2.53,0.91,46228,0,51,0,정상,0,0
GATE-08,PARKING-02,2026-01-05 07:00:00,39.22,4.41,23.77,2.39,0.62,46278,2,51,11.36,정상,0,0
GATE-08,PARKING-02,2026-01-05 08:00:00,37.82,3.7,24.41,2.18,0.35,46313,2,51,8.14,정상,0,0
GATE-08,PARKING-02,2026-01-05 09:00:00,40.43,4.2,24.47,2.27,0.52,46364,0,51,1.8,정상,0,0
GATE-08,PARKING-02,2026-01-05 10:00:00,38.06,3.85,24.16,2.07,0.49,46388,1,51,7.86,정상,0,0
GATE-08,PARKING-02,2026-01-05 11:00:00,36.59,3.72,23.94,2.46,0.48,46402,0,51,0.59,정상,0,0
GATE-08,PARKING-02,2026-01-05 12:00:00,34.85,3.43,23.65,2.07,0.65,46420,1,51,7.96,정상,0,0
GATE-08,PARKING-02,2026-01-05 13:00:00,37.74,3.59,24.23,2.29,0.68,46440,0,51,5.16,정상,0,0
GATE-08,PARKING-02,2026-01-05 14:00:00,37.21,3.2,23.87,2.26,0.69,46467,0,51,1.1,정상,0,0
GATE-08,PARKING-02,2026-01-05 15:00:00,34.35,3.48,23.93,2.45,0.59,46488,0,51,0,정상,0,0
GATE-08,PARKING-02,2026-01-05 16:00:00,34.82,3.45,23.65,2.65,0.82,46505,0,51,0,정상,0,0
GATE-08,PARKING-02,2026-01-05 17:00:00,41.22,3.82,23.93,2.16,0.82,46540,0,51,4.24,정상,0,0
GATE-08,PARKING-02,2026-01-05 18:00:00,41.13,3.45,23.88,2.24,0.68,46590,0,51,1.44,정상,0,0
GATE-08,PARKING-02,2026-01-05 19:00:00,39.34,3.42,23.67,2.43,0.89,46623,0,51,5.74,정상,0,0
GATE-08,PARKING-02,2026-01-05 20:00:00,37.28,3.89,24.5,2.17,1.09,46668,0,51,2.16,정상,0,0
GATE-08,PARKING-02,2026-01-05 21:00:00,39.14,3.62,24.02,2.28,0.68,46693,0,51,2.26,정상,0,0
GATE-08,PARKING-02,2026-01-05 22:00:00,38.75,3.66,23.92,2.04,0.77,46722,0,51,0,정상,0,0
GATE-08,PARKING-02,2026-01-05 23:00:00,36.64,3.66,24.35,2.2,0.45,46742,1,51,5.84,정상,0,0
GATE-08,PARKING-02,2026-01-06 00:00:00,34.91,3.3,23.64,2.17,0.68,46745,1,52,8.16,정상,0,0
GATE-08,PARKING-02,2026-01-06 01:00:00,35.29,3.06,23.98,2.35,0.56,46752,0,52,0,정상,0,0
GATE-08,PARKING-02,2026-01-06 02:00:00,36.14,3.26,24.25,2.24,0.67,46757,0,52,0.15,정상,0,0
GATE-08,PARKING-02,2026-01-06 03:00:00,33.6,3.97,24.22,2.46,0.63,46757,0,52,0,정상,0,0
GATE-08,PARKING-02,2026-01-06 04:00:00,34.63,3.59,24.19,2.4,0.97,46765,1,52,6,정상,0,0
GATE-08,PARKING-02,2026-01-06 05:00:00,34.26,3.85,24.49,2.4,0.52,46774,1,52,5.45,정상,0,0
GATE-08,PARKING-02,2026-01-06 06:00:00,36.03,3.8,23.98,2.24,0.67,46807,0,52,0,정상,0,0
GATE-08,PARKING-02,2026-01-06 07:00:00,40.7,3.66,24.23,2.21,0.92,46859,0,52,1.94,정상,0,0
GATE-08,PARKING-02,2026-01-06 08:00:00,37.68,4.54,24.57,2.33,0.71,46905,0,52,3.9,정상,0,0
GATE-08,PARKING-02,2026-01-06 09:00:00,39.14,3.88,24.28,2.29,0.52,46948,1,52,7.39,정상,0,0
GATE-08,PARKING-02,2026-01-06 10:00:00,35.37,3.45,24.18,2.17,0.72,46974,1,52,5.24,정상,0,0
GATE-08,PARKING-02,2026-01-06 11:00:00,41.09,3.28,24.11,2.36,0.6,46997,0,52,3.31,정상,0,0
GATE-08,PARKING-02,2026-01-06 12:00:00,34.78,3.38,24.13,2.4,0.6,47015,0,52,2.17,정상,0,0
GATE-08,PARKING-02,2026-01-06 13:00:00,36.7,3.47,24.11,2.36,0.51,47033,1,52,7.93,정상,0,0
GATE-08,PARKING-02,2026-01-06 14:00:00,39.47,3.23,24.07,2.47,0.65,47058,0,52,1.28,정상,0,0
GATE-08,PARKING-02,2026-01-06 15:00:00,36.15,3.6,24.37,2.24,0.91,47073,0,52,0.65,정상,0,0
GATE-08,PARKING-02,2026-01-06 16:00:00,36.24,3.34,23.76,2.34,0.49,47099,0,52,2.29,정상,0,0
GATE-08,PARKING-02,2026-01-06 17:00:00,39.83,3.53,24.33,2.43,0.62,47142,1,52,10.95,정상,0,0
GATE-08,PARKING-02,2026-01-06 18:00:00,37.52,3.72,24.12,2.19,0.82,47181,0,52,3.01,정상,0,0
GATE-08,PARKING-02,2026-01-06 19:00:00,37.94,3.94,23.61,2.22,0.75,47224,0,52,2.15,정상,0,0
GATE-08,PARKING-02,2026-01-06 20:00:00,37.46,3.96,24,2.43,1.03,47255,0,52,0,정상,0,0
GATE-08,PARKING-02,2026-01-06 21:00:00,35.77,3.61,23.77,2.33,0.35,47280,0,52,0,정상,0,0
GATE-08,PARKING-02,2026-01-06 22:00:00,36.77,3.7,23.73,2.27,0.74,47297,0,52,2.87,정상,0,0
GATE-08,PARKING-02,2026-01-06 23:00:00,36.41,3.33,24.29,2.28,0.59,47307,0,52,2.15,정상,0,0
GATE-08,PARKING-02,2026-01-07 00:00:00,32.66,3.54,24.26,2.45,0.51,47307,0,53,0.74,정상,0,0
GATE-08,PARKING-02,2026-01-07 01:00:00,35.25,3.07,23.77,2.31,0.93,47323,0,53,3.98,정상,0,0
GATE-08,PARKING-02,2026-01-07 02:00:00,33.71,4.14,23.85,2.61,0.52,47334,0,53,0.17,정상,0,0
GATE-08,PARKING-02,2026-01-07 03:00:00,36.69,3.34,24.11,2.45,0.76,47344,0,53,1.39,정상,0,0
GATE-08,PARKING-02,2026-01-07 04:00:00,33.64,3.09,24.06,2.36,0.63,47346,0,53,2.29,정상,0,0
GATE-08,PARKING-02,2026-01-07 05:00:00,37.47,3.56,23.91,2.32,0.71,47352,0,53,2.74,정상,0,0
GATE-08,PARKING-02,2026-01-07 06:00:00,37.22,3.25,24.07,2.5,0.64,47381,0,53,1.32,정상,0,0
GATE-08,PARKING-02,2026-01-07 07:00:00,36.69,4.2,24,2.43,0.75,47431,0,53,1.03,정상,0,0
GATE-08,PARKING-02,2026-01-07 08:00:00,36.95,4.21,23.91,2.55,0.84,47470,0,53,1.58,정상,0,0
GATE-08,PARKING-02,2026-01-07 09:00:00,40.71,4.34,24.14,2.51,0.66,47520,0,53,1.95,정상,0,0
GATE-08,PARKING-02,2026-01-07 10:00:00,34.06,3.36,23.53,2.51,0.51,47540,0,53,7.03,정상,0,0
GATE-08,PARKING-02,2026-01-07 11:00:00,34.02,3.48,23.97,2.37,0.49,47553,1,53,2.28,정상,0,0
GATE-08,PARKING-02,2026-01-07 12:00:00,35.7,4.18,24.29,2.18,0.63,47577,1,53,7.57,정상,0,0
GATE-08,PARKING-02,2026-01-07 13:00:00,37.42,3.3,24.18,2.12,0.52,47601,0,53,0,정상,0,0
GATE-08,PARKING-02,2026-01-07 14:00:00,34.85,4.38,24.14,2.55,0.74,47622,0,53,0,정상,0,0
GATE-08,PARKING-02,2026-01-07 15:00:00,36.8,3.32,24.03,2.27,0.77,47642,0,53,0,정상,0,0
GATE-08,PARKING-02,2026-01-07 16:00:00,37.02,3.54,24.3,2.49,0.55,47663,0,53,0,정상,0,0
GATE-08,PARKING-02,2026-01-07 17:00:00,40.14,4.13,24.03,2.49,0.83,47710,0,53,0,정상,0,0
GATE-08,PARKING-02,2026-01-07 18:00:00,39.98,4.3,24,2.59,0.88,47748,0,53,0,정상,0,0
GATE-08,PARKING-02,2026-01-07 19:00:00,39.36,4.62,23.7,2.28,0.45,47800,1,53,4.87,정상,0,0
GATE-08,PARKING-02,2026-01-07 20:00:00,39.87,3.86,24.14,2.42,0.62,47850,0,53,0,정상,0,0
GATE-08,PARKING-02,2026-01-07 21:00:00,37.31,3.81,23.79,2.41,0.48,47871,0,53,2.43,정상,0,0
GATE-08,PARKING-02,2026-01-07 22:00:00,38.19,3.26,24.38,2.48,0.62,47894,1,53,7.51,정상,0,0
GATE-08,PARKING-02,2026-01-07 23:00:00,33.25,3.36,24.21,2.12,0.79,47908,0,53,2.61,정상,0,0
GATE-08,PARKING-02,2026-01-08 00:00:00,36.61,3.43,24,2.08,0.98,47918,0,54,0,정상,0,0
GATE-08,PARKING-02,2026-01-08 01:00:00,35.1,3.59,24.06,2.58,0.82,47919,1,54,9.81,정상,0,0
GATE-08,PARKING-02,2026-01-08 02:00:00,33.48,2.87,24.51,2.63,0.73,47927,0,54,1.86,정상,0,0
GATE-08,PARKING-02,2026-01-08 03:00:00,33.42,3.39,24.52,2.37,0.75,47933,0,54,0.48,정상,0,0
GATE-08,PARKING-02,2026-01-08 04:00:00,34.68,3.08,24.21,2.34,0.91,47947,0,54,0,정상,0,0
GATE-08,PARKING-02,2026-01-08 05:00:00,35.83,3.25,24.18,2.8,0.91,47953,1,54,6.48,정상,0,0
GATE-08,PARKING-02,2026-01-08 06:00:00,37.2,3.63,24.05,2.49,0.54,47968,1,54,3.63,정상,0,0
GATE-08,PARKING-02,2026-01-08 07:00:00,37.06,3.61,24.1,2.28,0.77,48001,1,54,4.08,정상,0,0
GATE-08,PARKING-02,2026-01-08 08:00:00,39.78,4.68,23.88,2.26,0.62,48045,0,54,2.96,정상,0,0
GATE-08,PARKING-02,2026-01-08 09:00:00,37.77,4,23.89,2.43,0.53,48101,0,54,0,정상,0,0
GATE-08,PARKING-02,2026-01-08 10:00:00,37.1,3.9,24.31,2.5,0.5,48126,0,54,3.74,정상,0,0
GATE-08,PARKING-02,2026-01-08 11:00:00,36.19,3.48,23.88,2.16,0.84,48142,0,54,5.17,정상,0,0
GATE-08,PARKING-02,2026-01-08 12:00:00,37.15,3.55,24.34,2.42,0.68,48159,0,54,0,정상,0,0
GATE-08,PARKING-02,2026-01-08 13:00:00,36.77,3.19,23.6,2.47,0.41,48183,0,54,3.19,정상,0,0
GATE-08,PARKING-02,2026-01-08 14:00:00,37.35,3.59,24.04,2.31,0.77,48210,0,54,0.46,정상,0,0
GATE-08,PARKING-02,2026-01-08 15:00:00,36.66,3.24,24,2.31,0.5,48232,0,54,0,정상,0,0
GATE-08,PARKING-02,2026-01-08 16:00:00,37.8,3.77,23.89,2.38,0.5,48249,0,54,0,정상,0,0
GATE-08,PARKING-02,2026-01-08 17:00:00,39.15,4.16,24.57,2.45,0.66,48292,0,54,3.9,정상,0,0
GATE-08,PARKING-02,2026-01-08 18:00:00,37.54,3.82,24.05,2.22,0.97,48328,0,54,0,정상,0,0
GATE-08,PARKING-02,2026-01-08 19:00:00,42.12,3.68,24.04,2.37,0.74,48370,0,54,2.98,정상,0,0
GATE-08,PARKING-02,2026-01-08 20:00:00,40.16,4.92,24.3,2.39,0.75,48427,0,54,4.28,정상,0,0
GATE-08,PARKING-02,2026-01-08 21:00:00,37.57,3.62,24.27,2.4,0.55,48444,0,54,0.61,정상,0,0
GATE-08,PARKING-02,2026-01-08 22:00:00,35.26,3.44,24.12,2.3,0.73,48467,0,54,0,정상,0,0
GATE-08,PARKING-02,2026-01-08 23:00:00,37.57,3.6,23.97,2.17,0.49,48488,0,54,0.75,정상,0,0
GATE-08,PARKING-02,2026-01-09 00:00:00,33.33,2.54,24,2.28,0.52,48488,0,55,2.05,정상,0,0
GATE-08,PARKING-02,2026-01-09 01:00:00,37.75,3.36,24.24,2.31,0.64,48494,0,55,0,정상,0,0
GATE-08,PARKING-02,2026-01-09 02:00:00,35.13,3.25,23.8,2.04,0.96,48501,0,55,1.52,정상,0,0
GATE-08,PARKING-02,2026-01-09 03:00:00,34.86,3.17,24.1,2.15,0.39,48508,1,55,3.92,정상,0,0
GATE-08,PARKING-02,2026-01-09 04:00:00,33.07,3.91,24.16,2.36,0.33,48513,0,55,4.2,정상,0,0
GATE-08,PARKING-02,2026-01-09 05:00:00,34.14,3.31,24.34,2.46,0.58,48516,2,55,12.99,정상,0,0
GATE-08,PARKING-02,2026-01-09 06:00:00,37.92,3.87,24,2.53,0.54,48538,0,55,0,정상,0,0
GATE-08,PARKING-02,2026-01-09 07:00:00,40.53,3.78,23.25,2.41,0.18,48582,0,55,5.53,정상,0,0
GATE-08,PARKING-02,2026-01-09 08:00:00,39.07,3.57,24.09,2.29,0.62,48619,0,55,1.07,정상,0,0
GATE-08,PARKING-02,2026-01-09 09:00:00,39.78,4.56,24.07,2.14,0.73,48659,0,55,0.17,정상,0,0
GATE-08,PARKING-02,2026-01-09 10:00:00,32.77,3.18,24.01,2.4,0.61,48678,1,55,6.4,정상,0,0
GATE-08,PARKING-02,2026-01-09 11:00:00,33.51,2.81,24.3,2.28,0.52,48693,0,55,0.74,정상,0,0
GATE-08,PARKING-02,2026-01-09 12:00:00,35.53,3.48,24.65,2.21,0.49,48708,0,55,1.45,정상,0,0
GATE-08,PARKING-02,2026-01-09 13:00:00,35.65,3.67,24.55,2.29,0.74,48722,0,55,3.32,정상,0,0
GATE-08,PARKING-02,2026-01-09 14:00:00,34.47,3.61,24,2.38,0.65,48745,0,55,0,정상,0,0
GATE-08,PARKING-02,2026-01-09 15:00:00,36.45,3.33,24.02,2.33,0.74,48759,0,55,2.28,정상,0,0
GATE-08,PARKING-02,2026-01-09 16:00:00,39.44,3.86,23.61,2.27,0.49,48786,0,55,3.37,정상,0,0
GATE-08,PARKING-02,2026-01-09 17:00:00,36.59,4.26,23.97,3.02,0.54,48810,0,55,1.22,정상,0,0
GATE-08,PARKING-02,2026-01-09 18:00:00,40.43,4.19,23.91,2.73,0.83,48868,1,55,6.04,정상,0,0
GATE-08,PARKING-02,2026-01-09 19:00:00,38.26,4.3,23.73,2.48,1.24,48903,1,55,7.84,정상,0,0
GATE-08,PARKING-02,2026-01-09 20:00:00,40.71,4.66,23.96,2.63,1.14,48948,0,55,2.33,정상,0,0
GATE-08,PARKING-02,2026-01-09 21:00:00,38.25,3.9,24.29,2.53,1.02,48977,2,55,6.44,정상,0,0
GATE-08,PARKING-02,2026-01-09 22:00:00,41.67,4.26,23.95,2.13,0.95,49012,0,55,0.73,정상,0,0
GATE-08,PARKING-02,2026-01-09 23:00:00,38.89,4.16,23.9,2.77,1.17,49025,0,55,1.52,정상,0,0
GATE-08,PARKING-02,2026-01-10 00:00:00,39.47,4.04,23.85,3.25,1.32,49029,0,56,0.68,정상,0,0
GATE-08,PARKING-02,2026-01-10 01:00:00,41.55,3.88,23.5,2.85,1.22,49035,0,56,0.05,정상,0,0
GATE-08,PARKING-02,2026-01-10 02:00:00,39.47,4.14,24.05,2.98,1.51,49040,0,56,6.55,정상,0,0
GATE-08,PARKING-02,2026-01-10 03:00:00,39.03,4.62,23.68,2.97,1.47,49044,1,56,11.74,정상,0,0
GATE-08,PARKING-02,2026-01-10 04:00:00,41.77,4.41,23.65,3.13,0.97,49049,2,56,10.2,정상,0,0
GATE-08,PARKING-02,2026-01-10 05:00:00,41.56,4.1,24.11,3.24,1.95,49057,1,56,15.73,정상,0,0
GATE-08,PARKING-02,2026-01-10 06:00:00,44.18,4.46,23.79,2.95,1.89,49077,1,56,14.34,정상,0,0
GATE-08,PARKING-02,2026-01-10 07:00:00,44.12,5.45,23.59,3.22,1.95,49115,1,56,21.08,정상,0,0
GATE-08,PARKING-02,2026-01-10 08:00:00,43.73,5.1,23.25,3.34,2.16,49158,1,56,19.49,정상,0,0
GATE-08,PARKING-02,2026-01-10 09:00:00,45.32,5.68,23.5,3.48,2.28,49205,1,56,26.86,정상,0,0
GATE-08,PARKING-02,2026-01-10 10:00:00,43.8,5.59,23.95,3.51,2.44,49232,2,56,31.75,정상,0,0
GATE-08,PARKING-02,2026-01-10 11:00:00,44.65,5.82,23.48,3.25,2.28,49257,2,56,29.33,정상,0,0
GATE-08,PARKING-02,2026-01-10 12:00:00,46.05,4.91,24.03,3.43,2.41,49279,2,56,30.7,정상,0,0
GATE-08,PARKING-02,2026-01-10 13:00:00,43.53,5.59,24.14,3.53,2.49,49305,3,56,34.76,정상,0,0
GATE-08,PARKING-02,2026-01-10 14:00:00,47.24,5.63,23.59,3.56,2.38,49320,2,56,40.66,주의,0,0
GATE-08,PARKING-02,2026-01-10 15:00:00,46.38,6.2,23.6,3.41,2.59,49344,1,56,36.25,정상,0,0
GATE-08,PARKING-02,2026-01-10 16:00:00,46.03,5.74,23.71,3.56,2.6,49373,3,56,43.77,주의,0,0
GATE-08,PARKING-02,2026-01-10 17:00:00,51.13,6.48,23.24,3.55,2.71,49424,1,56,43.1,주의,0,0
GATE-08,PARKING-02,2026-01-10 18:00:00,47.97,6.35,23.41,3.84,2.7,49464,3,56,50.27,주의,0,0
GATE-08,PARKING-02,2026-01-10 19:00:00,46.86,6.89,23.33,3.82,2.67,49510,3,56,56.24,주의,0,0
GATE-08,PARKING-02,2026-01-10 20:00:00,51.62,6.31,23.28,4.08,2.78,49554,2,56,54.43,주의,0,0
GATE-08,PARKING-02,2026-01-10 21:00:00,47.36,6.52,23.97,3.89,3.11,49572,1,56,43.44,주의,0,0
GATE-08,PARKING-02,2026-01-10 22:00:00,49.38,6.6,23.7,4.01,3.06,49587,3,56,57.24,주의,0,0
GATE-08,PARKING-02,2026-01-10 23:00:00,48.08,6.57,23.36,4.31,3.18,49613,2,56,55.88,주의,0,0
GATE-08,PARKING-02,2026-01-11 00:00:00,49.39,6.36,23.6,4.22,2.88,49624,3,57,57.87,주의,0,0
GATE-08,PARKING-02,2026-01-11 01:00:00,46.25,6.46,23.26,4.35,3.27,49624,3,57,58.97,주의,0,0
GATE-08,PARKING-02,2026-01-11 02:00:00,50.45,6.93,22.76,4.26,3.54,49643,3,57,65.27,주의,0,0
GATE-08,PARKING-02,2026-01-11 03:00:00,47.33,6.27,23.09,4.09,3.34,49655,3,57,59.45,주의,0,0
GATE-08,PARKING-02,2026-01-11 04:00:00,33.22,3.13,24.25,2.48,1.06,49664,0,57,0.71,정상,0,0
GATE-08,PARKING-02,2026-01-11 05:00:00,34.1,2.73,24.06,2.21,0.68,49674,0,57,1.56,정상,0,0
GATE-08,PARKING-02,2026-01-11 06:00:00,32.37,3.21,24.14,2.48,0.92,49685,0,57,1.87,정상,0,0
GATE-08,PARKING-02,2026-01-11 07:00:00,41.69,3.8,23.91,2.6,0.67,49727,2,57,9.51,정상,0,0
GATE-08,PARKING-02,2026-01-11 08:00:00,37.9,4.04,23.76,2.47,0.95,49755,1,57,4.63,정상,0,0
GATE-08,PARKING-02,2026-01-11 09:00:00,42.71,4.14,24.22,2.25,0.66,49802,0,57,0,정상,0,0
GATE-08,PARKING-02,2026-01-11 10:00:00,36.29,3.75,24.36,2.26,0.49,49827,0,57,1.62,정상,0,0
GATE-08,PARKING-02,2026-01-11 11:00:00,34.84,3.27,23.77,2.47,0.49,49840,0,57,0.98,정상,0,0
GATE-08,PARKING-02,2026-01-11 12:00:00,36.69,3.65,23.83,2.57,0.52,49863,0,57,0,정상,0,0
GATE-08,PARKING-02,2026-01-11 13:00:00,35.7,3.29,24.02,2.67,0.98,49878,0,57,2.04,정상,0,0
GATE-08,PARKING-02,2026-01-11 14:00:00,39.4,4.04,24.03,2.34,0.59,49902,0,57,0,정상,0,0
GATE-08,PARKING-02,2026-01-11 15:00:00,35.96,3.37,24.23,2.31,0.66,49924,0,57,1.5,정상,0,0
GATE-08,PARKING-02,2026-01-11 16:00:00,38.12,3.64,24.04,2.66,0.79,49951,0,57,0.3,정상,0,0
GATE-08,PARKING-02,2026-01-11 17:00:00,36.46,3.58,23.93,2.42,0.77,49976,0,57,2.61,정상,0,0
GATE-08,PARKING-02,2026-01-11 18:00:00,40.43,4.15,23.85,2.45,0.91,50014,0,57,1.36,정상,0,0
GATE-08,PARKING-02,2026-01-11 19:00:00,41.01,3.67,23.6,2.14,0.54,50060,1,57,6.14,정상,0,0
GATE-08,PARKING-02,2026-01-11 20:00:00,37.67,4.07,23.75,2.57,0.78,50103,0,57,0.42,정상,0,0
GATE-08,PARKING-02,2026-01-11 21:00:00,36.38,3.5,23.87,2.34,0.46,50115,0,57,2.13,정상,0,0
GATE-08,PARKING-02,2026-01-11 22:00:00,40.37,3.66,23.95,2.45,0.67,50144,0,57,2.12,정상,0,0
GATE-08,PARKING-02,2026-01-11 23:00:00,35.32,3.67,23.93,2.06,0.54,50157,0,57,0,정상,0,0
GATE-08,PARKING-02,2026-01-12 00:00:00,35.97,3.77,24,2.3,0.56,50164,0,58,0,정상,0,0
GATE-08,PARKING-02,2026-01-12 01:00:00,37.25,3.23,24.31,2.47,0.68,50174,0,58,2.67,정상,0,0
GATE-08,PARKING-02,2026-01-12 02:00:00,34.39,3.42,23.94,2.2,0.99,50180,1,58,5.58,정상,0,0
GATE-08,PARKING-02,2026-01-12 03:00:00,34.03,3.4,23.81,2.48,0.71,50190,0,58,1.81,정상,0,0
GATE-08,PARKING-02,2026-01-12 04:00:00,33.36,3.63,24.52,2.33,0.86,50190,1,58,7.56,정상,0,0
GATE-08,PARKING-02,2026-01-12 05:00:00,36.75,3.5,23.96,2.44,0.69,50192,0,58,0.62,정상,0,0
GATE-08,PARKING-02,2026-01-12 06:00:00,38.87,3.68,23.93,2.59,0.95,50214,1,58,4.99,정상,0,0
GATE-08,PARKING-02,2026-01-12 07:00:00,38.62,3.8,24.04,2.5,0.65,50249,0,58,0.46,정상,0,0
GATE-08,PARKING-02,2026-01-12 08:00:00,38.91,4.2,23.83,2.45,0.94,50291,0,58,1.74,정상,0,0
GATE-08,PARKING-02,2026-01-12 09:00:00,39.56,3.57,23.85,2.5,0.47,50320,0,58,0.76,정상,0,0
GATE-08,PARKING-02,2026-01-12 10:00:00,35.65,3.94,24.31,2.26,0.77,50342,0,58,5.43,정상,0,0
GATE-08,PARKING-02,2026-01-12 11:00:00,37.11,3.18,24.3,2.25,0.88,50360,0,58,1.72,정상,0,0
GATE-08,PARKING-02,2026-01-12 12:00:00,36.48,3.46,24.17,2.31,0.69,50380,0,58,3.39,정상,0,0
GATE-08,PARKING-02,2026-01-12 13:00:00,36.8,3.18,23.69,2.63,0.46,50399,0,58,0.2,정상,0,0
GATE-08,PARKING-02,2026-01-12 14:00:00,37.54,3.82,24.12,2.43,0.69,50424,0,58,0.47,정상,0,0
GATE-08,PARKING-02,2026-01-12 15:00:00,36.68,3.15,23.96,2.6,0.73,50440,0,58,0,정상,0,0
GATE-08,PARKING-02,2026-01-12 16:00:00,37.07,3.76,24.41,2.71,0.86,50464,0,58,0.63,정상,0,0
GATE-08,PARKING-02,2026-01-12 17:00:00,38.63,3.7,23.75,2.37,0.75,50494,0,58,5.47,정상,0,0
GATE-08,PARKING-02,2026-01-12 18:00:00,39.47,4.4,24.03,2.42,0.81,50548,0,58,0.88,정상,0,0
GATE-08,PARKING-02,2026-01-12 19:00:00,38.31,3.79,24.1,2.78,0.58,50589,0,58,0,정상,0,0
GATE-08,PARKING-02,2026-01-12 20:00:00,37.9,4.14,24.36,2.21,0.56,50623,0,58,0.23,정상,0,0
GATE-08,PARKING-02,2026-01-12 21:00:00,35.49,3.47,23.71,2.55,0.84,50645,1,58,8.78,정상,0,0
GATE-08,PARKING-02,2026-01-12 22:00:00,36.51,3.31,24.46,2.52,0.29,50660,1,58,2.93,정상,0,0
GATE-08,PARKING-02,2026-01-12 23:00:00,36.03,3.54,24.12,2.2,1.06,50681,0,58,0,정상,0,0
GATE-08,PARKING-02,2026-01-13 00:00:00,33.22,3.19,23.96,2.37,0.89,50685,0,59,5.27,정상,0,0
GATE-08,PARKING-02,2026-01-13 01:00:00,33.78,3.27,23.68,2.82,0.86,50692,0,59,0.6,정상,0,0
GATE-08,PARKING-02,2026-01-13 02:00:00,37.39,3.92,23.72,2.52,0.84,50706,0,59,2.84,정상,0,0
GATE-08,PARKING-02,2026-01-13 03:00:00,34.04,2.88,24.1,2.48,0.8,50708,0,59,2.61,정상,0,0
GATE-08,PARKING-02,2026-01-13 04:00:00,34.36,3.31,24.43,2.36,0.94,50710,0,59,0.6,정상,0,0
GATE-08,PARKING-02,2026-01-13 05:00:00,37.87,2.92,24.02,2.19,0.62,50714,0,59,0.4,정상,0,0
GATE-08,PARKING-02,2026-01-13 06:00:00,39.01,3.29,23.93,2.34,0.84,50735,1,59,3.96,정상,0,0
GATE-08,PARKING-02,2026-01-13 07:00:00,40.06,4.11,24.43,2.33,0.32,50773,0,59,3.78,정상,0,0
GATE-08,PARKING-02,2026-01-13 08:00:00,38.6,4.33,24.25,2.37,0.73,50812,1,59,6.36,정상,0,0
GATE-08,PARKING-02,2026-01-13 09:00:00,40.82,3.49,24.14,2.51,0.64,50849,0,59,2.11,정상,0,0
GATE-08,PARKING-02,2026-01-13 10:00:00,37.47,3.17,23.89,2.32,0.63,50861,0,59,0.97,정상,0,0
GATE-08,PARKING-02,2026-01-13 11:00:00,33.81,3.47,24.02,2.67,0.77,50869,0,59,1.35,정상,0,0
GATE-08,PARKING-02,2026-01-13 12:00:00,33.45,4.01,23.35,2.55,0.72,50894,0,59,1.75,정상,0,0
GATE-08,PARKING-02,2026-01-13 13:00:00,39.74,3.83,23.99,2.15,0.84,50922,0,59,0,정상,0,0
GATE-08,PARKING-02,2026-01-13 14:00:00,36.27,3.7,23.75,2.55,0.83,50941,0,59,0,정상,0,0
GATE-08,PARKING-02,2026-01-13 15:00:00,35.73,3.74,24.01,2.31,0.62,50963,0,59,0.21,정상,0,0
GATE-08,PARKING-02,2026-01-13 16:00:00,39.54,3.95,24.24,2.68,0.73,50985,0,59,0.76,정상,0,0
GATE-08,PARKING-02,2026-01-13 17:00:00,38.92,4.16,23.64,2.53,0.86,51029,0,59,1.05,정상,0,0
GATE-08,PARKING-02,2026-01-13 18:00:00,39.52,4.15,23.95,2.45,0.91,51063,0,59,0,정상,0,0
GATE-08,PARKING-02,2026-01-13 19:00:00,38.75,3.76,24.14,2.43,1.09,51101,0,59,1.22,정상,0,0
GATE-08,PARKING-02,2026-01-13 20:00:00,42.16,3.87,24.2,2.34,0.93,51141,0,59,0.01,정상,0,0
GATE-08,PARKING-02,2026-01-13 21:00:00,34.43,3.86,23.61,2.53,0.94,51156,0,59,1.41,정상,0,0
GATE-08,PARKING-02,2026-01-13 22:00:00,39.62,3.68,23.96,2.58,1,51182,0,59,0.54,정상,0,0
GATE-08,PARKING-02,2026-01-13 23:00:00,34.68,3.75,23.97,2.44,0.83,51203,0,59,0,정상,0,0
GATE-08,PARKING-02,2026-01-14 00:00:00,34.92,3.56,24.08,2.33,0.97,51216,0,60,1.98,정상,0,0
GATE-08,PARKING-02,2026-01-14 01:00:00,35.82,3.46,24,2.18,0.47,51225,0,60,0.29,정상,0,0
GATE-08,PARKING-02,2026-01-14 02:00:00,36.82,3.2,23.84,2.52,1.08,51237,0,60,0,정상,0,0
GATE-08,PARKING-02,2026-01-14 03:00:00,35.35,3.46,23.87,2.63,0.79,51248,1,60,7.12,정상,0,0
GATE-08,PARKING-02,2026-01-14 04:00:00,32.84,3.66,24.01,2.01,0.95,51251,0,60,0.56,정상,0,0
GATE-08,PARKING-02,2026-01-14 05:00:00,34.09,2.62,23.59,2.43,0.82,51260,1,60,10.7,정상,0,0
GATE-08,PARKING-02,2026-01-14 06:00:00,36.37,3.63,24.15,2.47,0.76,51277,0,60,1.82,정상,0,0
GATE-08,PARKING-02,2026-01-14 07:00:00,38.39,4.14,23.94,2.28,0.61,51312,1,60,10.6,정상,0,0
GATE-08,PARKING-02,2026-01-14 08:00:00,39.88,3.9,24,2.35,0.82,51343,0,60,1.22,정상,0,0
GATE-08,PARKING-02,2026-01-14 09:00:00,36.57,4.25,24.23,2.43,0.98,51382,1,60,9.34,정상,0,0
GATE-08,PARKING-02,2026-01-14 10:00:00,39.96,3.99,23.95,2.67,0.73,51402,0,60,4.18,정상,0,0
GATE-08,PARKING-02,2026-01-14 11:00:00,35.77,3.79,23.88,2.44,0.7,51424,0,60,0.61,정상,0,0
GATE-08,PARKING-02,2026-01-14 12:00:00,38.15,3.36,24.22,2.39,0.91,51445,1,60,5.77,정상,0,0
GATE-08,PARKING-02,2026-01-14 13:00:00,36.22,3.76,23.84,2.65,0.75,51463,0,60,0,정상,0,0
GATE-08,PARKING-02,2026-01-14 14:00:00,36.7,3.71,24.13,2.41,0.86,51486,1,60,0.21,정상,0,0
GATE-08,PARKING-02,2026-01-14 15:00:00,36.67,3.66,24.26,2.22,0.91,51519,0,60,5.21,정상,0,0
GATE-08,PARKING-02,2026-01-14 16:00:00,37.57,3.89,24.14,2.63,0.52,51542,0,60,0,정상,0,0
GATE-08,PARKING-02,2026-01-14 17:00:00,38.03,4.43,23.37,2.4,0.88,51580,0,60,4.81,정상,0,0
GATE-08,PARKING-02,2026-01-14 18:00:00,37.77,4.43,24.16,2.41,0.98,51629,0,60,1.24,정상,0,0
GATE-08,PARKING-02,2026-01-14 19:00:00,38,4.05,23.77,2.73,0.45,51670,1,60,4.86,정상,0,0
GATE-08,PARKING-02,2026-01-14 20:00:00,38.79,4.27,24.3,2.47,0.61,51708,0,60,3.1,정상,0,0
GATE-08,PARKING-02,2026-01-14 21:00:00,40.04,3.5,23.9,2.26,0.83,51728,0,60,0,정상,0,0
GATE-08,PARKING-02,2026-01-14 22:00:00,37.17,3.17,23.96,2.25,0.88,51739,0,60,1.84,정상,0,0
GATE-08,PARKING-02,2026-01-14 23:00:00,39.9,3.66,24.17,2.68,1.11,51762,0,60,1.46,정상,0,0
GATE-08,PARKING-02,2026-01-15 00:00:00,35.35,3.31,23.85,2.24,0.9,51762,0,61,3.33,정상,0,0
GATE-08,PARKING-02,2026-01-15 01:00:00,36.15,4.02,24.15,2.52,0.62,51764,1,61,3.6,정상,0,0
GATE-08,PARKING-02,2026-01-15 02:00:00,32.73,3.27,23.86,2.56,0.82,51767,0,61,3.06,정상,0,0
GATE-08,PARKING-02,2026-01-15 03:00:00,37.53,3.18,23.96,2.42,0.55,51774,0,61,0,정상,0,0
GATE-08,PARKING-02,2026-01-15 04:00:00,33.17,3.33,24.27,2.62,0.77,51777,0,61,0,정상,0,0
GATE-08,PARKING-02,2026-01-15 05:00:00,32.74,3.46,24.08,2.57,0.71,51777,0,61,0,정상,0,0
GATE-08,PARKING-02,2026-01-15 06:00:00,35.43,3.84,23.92,2.69,0.74,51801,1,61,5.62,정상,0,0
GATE-08,PARKING-02,2026-01-15 07:00:00,38.33,3.92,24.19,2.81,1.1,51844,0,61,0,정상,0,0
GATE-08,PARKING-02,2026-01-15 08:00:00,41.27,4.45,24.07,2.37,0.76,51901,1,61,6.73,정상,0,0
GATE-08,PARKING-02,2026-01-15 09:00:00,39.49,3.77,23.84,2.24,0.8,51946,0,61,0,정상,0,0
GATE-08,PARKING-02,2026-01-15 10:00:00,37.82,3.44,24.21,2.35,1.15,51962,1,61,5.6,정상,0,0
GATE-08,PARKING-02,2026-01-15 11:00:00,37.52,3.98,24.26,2.35,0.62,51981,0,61,2.77,정상,0,0
GATE-08,PARKING-02,2026-01-15 12:00:00,35.8,3.97,24.2,2.32,1.08,52004,0,61,1.31,정상,0,0
GATE-08,PARKING-02,2026-01-15 13:00:00,37.67,3.62,23.83,2.41,0.9,52020,1,61,5.95,정상,0,0
GATE-08,PARKING-02,2026-01-15 14:00:00,36.79,3.75,23.68,2.42,0.46,52037,0,61,4.01,정상,0,0
GATE-08,PARKING-02,2026-01-15 15:00:00,33.76,3.52,23.78,2.46,0.91,52060,0,61,3.21,정상,0,0
GATE-08,PARKING-02,2026-01-15 16:00:00,36.28,4.11,24.24,2.35,1.03,52081,1,61,8.81,정상,0,0
GATE-08,PARKING-02,2026-01-15 17:00:00,41.54,3.49,23.9,2.5,1.07,52117,0,61,0.71,정상,0,0
GATE-08,PARKING-02,2026-01-15 18:00:00,37.7,3.54,24.02,2.42,0.65,52154,0,61,0,정상,0,0
GATE-08,PARKING-02,2026-01-15 19:00:00,39.6,4.3,24.03,2.66,1.05,52190,0,61,0,정상,0,0
GATE-08,PARKING-02,2026-01-15 20:00:00,38.1,3.98,24.05,2.6,0.68,52233,0,61,0.53,정상,0,0
GATE-08,PARKING-02,2026-01-15 21:00:00,36.37,3.86,23.76,2.37,0.9,52254,0,61,0,정상,0,0
GATE-08,PARKING-02,2026-01-15 22:00:00,40.18,3.48,24.47,2.43,0.69,52279,0,61,0.76,정상,0,0
GATE-08,PARKING-02,2026-01-15 23:00:00,37.1,3.96,23.93,2.06,0.8,52296,1,61,6.5,정상,0,0
GATE-08,PARKING-02,2026-01-16 00:00:00,36.8,3.68,24.2,2.38,0.63,52308,0,62,3.33,정상,0,0
GATE-08,PARKING-02,2026-01-16 01:00:00,36.45,3,23.93,2.51,1.08,52308,0,62,3.4,정상,0,0
GATE-08,PARKING-02,2026-01-16 02:00:00,38.53,3.59,23.89,2.7,0.78,52312,0,62,0.34,정상,0,0
GATE-08,PARKING-02,2026-01-16 03:00:00,35.54,3.73,24.03,2.37,0.82,52312,0,62,1.25,정상,0,0
GATE-08,PARKING-02,2026-01-16 04:00:00,38.06,3.83,24.61,2.76,1.08,52316,0,62,3.91,정상,0,0
GATE-08,PARKING-02,2026-01-16 05:00:00,34.09,3.29,24.13,2.31,0.76,52321,0,62,0,정상,0,0
GATE-08,PARKING-02,2026-01-16 06:00:00,39.32,3.48,23.65,2.63,0.62,52339,0,62,1.04,정상,0,0
GATE-08,PARKING-02,2026-01-16 07:00:00,42.99,4.78,24.37,2.55,0.73,52394,0,62,5.65,정상,0,0
GATE-08,PARKING-02,2026-01-16 08:00:00,40.54,3.72,24.43,2.59,0.86,52424,1,62,6,정상,0,0
GATE-08,PARKING-02,2026-01-16 09:00:00,42.43,4.16,23.75,2.63,0.75,52470,0,62,3.25,정상,0,0
GATE-08,PARKING-02,2026-01-16 10:00:00,36.8,3.88,24.02,2.49,1.19,52491,1,62,3.41,정상,0,0
GATE-08,PARKING-02,2026-01-16 11:00:00,34.32,3.55,24.54,2.39,1.1,52513,0,62,3.82,정상,0,0
GATE-08,PARKING-02,2026-01-16 12:00:00,37.95,3.15,23.76,2.78,0.67,52538,1,62,8.21,정상,0,0
GATE-08,PARKING-02,2026-01-16 13:00:00,36.09,3.89,23.92,2.17,1.03,52562,0,62,0,정상,0,0
GATE-08,PARKING-02,2026-01-16 14:00:00,38.39,3.88,24.23,2.35,0.85,52593,1,62,8.8,정상,0,0
GATE-08,PARKING-02,2026-01-16 15:00:00,37.91,4.61,23.7,2.64,1.04,52619,0,62,0.27,정상,0,0
GATE-08,PARKING-02,2026-01-16 16:00:00,38.8,3.84,23.54,2.55,0.98,52643,0,62,3.55,정상,0,0
GATE-08,PARKING-02,2026-01-16 17:00:00,41.04,4.27,23.71,2.55,1.05,52685,1,62,6.99,정상,0,0
GATE-08,PARKING-02,2026-01-16 18:00:00,39.53,4.26,24,2.47,0.94,52739,0,62,1.38,정상,0,0
GATE-08,PARKING-02,2026-01-16 19:00:00,41.86,4.42,23.93,2.33,0.84,52785,0,62,0.83,정상,0,0
GATE-08,PARKING-02,2026-01-16 20:00:00,41.27,3.92,24.1,2.56,0.86,52821,1,62,5.85,정상,0,0
GATE-08,PARKING-02,2026-01-16 21:00:00,40.41,3.67,23.92,2.29,0.93,52845,0,62,3.27,정상,0,0
GATE-08,PARKING-02,2026-01-16 22:00:00,37.6,3.96,23.78,2.32,0.59,52860,1,62,6.68,정상,0,0
GATE-08,PARKING-02,2026-01-16 23:00:00,37.07,3.79,24.04,2.52,0.7,52886,1,62,6.18,정상,0,0
GATE-08,PARKING-02,2026-01-17 00:00:00,34.08,3.7,23.89,2.28,0.72,52891,0,63,0,정상,0,0
GATE-08,PARKING-02,2026-01-17 01:00:00,36.76,3.06,24.36,2.67,0.99,52898,0,63,4.72,정상,0,0
GATE-08,PARKING-02,2026-01-17 02:00:00,34.37,3.54,23.94,2.64,0.75,52905,0,63,2.55,정상,0,0
GATE-08,PARKING-02,2026-01-17 03:00:00,36.48,3.29,24.11,2.49,1.28,52920,0,63,0,정상,0,0
GATE-08,PARKING-02,2026-01-17 04:00:00,36.69,3.43,23.71,2.62,0.86,52932,0,63,0,정상,0,0
GATE-08,PARKING-02,2026-01-17 05:00:00,36.57,3.39,23.8,2.48,1,52943,0,63,0,정상,0,0
GATE-08,PARKING-02,2026-01-17 06:00:00,37.31,3.95,23.61,2.29,0.74,52965,0,63,2.89,정상,0,0
GATE-08,PARKING-02,2026-01-17 07:00:00,42.53,4.24,23.76,2.38,0.81,53007,0,63,2.4,정상,0,0
GATE-08,PARKING-02,2026-01-17 08:00:00,40.3,4.45,23.98,2.38,0.82,53052,0,63,0.5,정상,0,0
GATE-08,PARKING-02,2026-01-17 09:00:00,38.75,4.2,24.25,2.47,0.5,53095,0,63,0,정상,0,0
GATE-08,PARKING-02,2026-01-17 10:00:00,37.37,3.12,24.38,2.41,0.98,53126,0,63,4.38,정상,0,0
GATE-08,PARKING-02,2026-01-17 11:00:00,39.73,3.76,24.11,2.45,0.85,53155,0,63,3.72,정상,0,0
GATE-08,PARKING-02,2026-01-17 12:00:00,37.53,3.56,23.85,2.33,0.87,53180,0,63,4.42,정상,0,0
GATE-08,PARKING-02,2026-01-17 13:00:00,38.03,4.14,24.1,2.44,1.02,53195,0,63,2.25,정상,0,0
GATE-08,PARKING-02,2026-01-17 14:00:00,36.51,3.48,23.91,2.55,0.55,53214,0,63,0,정상,0,0
GATE-08,PARKING-02,2026-01-17 15:00:00,36.42,4.52,24.11,2.31,0.95,53241,1,63,3.98,정상,0,0
GATE-08,PARKING-02,2026-01-17 16:00:00,36.25,4.06,23.97,2.38,0.82,53255,0,63,0,정상,0,0
GATE-08,PARKING-02,2026-01-17 17:00:00,41.5,4.28,23.78,2.49,0.98,53294,0,63,1.84,정상,0,0
GATE-08,PARKING-02,2026-01-17 18:00:00,36.11,4.13,23.9,2.54,0.78,53331,0,63,1.95,정상,0,0
GATE-08,PARKING-02,2026-01-17 19:00:00,42.32,3.81,24.1,2.56,0.75,53379,0,63,4.42,정상,0,0
GATE-08,PARKING-02,2026-01-17 20:00:00,38.84,4.21,23.76,2.53,0.81,53415,0,63,2.92,정상,0,0
GATE-08,PARKING-02,2026-01-17 21:00:00,37.44,3.53,23.93,2.47,1.08,53432,0,63,0.34,정상,0,0
GATE-08,PARKING-02,2026-01-17 22:00:00,39.47,3.65,24.19,2.87,1.1,53453,0,63,0,정상,0,0
GATE-08,PARKING-02,2026-01-17 23:00:00,39.61,3.88,23.65,2.65,1.05,53469,0,63,2.73,정상,0,0
GATE-08,PARKING-02,2026-01-18 00:00:00,36.88,3.74,24.22,2.36,0.79,53481,0,64,1.74,정상,0,0
GATE-08,PARKING-02,2026-01-18 01:00:00,35.7,3.22,23.99,2.53,0.85,53489,0,64,3.86,정상,0,0
GATE-08,PARKING-02,2026-01-18 02:00:00,37.88,3.69,24.52,2.87,0.94,53497,1,64,1.32,정상,0,0
GATE-08,PARKING-02,2026-01-18 03:00:00,34.64,3.58,24.26,2.59,0.84,53506,0,64,5.87,정상,0,0
GATE-08,PARKING-02,2026-01-18 04:00:00,36.88,3.13,24.23,2.52,0.58,53516,1,64,5.29,정상,0,0
GATE-08,PARKING-02,2026-01-18 05:00:00,33.57,3.69,24.1,2.47,0.75,53524,0,64,0,정상,0,0
GATE-08,PARKING-02,2026-01-18 06:00:00,37.53,3.37,23.83,2.51,0.41,53541,1,64,8.63,정상,0,0
GATE-08,PARKING-02,2026-01-18 07:00:00,40.69,4.39,24.34,2.68,1.11,53595,0,64,0,정상,0,0
GATE-08,PARKING-02,2026-01-18 08:00:00,36.78,3.15,23.97,2.66,0.89,53623,1,64,6.91,정상,0,0
GATE-08,PARKING-02,2026-01-18 09:00:00,40.37,4.15,23.81,2.4,0.73,53662,1,64,3.45,정상,0,0
GATE-08,PARKING-02,2026-01-18 10:00:00,37.02,4.05,24.46,2.53,0.86,53675,0,64,3.81,정상,0,0
GATE-08,PARKING-02,2026-01-18 11:00:00,39.17,3.56,24.33,2.42,0.7,53701,0,64,0.54,정상,0,0
GATE-08,PARKING-02,2026-01-18 12:00:00,34.12,4.24,23.88,2.31,1,53718,0,64,1.57,정상,0,0
GATE-08,PARKING-02,2026-01-18 13:00:00,37.73,3.84,24.09,2.71,0.62,53739,0,64,1.19,정상,0,0
GATE-08,PARKING-02,2026-01-18 14:00:00,37.9,4.07,23.63,2.49,0.93,53757,1,64,9.09,정상,0,0
GATE-08,PARKING-02,2026-01-18 15:00:00,37.38,3.55,23.57,2.49,0.98,53783,0,64,1.42,정상,0,0
GATE-08,PARKING-02,2026-01-18 16:00:00,35.42,3.61,23.96,2.68,0.92,53804,1,64,8.84,정상,0,0
GATE-08,PARKING-02,2026-01-18 17:00:00,38.82,4.47,24.04,2.56,0.94,53846,0,64,0,정상,0,0
GATE-08,PARKING-02,2026-01-18 18:00:00,42.66,3.84,23.92,2.73,1.12,53892,0,64,0,정상,0,0
GATE-08,PARKING-02,2026-01-18 19:00:00,42.93,4.12,24.03,2.52,0.82,53951,1,64,6.98,정상,0,0
GATE-08,PARKING-02,2026-01-18 20:00:00,40.42,4.55,24.27,2.4,1.23,53988,0,64,0,정상,0,0
GATE-08,PARKING-02,2026-01-18 21:00:00,38.77,3.96,24.21,2.62,0.53,54011,0,64,0,정상,0,0
GATE-08,PARKING-02,2026-01-18 22:00:00,37.73,4.13,23.86,2.92,0.81,54028,0,64,1.49,정상,0,0
GATE-08,PARKING-02,2026-01-18 23:00:00,38.47,4.51,24.31,2.59,1.05,54048,0,64,2.62,정상,0,0
GATE-08,PARKING-02,2026-01-19 00:00:00,36.69,3.34,23.64,2.29,1.12,54049,0,65,0.13,정상,0,0
GATE-08,PARKING-02,2026-01-19 01:00:00,36.55,3.14,24.12,2.68,1.01,54055,0,65,3.93,정상,0,0
GATE-08,PARKING-02,2026-01-19 02:00:00,37.46,3.86,23.92,2.55,0.83,54064,1,65,5.69,정상,0,0
GATE-08,PARKING-02,2026-01-19 03:00:00,39.47,3.46,24.17,2.4,0.71,54076,0,65,4.79,정상,0,0
GATE-08,PARKING-02,2026-01-19 04:00:00,36.85,3.23,24.05,2.4,0.95,54086,0,65,3.5,정상,0,0
GATE-08,PARKING-02,2026-01-19 05:00:00,35.4,3.84,24.55,2.77,0.65,54091,1,65,6.79,정상,0,0
GATE-08,PARKING-02,2026-01-19 06:00:00,37.01,3.8,24.18,2.39,0.87,54107,0,65,0,정상,0,0
GATE-08,PARKING-02,2026-01-19 07:00:00,39.12,4.49,23.85,2.31,1.04,54144,1,65,4.83,정상,0,0
GATE-08,PARKING-02,2026-01-19 08:00:00,43.55,3.96,24.23,2.67,0.82,54196,0,65,5.26,정상,0,0
GATE-08,PARKING-02,2026-01-19 09:00:00,39.79,3.88,24.36,2.75,0.93,54237,0,65,0,정상,0,0
GATE-08,PARKING-02,2026-01-19 10:00:00,39.79,3.88,24.13,2.53,0.86,54261,0,65,2.54,정상,0,0
GATE-08,PARKING-02,2026-01-19 11:00:00,38.86,4.05,23.25,2.62,1.05,54274,1,65,8.19,정상,0,0
GATE-08,PARKING-02,2026-01-19 12:00:00,37,3.86,23.68,2.54,1.1,54301,1,65,6.26,정상,0,0
GATE-08,PARKING-02,2026-01-19 13:00:00,39.73,4.16,24.43,2.66,0.58,54335,1,65,8.52,정상,0,0
GATE-08,PARKING-02,2026-01-19 14:00:00,40.89,3.86,23.88,2.06,0.77,54356,0,65,3.02,정상,0,0
GATE-08,PARKING-02,2026-01-19 15:00:00,37.48,4.08,23.94,2.82,1.2,54381,0,65,0,정상,0,0
GATE-08,PARKING-02,2026-01-19 16:00:00,38.64,3.93,24,2.76,1.14,54408,0,65,0.62,정상,0,0
GATE-08,PARKING-02,2026-01-19 17:00:00,37.43,3.89,24.21,2.66,0.98,54442,1,65,3.85,정상,0,0
GATE-08,PARKING-02,2026-01-19 18:00:00,43.43,3.95,24.31,2.52,0.97,54482,1,65,8.58,정상,0,0
GATE-08,PARKING-02,2026-01-19 19:00:00,42.37,3.89,24.01,2.39,0.95,54532,0,65,1.87,정상,0,0
GATE-08,PARKING-02,2026-01-19 20:00:00,39.01,3.6,24.4,2.25,1.18,54563,0,65,3.78,정상,0,0
GATE-08,PARKING-02,2026-01-19 21:00:00,37.97,4.16,24.11,2.52,1.09,54592,2,65,12.39,정상,0,0
GATE-08,PARKING-02,2026-01-19 22:00:00,37.26,4.33,24.21,2.58,0.68,54615,0,65,2.61,정상,0,0
GATE-08,PARKING-02,2026-01-19 23:00:00,40.91,4.47,23.83,2.36,1.02,54639,0,65,1.76,정상,0,0
GATE-08,PARKING-02,2026-01-20 00:00:00,38.7,3.9,24.25,2.61,0.98,54656,0,66,1.61,정상,0,0
GATE-08,PARKING-02,2026-01-20 01:00:00,38.39,3.02,24.22,2.56,1,54659,0,66,0.92,정상,0,0
GATE-08,PARKING-02,2026-01-20 02:00:00,36.74,3.38,23.73,2.73,0.76,54661,0,66,3.16,정상,0,0
GATE-08,PARKING-02,2026-01-20 03:00:00,36.8,3.86,24.21,2.56,0.74,54665,0,66,0.46,정상,0,0
GATE-08,PARKING-02,2026-01-20 04:00:00,33.6,3.31,24.18,2.59,1.09,54674,0,66,1.32,정상,0,0
GATE-08,PARKING-02,2026-01-20 05:00:00,39.48,3.54,24.04,2.48,1.13,54674,0,66,1.5,정상,0,0
GATE-08,PARKING-02,2026-01-20 06:00:00,38.62,3.79,23.95,2.49,1,54689,1,66,6.05,정상,0,0
GATE-08,PARKING-02,2026-01-20 07:00:00,42.14,4.47,24.02,2.55,0.82,54734,1,66,6.47,정상,0,0
GATE-08,PARKING-02,2026-01-20 08:00:00,43.1,4.63,24.1,2.6,0.74,54790,0,66,4.98,정상,0,0
GATE-08,PARKING-02,2026-01-20 09:00:00,40.72,4.59,23.91,2.58,1.13,54832,0,66,0,정상,0,0
GATE-08,PARKING-02,2026-01-20 10:00:00,39.11,3.5,23.81,2.44,0.79,54852,0,66,0.27,정상,0,0
GATE-08,PARKING-02,2026-01-20 11:00:00,35.18,3.95,24.15,2.66,0.76,54865,0,66,0.16,정상,0,0
GATE-08,PARKING-02,2026-01-20 12:00:00,40.3,3.81,24.08,2.74,1.12,54885,1,66,2.86,정상,0,0
GATE-08,PARKING-02,2026-01-20 13:00:00,40.36,3.74,23.83,2.73,0.88,54904,1,66,6.44,정상,0,0
GATE-08,PARKING-02,2026-01-20 14:00:00,39.29,4.31,24.08,2.61,0.91,54937,1,66,4.42,정상,0,0
GATE-08,PARKING-02,2026-01-20 15:00:00,40.77,3.76,24.29,2.65,1.02,54966,0,66,2.05,정상,0,0
GATE-08,PARKING-02,2026-01-20 16:00:00,38.15,3.34,23.9,2.52,0.82,54983,0,66,2.32,정상,0,0
GATE-08,PARKING-02,2026-01-20 17:00:00,40.62,4.01,23.91,2.75,0.85,55025,0,66,1.25,정상,0,0
GATE-08,PARKING-02,2026-01-20 18:00:00,40.37,4.72,24.38,2.56,0.77,55061,0,66,3.22,정상,0,0
GATE-08,PARKING-02,2026-01-20 19:00:00,43.68,4.47,23.69,2.45,1.27,55118,0,66,6.49,정상,0,0
GATE-08,PARKING-02,2026-01-20 20:00:00,34.89,3.73,23.94,2.53,0.98,55148,1,66,2.24,정상,0,0
GATE-08,PARKING-02,2026-01-20 21:00:00,37.41,3.7,23.48,2.66,1,55166,0,66,1.96,정상,0,0
GATE-08,PARKING-02,2026-01-20 22:00:00,37.21,3.62,24.37,2.48,1.19,55191,0,66,1.58,정상,0,0
GATE-08,PARKING-02,2026-01-20 23:00:00,37.19,4.54,23.81,2.63,0.81,55216,0,66,0,정상,0,0
GATE-08,PARKING-02,2026-01-21 00:00:00,35.22,3.58,24.08,2.74,1.17,55217,0,67,0.32,정상,0,0
GATE-08,PARKING-02,2026-01-21 01:00:00,38.96,3.76,24.14,2.82,1.06,55221,0,67,0,정상,0,0
GATE-08,PARKING-02,2026-01-21 02:00:00,36.9,3.63,24.01,2.63,1.25,55227,0,67,1.18,정상,0,0
GATE-08,PARKING-02,2026-01-21 03:00:00,36.93,3.31,24.27,2.46,1.44,55232,1,67,5.31,정상,0,0
GATE-08,PARKING-02,2026-01-21 04:00:00,34.94,3.13,24.07,2.84,1.27,55232,1,67,2.3,정상,0,0
GATE-08,PARKING-02,2026-01-21 05:00:00,33.27,3.67,24.19,2.51,1.13,55232,0,67,1.27,정상,0,0
GATE-08,PARKING-02,2026-01-21 06:00:00,38.38,4.51,23.6,2.62,0.82,55257,0,67,0.9,정상,0,0
GATE-08,PARKING-02,2026-01-21 07:00:00,37.57,3.63,24.08,2.82,0.97,55287,0,67,0,정상,0,0
GATE-08,PARKING-02,2026-01-21 08:00:00,40.75,4.4,23.84,2.84,1.06,55335,0,67,0,정상,0,0
GATE-08,PARKING-02,2026-01-21 09:00:00,43.15,3.77,23.99,2.37,1.01,55373,1,67,6.16,정상,0,0
GATE-08,PARKING-02,2026-01-21 10:00:00,38.17,3.99,24.12,2.42,0.83,55398,0,67,0.99,정상,0,0
GATE-08,PARKING-02,2026-01-21 11:00:00,37.64,3.53,23.85,2.73,0.89,55418,0,67,3.49,정상,0,0
GATE-08,PARKING-02,2026-01-21 12:00:00,37.55,3.43,24.17,2.91,1.17,55433,0,67,0,정상,0,0
GATE-08,PARKING-02,2026-01-21 13:00:00,40.58,4.38,23.78,2.39,1.32,55453,0,67,0.76,정상,0,0
GATE-08,PARKING-02,2026-01-21 14:00:00,41,4.4,23.92,2.49,1.17,55480,0,67,0,정상,0,0
GATE-08,PARKING-02,2026-01-21 15:00:00,40.81,3.95,24.12,2.48,0.88,55504,0,67,1.88,정상,0,0
GATE-08,PARKING-02,2026-01-21 16:00:00,36.29,3.96,24.17,2.58,0.81,55517,1,67,7.41,정상,0,0
GATE-08,PARKING-02,2026-01-21 17:00:00,41.77,3.95,23.91,2.56,1.06,55555,0,67,0,정상,0,0
GATE-08,PARKING-02,2026-01-21 18:00:00,41.08,4.65,23.49,2.79,0.73,55601,1,67,7.58,정상,0,0
GATE-08,PARKING-02,2026-01-21 19:00:00,41.16,3.9,23.99,2.79,0.96,55649,1,67,2.16,정상,0,0
GATE-08,PARKING-02,2026-01-21 20:00:00,40.65,3.65,24.03,2.39,0.97,55697,1,67,6.08,정상,0,0
GATE-08,PARKING-02,2026-01-21 21:00:00,39.65,3.95,24.19,2.78,1.16,55721,0,67,0.79,정상,0,0
GATE-08,PARKING-02,2026-01-21 22:00:00,39.96,3.85,23.89,2.94,1.17,55750,0,67,0.26,정상,0,0
GATE-08,PARKING-02,2026-01-21 23:00:00,39.86,3.84,23.55,2.61,0.99,55770,1,67,9.2,정상,0,0
GATE-08,PARKING-02,2026-01-22 00:00:00,36.09,3.83,24.3,2.46,0.92,55772,0,68,0,정상,0,0
GATE-08,PARKING-02,2026-01-22 01:00:00,38.38,3.57,24.49,2.66,1.07,55773,0,68,4.07,정상,0,0
GATE-08,PARKING-02,2026-01-22 02:00:00,34.25,3.28,23.97,2.41,1.08,55775,0,68,0,정상,0,0
GATE-08,PARKING-02,2026-01-22 03:00:00,34.63,3.12,24.02,2.69,0.98,55775,1,68,5.15,정상,0,0
GATE-08,PARKING-02,2026-01-22 04:00:00,35,3.9,24.1,2.61,0.97,55776,0,68,0.53,정상,0,0
GATE-08,PARKING-02,2026-01-22 05:00:00,36.32,3.5,24.04,2.69,1.18,55784,0,68,0,정상,0,0
GATE-08,PARKING-02,2026-01-22 06:00:00,36.54,4.49,23.91,2.68,1.05,55810,1,68,4.51,정상,0,0
GATE-08,PARKING-02,2026-01-22 07:00:00,38.42,4.4,24.38,2.71,1.08,55855,0,68,0.1,정상,0,0
GATE-08,PARKING-02,2026-01-22 08:00:00,41.33,4.14,24.03,2.82,0.96,55894,0,68,0,정상,0,0
GATE-08,PARKING-02,2026-01-22 09:00:00,40.6,4.26,23.9,2.14,1.06,55933,0,68,0,정상,0,0
GATE-08,PARKING-02,2026-01-22 10:00:00,38.61,4.3,24.14,2.38,1.12,55964,0,68,0.53,정상,0,0
GATE-08,PARKING-02,2026-01-22 11:00:00,37.31,4.14,24.05,2.87,1.06,55981,0,68,1.27,정상,0,0
GATE-08,PARKING-02,2026-01-22 12:00:00,42.19,4.06,24.32,2.61,1.07,56001,0,68,2.35,정상,0,0
GATE-08,PARKING-02,2026-01-22 13:00:00,37.55,3.94,24.4,2.58,1.11,56018,0,68,2.68,정상,0,0
GATE-08,PARKING-02,2026-01-22 14:00:00,35.04,4.08,24.3,2.7,1.18,56034,1,68,5.52,정상,0,0
GATE-08,PARKING-02,2026-01-22 15:00:00,38.44,4.34,23.7,2.64,1.09,56059,0,68,2.49,정상,0,0
GATE-08,PARKING-02,2026-01-22 16:00:00,41.16,4.74,23.87,2.72,1.09,56085,0,68,1.35,정상,0,0
GATE-08,PARKING-02,2026-01-22 17:00:00,41.86,4.65,24.26,2.53,0.87,56132,1,68,9.62,정상,0,0
GATE-08,PARKING-02,2026-01-22 18:00:00,42.24,4.68,23.66,2.56,0.96,56172,0,68,2.21,정상,0,0
GATE-08,PARKING-02,2026-01-22 19:00:00,40.68,4.03,24.29,2.84,0.96,56213,0,68,3.77,정상,0,0
GATE-08,PARKING-02,2026-01-22 20:00:00,39.22,3.99,24.07,2.23,1.21,56245,0,68,0,정상,0,0
GATE-08,PARKING-02,2026-01-22 21:00:00,37.02,4.53,24.33,2.62,0.8,56272,0,68,2.79,정상,0,0
GATE-08,PARKING-02,2026-01-22 22:00:00,38.32,4.28,24.02,2.45,0.82,56296,0,68,0,정상,0,0
GATE-08,PARKING-02,2026-01-22 23:00:00,39.76,4.05,24.37,2.72,1.14,56321,0,68,2.79,정상,0,0
GATE-08,PARKING-02,2026-01-23 00:00:00,36.85,3.91,24.27,2.26,0.64,56330,1,69,12.45,정상,0,0
GATE-08,PARKING-02,2026-01-23 01:00:00,34.67,2.91,24.23,2.48,1.26,56335,0,69,4.13,정상,0,0
GATE-08,PARKING-02,2026-01-23 02:00:00,35.95,3.58,23.77,2.66,0.96,56339,0,69,0.28,정상,0,0
GATE-08,PARKING-02,2026-01-23 03:00:00,33.33,4,23.56,2.76,1.09,56344,0,69,2.58,정상,0,0
GATE-08,PARKING-02,2026-01-23 04:00:00,36.03,3.99,24.4,2.79,0.91,56358,0,69,2,정상,0,0
GATE-08,PARKING-02,2026-01-23 05:00:00,34.96,3.21,23.65,2.59,0.74,56368,0,69,4.95,정상,0,0
GATE-08,PARKING-02,2026-01-23 06:00:00,39.78,4.08,24.22,2.43,0.72,56391,1,69,5.92,정상,0,0
GATE-08,PARKING-02,2026-01-23 07:00:00,41.17,4.34,23.59,2.83,0.92,56425,1,69,7.95,정상,0,0
GATE-08,PARKING-02,2026-01-23 08:00:00,40.88,4.28,23.89,2.91,0.91,56454,1,69,4.95,정상,0,0
GATE-08,PARKING-02,2026-01-23 09:00:00,40.26,4.79,23.6,2.59,0.89,56495,0,69,2.46,정상,0,0
GATE-08,PARKING-02,2026-01-23 10:00:00,40.42,4.18,24.21,2.8,1.25,56513,0,69,0,정상,0,0
GATE-08,PARKING-02,2026-01-23 11:00:00,35.51,4.42,24.41,2.62,1.11,56540,0,69,0,정상,0,0
GATE-08,PARKING-02,2026-01-23 12:00:00,39.47,4.38,24.13,2.75,1.34,56559,1,69,6.38,정상,0,0
GATE-08,PARKING-02,2026-01-23 13:00:00,38.1,4.26,24.19,2.66,1.24,56585,0,69,0.84,정상,0,0
GATE-08,PARKING-02,2026-01-23 14:00:00,39.42,4,24.25,2.88,1.34,56606,1,69,8,정상,0,0
GATE-08,PARKING-02,2026-01-23 15:00:00,39.81,3.95,23.77,2.68,1.18,56627,0,69,1.21,정상,0,0
GATE-08,PARKING-02,2026-01-23 16:00:00,39.6,3.81,23.99,2.6,1.29,56653,0,69,0,정상,0,0
GATE-08,PARKING-02,2026-01-23 17:00:00,40.92,4.63,23.84,2.53,0.79,56684,1,69,8.51,정상,0,0
GATE-08,PARKING-02,2026-01-23 18:00:00,39.53,4.27,24.08,2.54,1.2,56721,0,69,0,정상,0,0
GATE-08,PARKING-02,2026-01-23 19:00:00,38.89,4.81,24.36,2.64,1.4,56751,0,69,8.89,정상,0,0
GATE-08,PARKING-02,2026-01-23 20:00:00,43.81,4.31,23.76,2.97,1,56801,0,69,1.6,정상,0,0
GATE-08,PARKING-02,2026-01-23 21:00:00,40.4,4.55,23.69,2.48,1.21,56830,0,69,3.76,정상,0,0
GATE-08,PARKING-02,2026-01-23 22:00:00,37.45,4.67,24.39,2.72,1.16,56854,0,69,2.99,정상,0,0
GATE-08,PARKING-02,2026-01-23 23:00:00,36.25,3.58,24.1,2.81,1.02,56871,0,69,0.34,정상,0,0
GATE-08,PARKING-02,2026-01-24 00:00:00,35.06,3.69,24.05,2.86,1.25,56876,0,70,0,정상,0,0
GATE-08,PARKING-02,2026-01-24 01:00:00,37.96,3.59,23.62,2.96,1.18,56878,0,70,1.71,정상,0,0
GATE-08,PARKING-02,2026-01-24 02:00:00,36.02,3.85,23.88,2.49,1.42,56878,1,70,7.01,정상,0,0
GATE-08,PARKING-02,2026-01-24 03:00:00,36.32,3.61,24.18,2.68,0.94,56878,1,70,5.4,정상,0,0
GATE-08,PARKING-02,2026-01-24 04:00:00,35.6,4.53,24.18,2.87,1.13,56883,0,70,0.89,정상,0,0
GATE-08,PARKING-02,2026-01-24 05:00:00,38.5,3.14,24.16,2.62,1.28,56888,1,70,7.24,정상,0,0
GATE-08,PARKING-02,2026-01-24 06:00:00,37.86,3.51,23.78,2.47,0.89,56910,0,70,0,정상,0,0
GATE-08,PARKING-02,2026-01-24 07:00:00,40.32,3.87,24.07,2.63,1,56946,1,70,4.04,정상,0,0
GATE-08,PARKING-02,2026-01-24 08:00:00,39.4,4.71,24.12,2.81,1.07,56992,0,70,2.29,정상,0,0
GATE-08,PARKING-02,2026-01-24 09:00:00,41,4.31,24.09,2.8,1.15,57043,0,70,0,정상,0,0
GATE-08,PARKING-02,2026-01-24 10:00:00,40.17,4.27,23.79,3.07,1.23,57062,1,70,6.28,정상,0,0
GATE-08,PARKING-02,2026-01-24 11:00:00,39.6,5.08,24.26,2.57,1,57088,1,70,10.79,정상,0,0
GATE-08,PARKING-02,2026-01-24 12:00:00,39.62,4.39,23.99,2.78,1.02,57111,0,70,0,정상,0,0
GATE-08,PARKING-02,2026-01-24 13:00:00,36.35,3.97,24.39,2.67,1.07,57137,1,70,5,정상,0,0
GATE-08,PARKING-02,2026-01-24 14:00:00,38.7,4.02,24.4,2.58,1.11,57154,0,70,5.03,정상,0,0
GATE-08,PARKING-02,2026-01-24 15:00:00,37.52,4.51,23.51,2.7,0.98,57170,1,70,7.78,정상,0,0
GATE-08,PARKING-02,2026-01-24 16:00:00,41.83,4.13,23.91,2.57,1.2,57199,0,70,1.46,정상,0,0
GATE-08,PARKING-02,2026-01-24 17:00:00,41.92,4.26,23.96,2.91,0.85,57241,0,70,0,정상,0,0
GATE-08,PARKING-02,2026-01-24 18:00:00,40.09,4.11,24.11,2.51,1.04,57271,0,70,0.99,정상,0,0
GATE-08,PARKING-02,2026-01-24 19:00:00,44.69,5.26,24.1,2.63,1.23,57333,1,70,11.52,정상,0,0
GATE-08,PARKING-02,2026-01-24 20:00:00,39.44,4.49,23.56,2.74,1.23,57383,0,70,3.73,정상,0,0
GATE-08,PARKING-02,2026-01-24 21:00:00,39.65,4.3,23.76,2.87,0.91,57417,0,70,1.77,정상,0,0
GATE-08,PARKING-02,2026-01-24 22:00:00,39.62,4.51,23.63,2.37,0.98,57437,0,70,2.94,정상,0,0
GATE-08,PARKING-02,2026-01-24 23:00:00,39.6,4.57,24.28,2.64,1.37,57465,0,70,1.72,정상,0,0
GATE-08,PARKING-02,2026-01-25 00:00:00,34.67,3.3,23.77,2.64,1.06,57465,0,71,0.34,정상,0,0
GATE-08,PARKING-02,2026-01-25 01:00:00,39.15,3.69,24.2,2.82,0.83,57482,0,71,0,정상,0,0
GATE-08,PARKING-02,2026-01-25 02:00:00,37.75,4.18,24.02,2.6,1.25,57484,0,71,0,정상,0,0
GATE-08,PARKING-02,2026-01-25 03:00:00,36,3.94,23.97,2.61,1.26,57488,0,71,0,정상,0,0
GATE-08,PARKING-02,2026-01-25 04:00:00,35.62,3.43,24.06,2.8,1.34,57502,0,71,0.69,정상,0,0
GATE-08,PARKING-02,2026-01-25 05:00:00,32.6,3.76,23.99,2.65,1.24,57503,0,71,2.53,정상,0,0
GATE-08,PARKING-02,2026-01-25 06:00:00,41.12,4.27,24.11,2.35,1.3,57531,0,71,0,정상,0,0
GATE-08,PARKING-02,2026-01-25 07:00:00,41.81,4.67,23.9,2.75,1.11,57565,0,71,0,정상,0,0
GATE-08,PARKING-02,2026-01-25 08:00:00,39.51,4.52,23.95,2.55,0.79,57597,0,71,0,정상,0,0
GATE-08,PARKING-02,2026-01-25 09:00:00,39.36,4.26,24.17,2.67,1.41,57628,0,71,3.81,정상,0,0
GATE-08,PARKING-02,2026-01-25 10:00:00,39.01,3.95,24.12,2.67,1.27,57652,0,71,2.56,정상,0,0
GATE-08,PARKING-02,2026-01-25 11:00:00,38.69,3.94,23.8,2.49,0.98,57679,0,71,1.26,정상,0,0
GATE-08,PARKING-02,2026-01-25 12:00:00,37.83,4.01,23.8,2.92,1.02,57692,0,71,3.9,정상,0,0
GATE-08,PARKING-02,2026-01-25 13:00:00,41.4,4.68,24.02,2.71,1.36,57716,0,71,5.67,정상,0,0
GATE-08,PARKING-02,2026-01-25 14:00:00,37.25,3.87,23.52,2.49,1.16,57732,0,71,1.31,정상,0,0
GATE-08,PARKING-02,2026-01-25 15:00:00,39.75,4.35,24.13,2.93,1.14,57757,0,71,0.21,정상,0,0
GATE-08,PARKING-02,2026-01-25 16:00:00,40,3.97,23.8,2.62,1.37,57782,1,71,3.63,정상,0,0
GATE-08,PARKING-02,2026-01-25 17:00:00,39.12,4.21,24.19,2.68,1.48,57813,1,71,4.29,정상,0,0
GATE-08,PARKING-02,2026-01-25 18:00:00,41.41,3.87,23.73,2.73,1.32,57850,2,71,16.24,정상,0,0
GATE-08,PARKING-02,2026-01-25 19:00:00,38.4,4.17,23.86,2.67,1.37,57885,0,71,0,정상,0,0
GATE-08,PARKING-02,2026-01-25 20:00:00,40.02,4.36,23.4,2.4,0.91,57929,1,71,7.84,정상,0,0
GATE-08,PARKING-02,2026-01-25 21:00:00,39.27,4.3,23.85,2.73,1.19,57957,0,71,0,정상,0,0
GATE-08,PARKING-02,2026-01-25 22:00:00,41.15,4.22,23.97,2.75,1.19,57980,0,71,0.41,정상,0,0
GATE-08,PARKING-02,2026-01-25 23:00:00,39.65,3.87,23.5,2.67,1.06,58002,1,71,6.32,정상,0,0
GATE-08,PARKING-02,2026-01-26 00:00:00,38.23,3.78,24.27,2.58,1.07,58002,0,72,2.01,정상,0,0
GATE-08,PARKING-02,2026-01-26 01:00:00,34.99,3.86,23.86,2.7,1.37,58002,1,72,6.27,정상,0,0
GATE-08,PARKING-02,2026-01-26 02:00:00,34.41,3.31,23.72,2.9,1.31,58002,0,72,0.87,정상,0,0
GATE-08,PARKING-02,2026-01-26 03:00:00,36.39,3.98,24.53,2.51,1.31,58008,1,72,6.95,정상,0,0
GATE-08,PARKING-02,2026-01-26 04:00:00,38.89,3.81,23.67,2.82,1.33,58017,0,72,2.22,정상,0,0
GATE-08,PARKING-02,2026-01-26 05:00:00,36.67,3.57,24.07,2.72,0.86,58026,1,72,7.96,정상,0,0
GATE-08,PARKING-02,2026-01-26 06:00:00,37.2,3.94,23.84,2.51,1.37,58040,1,72,7.35,정상,0,0
GATE-08,PARKING-02,2026-01-26 07:00:00,41.54,4.65,23.86,2.77,1.19,58075,1,72,6.95,정상,0,0
GATE-08,PARKING-02,2026-01-26 08:00:00,40.22,4.38,23.92,2.88,1.09,58111,1,72,0.59,정상,0,0
GATE-08,PARKING-02,2026-01-26 09:00:00,36.71,4.26,23.96,2.77,0.89,58142,0,72,0,정상,0,0
GATE-08,PARKING-02,2026-01-26 10:00:00,37.78,3.67,24.05,2.78,1.35,58157,1,72,7.82,정상,0,0
GATE-08,PARKING-02,2026-01-26 11:00:00,40.01,4.24,24.53,2.92,1.61,58175,1,72,10.96,정상,0,0
GATE-08,PARKING-02,2026-01-26 12:00:00,43.37,5.03,23.57,3.02,1.18,58195,0,72,5.44,정상,0,0
GATE-08,PARKING-02,2026-01-26 13:00:00,41.75,4.78,23.94,2.85,1.46,58225,0,72,6.08,정상,0,0
GATE-08,PARKING-02,2026-01-26 14:00:00,42.07,4.66,24.01,2.85,1.56,58250,1,72,9.8,정상,0,0
GATE-08,PARKING-02,2026-01-26 15:00:00,41.55,5.12,23.97,3.11,1.52,58276,1,72,9,정상,0,0
GATE-08,PARKING-02,2026-01-26 16:00:00,43.66,5.34,24.17,3.18,1.83,58302,1,72,16.27,정상,0,0
GATE-08,PARKING-02,2026-01-26 17:00:00,42.44,5.55,23.79,3.4,2.04,58340,0,72,16.54,정상,0,0
GATE-08,PARKING-02,2026-01-26 18:00:00,40.4,5.37,23.66,3.51,1.92,58375,2,72,28.59,정상,0,0
GATE-08,PARKING-02,2026-01-26 19:00:00,42.55,4.97,24.21,3.18,2.19,58420,1,72,18.09,정상,0,0
GATE-08,PARKING-02,2026-01-26 20:00:00,42.48,5.05,23.54,3.11,2.12,58445,2,72,24.01,정상,0,0
GATE-08,PARKING-02,2026-01-26 21:00:00,44.61,5.54,23.8,3.09,2.2,58467,1,72,22.64,정상,0,0
GATE-08,PARKING-02,2026-01-26 22:00:00,44.63,5.83,23.51,3.55,2.46,58491,0,72,26.76,정상,0,0
GATE-08,PARKING-02,2026-01-26 23:00:00,44.64,5.61,23.8,3.55,2.4,58518,1,72,27.25,정상,0,0
GATE-08,PARKING-02,2026-01-27 00:00:00,45.8,5.7,23.4,3.57,2.59,58527,2,73,37.68,정상,0,0
GATE-08,PARKING-02,2026-01-27 01:00:00,43.73,5.6,23.55,3.73,2.69,58533,1,73,33.07,정상,0,0
GATE-08,PARKING-02,2026-01-27 02:00:00,44.02,5.54,23.35,4,2.7,58539,1,73,36.17,정상,0,0
GATE-08,PARKING-02,2026-01-27 03:00:00,44.72,5.62,23.39,3.91,2.55,58550,1,73,34.05,정상,0,0
GATE-08,PARKING-02,2026-01-27 04:00:00,46.7,5.49,23.36,3.89,2.94,58556,1,73,37.96,정상,0,0
GATE-08,PARKING-02,2026-01-27 05:00:00,46.44,5.37,23.34,3.99,2.71,58566,2,73,40.44,주의,0,0
GATE-08,PARKING-02,2026-01-27 06:00:00,46.53,6.19,23.21,3.72,3.01,58587,2,73,47.54,주의,0,0
GATE-08,PARKING-02,2026-01-27 07:00:00,52.41,6.96,23,4.05,3.06,58636,1,73,59.62,주의,0,0
GATE-08,PARKING-02,2026-01-27 08:00:00,50.17,6.59,23.21,4.1,3.41,58669,2,73,56.51,주의,0,0
GATE-08,PARKING-02,2026-01-27 09:00:00,55.51,6.8,23.1,4.21,3.37,58711,2,73,67.69,주의,0,0
GATE-08,PARKING-02,2026-01-27 10:00:00,50.76,6.32,23.2,4.17,3.18,58734,2,73,55.7,주의,0,0
GATE-08,PARKING-02,2026-01-27 11:00:00,46.22,6.44,23.59,4.28,3.43,58749,2,73,52.9,주의,0,0
GATE-08,PARKING-02,2026-01-27 12:00:00,52.53,6.32,23.07,4.14,3.19,58773,2,73,57.44,주의,0,0
GATE-08,PARKING-02,2026-01-27 13:00:00,46.45,6.46,23.47,4.34,3.61,58789,1,73,47.84,주의,0,0
GATE-08,PARKING-02,2026-01-27 14:00:00,52.64,6.61,23.57,4.57,3.65,58814,3,73,73.84,주의,0,0
GATE-08,PARKING-02,2026-01-27 15:00:00,50.58,6.77,23.12,4.46,3.63,58837,3,73,69.51,주의,0,0
GATE-08,PARKING-02,2026-01-27 16:00:00,53.02,7.34,23.21,4.73,4,58868,3,73,80.45,주의,0,0
GATE-08,PARKING-02,2026-01-27 17:00:00,56.45,7.25,23.1,4.62,4.08,58915,2,73,80.87,주의,0,0
GATE-08,PARKING-02,2026-01-27 18:00:00,51.35,7.87,23.31,4.86,3.68,58959,3,73,78.93,주의,0,0
GATE-08,PARKING-02,2026-01-27 19:00:00,55.38,7.93,23.28,4.29,4.05,59005,4,73,87.77,주의,0,0
GATE-08,PARKING-02,2026-01-27 20:00:00,57.13,8.7,22.99,4.94,4.01,59067,3,73,95.72,위험,0,0
GATE-08,PARKING-02,2026-01-27 21:00:00,37.2,3.84,23.26,2.69,1.19,59082,0,73,2.73,정상,0,0
GATE-08,PARKING-02,2026-01-27 22:00:00,37.4,4.15,24.2,2.96,1.07,59098,0,73,0,정상,0,0
GATE-08,PARKING-02,2026-01-27 23:00:00,37.16,4.13,23.77,2.73,1.19,59120,0,73,4.98,정상,0,0
GATE-08,PARKING-02,2026-01-28 00:00:00,37.22,3.9,23.86,2.48,1.09,59129,1,74,6.78,정상,0,0
GATE-08,PARKING-02,2026-01-28 01:00:00,41.33,3.78,24.13,2.62,1.49,59139,0,74,2.62,정상,0,0
GATE-08,PARKING-02,2026-01-28 02:00:00,40.17,3.73,23.91,2.9,0.99,59145,0,74,1.14,정상,0,0
GATE-08,PARKING-02,2026-01-28 03:00:00,37.07,3.61,23.56,2.56,1.06,59149,0,74,3.59,정상,0,0
GATE-08,PARKING-02,2026-01-28 04:00:00,36.38,3.72,24.06,2.84,1.08,59157,1,74,6.92,정상,0,0
GATE-08,PARKING-02,2026-01-28 05:00:00,36.25,3.65,23.81,2.6,1.18,59163,0,74,0,정상,0,0
GATE-08,PARKING-02,2026-01-28 06:00:00,39.18,4.03,24.45,3.1,1.35,59188,1,74,6.94,정상,0,0
GATE-08,PARKING-02,2026-01-28 07:00:00,42.19,4.2,23.92,2.95,1.37,59215,0,74,1.46,정상,0,0
GATE-08,PARKING-02,2026-01-28 08:00:00,41.71,4.43,24.16,3.1,1.35,59251,0,74,1.64,정상,0,0
GATE-08,PARKING-02,2026-01-28 09:00:00,41.44,4.73,23.9,2.87,1.19,59300,0,74,2.91,정상,0,0
GATE-08,PARKING-02,2026-01-28 10:00:00,38.03,3.75,24.29,2.76,1.22,59311,0,74,2.95,정상,0,0
GATE-08,PARKING-02,2026-01-28 11:00:00,36.61,4.7,23.87,2.76,1.52,59336,0,74,5.19,정상,0,0
GATE-08,PARKING-02,2026-01-28 12:00:00,38,4.32,23.72,2.72,1.18,59352,0,74,2.84,정상,0,0
GATE-08,PARKING-02,2026-01-28 13:00:00,36.16,4.66,24.41,2.56,1.2,59376,0,74,4.49,정상,0,0
GATE-08,PARKING-02,2026-01-28 14:00:00,39.17,4.27,23.41,2.93,1.09,59403,0,74,6.87,정상,0,0
GATE-08,PARKING-02,2026-01-28 15:00:00,40.39,4.39,23.86,2.79,1.5,59419,2,74,13.3,정상,0,0
GATE-08,PARKING-02,2026-01-28 16:00:00,38.05,4.4,23.66,2.95,1.04,59442,0,74,0.81,정상,0,0
GATE-08,PARKING-02,2026-01-28 17:00:00,41.88,4.35,24.02,2.71,1.16,59484,1,74,5.67,정상,0,0
GATE-08,PARKING-02,2026-01-28 18:00:00,44.56,4.76,23.83,2.79,1.27,59528,0,74,5.59,정상,0,0
GATE-08,PARKING-02,2026-01-28 19:00:00,39.89,4.87,23.95,2.99,1.17,59572,0,74,3.15,정상,0,0
GATE-08,PARKING-02,2026-01-28 20:00:00,41.86,4.65,23.54,2.49,1.35,59605,0,74,2.61,정상,0,0
GATE-08,PARKING-02,2026-01-28 21:00:00,39.73,4.15,23.77,2.85,1.38,59626,0,74,3.69,정상,0,0
GATE-08,PARKING-02,2026-01-28 22:00:00,41.05,4.45,23.82,2.74,1.04,59645,0,74,1.01,정상,0,0
GATE-08,PARKING-02,2026-01-28 23:00:00,38.12,3.82,23.93,2.93,1.46,59665,0,74,1.85,정상,0,0
GATE-08,PARKING-02,2026-01-29 00:00:00,39.78,4.01,23.74,2.69,1.53,59668,1,75,8.01,정상,0,0
GATE-08,PARKING-02,2026-01-29 01:00:00,37.28,4.42,23.73,2.7,1.09,59675,1,75,7.89,정상,0,0
GATE-08,PARKING-02,2026-01-29 02:00:00,37.75,4.48,23.91,2.44,1.18,59682,0,75,0.5,정상,0,0
GATE-08,PARKING-02,2026-01-29 03:00:00,40.28,3.91,23.65,2.58,1.41,59688,0,75,6.98,정상,0,0
GATE-08,PARKING-02,2026-01-29 04:00:00,34.46,3.78,24.08,2.96,1.22,59688,1,75,8.59,정상,0,0
GATE-08,PARKING-02,2026-01-29 05:00:00,36.39,3.73,23.96,2.81,1.33,59688,0,75,1.75,정상,0,0
GATE-08,PARKING-02,2026-01-29 06:00:00,39.59,4.17,24.08,3.08,1.38,59709,0,75,0,정상,0,0
GATE-08,PARKING-02,2026-01-29 07:00:00,43.26,4.78,23.92,2.68,1.42,59755,0,75,8.05,정상,0,0
GATE-08,PARKING-02,2026-01-29 08:00:00,42.68,4.57,23.98,2.64,1.11,59789,1,75,3.05,정상,0,0
GATE-08,PARKING-02,2026-01-29 09:00:00,40.93,4.93,23.72,2.69,1.13,59838,0,75,0,정상,0,0
GATE-08,PARKING-02,2026-01-29 10:00:00,41.23,3.84,23.88,2.81,1.17,59858,0,75,0,정상,0,0
GATE-08,PARKING-02,2026-01-29 11:00:00,37.94,4.1,23.79,2.79,1.02,59883,1,75,9.5,정상,0,0
GATE-08,PARKING-02,2026-01-29 12:00:00,37.96,4.32,23.42,2.51,1.04,59906,0,75,2.74,정상,0,0
GATE-08,PARKING-02,2026-01-29 13:00:00,43.27,4.01,23.9,2.8,1.38,59927,0,75,3.17,정상,0,0
GATE-08,PARKING-02,2026-01-29 14:00:00,38.87,4.44,23.93,2.75,1.21,59951,0,75,0,정상,0,0
GATE-08,PARKING-02,2026-01-29 15:00:00,40.12,4.33,24.14,2.84,1.26,59978,0,75,2.57,정상,0,0
GATE-08,PARKING-02,2026-01-29 16:00:00,37.65,4.58,23.87,2.65,1.23,59999,0,75,0,정상,0,0
GATE-08,PARKING-02,2026-01-29 17:00:00,42.97,4.51,23.88,2.86,1.39,60045,0,75,3.81,정상,0,0
GATE-08,PARKING-02,2026-01-29 18:00:00,39.09,4.04,24.36,3.02,1.25,60077,1,75,5.95,정상,0,0
GATE-08,PARKING-02,2026-01-29 19:00:00,41.98,5.23,23.88,3,1.25,60132,0,75,3.07,정상,0,0
GATE-08,PARKING-02,2026-01-29 20:00:00,41.55,4.63,23.85,2.93,1.44,60169,1,75,8.61,정상,0,0
GATE-08,PARKING-02,2026-01-29 21:00:00,38.08,4.52,23.84,2.98,1.12,60195,0,75,3.81,정상,0,0
GATE-08,PARKING-02,2026-01-29 22:00:00,40.84,4.54,23.88,2.92,1.24,60224,0,75,0,정상,0,0
GATE-08,PARKING-02,2026-01-29 23:00:00,37.65,4.06,24.03,2.89,1.34,60250,0,75,0,정상,0,0
GATE-08,PARKING-02,2026-01-30 00:00:00,39.1,3.71,24.08,2.85,1.05,60261,0,76,0,정상,0,0
GATE-08,PARKING-02,2026-01-30 01:00:00,37.41,3.74,23.68,2.73,1.17,60261,0,76,3.69,정상,0,0
GATE-08,PARKING-02,2026-01-30 02:00:00,38.3,4.49,24.05,2.76,1.28,60274,0,76,1.42,정상,0,0
GATE-08,PARKING-02,2026-01-30 03:00:00,36.17,4.29,24.03,3,1.36,60274,0,76,4.8,정상,0,0
GATE-08,PARKING-02,2026-01-30 04:00:00,38.02,4.85,23.79,2.95,1.73,60286,0,76,4.38,정상,0,0
GATE-08,PARKING-02,2026-01-30 05:00:00,39.39,3.84,23.99,2.57,1.6,60286,0,76,2.68,정상,0,0
GATE-08,PARKING-02,2026-01-30 06:00:00,42.14,4.86,23.89,3,1.28,60311,0,76,4.31,정상,0,0
GATE-08,PARKING-02,2026-01-30 07:00:00,39.89,4.67,23.98,2.75,1.47,60339,0,76,2.43,정상,0,0
GATE-08,PARKING-02,2026-01-30 08:00:00,41.11,4.93,23.5,2.56,1.18,60395,0,76,5.34,정상,0,0
GATE-08,PARKING-02,2026-01-30 09:00:00,42.29,4.84,23.8,2.97,1.54,60433,0,76,7.94,정상,0,0
GATE-08,PARKING-02,2026-01-30 10:00:00,40.24,3.91,23.83,2.96,1.4,60459,0,76,3.87,정상,0,0
GATE-08,PARKING-02,2026-01-30 11:00:00,38.29,4.55,23.71,2.51,1.77,60482,1,76,10.21,정상,0,0
GATE-08,PARKING-02,2026-01-30 12:00:00,40.32,5.13,23.71,2.87,1.58,60501,0,76,5.72,정상,0,0
GATE-08,PARKING-02,2026-01-30 13:00:00,40.03,4.54,24.17,2.69,1.17,60529,0,76,0,정상,0,0
GATE-08,PARKING-02,2026-01-30 14:00:00,35.93,4.24,24.11,3.11,1.06,60554,0,76,0,정상,0,0
GATE-08,PARKING-02,2026-01-30 15:00:00,38.57,4.11,23.61,3.08,1.37,60571,0,76,5.2,정상,0,0
GATE-08,PARKING-02,2026-01-30 16:00:00,39.48,3.81,23.61,2.97,1,60595,0,76,0,정상,0,0
GATE-08,PARKING-02,2026-01-30 17:00:00,41.71,4.56,24.48,2.83,1.29,60650,1,76,10.55,정상,0,0
GATE-08,PARKING-02,2026-01-30 18:00:00,41.7,4.88,23.14,2.72,1.18,60698,0,76,5.59,정상,0,0
GATE-08,PARKING-02,2026-01-30 19:00:00,40.15,4.95,23.48,2.76,1.4,60745,0,76,8.09,정상,0,0
GATE-08,PARKING-02,2026-01-30 20:00:00,42.74,5.01,24,2.45,1.42,60786,1,76,12.76,정상,0,0
GATE-08,PARKING-02,2026-01-30 21:00:00,36.15,4.2,23.69,2.72,0.91,60808,0,76,0,정상,0,0
GATE-08,PARKING-02,2026-01-30 22:00:00,40.33,4.27,24.14,3.19,1.03,60828,1,76,10.32,정상,0,0
GATE-08,PARKING-02,2026-01-30 23:00:00,41.4,4.27,23.78,2.91,1.47,60857,0,76,2.73,정상,0,0
GATE-08,PARKING-02,2026-01-31 00:00:00,38.77,4.14,24.01,2.76,1.28,60868,1,77,5.54,정상,0,0
GATE-08,PARKING-02,2026-01-31 01:00:00,39.06,4.09,23.76,2.8,0.92,60869,0,77,1.34,정상,0,0
GATE-08,PARKING-02,2026-01-31 02:00:00,35.84,4.67,24.05,3.02,1.42,60878,0,77,0.36,정상,0,0
GATE-08,PARKING-02,2026-01-31 03:00:00,38.9,3.94,24.56,2.47,1.08,60886,1,77,7.76,정상,0,0
GATE-08,PARKING-02,2026-01-31 04:00:00,37.06,3.89,24.19,2.64,1.21,60893,0,77,3.6,정상,0,0
GATE-08,PARKING-02,2026-01-31 05:00:00,34.8,4.34,23.87,2.78,1.36,60894,1,77,9.29,정상,0,0
GATE-08,PARKING-02,2026-01-31 06:00:00,38.43,4.62,24.07,2.67,1.24,60920,0,77,3.23,정상,0,0
GATE-08,PARKING-02,2026-01-31 07:00:00,41.91,4.8,23.48,2.76,1.04,60963,0,77,3.46,정상,0,0
GATE-08,PARKING-02,2026-01-31 08:00:00,44.16,4.31,23.89,2.73,0.96,61003,0,77,5.99,정상,0,0
GATE-08,PARKING-02,2026-01-31 09:00:00,40.74,5.02,23.77,2.7,1.66,61042,0,77,7.04,정상,0,0
GATE-08,PARKING-02,2026-01-31 10:00:00,39.58,4.49,23.6,2.95,1.4,61063,0,77,2.31,정상,0,0
GATE-08,PARKING-02,2026-01-31 11:00:00,37.72,4.81,23.71,2.84,1.59,61083,0,77,3.97,정상,0,0
GATE-08,PARKING-02,2026-01-31 12:00:00,41.66,4.95,23.3,2.71,1.43,61112,0,77,7.66,정상,0,0
GATE-08,PARKING-02,2026-01-31 13:00:00,37.46,4.32,23.96,3.04,1.4,61125,0,77,1.46,정상,0,0
GATE-08,PARKING-02,2026-01-31 14:00:00,41.36,4.51,23.55,3.05,1.15,61147,1,77,7.68,정상,0,0
GATE-08,PARKING-02,2026-01-31 15:00:00,40.7,4.39,24.24,2.83,1.31,61179,0,77,5.12,정상,0,0
GATE-08,PARKING-02,2026-01-31 16:00:00,39.07,4.33,23.83,3.05,1.45,61201,0,77,5.31,정상,0,0
GATE-08,PARKING-02,2026-01-31 17:00:00,44.69,5.01,24.28,2.96,1.5,61253,1,77,13.54,정상,0,0
GATE-08,PARKING-02,2026-01-31 18:00:00,40.47,4.55,24.29,3.1,1.25,61293,0,77,0,정상,0,0
GATE-08,PARKING-02,2026-01-31 19:00:00,44.87,4.87,23.92,2.86,1.39,61343,0,77,9.25,정상,0,0
GATE-08,PARKING-02,2026-01-31 20:00:00,45.41,4.91,23.87,2.9,1.4,61397,1,77,14.16,정상,0,0
GATE-08,PARKING-02,2026-01-31 21:00:00,40.78,4.23,23.94,2.82,1.28,61419,0,77,0,정상,0,0
GATE-08,PARKING-02,2026-01-31 22:00:00,43.17,4.19,23.97,2.77,1.08,61446,0,77,1.54,정상,0,0
GATE-08,PARKING-02,2026-01-31 23:00:00,41.57,3.79,24.21,2.93,1.62,61465,1,77,8.22,정상,0,0
GATE-08,PARKING-02,2026-02-01 00:00:00,38.24,3.76,24.21,2.74,1.43,61466,0,78,8.52,정상,0,0
GATE-08,PARKING-02,2026-02-01 01:00:00,37.61,4.55,23.89,2.76,1.29,61476,1,78,5.7,정상,0,0
GATE-08,PARKING-02,2026-02-01 02:00:00,39.07,4.53,23.46,2.88,1.47,61481,0,78,8.99,정상,0,0
GATE-08,PARKING-02,2026-02-01 03:00:00,39.51,3.94,24.13,2.75,1.64,61484,0,78,1.99,정상,0,0
GATE-08,PARKING-02,2026-02-01 04:00:00,39.91,4.09,24.01,2.7,1.33,61487,0,78,0,정상,0,0
GATE-08,PARKING-02,2026-02-01 05:00:00,38.74,3.98,24.09,2.99,1.27,61499,1,78,9.8,정상,0,0
GATE-08,PARKING-02,2026-02-01 06:00:00,39.79,4.1,24.03,2.7,1.41,61510,1,78,6.02,정상,0,0
GATE-08,PARKING-02,2026-02-01 07:00:00,44.33,5.1,23.56,3.01,1.51,61553,0,78,9.87,정상,0,0
GATE-08,PARKING-02,2026-02-01 08:00:00,41.49,5.04,23.77,3.07,1.45,61604,0,78,4.7,정상,0,0
GATE-08,PARKING-02,2026-02-01 09:00:00,41.4,5.03,24.08,3.05,1.3,61643,0,78,6.96,정상,0,0
GATE-08,PARKING-02,2026-02-01 10:00:00,40.42,4.42,23.82,2.48,1.28,61672,1,78,4.73,정상,0,0
GATE-08,PARKING-02,2026-02-01 11:00:00,41.43,4.69,23.78,2.65,1.6,61703,0,78,9.4,정상,0,0
GATE-08,PARKING-02,2026-02-01 12:00:00,39.51,4.34,24.25,2.42,1.56,61722,0,78,5.21,정상,0,0
GATE-08,PARKING-02,2026-02-01 13:00:00,41.82,4.28,23.69,2.87,1.15,61746,0,78,0,정상,0,0
GATE-08,PARKING-02,2026-02-01 14:00:00,39.27,4.65,23.83,2.86,1.07,61757,0,78,2.66,정상,0,0
GATE-08,PARKING-02,2026-02-01 15:00:00,40.06,4.43,24,2.77,1.18,61787,1,78,8.62,정상,0,0
GATE-08,PARKING-02,2026-02-01 16:00:00,42.01,3.85,24.02,2.76,1.42,61807,1,78,5.83,정상,0,0
GATE-08,PARKING-02,2026-02-01 17:00:00,41.73,3.85,23.92,3.04,1.4,61843,0,78,4.06,정상,0,0
GATE-08,PARKING-02,2026-02-01 18:00:00,38.31,4.89,23.64,3.03,1.37,61890,1,78,7.02,정상,0,0
GATE-08,PARKING-02,2026-02-01 19:00:00,40.7,4.67,23.99,2.7,1.59,61930,0,78,4.36,정상,0,0
GATE-08,PARKING-02,2026-02-01 20:00:00,41.8,4.43,24.05,2.58,1.33,61972,0,78,2.71,정상,0,0
GATE-08,PARKING-02,2026-02-01 21:00:00,40.97,4.33,23.97,2.91,1.41,61993,0,78,2.95,정상,0,0
GATE-08,PARKING-02,2026-02-01 22:00:00,42.21,4.55,24.05,2.81,1.48,62008,1,78,9.17,정상,0,0
GATE-08,PARKING-02,2026-02-01 23:00:00,38.51,5.03,23.5,2.97,1.42,62029,0,78,6.59,정상,0,0
GATE-08,PARKING-02,2026-02-02 00:00:00,40.96,4.22,24.29,2.82,1.37,62034,0,79,3.86,정상,0,0
GATE-08,PARKING-02,2026-02-02 01:00:00,37.27,4.35,24.02,2.99,1.63,62041,0,79,0.27,정상,0,0
GATE-08,PARKING-02,2026-02-02 02:00:00,36.66,4.2,23.82,2.93,1.29,62041,1,79,9.13,정상,0,0
GATE-08,PARKING-02,2026-02-02 03:00:00,39.73,4.16,23.61,2.9,1.02,62046,1,79,5.1,정상,0,0
GATE-08,PARKING-02,2026-02-02 04:00:00,37.21,4.19,23.94,3.07,1.59,62046,1,79,13.8,정상,0,0
GATE-08,PARKING-02,2026-02-02 05:00:00,39.13,4.14,23.8,3.03,1.26,62059,0,79,5.13,정상,0,0
GATE-08,PARKING-02,2026-02-02 06:00:00,36.94,4.13,23.42,2.89,1.16,62072,1,79,9.13,정상,0,0
GATE-08,PARKING-02,2026-02-02 07:00:00,44.71,4.71,23.71,2.47,1.11,62115,0,79,6.26,정상,0,0
GATE-08,PARKING-02,2026-02-02 08:00:00,41.65,4.94,23.65,2.79,1.5,62151,0,79,7.22,정상,0,0
GATE-08,PARKING-02,2026-02-02 09:00:00,40.9,4.77,23.82,2.92,1.3,62188,0,79,8.85,정상,0,0
GATE-08,PARKING-02,2026-02-02 10:00:00,38.41,4.54,23.5,3.03,1.41,62206,1,79,8.64,정상,0,0
GATE-08,PARKING-02,2026-02-02 11:00:00,39.31,4.25,24.32,2.77,1.73,62227,0,79,3.86,정상,0,0
GATE-08,PARKING-02,2026-02-02 12:00:00,40.04,4.78,23.98,2.7,1.35,62248,1,79,10.05,정상,0,0
GATE-08,PARKING-02,2026-02-02 13:00:00,37.31,4.24,24.04,3.22,1.37,62267,1,79,7.09,정상,0,0
GATE-08,PARKING-02,2026-02-02 14:00:00,40.3,4.49,23.8,2.81,1.51,62291,0,79,2.33,정상,0,0
GATE-08,PARKING-02,2026-02-02 15:00:00,39.21,4.03,24.07,2.75,1.14,62312,0,79,1.43,정상,0,0
GATE-08,PARKING-02,2026-02-02 16:00:00,35.52,4.22,23.51,2.84,1.43,62324,1,79,10.17,정상,0,0
GATE-08,PARKING-02,2026-02-02 17:00:00,43.37,5.06,23.67,2.9,1.35,62372,0,79,6.45,정상,0,0
GATE-08,PARKING-02,2026-02-02 18:00:00,41.88,4.83,24.31,3.05,1.48,62410,0,79,4.66,정상,0,0
GATE-08,PARKING-02,2026-02-02 19:00:00,41.4,4.87,23.65,3.14,1.6,62457,1,79,13.08,정상,0,0
GATE-08,PARKING-02,2026-02-02 20:00:00,44.65,4.88,23.95,2.96,1.18,62513,0,79,6.29,정상,0,0
GATE-08,PARKING-02,2026-02-02 21:00:00,39.57,4.75,23.56,3.09,1.7,62549,0,79,8.3,정상,0,0
GATE-08,PARKING-02,2026-02-02 22:00:00,38.06,4.14,24.12,2.81,1.51,62581,0,79,2.88,정상,0,0
GATE-08,PARKING-02,2026-02-02 23:00:00,40.48,3.9,24.02,2.83,1.34,62604,0,79,3.23,정상,0,0
GATE-08,PARKING-02,2026-02-03 00:00:00,39.34,4.19,23.82,2.97,1.5,62607,0,80,2.74,정상,0,0
GATE-08,PARKING-02,2026-02-03 01:00:00,37.83,4.49,23.55,3.06,1.52,62611,0,80,5.02,정상,0,0
GATE-08,PARKING-02,2026-02-03 02:00:00,37.6,4.09,23.33,2.67,1.19,62611,0,80,3.84,정상,0,0
GATE-08,PARKING-02,2026-02-03 03:00:00,39.48,4.4,24.36,2.97,1.54,62630,1,80,8.04,정상,0,0
GATE-08,PARKING-02,2026-02-03 04:00:00,35.5,3.88,24.11,2.96,1.48,62631,0,80,2.68,정상,0,0
GATE-08,PARKING-02,2026-02-03 05:00:00,38.43,4.14,23.97,2.87,1.43,62631,1,80,8.84,정상,0,0
GATE-08,PARKING-02,2026-02-03 06:00:00,39.92,3.82,24.07,2.8,1.26,62650,0,80,1.75,정상,0,0
GATE-08,PARKING-02,2026-02-03 07:00:00,41.56,5.2,24.03,2.91,1.18,62706,0,80,2.12,정상,0,0
GATE-08,PARKING-02,2026-02-03 08:00:00,42.92,4.82,23.46,3,1.43,62745,0,80,11.79,정상,0,0
GATE-08,PARKING-02,2026-02-03 09:00:00,41.86,4.41,23.82,2.88,1.38,62789,0,80,1.9,정상,0,0
GATE-08,PARKING-02,2026-02-03 10:00:00,41.54,4.04,23.73,2.96,1.52,62814,0,80,3.44,정상,0,0
GATE-08,PARKING-02,2026-02-03 11:00:00,39.41,4.69,23.75,2.97,1.13,62835,0,80,1.68,정상,0,0
GATE-08,PARKING-02,2026-02-03 12:00:00,39.44,4.26,23.9,2.74,1.31,62848,0,80,3.45,정상,0,0
GATE-08,PARKING-02,2026-02-03 13:00:00,40.27,4.14,23.66,2.84,1.25,62870,1,80,10.86,정상,0,0
GATE-08,PARKING-02,2026-02-03 14:00:00,41.22,4.15,23.79,2.89,1.43,62889,1,80,5.92,정상,0,0
GATE-08,PARKING-02,2026-02-03 15:00:00,40.2,4.19,23.82,2.7,1.67,62910,1,80,12.01,정상,0,0
GATE-08,PARKING-02,2026-02-03 16:00:00,41.82,4.49,23.82,3,1.45,62934,1,80,11.26,정상,0,0
GATE-08,PARKING-02,2026-02-03 17:00:00,44.54,5.22,24.24,2.76,1.38,62979,0,80,12.99,정상,0,0
GATE-08,PARKING-02,2026-02-03 18:00:00,44.47,5.05,23.99,2.75,1.4,63029,2,80,20.04,정상,0,0
GATE-08,PARKING-02,2026-02-03 19:00:00,42.36,4.24,23.45,2.68,1.51,63076,0,80,10.52,정상,0,0
GATE-08,PARKING-02,2026-02-03 20:00:00,44.49,4.98,24.32,2.75,1.5,63132,0,80,10.47,정상,0,0
GATE-08,PARKING-02,2026-02-03 21:00:00,41.69,3.82,23.84,2.91,1.66,63150,0,80,4.59,정상,0,0
GATE-08,PARKING-02,2026-02-03 22:00:00,39.79,4.74,23.99,2.76,1.25,63177,0,80,6.79,정상,0,0
GATE-08,PARKING-02,2026-02-03 23:00:00,42.08,4.56,23.94,3.15,1.62,63210,0,80,3.42,정상,0,0
GATE-08,PARKING-02,2026-02-04 00:00:00,38.52,5.01,24.32,2.39,1.68,63222,0,81,11.45,정상,0,0
GATE-08,PARKING-02,2026-02-04 01:00:00,39.04,3.86,23.92,2.96,1.43,63227,0,81,5.23,정상,0,0
GATE-08,PARKING-02,2026-02-04 02:00:00,39.14,4.28,23.79,2.89,1.17,63239,0,81,2.11,정상,0,0
GATE-08,PARKING-02,2026-02-04 03:00:00,36.85,4.09,23.76,2.81,1.59,63239,2,81,18.71,정상,0,0
GATE-08,PARKING-02,2026-02-04 04:00:00,37.22,4.12,23.79,2.88,1.39,63242,1,81,8.02,정상,0,0
GATE-08,PARKING-02,2026-02-04 05:00:00,38.3,3.9,23.64,2.84,1.37,63251,0,81,6.55,정상,0,0
GATE-08,PARKING-02,2026-02-04 06:00:00,37.32,4.06,23.49,2.93,1.56,63260,0,81,9.45,정상,0,0
GATE-08,PARKING-02,2026-02-04 07:00:00,44.54,4.78,23.89,2.96,1.12,63300,0,81,5.98,정상,0,0
GATE-08,PARKING-02,2026-02-04 08:00:00,43.53,4.65,23.56,2.78,1.45,63350,0,81,8.57,정상,0,0
GATE-08,PARKING-02,2026-02-04 09:00:00,46.71,4.64,24.19,3.1,1.2,63399,0,81,8.85,정상,0,0
GATE-08,PARKING-02,2026-02-04 10:00:00,40.2,4.23,23.95,2.82,1.33,63421,0,81,1.88,정상,0,0
GATE-08,PARKING-02,2026-02-04 11:00:00,39.55,3.82,23.98,2.77,1.52,63440,1,81,10.81,정상,0,0
GATE-08,PARKING-02,2026-02-04 12:00:00,43.24,4.03,23.95,2.9,1.89,63461,0,81,7.37,정상,0,0
GATE-08,PARKING-02,2026-02-04 13:00:00,39.38,4.5,23.65,2.9,1.24,63482,0,81,4.45,정상,0,0
GATE-08,PARKING-02,2026-02-04 14:00:00,42.01,4.93,23.79,2.85,1.41,63507,1,81,5.86,정상,0,0
GATE-08,PARKING-02,2026-02-04 15:00:00,42.38,4.32,24.19,2.98,1.32,63528,0,81,5.23,정상,0,0
GATE-08,PARKING-02,2026-02-04 16:00:00,41.03,4.67,23.51,3.01,1.48,63553,1,81,12.6,정상,0,0
GATE-08,PARKING-02,2026-02-04 17:00:00,41.23,4.15,23.78,2.77,1.25,63578,0,81,0.02,정상,0,0
GATE-08,PARKING-02,2026-02-04 18:00:00,44.17,4.43,23.74,2.92,1.58,63617,0,81,8.69,정상,0,0
GATE-08,PARKING-02,2026-02-04 19:00:00,41.1,5.24,23.95,2.99,1.3,63666,0,81,6.36,정상,0,0
GATE-08,PARKING-02,2026-02-04 20:00:00,44.26,4.99,23.47,2.89,1.6,63714,0,81,12.44,정상,0,0
GATE-08,PARKING-02,2026-02-04 21:00:00,41.93,4.39,24.1,3.05,1.38,63732,0,81,4.98,정상,0,0
GATE-08,PARKING-02,2026-02-04 22:00:00,39.48,4.54,23.78,3.24,1.24,63759,1,81,13.18,정상,0,0
GATE-08,PARKING-02,2026-02-04 23:00:00,41.43,4.67,24.05,3.08,1.39,63785,0,81,4.63,정상,0,0
GATE-08,PARKING-02,2026-02-05 00:00:00,41.19,4.38,23.84,3.24,1.33,63801,1,82,9.95,정상,0,0
GATE-08,PARKING-02,2026-02-05 01:00:00,38.25,4.18,23.86,3.2,1.51,63806,0,82,3.74,정상,0,0
GATE-08,PARKING-02,2026-02-05 02:00:00,37.99,3.82,24.06,3.3,1.39,63807,0,82,3.85,정상,0,0
GATE-08,PARKING-02,2026-02-05 03:00:00,41.09,4.23,23.95,2.85,1.4,63811,0,82,3.53,정상,0,0
GATE-08,PARKING-02,2026-02-05 04:00:00,36.43,4.29,23.73,2.98,1.55,63820,0,82,4,정상,0,0
GATE-08,PARKING-02,2026-02-05 05:00:00,39.84,3.69,24.02,2.82,1.34,63823,0,82,1.46,정상,0,0
GATE-08,PARKING-02,2026-02-05 06:00:00,42.79,4.59,23.81,2.96,1.65,63842,0,82,5.3,정상,0,0
GATE-08,PARKING-02,2026-02-05 07:00:00,42.76,4.8,24.2,3.04,1.83,63879,0,82,9.7,정상,0,0
GATE-08,PARKING-02,2026-02-05 08:00:00,45.74,4.79,23.81,2.99,1.4,63936,1,82,16.94,정상,0,0
GATE-08,PARKING-02,2026-02-05 09:00:00,42.17,4.44,23.95,2.8,1.12,63963,1,82,9.42,정상,0,0
GATE-08,PARKING-02,2026-02-05 10:00:00,39.99,4.63,24.57,3.09,1.38,63989,0,82,3.89,정상,0,0
GATE-08,PARKING-02,2026-02-05 11:00:00,40.21,4.65,24.1,2.93,1.41,64001,0,82,8.43,정상,0,0
GATE-08,PARKING-02,2026-02-05 12:00:00,40.53,4.82,23.81,2.94,1.63,64018,0,82,7.01,정상,0,0
GATE-08,PARKING-02,2026-02-05 13:00:00,40.91,3.95,23.6,2.95,1.61,64038,0,82,6.84,정상,0,0
GATE-08,PARKING-02,2026-02-05 14:00:00,39.18,4.12,23.53,2.72,1.65,64055,1,82,14.82,정상,0,0
GATE-08,PARKING-02,2026-02-05 15:00:00,39.68,4.49,24.14,3.13,1.07,64081,0,82,2.9,정상,0,0
GATE-08,PARKING-02,2026-02-05 16:00:00,43.28,4.58,23.41,2.67,1.63,64108,0,82,11.4,정상,0,0
GATE-08,PARKING-02,2026-02-05 17:00:00,40.45,4.46,23.76,3.12,1.4,64146,0,82,5.84,정상,0,0
GATE-08,PARKING-02,2026-02-05 18:00:00,43.69,5.55,23.57,3.01,1.52,64191,0,82,12.67,정상,0,0
GATE-08,PARKING-02,2026-02-05 19:00:00,40.73,4.71,24.13,2.9,1.52,64221,1,82,7.85,정상,0,0
GATE-08,PARKING-02,2026-02-05 20:00:00,41.81,5.14,23.45,2.75,1.6,64259,0,82,9.26,정상,0,0
GATE-08,PARKING-02,2026-02-05 21:00:00,40.5,4.81,23.99,3.28,1.55,64286,0,82,8.62,정상,0,0
GATE-08,PARKING-02,2026-02-05 22:00:00,40.7,4.9,23.78,3.13,1.66,64312,0,82,6.44,정상,0,0
GATE-08,PARKING-02,2026-02-05 23:00:00,40.69,4.44,24,3,1.61,64333,0,82,4.15,정상,0,0
GATE-08,PARKING-02,2026-02-06 00:00:00,39.19,3.99,23.2,3.32,1.25,64342,0,83,7.31,정상,0,0
GATE-08,PARKING-02,2026-02-06 01:00:00,39.95,4.69,23.91,2.58,1.01,64346,0,83,3.81,정상,0,0
GATE-08,PARKING-02,2026-02-06 02:00:00,39.22,4.26,23.32,3.01,1.64,64353,0,83,7.69,정상,0,0
GATE-08,PARKING-02,2026-02-06 03:00:00,39.88,4.35,24.52,3.2,1.6,64368,0,83,8.23,정상,0,0
GATE-08,PARKING-02,2026-02-06 04:00:00,39.45,3.9,23.79,3.09,1.51,64368,1,83,9.9,정상,0,0
GATE-08,PARKING-02,2026-02-06 05:00:00,38.89,4.29,23.92,3.05,1.76,64370,1,83,13.38,정상,0,0
GATE-08,PARKING-02,2026-02-06 06:00:00,43.56,4.61,23.66,3.43,1.4,64392,0,83,7.68,정상,0,0
GATE-08,PARKING-02,2026-02-06 07:00:00,41.83,4.76,23.59,2.61,1.82,64430,0,83,9.33,정상,0,0
GATE-08,PARKING-02,2026-02-06 08:00:00,41.47,5.03,23.76,3.22,1.47,64473,0,83,12.97,정상,0,0
GATE-08,PARKING-02,2026-02-06 09:00:00,42.32,5.37,23.92,3.01,1.76,64527,0,83,9.1,정상,0,0
GATE-08,PARKING-02,2026-02-06 10:00:00,40.12,4.77,23.6,2.91,1.47,64545,0,83,7.53,정상,0,0
GATE-08,PARKING-02,2026-02-06 11:00:00,43.33,4.8,24.14,3.31,1.41,64577,0,83,8.08,정상,0,0
GATE-08,PARKING-02,2026-02-06 12:00:00,42.17,5.05,23.33,2.85,1.65,64605,1,83,16.11,정상,0,0
GATE-08,PARKING-02,2026-02-06 13:00:00,39.89,4.62,23.85,2.6,1.55,64626,0,83,6.84,정상,0,0
GATE-08,PARKING-02,2026-02-06 14:00:00,37.59,4.37,23.77,2.85,1.54,64642,1,83,15.5,정상,0,0
GATE-08,PARKING-02,2026-02-06 15:00:00,39.5,4.73,23.9,3.1,1.57,64667,0,83,5.27,정상,0,0
GATE-08,PARKING-02,2026-02-06 16:00:00,44.93,4.87,23.48,3,1.59,64694,2,83,25.64,정상,0,0
GATE-08,PARKING-02,2026-02-06 17:00:00,44.84,5.19,23.57,2.97,1.4,64742,0,83,15.15,정상,0,0
GATE-08,PARKING-02,2026-02-06 18:00:00,45.99,5.15,23.64,2.93,1.69,64793,0,83,12.77,정상,0,0
GATE-08,PARKING-02,2026-02-06 19:00:00,42.59,5.04,23.78,3.07,1.48,64840,0,83,8.88,정상,0,0
GATE-08,PARKING-02,2026-02-06 20:00:00,42.67,4.66,24.34,2.83,1.38,64888,1,83,6.77,정상,0,0
GATE-08,PARKING-02,2026-02-06 21:00:00,45.86,4.55,23.86,3.11,1.75,64913,0,83,10.75,정상,0,0
GATE-08,PARKING-02,2026-02-06 22:00:00,40.53,4.66,24.02,2.94,1.44,64945,0,83,4.51,정상,0,0
GATE-08,PARKING-02,2026-02-06 23:00:00,41.57,3.81,23.67,3.04,1.56,64956,0,83,4.74,정상,0,0
GATE-08,PARKING-02,2026-02-07 00:00:00,40.68,3.87,23.98,2.79,1.64,64965,0,84,5.16,정상,0,0
GATE-08,PARKING-02,2026-02-07 01:00:00,39.86,4.49,24.09,3.05,1.66,64969,1,84,14.75,정상,0,0
GATE-08,PARKING-02,2026-02-07 02:00:00,38.41,4.17,23.53,3.05,1.39,64980,1,84,10.93,정상,0,0
GATE-08,PARKING-02,2026-02-07 03:00:00,40.77,4.42,24.32,2.74,1.74,64987,1,84,10.89,정상,0,0
GATE-08,PARKING-02,2026-02-07 04:00:00,38.21,4.58,23.6,3.16,1.44,64987,0,84,5.8,정상,0,0
GATE-08,PARKING-02,2026-02-07 05:00:00,40.17,4.64,23.68,3.12,1.53,64993,1,84,11.95,정상,0,0
GATE-08,PARKING-02,2026-02-07 06:00:00,40.73,5.09,24.09,2.66,1.74,65018,1,84,18.57,정상,0,0
GATE-08,PARKING-02,2026-02-07 07:00:00,43.54,4.78,23.89,2.93,1.61,65062,1,84,12.17,정상,0,0
GATE-08,PARKING-02,2026-02-07 08:00:00,42.02,4.69,23.73,2.82,1.38,65099,0,84,7.04,정상,0,0
GATE-08,PARKING-02,2026-02-07 09:00:00,41.89,5.06,24.02,3.1,1.41,65139,0,84,6.41,정상,0,0
GATE-08,PARKING-02,2026-02-07 10:00:00,44.46,4.7,23.51,2.9,1.31,65164,0,84,7.58,정상,0,0
GATE-08,PARKING-02,2026-02-07 11:00:00,40.81,4.37,24.19,3.11,1.59,65184,0,84,6.9,정상,0,0
GATE-08,PARKING-02,2026-02-07 12:00:00,41.7,4.28,23.69,3.09,1.49,65214,0,84,4.08,정상,0,0
GATE-08,PARKING-02,2026-02-07 13:00:00,38.12,4.58,23.6,2.83,1.44,65234,1,84,9.59,정상,0,0
GATE-08,PARKING-02,2026-02-07 14:00:00,38.44,4.89,23.93,2.85,1.43,65254,1,84,9.47,정상,0,0
GATE-08,PARKING-02,2026-02-07 15:00:00,40.61,4.42,23.95,3.03,1.17,65281,2,84,11.24,정상,0,0
GATE-08,PARKING-02,2026-02-07 16:00:00,40.18,4.48,23.96,3.06,1.31,65299,1,84,8.21,정상,0,0
GATE-08,PARKING-02,2026-02-07 17:00:00,43.82,4.1,23.97,2.84,1.61,65338,0,84,8.03,정상,0,0
GATE-08,PARKING-02,2026-02-07 18:00:00,44.04,4.65,23.43,2.75,1.26,65374,0,84,9.63,정상,0,0
GATE-08,PARKING-02,2026-02-07 19:00:00,42.96,5.32,23.65,2.83,1.51,65423,0,84,12.02,정상,0,0
GATE-08,PARKING-02,2026-02-07 20:00:00,42.19,5.1,24.28,2.49,1.6,65474,1,84,15.15,정상,0,0
GATE-08,PARKING-02,2026-02-07 21:00:00,39.04,4.28,23.85,2.96,1.52,65495,1,84,12.72,정상,0,0
GATE-08,PARKING-02,2026-02-07 22:00:00,40.54,4.59,24.03,3.15,1.65,65514,0,84,8.31,정상,0,0
GATE-08,PARKING-02,2026-02-07 23:00:00,43.25,4.29,23.74,3,1.61,65544,0,84,7.02,정상,0,0
GATE-08,PARKING-02,2026-02-08 00:00:00,41.5,4.48,23.73,2.63,1.31,65556,1,85,5.56,정상,0,0
GATE-08,PARKING-02,2026-02-08 01:00:00,41.93,4.54,23.87,3.08,1.71,65573,0,85,8.33,정상,0,0
GATE-08,PARKING-02,2026-02-08 02:00:00,38.67,4.26,23.69,3.16,1.41,65583,0,85,8,정상,0,0
GATE-08,PARKING-02,2026-02-08 03:00:00,38.46,4.62,24.25,3.06,1.37,65596,0,85,1.18,정상,0,0
GATE-08,PARKING-02,2026-02-08 04:00:00,41.25,4.47,23.87,2.89,1.65,65605,1,85,9.19,정상,0,0
GATE-08,PARKING-02,2026-02-08 05:00:00,39.2,4.06,24.08,3.12,1.68,65612,1,85,13.85,정상,0,0
GATE-08,PARKING-02,2026-02-08 06:00:00,41.73,4.36,23.75,3.35,1.75,65642,0,85,10.58,정상,0,0
GATE-08,PARKING-02,2026-02-08 07:00:00,39.22,4.75,23.59,3.09,1.39,65670,1,85,12.41,정상,0,0
GATE-08,PARKING-02,2026-02-08 08:00:00,40.79,5.26,23.78,2.86,2.03,65708,0,85,16.3,정상,0,0
GATE-08,PARKING-02,2026-02-08 09:00:00,43.51,4.88,24.14,3.07,1.5,65742,1,85,11.34,정상,0,0
GATE-08,PARKING-02,2026-02-08 10:00:00,40.72,4.97,23.91,3.18,1.74,65755,0,85,10.89,정상,0,0
GATE-08,PARKING-02,2026-02-08 11:00:00,37.21,4.63,23.63,2.96,1.32,65775,1,85,9.31,정상,0,0
GATE-08,PARKING-02,2026-02-08 12:00:00,39.75,5.01,23.79,2.83,1.89,65798,0,85,11.58,정상,0,0
GATE-08,PARKING-02,2026-02-08 13:00:00,40.59,4.57,23.99,3.01,1.7,65822,0,85,6.92,정상,0,0
GATE-08,PARKING-02,2026-02-08 14:00:00,41.75,4.67,23.44,2.86,1.59,65847,0,85,12.13,정상,0,0
GATE-08,PARKING-02,2026-02-08 15:00:00,39.17,5.41,23.88,2.77,1.38,65882,1,85,13.84,정상,0,0
GATE-08,PARKING-02,2026-02-08 16:00:00,44.11,4.4,23.8,2.92,1.74,65912,0,85,4.1,정상,0,0
GATE-08,PARKING-02,2026-02-08 17:00:00,42.18,4.93,23.64,3.08,1.54,65942,0,85,12.53,정상,0,0
GATE-08,PARKING-02,2026-02-08 18:00:00,43.77,4.79,23.78,2.98,1.59,65982,0,85,12.1,정상,0,0
GATE-08,PARKING-02,2026-02-08 19:00:00,45.28,5.6,24.37,3.07,1.63,66031,0,85,18,정상,0,0
GATE-08,PARKING-02,2026-02-08 20:00:00,42.1,5.11,23.6,2.84,1.75,66075,1,85,13.08,정상,0,0
GATE-08,PARKING-02,2026-02-08 21:00:00,42.61,4.3,24.02,2.86,1.61,66106,1,85,12.45,정상,0,0
GATE-08,PARKING-02,2026-02-08 22:00:00,41.32,4.86,23.73,3,1.82,66131,0,85,9.37,정상,0,0
GATE-08,PARKING-02,2026-02-08 23:00:00,39.57,5.01,23.85,3.05,1.42,66157,0,85,6.82,정상,0,0
GATE-08,PARKING-02,2026-02-09 00:00:00,39.88,4.68,23.69,3.28,1.89,66163,1,86,19.32,정상,0,0
GATE-08,PARKING-02,2026-02-09 01:00:00,39.59,4.28,23.56,3.28,1.65,66168,0,86,11.02,정상,0,0
GATE-08,PARKING-02,2026-02-09 02:00:00,38.49,4.62,23.73,3.06,1.54,66175,0,86,8.85,정상,0,0
GATE-08,PARKING-02,2026-02-09 03:00:00,39.33,4.75,23.77,2.87,1.77,66184,1,86,13.53,정상,0,0
GATE-08,PARKING-02,2026-02-09 04:00:00,40.86,4.43,24.3,2.96,1.57,66191,0,86,7.25,정상,0,0
GATE-08,PARKING-02,2026-02-09 05:00:00,36.47,4.19,23.71,3,1.37,66194,1,86,12.59,정상,0,0
GATE-08,PARKING-02,2026-02-09 06:00:00,42.48,4.7,23.54,2.83,1.64,66202,1,86,10.59,정상,0,0
GATE-08,PARKING-02,2026-02-09 07:00:00,43.66,5.09,23.42,3.23,1.94,66245,0,86,16.17,정상,0,0
GATE-08,PARKING-02,2026-02-09 08:00:00,44.92,4.95,24.2,3.5,1.77,66295,1,86,21.86,정상,0,0
GATE-08,PARKING-02,2026-02-09 09:00:00,45.04,4.35,23.78,2.82,1.61,66338,0,86,7.88,정상,0,0
GATE-08,PARKING-02,2026-02-09 10:00:00,39.49,4.68,23.85,2.82,1.63,66357,1,86,11.24,정상,0,0
GATE-08,PARKING-02,2026-02-09 11:00:00,40.13,4.54,24.26,3.16,1.54,66378,0,86,6.61,정상,0,0
GATE-08,PARKING-02,2026-02-09 12:00:00,37.76,4.32,23.89,3.23,1.48,66392,0,86,11.09,정상,0,0
GATE-08,PARKING-02,2026-02-09 13:00:00,40.02,4.92,24.61,2.89,1.31,66417,0,86,9.81,정상,0,0
GATE-08,PARKING-02,2026-02-09 14:00:00,41.36,4.52,23.9,2.97,1.57,66430,1,86,7.18,정상,0,0
GATE-08,PARKING-02,2026-02-09 15:00:00,38.68,5.14,23.26,3.14,1.58,66456,0,86,13.45,정상,0,0
GATE-08,PARKING-02,2026-02-09 16:00:00,41.46,4.66,24.05,3.18,1.78,66472,0,86,6.39,정상,0,0
GATE-08,PARKING-02,2026-02-09 17:00:00,40.22,5.09,24.09,3.18,1.26,66508,0,86,7.46,정상,0,0
GATE-08,PARKING-02,2026-02-09 18:00:00,44.01,5.06,23.9,3.18,1.67,66559,0,86,11.05,정상,0,0
GATE-08,PARKING-02,2026-02-09 19:00:00,44.95,4.76,23.77,3.31,1.48,66599,0,86,15.14,정상,0,0
GATE-08,PARKING-02,2026-02-09 20:00:00,41.39,5,24.49,3.16,1.55,66645,0,86,6.97,정상,0,0
GATE-08,PARKING-02,2026-02-09 21:00:00,42.08,4.66,23.89,3.29,1.4,66662,0,86,9.32,정상,0,0
GATE-08,PARKING-02,2026-02-09 22:00:00,39.14,4.59,23.98,2.82,1.44,66681,1,86,10.14,정상,0,0
GATE-08,PARKING-02,2026-02-09 23:00:00,38.56,4.59,23.7,2.72,1.43,66705,0,86,0,정상,0,0
GATE-08,PARKING-02,2026-02-10 00:00:00,40.75,4.84,23.13,3.12,1.45,66711,0,87,11.37,정상,0,0
GATE-08,PARKING-02,2026-02-10 01:00:00,42.92,4.06,23.93,3.09,1.73,66719,0,87,6.11,정상,0,0
GATE-08,PARKING-02,2026-02-10 02:00:00,39.13,4.06,23.9,3.07,1.58,66725,0,87,6.44,정상,0,0
GATE-08,PARKING-02,2026-02-10 03:00:00,40.02,4.49,23.91,3.18,1.37,66734,0,87,0,정상,0,0
GATE-08,PARKING-02,2026-02-10 04:00:00,36.49,4.39,24.44,2.99,1.85,66735,1,87,15.38,정상,0,0
GATE-08,PARKING-02,2026-02-10 05:00:00,38.94,3.98,23.69,3.3,1.87,66737,1,87,13.58,정상,0,0
GATE-08,PARKING-02,2026-02-10 06:00:00,39.24,4.52,24.11,3.15,1.47,66758,1,87,10.89,정상,0,0
GATE-08,PARKING-02,2026-02-10 07:00:00,45.58,5.79,23.92,3,1.69,66800,0,87,18.29,정상,0,0
GATE-08,PARKING-02,2026-02-10 08:00:00,43.62,5.2,23.43,2.93,1.54,66833,0,87,11.21,정상,0,0
GATE-08,PARKING-02,2026-02-10 09:00:00,45.45,5.47,23.87,2.69,1.66,66881,0,87,16.88,정상,0,0
GATE-08,PARKING-02,2026-02-10 10:00:00,40.77,4.56,23.83,2.92,1.77,66909,1,87,13.33,정상,0,0
GATE-08,PARKING-02,2026-02-10 11:00:00,40.47,4.82,23.82,3.42,1.61,66929,0,87,10.67,정상,0,0
GATE-08,PARKING-02,2026-02-10 12:00:00,40.52,4.73,23.35,3.11,1.82,66951,0,87,9.92,정상,0,0
GATE-08,PARKING-02,2026-02-10 13:00:00,41.22,4.74,23.63,3.21,1.3,66977,1,87,15.24,정상,0,0
GATE-08,PARKING-02,2026-02-10 14:00:00,39.9,4.46,23.78,3.12,1.66,66994,0,87,12.6,정상,0,0
GATE-08,PARKING-02,2026-02-10 15:00:00,41.09,3.97,23.65,3.22,1.56,67021,0,87,5.79,정상,0,0
GATE-08,PARKING-02,2026-02-10 16:00:00,39.3,5.08,23.86,3.04,1.68,67043,2,87,18.45,정상,0,0
GATE-08,PARKING-02,2026-02-10 17:00:00,40.6,5.01,23.89,2.99,1.74,67083,0,87,12.53,정상,0,0
GATE-08,PARKING-02,2026-02-10 18:00:00,44.36,5.03,23.98,2.93,1.82,67121,1,87,15.57,정상,0,0
GATE-08,PARKING-02,2026-02-10 19:00:00,40.49,5.05,23.73,2.98,1.61,67146,0,87,9.61,정상,0,0
GATE-08,PARKING-02,2026-02-10 20:00:00,42.88,4.93,23.94,3.12,1.45,67182,1,87,14.98,정상,0,0
GATE-08,PARKING-02,2026-02-10 21:00:00,39.44,4.33,23.4,2.89,1.53,67208,1,87,12.79,정상,0,0
GATE-08,PARKING-02,2026-02-10 22:00:00,40.82,4.87,24.21,3.04,1.67,67228,2,87,17.18,정상,0,0
GATE-08,PARKING-02,2026-02-10 23:00:00,43.23,4.44,23.4,2.96,1.72,67253,0,87,10.15,정상,0,0
GATE-08,PARKING-02,2026-02-11 00:00:00,37.74,4.39,23.38,3.11,1.91,67254,1,88,14.53,정상,0,0
GATE-08,PARKING-02,2026-02-11 01:00:00,36.5,3.7,23.86,2.79,1.93,67265,0,88,5.55,정상,0,0
GATE-08,PARKING-02,2026-02-11 02:00:00,39.8,4.68,23.59,2.95,1.53,67273,1,88,10.14,정상,0,0
GATE-08,PARKING-02,2026-02-11 03:00:00,39.77,4.23,24.01,3.04,1.97,67282,0,88,6.92,정상,0,0
GATE-08,PARKING-02,2026-02-11 04:00:00,37.69,4.52,23.62,3.27,1.71,67282,0,88,7.38,정상,0,0
GATE-08,PARKING-02,2026-02-11 05:00:00,40.32,3.66,23.87,3.15,1.89,67284,1,88,13.24,정상,0,0
GATE-08,PARKING-02,2026-02-11 06:00:00,41,4.52,23.43,2.94,1.53,67308,0,88,4.79,정상,0,0
GATE-08,PARKING-02,2026-02-11 07:00:00,42.01,4.73,23.71,2.95,2.01,67340,0,88,12.8,정상,0,0
GATE-08,PARKING-02,2026-02-11 08:00:00,46.32,5.18,23.77,2.98,1.3,67396,0,88,12.99,정상,0,0
GATE-08,PARKING-02,2026-02-11 09:00:00,39.71,4.92,23.56,3.1,1.61,67431,0,88,6.36,정상,0,0
GATE-08,PARKING-02,2026-02-11 10:00:00,39.74,4.34,23.74,2.76,1.81,67451,0,88,9.31,정상,0,0
GATE-08,PARKING-02,2026-02-11 11:00:00,41.19,4.46,23.29,3.11,1.24,67481,0,88,4.68,정상,0,0
GATE-08,PARKING-02,2026-02-11 12:00:00,42.14,4.87,24.1,3.01,1.59,67496,0,88,8.9,정상,0,0
GATE-08,PARKING-02,2026-02-11 13:00:00,40.68,4.4,23.61,3.39,1.73,67520,1,88,17.17,정상,0,0
GATE-08,PARKING-02,2026-02-11 14:00:00,40.12,5.02,24.02,2.91,1.64,67539,0,88,9.2,정상,0,0
GATE-08,PARKING-02,2026-02-11 15:00:00,43.55,5.35,24.1,3.02,1.64,67566,0,88,10.19,정상,0,0
GATE-09,PARKING-01,2026-01-01 00:00:00,37.74,4.1,24,2.52,1.3,25406,0,19,3.25,정상,0,0
GATE-09,PARKING-01,2026-01-01 01:00:00,36.39,3.67,24.08,2.93,1.2,25412,0,19,0,정상,0,0
GATE-09,PARKING-01,2026-01-01 02:00:00,41.28,4.3,24.04,2.71,1.12,25419,1,19,3.66,정상,0,0
GATE-09,PARKING-01,2026-01-01 03:00:00,37.96,4.03,23.79,2.82,1.14,25422,0,19,2.25,정상,0,0
GATE-09,PARKING-01,2026-01-01 04:00:00,37.91,3.55,23.97,2.81,1.06,25430,1,19,5.64,정상,0,0
GATE-09,PARKING-01,2026-01-01 05:00:00,36.42,4.34,23.8,2.83,1.09,25438,0,19,0,정상,0,0
GATE-09,PARKING-01,2026-01-01 06:00:00,40.67,4.22,24.5,2.56,1.02,25458,1,19,8.93,정상,0,0
GATE-09,PARKING-01,2026-01-01 07:00:00,40.85,4.84,23.52,2.54,1.32,25485,0,19,4.61,정상,0,0
GATE-09,PARKING-01,2026-01-01 08:00:00,41.08,4.49,24.39,2.76,0.69,25525,1,19,4.13,정상,0,0
GATE-09,PARKING-01,2026-01-01 09:00:00,43.19,4.03,24.21,2.75,0.99,25561,0,19,3.7,정상,0,0
GATE-09,PARKING-01,2026-01-01 10:00:00,41.59,3.96,23.72,2.83,1.27,25577,0,19,0,정상,0,0
GATE-09,PARKING-01,2026-01-01 11:00:00,39.75,4.8,23.5,2.94,1.36,25606,0,19,5.34,정상,0,0
GATE-09,PARKING-01,2026-01-01 12:00:00,37.4,4.15,24.3,2.69,1.15,25630,1,19,4.93,정상,0,0
GATE-09,PARKING-01,2026-01-01 13:00:00,38.83,4.2,23.95,2.74,1.16,25645,0,19,0,정상,0,0
GATE-09,PARKING-01,2026-01-01 14:00:00,38.37,4.31,24.14,2.84,1.28,25668,0,19,4.22,정상,0,0
GATE-09,PARKING-01,2026-01-01 15:00:00,38.79,3.89,24.31,2.71,0.77,25684,0,19,0,정상,0,0
GATE-09,PARKING-01,2026-01-01 16:00:00,41.3,4.21,24.2,2.57,1.14,25708,0,19,5.72,정상,0,0
GATE-09,PARKING-01,2026-01-01 17:00:00,40.91,4.69,24.18,2.47,0.62,25744,0,19,0.73,정상,0,0
GATE-09,PARKING-01,2026-01-01 18:00:00,42.16,4.87,23.76,2.85,1.17,25782,0,19,5.47,정상,0,0
GATE-09,PARKING-01,2026-01-01 19:00:00,41.18,4.1,24.04,2.63,1.16,25821,0,19,0,정상,0,0
GATE-09,PARKING-01,2026-01-01 20:00:00,42.66,4.54,23.88,2.71,1.15,25871,0,19,3.14,정상,0,0
GATE-09,PARKING-01,2026-01-01 21:00:00,37.27,3.79,23.83,2.91,1.08,25894,0,19,0.65,정상,0,0
GATE-09,PARKING-01,2026-01-01 22:00:00,40.19,3.63,23.85,2.7,1.13,25914,0,19,2.59,정상,0,0
GATE-09,PARKING-01,2026-01-01 23:00:00,41.33,4.6,24.03,2.62,0.99,25943,0,19,0,정상,0,0
GATE-09,PARKING-01,2026-01-02 00:00:00,37.06,3.72,24.44,2.7,1.6,25943,0,20,3.6,정상,0,0
GATE-09,PARKING-01,2026-01-02 01:00:00,37.53,4.33,24.07,2.24,1.16,25954,0,20,0,정상,0,0
GATE-09,PARKING-01,2026-01-02 02:00:00,38.36,3.77,23.91,2.69,1.36,25955,0,20,0,정상,0,0
GATE-09,PARKING-01,2026-01-02 03:00:00,36.56,3.99,24.58,2.87,0.91,25959,1,20,8.91,정상,0,0
GATE-09,PARKING-01,2026-01-02 04:00:00,36.5,3.68,23.77,2.86,1.25,25969,0,20,1.95,정상,0,0
GATE-09,PARKING-01,2026-01-02 05:00:00,35.52,3.75,24.26,2.75,1.3,25973,0,20,3.25,정상,0,0
GATE-09,PARKING-01,2026-01-02 06:00:00,39.8,4.38,23.8,2.63,1.19,25997,0,20,3.04,정상,0,0
GATE-09,PARKING-01,2026-01-02 07:00:00,42.74,4.28,23.45,3.06,1.36,26040,0,20,3.3,정상,0,0
GATE-09,PARKING-01,2026-01-02 08:00:00,40.94,4.31,24.05,2.79,1.06,26084,0,20,0.44,정상,0,0
GATE-09,PARKING-01,2026-01-02 09:00:00,41.91,4.33,23.95,2.82,1.09,26134,0,20,0,정상,0,0
GATE-09,PARKING-01,2026-01-02 10:00:00,39.23,4.26,23.41,2.46,0.98,26153,0,20,0,정상,0,0
GATE-09,PARKING-01,2026-01-02 11:00:00,38.87,4.34,23.59,2.83,1.19,26178,1,20,8.53,정상,0,0
GATE-09,PARKING-01,2026-01-02 12:00:00,37.13,4.34,23.75,2.86,1.34,26192,0,20,2.24,정상,0,0
GATE-09,PARKING-01,2026-01-02 13:00:00,37.88,4.43,23.71,2.57,1.37,26209,1,20,6.11,정상,0,0
GATE-09,PARKING-01,2026-01-02 14:00:00,39.31,4.03,23.28,3.01,1.23,26225,1,20,9.44,정상,0,0
GATE-09,PARKING-01,2026-01-02 15:00:00,38.23,4.28,23.97,2.97,1.23,26246,0,20,0,정상,0,0
GATE-09,PARKING-01,2026-01-02 16:00:00,40.11,3.87,23.71,2.72,1.2,26269,1,20,7.56,정상,0,0
GATE-09,PARKING-01,2026-01-02 17:00:00,39.52,4.72,24.24,2.59,1.36,26305,0,20,3.79,정상,0,0
GATE-09,PARKING-01,2026-01-02 18:00:00,44.52,4.92,23.81,2.48,1.02,26357,2,20,18.61,정상,0,0
GATE-09,PARKING-01,2026-01-02 19:00:00,41.52,4.62,23.86,2.6,1.29,26390,0,20,3.36,정상,0,0
GATE-09,PARKING-01,2026-01-02 20:00:00,43.05,4.93,23.67,2.93,1.65,26442,0,20,7.97,정상,0,0
GATE-09,PARKING-01,2026-01-02 21:00:00,41.59,4.27,24.5,2.86,1.09,26467,0,20,3.88,정상,0,0
GATE-09,PARKING-01,2026-01-02 22:00:00,35.72,4.34,23.78,2.81,1.23,26485,1,20,5.39,정상,0,0
GATE-09,PARKING-01,2026-01-02 23:00:00,37.17,3.99,23.99,2.92,1.17,26512,1,20,3.71,정상,0,0
GATE-09,PARKING-01,2026-01-03 00:00:00,37.72,3.89,23.97,2.62,1.25,26517,0,21,0.62,정상,0,0
GATE-09,PARKING-01,2026-01-03 01:00:00,37.25,4.24,23.8,2.79,1.25,26520,0,21,0.28,정상,0,0
GATE-09,PARKING-01,2026-01-03 02:00:00,39.2,4.07,24.12,2.91,1.03,26525,0,21,0,정상,0,0
GATE-09,PARKING-01,2026-01-03 03:00:00,37.66,3.55,24.03,2.55,1.07,26534,1,21,5.93,정상,0,0
GATE-09,PARKING-01,2026-01-03 04:00:00,33.67,3.84,23.83,3.02,1.28,26534,2,21,13.9,정상,0,0
GATE-09,PARKING-01,2026-01-03 05:00:00,36.27,3.38,23.76,2.95,1.78,26540,0,21,4.9,정상,0,0
GATE-09,PARKING-01,2026-01-03 06:00:00,38.19,4.15,24.58,2.75,1.01,26568,0,21,3.4,정상,0,0
GATE-09,PARKING-01,2026-01-03 07:00:00,40.42,4.26,24.15,2.59,1.61,26616,1,21,11.3,정상,0,0
GATE-09,PARKING-01,2026-01-03 08:00:00,44.41,5.18,23.87,2.67,1.19,26675,0,21,6.84,정상,0,0
GATE-09,PARKING-01,2026-01-03 09:00:00,41.79,5.03,23.48,2.65,1.11,26718,0,21,3.56,정상,0,0
GATE-09,PARKING-01,2026-01-03 10:00:00,40.56,4.44,24.12,2.91,1.36,26739,0,21,7.56,정상,0,0
GATE-09,PARKING-01,2026-01-03 11:00:00,37.54,4.23,24.7,2.56,1.3,26755,0,21,7.2,정상,0,0
GATE-09,PARKING-01,2026-01-03 12:00:00,37.19,4.45,23.73,2.8,1.24,26777,0,21,0.63,정상,0,0
GATE-09,PARKING-01,2026-01-03 13:00:00,40.99,3.89,24.01,2.78,0.91,26792,0,21,0,정상,0,0
GATE-09,PARKING-01,2026-01-03 14:00:00,40.79,4.35,24.03,2.89,1.16,26818,1,21,3.09,정상,0,0
GATE-09,PARKING-01,2026-01-03 15:00:00,37.54,4.05,23.74,2.76,1.13,26834,0,21,2.09,정상,0,0
GATE-09,PARKING-01,2026-01-03 16:00:00,38.05,4.77,23.9,2.93,1.07,26860,0,21,2.42,정상,0,0
GATE-09,PARKING-01,2026-01-03 17:00:00,41.81,4.19,24.33,2.94,1.12,26898,0,21,0,정상,0,0
GATE-09,PARKING-01,2026-01-03 18:00:00,39.45,4.97,23.67,2.71,1.06,26935,0,21,3.52,정상,0,0
GATE-09,PARKING-01,2026-01-03 19:00:00,41.62,4.57,23.88,2.75,1.37,26973,0,21,1.86,정상,0,0
GATE-09,PARKING-01,2026-01-03 20:00:00,43.72,5.05,24.21,2.74,1.21,27027,0,21,3.67,정상,0,0
GATE-09,PARKING-01,2026-01-03 21:00:00,40.27,4.62,24.47,2.98,1.07,27046,0,21,4.02,정상,0,0
GATE-09,PARKING-01,2026-01-03 22:00:00,37.86,3.74,24.3,2.76,1.22,27062,1,21,10.29,정상,0,0
GATE-09,PARKING-01,2026-01-03 23:00:00,39.58,4.11,23.69,2.93,1.26,27079,0,21,0,정상,0,0
GATE-09,PARKING-01,2026-01-04 00:00:00,36.88,4.05,23.8,2.88,1.26,27080,0,22,3.12,정상,0,0
GATE-09,PARKING-01,2026-01-04 01:00:00,34.86,3.8,23.96,2.84,1.57,27084,1,22,5.45,정상,0,0
GATE-09,PARKING-01,2026-01-04 02:00:00,37.48,4.45,23.54,2.96,1.45,27085,1,22,8.99,정상,0,0
GATE-09,PARKING-01,2026-01-04 03:00:00,35.43,4.06,23.91,2.92,1.61,27086,0,22,0,정상,0,0
GATE-09,PARKING-01,2026-01-04 04:00:00,39.89,4.39,23.87,3.25,1.96,27096,0,22,9.77,정상,0,0
GATE-09,PARKING-01,2026-01-04 05:00:00,39.8,4.27,23.66,3.2,1.76,27100,1,22,15.7,정상,0,0
GATE-09,PARKING-01,2026-01-04 06:00:00,40.89,5.28,23.61,3.06,2.13,27121,2,22,20.76,정상,0,0
GATE-09,PARKING-01,2026-01-04 07:00:00,47.73,5.23,23.73,3.17,1.94,27169,0,22,18.31,정상,0,0
GATE-09,PARKING-01,2026-01-04 08:00:00,43.54,5.44,23.37,3.54,1.81,27209,0,22,18.4,정상,0,0
GATE-09,PARKING-01,2026-01-04 09:00:00,46.36,5.88,24.06,3.67,2.08,27253,0,22,24.33,정상,0,0
GATE-09,PARKING-01,2026-01-04 10:00:00,42.78,5.02,23.25,3.41,2.43,27276,2,22,29.06,정상,0,0
GATE-09,PARKING-01,2026-01-04 11:00:00,42.62,5.83,23.13,3.27,2.09,27306,1,22,25.49,정상,0,0
GATE-09,PARKING-01,2026-01-04 12:00:00,45.69,5.43,23.77,3.66,2.44,27329,1,22,29.01,정상,0,0
GATE-09,PARKING-01,2026-01-04 13:00:00,43.13,5.75,23.62,3.59,2.35,27344,1,22,26.23,정상,0,0
GATE-09,PARKING-01,2026-01-04 14:00:00,46.19,5.19,23.64,3.66,2.56,27368,1,22,31.2,정상,0,0
GATE-09,PARKING-01,2026-01-04 15:00:00,49.07,5.44,23.35,3.92,2.76,27390,0,22,31.2,정상,0,0
GATE-09,PARKING-01,2026-01-04 16:00:00,45.01,6.22,22.88,3.7,2.7,27414,2,22,44.99,주의,0,0
GATE-09,PARKING-01,2026-01-04 17:00:00,46.96,6.36,23.77,3.9,2.74,27452,2,22,46.76,주의,0,0
GATE-09,PARKING-01,2026-01-04 18:00:00,52.36,6.35,23.3,3.92,3.03,27496,2,22,53.01,주의,0,0
GATE-09,PARKING-01,2026-01-04 19:00:00,52.94,6.49,23.86,3.9,3,27542,2,22,54.6,주의,0,0
GATE-09,PARKING-01,2026-01-04 20:00:00,49.37,6.79,23.55,3.87,2.94,27589,2,22,54.64,주의,0,0
GATE-09,PARKING-01,2026-01-04 21:00:00,48.64,6.14,23.34,3.84,3.24,27610,2,22,51.74,주의,0,0
GATE-09,PARKING-01,2026-01-04 22:00:00,47.59,6.73,23.3,4.31,3.08,27642,1,22,47.82,주의,0,0
GATE-09,PARKING-01,2026-01-04 23:00:00,47.68,6.52,23.35,4.66,2.87,27672,3,22,63.81,주의,0,0
GATE-09,PARKING-01,2026-01-05 00:00:00,48.36,6.73,23.4,4.22,3.54,27682,2,23,61.25,주의,0,0
GATE-09,PARKING-01,2026-01-05 01:00:00,49.13,6.25,23.33,4.33,3.2,27682,2,23,54.86,주의,0,0
GATE-09,PARKING-01,2026-01-05 02:00:00,46.77,6.4,22.92,4.51,3.51,27683,2,23,59.49,주의,0,0
GATE-09,PARKING-01,2026-01-05 03:00:00,52.01,6.95,22.98,4.21,3.67,27698,2,23,68.86,주의,0,0
GATE-09,PARKING-01,2026-01-05 04:00:00,49.79,6.51,22.89,4.84,3.75,27708,3,23,72.83,주의,0,0
GATE-09,PARKING-01,2026-01-05 05:00:00,50,6.47,23.31,4.73,4.07,27719,2,23,68.43,주의,0,0
GATE-09,PARKING-01,2026-01-05 06:00:00,53.45,7.3,22.75,4.61,3.88,27745,3,23,80.31,주의,0,0
GATE-09,PARKING-01,2026-01-05 07:00:00,52.48,7.63,22.81,5.04,3.71,27775,2,23,78.95,주의,0,0
GATE-09,PARKING-01,2026-01-05 08:00:00,53.24,7.68,23.24,4.67,3.85,27815,3,23,79.13,주의,0,0
GATE-09,PARKING-01,2026-01-05 09:00:00,56.15,7.6,22.83,4.75,4.03,27850,3,23,87.52,주의,0,0
GATE-09,PARKING-01,2026-01-05 10:00:00,53.62,7.94,23.09,4.78,4.34,27870,4,23,95.67,위험,0,0
GATE-09,PARKING-01,2026-01-05 11:00:00,40.74,4.06,24.11,2.88,1.27,27890,0,23,2.04,정상,0,0
GATE-09,PARKING-01,2026-01-05 12:00:00,40.31,4.35,23.68,2.91,1.4,27917,0,23,0.15,정상,0,0
GATE-09,PARKING-01,2026-01-05 13:00:00,40.63,4.22,23.82,2.91,1.22,27941,1,23,3.49,정상,0,0
GATE-09,PARKING-01,2026-01-05 14:00:00,43.19,4.02,24.26,2.84,1.22,27968,2,23,13.76,정상,0,0
GATE-09,PARKING-01,2026-01-05 15:00:00,40.32,4.59,23.89,2.82,1.22,27995,0,23,0,정상,0,0
GATE-09,PARKING-01,2026-01-05 16:00:00,39.58,3.94,23.95,2.42,1.23,28013,0,23,0,정상,0,0
GATE-09,PARKING-01,2026-01-05 17:00:00,42.88,4.4,23.89,2.76,0.94,28063,0,23,3.08,정상,0,0
GATE-09,PARKING-01,2026-01-05 18:00:00,42.36,4.58,24.13,2.93,1.26,28102,1,23,7.26,정상,0,0
GATE-09,PARKING-01,2026-01-05 19:00:00,42.45,4.68,23.93,2.81,1.43,28154,0,23,2.59,정상,0,0
GATE-09,PARKING-01,2026-01-05 20:00:00,45.1,4.83,24.18,3.02,1.51,28198,0,23,9.19,정상,0,0
GATE-09,PARKING-01,2026-01-05 21:00:00,41.8,4.72,23.97,2.84,1.2,28235,0,23,0,정상,0,0
GATE-09,PARKING-01,2026-01-05 22:00:00,39.58,4.29,24.03,3.01,1.46,28252,0,23,1.32,정상,0,0
GATE-09,PARKING-01,2026-01-05 23:00:00,39.71,4.36,23.92,2.83,1.33,28275,0,23,1.26,정상,0,0
GATE-09,PARKING-01,2026-01-06 00:00:00,37.83,4.5,24.07,2.68,1.35,28284,0,24,3.63,정상,0,0
GATE-09,PARKING-01,2026-01-06 01:00:00,35.6,3.72,23.48,2.94,1.21,28289,0,24,3.67,정상,0,0
GATE-09,PARKING-01,2026-01-06 02:00:00,35.07,4.32,24.25,2.97,1.2,28300,0,24,3.09,정상,0,0
GATE-09,PARKING-01,2026-01-06 03:00:00,38.21,3.61,24.18,2.84,1.28,28300,0,24,0,정상,0,0
GATE-09,PARKING-01,2026-01-06 04:00:00,35.42,3.52,23.58,2.88,1.28,28300,0,24,5.74,정상,0,0
GATE-09,PARKING-01,2026-01-06 05:00:00,36.4,3.62,23.92,2.57,1.63,28301,0,24,4.15,정상,0,0
GATE-09,PARKING-01,2026-01-06 06:00:00,41.82,4.27,23.72,2.67,1.54,28331,1,24,7.57,정상,0,0
GATE-09,PARKING-01,2026-01-06 07:00:00,44.24,5.22,23.82,2.78,1.31,28379,0,24,6.1,정상,0,0
GATE-09,PARKING-01,2026-01-06 08:00:00,39.56,4.63,24.01,2.62,1.44,28402,0,24,3.61,정상,0,0
GATE-09,PARKING-01,2026-01-06 09:00:00,43.35,4.59,23.95,2.85,1.37,28440,1,24,8.75,정상,0,0
GATE-09,PARKING-01,2026-01-06 10:00:00,41.16,4.02,23.57,2.84,1.28,28466,1,24,9.36,정상,0,0
GATE-09,PARKING-01,2026-01-06 11:00:00,40.54,4.2,23.51,2.63,1.66,28486,0,24,6.35,정상,0,0
GATE-09,PARKING-01,2026-01-06 12:00:00,41.01,4.76,23.41,2.89,1.4,28503,0,24,8.22,정상,0,0
GATE-09,PARKING-01,2026-01-06 13:00:00,41.53,4.8,24.02,2.94,1.43,28528,1,24,10.99,정상,0,0
GATE-09,PARKING-01,2026-01-06 14:00:00,40.52,4.17,23.94,3.02,1.22,28548,0,24,1.39,정상,0,0
GATE-09,PARKING-01,2026-01-06 15:00:00,36.86,4.16,23.38,2.88,1.2,28574,0,24,3.41,정상,0,0
GATE-09,PARKING-01,2026-01-06 16:00:00,38.41,3.91,23.89,2.84,1.32,28597,0,24,3.91,정상,0,0
GATE-09,PARKING-01,2026-01-06 17:00:00,40.45,4.32,23.79,2.83,1.09,28638,0,24,2.72,정상,0,0
GATE-09,PARKING-01,2026-01-06 18:00:00,44.19,4.7,23.65,2.79,1.23,28687,0,24,7.7,정상,0,0
GATE-09,PARKING-01,2026-01-06 19:00:00,40.61,4.66,24.05,3.1,1.17,28729,0,24,3.87,정상,0,0
GATE-09,PARKING-01,2026-01-06 20:00:00,43.03,4.9,23.58,3.08,1.51,28779,0,24,11.01,정상,0,0
GATE-09,PARKING-01,2026-01-06 21:00:00,37.68,4.7,24.25,2.95,1.39,28804,0,24,3.98,정상,0,0
GATE-09,PARKING-01,2026-01-06 22:00:00,40.37,4.35,23.55,2.85,1.31,28822,0,24,4.56,정상,0,0
GATE-09,PARKING-01,2026-01-06 23:00:00,39.61,4.73,23.64,2.8,1.46,28848,0,24,4.11,정상,0,0
GATE-09,PARKING-01,2026-01-07 00:00:00,35.33,4.75,24,2.8,1.15,28856,0,25,0,정상,0,0
GATE-09,PARKING-01,2026-01-07 01:00:00,41.87,4.26,23.54,2.95,1.18,28861,0,25,0,정상,0,0
GATE-09,PARKING-01,2026-01-07 02:00:00,36.29,4.41,23.48,3.24,1.38,28864,0,25,7.29,정상,0,0
GATE-09,PARKING-01,2026-01-07 03:00:00,35.92,3.52,23.33,3.06,1.31,28864,0,25,5.29,정상,0,0
GATE-09,PARKING-01,2026-01-07 04:00:00,37.25,4.15,23.65,2.85,1.37,28868,0,25,0.64,정상,0,0
GATE-09,PARKING-01,2026-01-07 05:00:00,38.22,4.59,23.78,3.05,1.24,28869,0,25,4.55,정상,0,0
GATE-09,PARKING-01,2026-01-07 06:00:00,40.25,4.68,23.71,2.89,1.29,28888,0,25,3.13,정상,0,0
GATE-09,PARKING-01,2026-01-07 07:00:00,42.48,4.61,23.82,2.94,1.15,28932,1,25,3.63,정상,0,0
GATE-09,PARKING-01,2026-01-07 08:00:00,43.43,5.13,23.89,3.09,1.03,28986,0,25,3.2,정상,0,0
GATE-09,PARKING-01,2026-01-07 09:00:00,43.93,4.99,23.61,2.88,1.28,29032,0,25,9.3,정상,0,0
GATE-09,PARKING-01,2026-01-07 10:00:00,36.94,4.41,23.53,2.84,1.07,29052,0,25,4.24,정상,0,0
GATE-09,PARKING-01,2026-01-07 11:00:00,38.17,4.26,23.86,2.9,1.61,29067,0,25,3.45,정상,0,0
GATE-09,PARKING-01,2026-01-07 12:00:00,40.83,4.83,23.85,2.72,1.39,29093,0,25,7,정상,0,0
GATE-09,PARKING-01,2026-01-07 13:00:00,42.89,4.25,24.13,3.02,1.88,29120,0,25,7.13,정상,0,0
GATE-09,PARKING-01,2026-01-07 14:00:00,40.97,4.21,23.45,2.85,1.06,29140,0,25,3.04,정상,0,0
GATE-09,PARKING-01,2026-01-07 15:00:00,39.86,4.3,23.56,2.8,1.39,29160,0,25,4.54,정상,0,0
GATE-09,PARKING-01,2026-01-07 16:00:00,38.33,4.77,24.15,2.55,1.41,29179,1,25,10.74,정상,0,0
GATE-09,PARKING-01,2026-01-07 17:00:00,41,4.75,24.16,2.79,1.46,29218,0,25,6.63,정상,0,0
GATE-09,PARKING-01,2026-01-07 18:00:00,42.77,4.71,23.69,2.6,1.44,29270,0,25,6.88,정상,0,0
GATE-09,PARKING-01,2026-01-07 19:00:00,40.41,5.23,24.62,3.24,1.28,29306,1,25,15.98,정상,0,0
GATE-09,PARKING-01,2026-01-07 20:00:00,43.04,5.04,24.16,3.2,1.59,29351,0,25,7.86,정상,0,0
GATE-09,PARKING-01,2026-01-07 21:00:00,39.58,4.89,23.57,2.72,1.39,29371,0,25,5.01,정상,0,0
GATE-09,PARKING-01,2026-01-07 22:00:00,39.44,4.6,24.12,2.63,1.15,29392,0,25,1.83,정상,0,0
GATE-09,PARKING-01,2026-01-07 23:00:00,38.6,4.62,24.02,2.97,1.36,29408,0,25,1.41,정상,0,0
GATE-09,PARKING-01,2026-01-08 00:00:00,35.96,3.6,23.85,2.82,1.22,29408,0,26,0.09,정상,0,0
GATE-09,PARKING-01,2026-01-08 01:00:00,38.27,4.49,23.93,2.77,1.27,29412,1,26,5.51,정상,0,0
GATE-09,PARKING-01,2026-01-08 02:00:00,37.77,3.93,23.94,3.26,1.42,29412,0,26,2.18,정상,0,0
GATE-09,PARKING-01,2026-01-08 03:00:00,37.34,3.62,24.11,3.03,1.35,29412,0,26,3.62,정상,0,0
GATE-09,PARKING-01,2026-01-08 04:00:00,35.86,3.58,24.1,2.69,1.48,29412,0,26,3.28,정상,0,0
GATE-09,PARKING-01,2026-01-08 05:00:00,37.89,4.52,23.63,2.63,1.52,29423,0,26,4.33,정상,0,0
GATE-09,PARKING-01,2026-01-08 06:00:00,39.27,4.37,24,2.91,1.55,29448,1,26,9.61,정상,0,0
GATE-09,PARKING-01,2026-01-08 07:00:00,43.88,4.43,23.79,2.63,1.28,29491,0,26,4.83,정상,0,0
GATE-09,PARKING-01,2026-01-08 08:00:00,44.13,4.44,23.42,3.01,1.38,29543,0,26,8.02,정상,0,0
GATE-09,PARKING-01,2026-01-08 09:00:00,40.84,5.21,24.04,3,1.17,29588,0,26,4.01,정상,0,0
GATE-09,PARKING-01,2026-01-08 10:00:00,39.65,4.51,23.66,2.94,1.56,29610,1,26,12.96,정상,0,0
GATE-09,PARKING-01,2026-01-08 11:00:00,38.37,3.9,24.13,2.86,1.08,29629,0,26,1.53,정상,0,0
GATE-09,PARKING-01,2026-01-08 12:00:00,44.17,4.61,23.83,2.98,1.29,29661,0,26,1.74,정상,0,0
GATE-09,PARKING-01,2026-01-08 13:00:00,37.82,4.6,23.82,3.06,1.71,29682,1,26,6.24,정상,0,0
GATE-09,PARKING-01,2026-01-08 14:00:00,37.94,4.47,23.79,3.06,1.36,29698,1,26,7.13,정상,0,0
GATE-09,PARKING-01,2026-01-08 15:00:00,39.07,4.56,23.93,2.98,1.27,29719,0,26,2.11,정상,0,0
GATE-09,PARKING-01,2026-01-08 16:00:00,36.31,4.49,23.84,2.85,1.52,29734,1,26,8.9,정상,0,0
GATE-09,PARKING-01,2026-01-08 17:00:00,41.13,5.26,23.57,2.82,1.34,29772,1,26,10.52,정상,0,0
GATE-09,PARKING-01,2026-01-08 18:00:00,42.46,4.89,24.29,2.83,1.29,29816,0,26,2.65,정상,0,0
GATE-09,PARKING-01,2026-01-08 19:00:00,45.18,4.98,23.98,2.79,1.54,29856,0,26,9.45,정상,0,0
GATE-09,PARKING-01,2026-01-08 20:00:00,39.75,4.9,23.91,2.82,1.33,29890,1,26,10.5,정상,0,0
GATE-09,PARKING-01,2026-01-08 21:00:00,38.98,4.34,23.9,2.81,1.55,29908,0,26,3.01,정상,0,0
GATE-09,PARKING-01,2026-01-08 22:00:00,42.82,4.51,24.02,2.82,1.81,29933,1,26,9.57,정상,0,0
GATE-09,PARKING-01,2026-01-08 23:00:00,39.34,4.53,23.87,3.09,1.46,29955,0,26,3.39,정상,0,0
GATE-09,PARKING-01,2026-01-09 00:00:00,36.94,4.18,24.18,2.8,1.3,29964,0,27,0,정상,0,0
GATE-09,PARKING-01,2026-01-09 01:00:00,36.32,4.33,23.59,2.86,1.35,29964,1,27,6.67,정상,0,0
GATE-09,PARKING-01,2026-01-09 02:00:00,37.89,3.89,23.96,3.16,1.12,29974,1,27,3.41,정상,0,0
GATE-09,PARKING-01,2026-01-09 03:00:00,39.26,4.17,23.39,2.6,1.35,29976,1,27,8.26,정상,0,0
GATE-09,PARKING-01,2026-01-09 04:00:00,41.21,4.63,23.72,3.23,1.38,29989,0,27,1.35,정상,0,0
GATE-09,PARKING-01,2026-01-09 05:00:00,39.88,3.78,23.73,2.94,1.25,29989,1,27,9.52,정상,0,0
GATE-09,PARKING-01,2026-01-09 06:00:00,42.85,4.62,24.34,2.93,1.46,30010,0,27,3.69,정상,0,0
GATE-09,PARKING-01,2026-01-09 07:00:00,43.24,4.38,23.55,2.8,1.36,30043,0,27,5.08,정상,0,0
GATE-09,PARKING-01,2026-01-09 08:00:00,45.42,5.1,23.85,3.09,1.2,30094,1,27,11.22,정상,0,0
GATE-09,PARKING-01,2026-01-09 09:00:00,42.95,5.35,23.78,3.1,1.79,30137,1,27,15.28,정상,0,0
GATE-09,PARKING-01,2026-01-09 10:00:00,40.2,4.68,24.18,2.91,1.49,30154,1,27,7.22,정상,0,0
GATE-09,PARKING-01,2026-01-09 11:00:00,41.41,4.22,24.23,2.95,1.03,30179,0,27,3.26,정상,0,0
GATE-09,PARKING-01,2026-01-09 12:00:00,38.3,4.58,23.81,3.33,1.36,30205,0,27,5.02,정상,0,0
GATE-09,PARKING-01,2026-01-09 13:00:00,38.95,4.46,24.09,2.92,1.62,30224,0,27,2.96,정상,0,0
GATE-09,PARKING-01,2026-01-09 14:00:00,40.55,4.32,23.91,2.99,1.8,30248,1,27,6.99,정상,0,0
GATE-09,PARKING-01,2026-01-09 15:00:00,37.65,4.23,23.86,2.82,1.23,30269,1,27,7.44,정상,0,0
GATE-09,PARKING-01,2026-01-09 16:00:00,41.09,4.39,23.92,2.83,1.55,30289,0,27,2.62,정상,0,0
GATE-09,PARKING-01,2026-01-09 17:00:00,43.78,4.93,23.63,2.99,1.48,30333,0,27,5.85,정상,0,0
GATE-09,PARKING-01,2026-01-09 18:00:00,46.93,4.79,23.21,3.14,1.36,30385,0,27,17.37,정상,0,0
GATE-09,PARKING-01,2026-01-09 19:00:00,43.18,5,24.36,2.67,1.63,30440,0,27,10.97,정상,0,0
GATE-09,PARKING-01,2026-01-09 20:00:00,40.48,4.61,23.32,3.09,1.77,30487,0,27,8.63,정상,0,0
GATE-09,PARKING-01,2026-01-09 21:00:00,42.18,4.51,23.82,2.93,1.65,30516,0,27,3.55,정상,0,0
GATE-09,PARKING-01,2026-01-09 22:00:00,38.94,4.29,23.56,2.53,1.52,30534,0,27,3.82,정상,0,0
GATE-09,PARKING-01,2026-01-09 23:00:00,40.71,4.79,23.72,2.97,1.47,30557,1,27,10.64,정상,0,0
GATE-09,PARKING-01,2026-01-10 00:00:00,38.97,3.83,24.07,3.05,1.25,30566,0,28,0.48,정상,0,0
GATE-09,PARKING-01,2026-01-10 01:00:00,36.94,4.14,24.1,3.01,1.58,30571,0,28,2.27,정상,0,0
GATE-09,PARKING-01,2026-01-10 02:00:00,34.96,4.31,23.76,2.93,1.35,30572,0,28,0.77,정상,0,0
GATE-09,PARKING-01,2026-01-10 03:00:00,38.85,4.55,23.94,2.76,1.33,30583,0,28,4.56,정상,0,0
GATE-09,PARKING-01,2026-01-10 04:00:00,41.4,4.62,23.92,2.81,1.25,30590,0,28,1.45,정상,0,0
GATE-09,PARKING-01,2026-01-10 05:00:00,39.81,3.99,23.63,3.22,1.36,30591,0,28,4.67,정상,0,0
GATE-09,PARKING-01,2026-01-10 06:00:00,41.79,5.13,24.07,2.73,1.67,30605,0,28,4.9,정상,0,0
GATE-09,PARKING-01,2026-01-10 07:00:00,42.13,5.04,24.2,2.95,1.14,30651,0,28,5.63,정상,0,0
GATE-09,PARKING-01,2026-01-10 08:00:00,41.18,4.41,24.12,2.81,1.41,30675,0,28,3.88,정상,0,0
GATE-09,PARKING-01,2026-01-10 09:00:00,42.98,4.95,23.55,2.95,1.7,30717,0,28,9.4,정상,0,0
GATE-09,PARKING-01,2026-01-10 10:00:00,43.85,4.82,23.94,2.95,1.49,30734,1,28,12.09,정상,0,0
GATE-09,PARKING-01,2026-01-10 11:00:00,42.11,4.54,23.78,3.08,1.26,30754,0,28,4.3,정상,0,0
GATE-09,PARKING-01,2026-01-10 12:00:00,41.41,4.51,23.85,3.14,1.89,30778,0,28,6.81,정상,0,0
GATE-09,PARKING-01,2026-01-10 13:00:00,39.34,4.55,23.61,2.96,1.84,30792,0,28,5.55,정상,0,0
GATE-09,PARKING-01,2026-01-10 14:00:00,40.66,4.29,23.81,3.33,1.43,30813,1,28,9.47,정상,0,0
GATE-09,PARKING-01,2026-01-10 15:00:00,39.89,4.43,23.86,2.88,1.63,30838,0,28,4.68,정상,0,0
GATE-09,PARKING-01,2026-01-10 16:00:00,43.29,4.44,24.17,2.62,1.48,30867,0,28,6.54,정상,0,0
GATE-09,PARKING-01,2026-01-10 17:00:00,41.2,4.56,23.75,3.08,1.53,30898,1,28,5.23,정상,0,0
GATE-09,PARKING-01,2026-01-10 18:00:00,38.62,4.05,23.93,3.1,1.3,30920,0,28,0.22,정상,0,0
GATE-09,PARKING-01,2026-01-10 19:00:00,45.56,5,23.92,3,1.51,30969,0,28,10.24,정상,0,0
GATE-09,PARKING-01,2026-01-10 20:00:00,42.73,4.97,23.81,3.06,1.49,31010,0,28,3.23,정상,0,0
GATE-09,PARKING-01,2026-01-10 21:00:00,39.24,4.48,23.7,3.01,1.71,31035,0,28,4.81,정상,0,0
GATE-09,PARKING-01,2026-01-10 22:00:00,44.4,4.34,23.75,2.91,1.65,31059,0,28,10.05,정상,0,0
GATE-09,PARKING-01,2026-01-10 23:00:00,37.54,4.37,23.38,2.94,1.61,31081,0,28,8.21,정상,0,0
GATE-09,PARKING-01,2026-01-11 00:00:00,38.4,4.19,23.43,2.78,1.57,31087,0,29,4.23,정상,0,0
GATE-09,PARKING-01,2026-01-11 01:00:00,37.79,3.77,23.86,2.72,1.54,31089,0,29,4.45,정상,0,0
GATE-09,PARKING-01,2026-01-11 02:00:00,39.55,4.44,24.01,3.27,1.33,31092,1,29,9.35,정상,0,0
GATE-09,PARKING-01,2026-01-11 03:00:00,40.54,4.14,24.09,2.97,1.48,31105,0,29,3.73,정상,0,0
GATE-09,PARKING-01,2026-01-11 04:00:00,39.63,4.11,23.67,3.06,1.76,31108,1,29,15.3,정상,0,0
GATE-09,PARKING-01,2026-01-11 05:00:00,39.18,3.59,23.84,2.75,1.36,31118,0,29,0.08,정상,0,0
GATE-09,PARKING-01,2026-01-11 06:00:00,44.47,4.4,23.95,2.96,1.23,31145,0,29,1.18,정상,0,0
GATE-09,PARKING-01,2026-01-11 07:00:00,45.61,4.99,23.89,3,1.45,31187,0,29,10.83,정상,0,0
GATE-09,PARKING-01,2026-01-11 08:00:00,40.52,4.57,23.49,3.14,1.27,31224,1,29,8.78,정상,0,0
GATE-09,PARKING-01,2026-01-11 09:00:00,43.91,4.48,23.79,3.13,1.62,31259,0,29,6.22,정상,0,0
GATE-09,PARKING-01,2026-01-11 10:00:00,39.6,4.65,23.7,2.82,1.5,31278,1,29,12.08,정상,0,0
GATE-09,PARKING-01,2026-01-11 11:00:00,39.72,4.62,23.78,3.07,1.58,31300,0,29,4.61,정상,0,0
GATE-09,PARKING-01,2026-01-11 12:00:00,39.88,4.5,23.94,2.94,1.4,31318,0,29,1.56,정상,0,0
GATE-09,PARKING-01,2026-01-11 13:00:00,40.7,5.05,23.27,2.84,1.4,31351,0,29,7.38,정상,0,0
GATE-09,PARKING-01,2026-01-11 14:00:00,41.82,4.73,23.3,3.05,1.55,31377,0,29,3.71,정상,0,0
GATE-09,PARKING-01,2026-01-11 15:00:00,41.25,5.09,24.06,3,1.46,31403,0,29,6.17,정상,0,0
GATE-09,PARKING-01,2026-01-11 16:00:00,41.9,4.72,23.91,3.06,1.57,31425,0,29,1.35,정상,0,0
GATE-09,PARKING-01,2026-01-11 17:00:00,42.88,5.5,23.89,3.06,1.3,31477,0,29,6.26,정상,0,0
GATE-09,PARKING-01,2026-01-11 18:00:00,39.44,4.99,23.94,2.97,1.54,31508,0,29,4.58,정상,0,0
GATE-09,PARKING-01,2026-01-11 19:00:00,43.22,5.33,23.69,3.35,1.38,31550,1,29,14.88,정상,0,0
GATE-09,PARKING-01,2026-01-11 20:00:00,41.63,4.45,23.87,3.05,1.7,31578,1,29,10.34,정상,0,0
GATE-09,PARKING-01,2026-01-11 21:00:00,38.71,4.57,24.2,3.25,1.43,31597,0,29,5.29,정상,0,0
GATE-09,PARKING-01,2026-01-11 22:00:00,41.04,3.77,23.95,2.83,1.5,31615,0,29,2.9,정상,0,0
GATE-09,PARKING-01,2026-01-11 23:00:00,42,4.3,24.49,2.51,1.76,31643,0,29,5.17,정상,0,0
GATE-09,PARKING-01,2026-01-12 00:00:00,39.2,4.31,24.12,2.85,1.71,31657,0,30,4.27,정상,0,0
GATE-09,PARKING-01,2026-01-12 01:00:00,38.31,4.06,24.06,2.75,1.45,31657,0,30,1.49,정상,0,0
GATE-09,PARKING-01,2026-01-12 02:00:00,36.53,4.24,23.61,3.28,1.23,31657,1,30,8.03,정상,0,0
GATE-09,PARKING-01,2026-01-12 03:00:00,36.32,4.37,23.93,2.85,1.19,31661,1,30,6.18,정상,0,0
GATE-09,PARKING-01,2026-01-12 04:00:00,38.41,4.29,23.7,2.66,1.77,31663,0,30,6.7,정상,0,0
GATE-09,PARKING-01,2026-01-12 05:00:00,37.49,4.07,23.77,3.27,1.17,31663,1,30,7.05,정상,0,0
GATE-09,PARKING-01,2026-01-12 06:00:00,39.8,4.63,23.93,3.03,1.42,31683,0,30,4.31,정상,0,0
GATE-09,PARKING-01,2026-01-12 07:00:00,46.47,5.43,23.68,2.95,1.66,31733,1,30,21.26,정상,0,0
GATE-09,PARKING-01,2026-01-12 08:00:00,44.17,5.03,24.11,2.9,1.59,31781,1,30,17.02,정상,0,0
GATE-09,PARKING-01,2026-01-12 09:00:00,44.37,5.44,24.35,3.24,1.43,31826,0,30,14.63,정상,0,0
GATE-09,PARKING-01,2026-01-12 10:00:00,39.61,4.79,23.34,3.15,1.43,31851,0,30,7.91,정상,0,0
GATE-09,PARKING-01,2026-01-12 11:00:00,42.56,4.27,23.98,3.04,1.44,31874,0,30,2.63,정상,0,0
GATE-09,PARKING-01,2026-01-12 12:00:00,42.06,4.35,23.61,2.73,1.47,31896,0,30,1.29,정상,0,0
GATE-09,PARKING-01,2026-01-12 13:00:00,39.16,4.66,23.99,2.89,1.44,31913,1,30,7.82,정상,0,0
GATE-09,PARKING-01,2026-01-12 14:00:00,42.26,4.88,23.97,2.94,1.54,31938,0,30,4.8,정상,0,0
GATE-09,PARKING-01,2026-01-12 15:00:00,41.98,4.31,23.84,2.77,1.71,31957,1,30,12.99,정상,0,0
GATE-09,PARKING-01,2026-01-12 16:00:00,40.93,4.53,23.78,3.22,1.29,31983,1,30,8.43,정상,0,0
GATE-09,PARKING-01,2026-01-12 17:00:00,44.89,4.68,24,2.97,1.3,32020,0,30,4.76,정상,0,0
GATE-09,PARKING-01,2026-01-12 18:00:00,42.82,4.47,23.79,2.95,1.63,32066,0,30,4.69,정상,0,0
GATE-09,PARKING-01,2026-01-12 19:00:00,43.24,4.43,24.2,3.03,1.44,32099,1,30,12.07,정상,0,0
GATE-09,PARKING-01,2026-01-12 20:00:00,44.19,5.02,23.75,3.2,1.82,32151,0,30,13.58,정상,0,0
GATE-09,PARKING-01,2026-01-12 21:00:00,43.85,4.32,24.05,2.78,1.4,32178,0,30,4.96,정상,0,0
GATE-09,PARKING-01,2026-01-12 22:00:00,40.85,4.5,23.58,3.15,1.64,32203,0,30,3.56,정상,0,0
GATE-09,PARKING-01,2026-01-12 23:00:00,43.75,4.7,23.54,3.06,2.07,32224,0,30,7.32,정상,0,0
GATE-09,PARKING-01,2026-01-13 00:00:00,39.45,4.5,23.65,2.95,1.2,32228,1,31,9.87,정상,0,0
GATE-09,PARKING-01,2026-01-13 01:00:00,41.3,4.38,24.13,3.12,1.84,32243,1,31,11.71,정상,0,0
GATE-09,PARKING-01,2026-01-13 02:00:00,37.71,3.86,24.01,2.98,1.41,32243,0,31,0,정상,0,0
GATE-09,PARKING-01,2026-01-13 03:00:00,38.75,3.97,23.88,3.17,1.65,32249,0,31,7.65,정상,0,0
GATE-09,PARKING-01,2026-01-13 04:00:00,39.82,4.05,23.8,3.03,1.42,32250,0,31,2.65,정상,0,0
GATE-09,PARKING-01,2026-01-13 05:00:00,34.97,4.29,23.67,3.24,1.87,32251,0,31,6.16,정상,0,0
GATE-09,PARKING-01,2026-01-13 06:00:00,42.24,4.52,24.08,3.01,1.64,32263,0,31,5.01,정상,0,0
GATE-09,PARKING-01,2026-01-13 07:00:00,42.01,4.73,23.68,2.99,1.49,32305,1,31,8.84,정상,0,0
GATE-09,PARKING-01,2026-01-13 08:00:00,43.26,4.41,24.02,3.11,1.48,32348,0,31,7.02,정상,0,0
GATE-09,PARKING-01,2026-01-13 09:00:00,43.79,4.61,23.83,2.96,1.52,32380,1,31,10.72,정상,0,0
GATE-09,PARKING-01,2026-01-13 10:00:00,44.36,5.29,24.44,2.99,1.59,32414,0,31,8.93,정상,0,0
GATE-09,PARKING-01,2026-01-13 11:00:00,44.27,4.95,23.59,2.95,1.44,32440,0,31,8.47,정상,0,0
GATE-09,PARKING-01,2026-01-13 12:00:00,41.07,4.94,23.53,2.95,1.69,32460,1,31,15.29,정상,0,0
GATE-09,PARKING-01,2026-01-13 13:00:00,40.19,4.56,23.67,3.01,1.71,32484,1,31,9.48,정상,0,0
GATE-09,PARKING-01,2026-01-13 14:00:00,38.17,4.23,23.53,2.92,1.77,32513,0,31,4.41,정상,0,0
GATE-09,PARKING-01,2026-01-13 15:00:00,39.83,4.42,23.7,3.09,1.56,32535,1,31,9.05,정상,0,0
GATE-09,PARKING-01,2026-01-13 16:00:00,40.94,4.7,23.87,3.21,1.69,32560,1,31,10.83,정상,0,0
GATE-09,PARKING-01,2026-01-13 17:00:00,43.43,5.53,23.46,3.16,1.62,32606,0,31,16.51,정상,0,0
GATE-09,PARKING-01,2026-01-13 18:00:00,41.42,5.35,23.56,3.09,1.77,32648,1,31,15.71,정상,0,0
GATE-09,PARKING-01,2026-01-13 19:00:00,41.86,5.53,23.66,2.75,1.75,32685,0,31,10.12,정상,0,0
GATE-09,PARKING-01,2026-01-13 20:00:00,44.43,5,23.83,3.01,1.46,32728,1,31,13.92,정상,0,0
GATE-09,PARKING-01,2026-01-13 21:00:00,41.9,4.66,23.78,2.76,1.71,32754,0,31,5.73,정상,0,0
GATE-09,PARKING-01,2026-01-13 22:00:00,42.49,5.18,23.56,3.07,1.67,32784,0,31,10.03,정상,0,0
GATE-09,PARKING-01,2026-01-13 23:00:00,40.74,4.42,23.9,3.02,2,32812,0,31,5.67,정상,0,0
GATE-09,PARKING-01,2026-01-14 00:00:00,40.22,4.75,23.87,3,1.67,32826,0,32,3.65,정상,0,0
GATE-09,PARKING-01,2026-01-14 01:00:00,38.18,4.51,23.42,2.73,1.84,32838,1,32,10.02,정상,0,0
GATE-09,PARKING-01,2026-01-14 02:00:00,40.5,4.54,24.18,3,1.58,32852,1,32,1.59,정상,0,0
GATE-09,PARKING-01,2026-01-14 03:00:00,41.53,4.43,23.68,2.98,1.52,32866,0,32,3.43,정상,0,0
GATE-09,PARKING-01,2026-01-14 04:00:00,38.7,4.29,23.72,3.35,1.91,32871,0,32,9.45,정상,0,0
GATE-09,PARKING-01,2026-01-14 05:00:00,39.56,4.44,23.78,2.94,1.54,32872,0,32,6.38,정상,0,0
GATE-09,PARKING-01,2026-01-14 06:00:00,38.85,4.4,23.73,3.25,1.76,32894,0,32,4.01,정상,0,0
GATE-09,PARKING-01,2026-01-14 07:00:00,41.91,5.17,23.95,3.03,1.84,32934,1,32,14.02,정상,0,0
GATE-09,PARKING-01,2026-01-14 08:00:00,45.07,5.12,23.67,3.11,1.68,32978,1,32,17.51,정상,0,0
GATE-09,PARKING-01,2026-01-14 09:00:00,44.76,5.08,23.89,2.96,1.63,33039,0,32,6.77,정상,0,0
GATE-09,PARKING-01,2026-01-14 10:00:00,39.02,4.35,23.86,2.72,1.59,33055,0,32,7.37,정상,0,0
GATE-09,PARKING-01,2026-01-14 11:00:00,42.05,4.74,23.76,2.89,1.41,33076,0,32,2.27,정상,0,0
GATE-09,PARKING-01,2026-01-14 12:00:00,37.68,4.45,23.26,3.28,1.43,33096,0,32,5.85,정상,0,0
GATE-09,PARKING-01,2026-01-14 13:00:00,39.96,4.78,24.01,2.98,1.68,33114,0,32,4.6,정상,0,0
GATE-09,PARKING-01,2026-01-14 14:00:00,41.74,4.61,23.74,2.98,1.58,33141,0,32,6.85,정상,0,0
GATE-09,PARKING-01,2026-01-14 15:00:00,42.82,4.65,23.96,3.15,1.87,33175,0,32,9.04,정상,0,0
GATE-09,PARKING-01,2026-01-14 16:00:00,41.75,4.44,23.34,3.14,1.75,33198,1,32,14.22,정상,0,0
GATE-09,PARKING-01,2026-01-14 17:00:00,46.88,5.19,23.89,3.33,1.81,33241,1,32,24.52,정상,0,0
GATE-09,PARKING-01,2026-01-14 18:00:00,44.69,4.68,23.97,2.92,1.51,33283,1,32,12.58,정상,0,0
GATE-09,PARKING-01,2026-01-14 19:00:00,43.75,5.45,23.77,3.02,1.64,33331,1,32,18.62,정상,0,0
GATE-09,PARKING-01,2026-01-14 20:00:00,46.96,5.24,23.54,3.19,1.77,33382,0,32,20.05,정상,0,0
GATE-09,PARKING-01,2026-01-14 21:00:00,43.43,4.73,23.09,3.15,1.44,33404,0,32,11.55,정상,0,0
GATE-09,PARKING-01,2026-01-14 22:00:00,40.51,3.84,23.37,2.91,1.54,33417,1,32,4.5,정상,0,0
GATE-09,PARKING-01,2026-01-14 23:00:00,42.06,4.4,24.07,3.22,1.72,33443,0,32,6.31,정상,0,0
GATE-09,PARKING-01,2026-01-15 00:00:00,38.02,4.19,23.75,2.85,1.75,33447,0,33,4.88,정상,0,0
GATE-09,PARKING-01,2026-01-15 01:00:00,37.76,4.03,23.49,3.05,1.88,33450,0,33,7.48,정상,0,0
GATE-09,PARKING-01,2026-01-15 02:00:00,40.9,4.43,23.9,2.81,1.6,33455,0,33,2.84,정상,0,0
GATE-09,PARKING-01,2026-01-15 03:00:00,37.59,4.61,24.06,3.33,1.8,33455,1,33,13.18,정상,0,0
GATE-09,PARKING-01,2026-01-15 04:00:00,39.99,4.47,24.35,2.71,1.63,33461,1,33,8.56,정상,0,0
GATE-09,PARKING-01,2026-01-15 05:00:00,39.1,4.48,24.06,2.82,1.6,33470,0,33,1.25,정상,0,0
GATE-09,PARKING-01,2026-01-15 06:00:00,41.56,4.3,23.76,2.84,1.93,33488,0,33,5.81,정상,0,0
GATE-09,PARKING-01,2026-01-15 07:00:00,42.39,5.57,23.51,3.12,1.68,33530,0,33,12.66,정상,0,0
GATE-09,PARKING-01,2026-01-15 08:00:00,43.88,5.41,24.05,2.78,1.77,33571,0,33,10.28,정상,0,0
GATE-09,PARKING-01,2026-01-15 09:00:00,44.06,5.45,23.77,3.11,1.58,33618,0,33,14.57,정상,0,0
GATE-09,PARKING-01,2026-01-15 10:00:00,39.05,4.88,23.75,2.79,1.47,33643,0,33,8.2,정상,0,0
GATE-09,PARKING-01,2026-01-15 11:00:00,46.09,4.61,24.25,2.94,1.71,33668,0,33,9.85,정상,0,0
GATE-09,PARKING-01,2026-01-15 12:00:00,39.72,4.42,23.69,3.1,1.91,33686,0,33,7.01,정상,0,0
GATE-09,PARKING-01,2026-01-15 13:00:00,39.99,4.5,23.78,3.23,1.86,33703,0,33,6.75,정상,0,0
GATE-09,PARKING-01,2026-01-15 14:00:00,41.85,5.17,23.48,3.11,1.81,33722,1,33,17.33,정상,0,0
GATE-09,PARKING-01,2026-01-15 15:00:00,41.71,5.31,24.13,3.16,1.65,33751,0,33,9.88,정상,0,0
GATE-09,PARKING-01,2026-01-15 16:00:00,40.78,5.21,23.73,3.12,1.63,33773,0,33,8.79,정상,0,0
GATE-09,PARKING-01,2026-01-15 17:00:00,44.4,5.29,24.15,3.17,1.48,33825,1,33,13.1,정상,0,0
GATE-09,PARKING-01,2026-01-15 18:00:00,47.95,5.62,23.72,2.93,1.6,33877,0,33,17.93,정상,0,0
GATE-09,PARKING-01,2026-01-15 19:00:00,43.41,5.36,24.03,2.96,1.95,33927,0,33,8.28,정상,0,0
GATE-09,PARKING-01,2026-01-15 20:00:00,40.93,4.88,24,3.02,1.84,33971,0,33,9.7,정상,0,0
GATE-09,PARKING-01,2026-01-15 21:00:00,45.16,4.3,23.47,2.99,1.76,33997,0,33,12.05,정상,0,0
GATE-09,PARKING-01,2026-01-15 22:00:00,41.97,4.53,23.68,3.31,2.14,34016,0,33,10.49,정상,0,0
GATE-09,PARKING-01,2026-01-15 23:00:00,37.93,5.12,23.95,2.97,1.35,34037,0,33,2.15,정상,0,0
GATE-09,PARKING-01,2026-01-16 00:00:00,38.06,4.42,23.92,3.16,1.7,34037,0,34,4.53,정상,0,0
GATE-09,PARKING-01,2026-01-16 01:00:00,37.57,4.18,24.18,2.9,1.44,34046,1,34,5.48,정상,0,0
GATE-09,PARKING-01,2026-01-16 02:00:00,38.99,4.48,23.84,3.05,1.83,34053,0,34,5.12,정상,0,0
GATE-09,PARKING-01,2026-01-16 03:00:00,37.47,4.48,23.75,3.23,1.43,34062,0,34,5.39,정상,0,0
GATE-09,PARKING-01,2026-01-16 04:00:00,39.82,4.22,23.45,3.49,1.83,34062,1,34,15.57,정상,0,0
GATE-09,PARKING-01,2026-01-16 05:00:00,38.73,4.1,23.68,3.19,1.57,34064,0,34,3.59,정상,0,0
GATE-09,PARKING-01,2026-01-16 06:00:00,43.03,4.8,24.15,3.37,1.57,34088,0,34,10.39,정상,0,0
GATE-09,PARKING-01,2026-01-16 07:00:00,42.59,5.24,23.62,3.15,1.96,34122,0,34,13.89,정상,0,0
GATE-09,PARKING-01,2026-01-16 08:00:00,44.92,5.24,23.7,2.9,1.82,34166,0,34,17.24,정상,0,0
GATE-09,PARKING-01,2026-01-16 09:00:00,43.14,5.49,23.29,3.02,1.64,34222,0,34,18.26,정상,0,0
GATE-09,PARKING-01,2026-01-16 10:00:00,40.43,4.46,24.05,3.14,1.78,34242,0,34,6.87,정상,0,0
GATE-09,PARKING-01,2026-01-16 11:00:00,41.3,4.31,23.75,2.94,1.56,34265,0,34,1.17,정상,0,0
GATE-09,PARKING-01,2026-01-16 12:00:00,40.87,4.64,23.85,3.1,1.7,34289,0,34,7.55,정상,0,0
GATE-09,PARKING-01,2026-01-16 13:00:00,42.77,4.52,24.11,3.08,1.78,34319,0,34,7.37,정상,0,0
GATE-09,PARKING-01,2026-01-16 14:00:00,38.66,4.93,23.79,2.98,1.79,34336,0,34,11.47,정상,0,0
GATE-09,PARKING-01,2026-01-16 15:00:00,41.56,5.56,23.98,3.29,1.91,34367,0,34,11.1,정상,0,0
GATE-09,PARKING-01,2026-01-16 16:00:00,38.67,4.26,23.68,3.32,1.47,34384,0,34,8.81,정상,0,0
GATE-09,PARKING-01,2026-01-16 17:00:00,45.03,5.03,23.7,3.16,2.2,34428,1,34,18.25,정상,0,0
GATE-09,PARKING-01,2026-01-16 18:00:00,47.97,5.21,23.86,3.02,1.61,34479,0,34,16.47,정상,0,0
GATE-09,PARKING-01,2026-01-16 19:00:00,46.8,5.53,24.28,3.08,1.79,34526,1,34,24.24,정상,0,0
GATE-09,PARKING-01,2026-01-16 20:00:00,44.41,5.13,23.67,2.95,1.66,34565,0,34,12.92,정상,0,0
GATE-09,PARKING-01,2026-01-16 21:00:00,40.32,5.05,23.95,3.18,1.58,34584,0,34,11.23,정상,0,0
GATE-09,PARKING-01,2026-01-16 22:00:00,42.7,4.89,23.77,3.19,1.63,34608,1,34,15.12,정상,0,0
GATE-09,PARKING-01,2026-01-16 23:00:00,41.02,4.54,23.7,3.13,1.6,34619,1,34,7.05,정상,0,0
GATE-09,PARKING-01,2026-01-17 00:00:00,37.47,4.37,23.35,3.34,1.8,34624,1,35,13.52,정상,0,0
GATE-09,PARKING-01,2026-01-17 01:00:00,42.38,4.42,23.41,3.23,1.71,34636,0,35,5.98,정상,0,0
GATE-09,PARKING-01,2026-01-17 02:00:00,37.84,4.51,23.86,3.06,1.63,34648,0,35,5.57,정상,0,0
GATE-09,PARKING-01,2026-01-17 03:00:00,40.2,4.09,23.72,2.96,1.52,34648,0,35,6,정상,0,0
GATE-09,PARKING-01,2026-01-17 04:00:00,41.45,4.32,24.01,2.94,1.76,34652,1,35,6.63,정상,0,0
GATE-09,PARKING-01,2026-01-17 05:00:00,40.29,4.11,23.6,3.13,1.57,34662,0,35,4.79,정상,0,0
GATE-09,PARKING-01,2026-01-17 06:00:00,40.73,5.1,24.07,3.32,1.92,34691,1,35,14.29,정상,0,0
GATE-09,PARKING-01,2026-01-17 07:00:00,40.17,5.22,23.44,3,1.56,34731,1,35,13.17,정상,0,0
GATE-09,PARKING-01,2026-01-17 08:00:00,47.95,5.72,23.73,3.06,1.84,34788,0,35,16.8,정상,0,0
GATE-09,PARKING-01,2026-01-17 09:00:00,45.67,5.3,23.76,3.03,1.75,34845,0,35,13.31,정상,0,0
GATE-09,PARKING-01,2026-01-17 10:00:00,39.79,4.82,23.69,3.23,1.55,34863,0,35,9.06,정상,0,0
GATE-09,PARKING-01,2026-01-17 11:00:00,39.51,4.84,23.73,3.17,1.62,34887,1,35,13.62,정상,0,0
GATE-09,PARKING-01,2026-01-17 12:00:00,41.81,4.51,23.81,3.29,1.57,34903,0,35,7.24,정상,0,0
GATE-09,PARKING-01,2026-01-17 13:00:00,41.51,4.46,23.58,3.36,1.47,34925,0,35,6.21,정상,0,0
GATE-09,PARKING-01,2026-01-17 14:00:00,41.15,4.89,24.14,3.46,1.75,34946,1,35,13.12,정상,0,0
GATE-09,PARKING-01,2026-01-17 15:00:00,42.12,4.38,24.29,3.15,1.43,34964,0,35,6.17,정상,0,0
GATE-09,PARKING-01,2026-01-17 16:00:00,40.54,4.96,23.92,3.32,1.31,34979,1,35,9.06,정상,0,0
GATE-09,PARKING-01,2026-01-17 17:00:00,43.78,5.23,23.56,3.19,1.54,35028,0,35,12.5,정상,0,0
GATE-09,PARKING-01,2026-01-17 18:00:00,42.24,4.9,23.67,3.05,1.82,35064,0,35,7.39,정상,0,0
GATE-09,PARKING-01,2026-01-17 19:00:00,44.93,4.95,23.88,3.29,1.89,35115,1,35,16.73,정상,0,0
GATE-09,PARKING-01,2026-01-17 20:00:00,45.39,5.67,23.47,3.02,1.73,35164,0,35,17.93,정상,0,0
GATE-09,PARKING-01,2026-01-17 21:00:00,43.41,4.71,24.01,3.01,1.56,35195,1,35,12.31,정상,0,0
GATE-09,PARKING-01,2026-01-17 22:00:00,43.02,4.99,23.82,3.35,1.89,35216,0,35,12.81,정상,0,0
GATE-09,PARKING-01,2026-01-17 23:00:00,43.67,5.03,23.74,3.06,1.54,35233,0,35,7.49,정상,0,0
GATE-09,PARKING-01,2026-01-18 00:00:00,37.61,4.48,23.82,3.38,2.1,35239,0,36,7.51,정상,0,0
GATE-09,PARKING-01,2026-01-18 01:00:00,40.84,4.82,24.01,2.85,1.63,35251,0,36,2.87,정상,0,0
GATE-09,PARKING-01,2026-01-18 02:00:00,41.08,4.85,23.82,2.72,1.66,35264,0,36,1.86,정상,0,0
GATE-09,PARKING-01,2026-01-18 03:00:00,38.8,4.72,23.47,2.97,1.5,35267,1,36,11.09,정상,0,0
GATE-09,PARKING-01,2026-01-18 04:00:00,40.73,4.36,23.9,3.41,1.63,35269,0,36,8.1,정상,0,0
GATE-09,PARKING-01,2026-01-18 05:00:00,39.57,4.68,23.98,3.01,1.48,35276,0,36,4.11,정상,0,0
GATE-09,PARKING-01,2026-01-18 06:00:00,41.5,5.13,23.85,3.24,1.67,35297,0,36,11.11,정상,0,0
GATE-09,PARKING-01,2026-01-18 07:00:00,44.94,5.39,23.67,3.04,1.75,35334,0,36,15.28,정상,0,0
GATE-09,PARKING-01,2026-01-18 08:00:00,46.25,4.8,23.69,3.34,1.58,35380,0,36,13.6,정상,0,0
GATE-09,PARKING-01,2026-01-18 09:00:00,44.02,5.38,23.52,2.8,2.01,35423,0,36,17.09,정상,0,0
GATE-09,PARKING-01,2026-01-18 10:00:00,40.96,4.2,23.83,3,2.16,35440,0,36,7.57,정상,0,0
GATE-09,PARKING-01,2026-01-18 11:00:00,43.77,4.69,23.71,3.17,1.95,35463,0,36,9.27,정상,0,0
GATE-09,PARKING-01,2026-01-18 12:00:00,41.86,4.02,23.68,3.36,1.42,35474,0,36,4.81,정상,0,0
GATE-09,PARKING-01,2026-01-18 13:00:00,40.58,4.88,23.79,3.15,1.86,35498,0,36,7,정상,0,0
GATE-09,PARKING-01,2026-01-18 14:00:00,40.68,5.1,23.49,3.17,1.72,35520,1,36,16.99,정상,0,0
GATE-09,PARKING-01,2026-01-18 15:00:00,42.92,4.41,23.78,3.05,1.62,35538,0,36,5.13,정상,0,0
GATE-09,PARKING-01,2026-01-18 16:00:00,42.88,5.15,23.79,3.34,1.78,35553,1,36,16.94,정상,0,0
GATE-09,PARKING-01,2026-01-18 17:00:00,46.37,4.94,23.38,3.22,1.8,35599,1,36,21.52,정상,0,0
GATE-09,PARKING-01,2026-01-18 18:00:00,45.84,5.36,23.68,3.28,1.74,35636,2,36,25.33,정상,0,0
GATE-09,PARKING-01,2026-01-18 19:00:00,41.43,4.96,23.46,3.02,1.78,35668,0,36,6.75,정상,0,0
GATE-09,PARKING-01,2026-01-18 20:00:00,44.54,5.12,24.04,3.31,2.08,35719,1,36,20.01,정상,0,0
GATE-09,PARKING-01,2026-01-18 21:00:00,39.11,4.74,23.8,3.01,1.79,35738,0,36,7.2,정상,0,0
GATE-09,PARKING-01,2026-01-18 22:00:00,43.27,4.54,24.04,3.22,1.61,35767,0,36,9.47,정상,0,0
GATE-09,PARKING-01,2026-01-18 23:00:00,43.86,5.29,23.49,3.39,1.68,35792,1,36,19.06,정상,0,0
GATE-09,PARKING-01,2026-01-19 00:00:00,40.53,4.41,23.64,3.27,1.7,35798,1,37,8.44,정상,0,0
GATE-09,PARKING-01,2026-01-19 01:00:00,43.46,4.29,23.99,3.23,1.67,35810,0,37,4.15,정상,0,0
GATE-09,PARKING-01,2026-01-19 02:00:00,38.42,3.98,23.48,3.07,1.45,35812,1,37,9.28,정상,0,0
GATE-09,PARKING-01,2026-01-19 03:00:00,40.97,4.27,23.91,3.3,1.79,35815,1,37,9.05,정상,0,0
GATE-09,PARKING-01,2026-01-19 04:00:00,37.98,4.33,23.59,3.06,2.07,35822,0,37,9.91,정상,0,0
GATE-09,PARKING-01,2026-01-19 05:00:00,36.09,4.83,23.86,3.38,1.85,35822,0,37,10.38,정상,0,0
GATE-09,PARKING-01,2026-01-19 06:00:00,43,4.47,23.49,3.12,1.79,35854,0,37,6.68,정상,0,0
GATE-09,PARKING-01,2026-01-19 07:00:00,40.04,5.2,23.51,3.11,1.53,35888,0,37,7.18,정상,0,0
GATE-09,PARKING-01,2026-01-19 08:00:00,45.19,5.11,23.43,3.32,1.82,35934,0,37,13.21,정상,0,0
GATE-09,PARKING-01,2026-01-19 09:00:00,45.47,4.93,23.49,2.97,2.06,35982,1,37,18.7,정상,0,0
GATE-09,PARKING-01,2026-01-19 10:00:00,43.27,4.89,24.1,3.06,1.58,36001,0,37,7.07,정상,0,0
GATE-09,PARKING-01,2026-01-19 11:00:00,43.86,5.08,24.09,2.99,1.93,36022,1,37,13.22,정상,0,0
GATE-09,PARKING-01,2026-01-19 12:00:00,41.53,4.76,23.77,3.12,1.88,36039,1,37,14.6,정상,0,0
GATE-09,PARKING-01,2026-01-19 13:00:00,39.49,4.41,23.95,3.06,1.69,36058,0,37,1.75,정상,0,0
GATE-09,PARKING-01,2026-01-19 14:00:00,40.76,5.16,23.86,2.86,1.69,36071,0,37,5.93,정상,0,0
GATE-09,PARKING-01,2026-01-19 15:00:00,40.15,5.02,23.55,3.19,2.01,36093,1,37,15.41,정상,0,0
GATE-09,PARKING-01,2026-01-19 16:00:00,44.67,4.68,24.1,3.18,2.02,36119,0,37,12.45,정상,0,0
GATE-09,PARKING-01,2026-01-19 17:00:00,43.93,4.46,23.61,3.29,1.67,36155,0,37,9.81,정상,0,0
GATE-09,PARKING-01,2026-01-19 18:00:00,41.23,5.31,23.49,3.4,1.43,36184,0,37,8.53,정상,0,0
GATE-09,PARKING-01,2026-01-19 19:00:00,48.44,5.22,23.51,2.94,1.43,36240,0,37,15.3,정상,0,0
GATE-09,PARKING-01,2026-01-19 20:00:00,46.72,5.35,23.84,3.01,1.75,36288,1,37,17.76,정상,0,0
GATE-09,PARKING-01,2026-01-19 21:00:00,45.38,5.18,23.78,3.1,1.82,36316,1,37,18.11,정상,0,0
GATE-09,PARKING-01,2026-01-19 22:00:00,43.07,4.85,23.85,2.92,1.67,36332,0,37,8.52,정상,0,0
GATE-09,PARKING-01,2026-01-19 23:00:00,43.51,4.58,23.92,3.45,1.82,36352,1,37,13.98,정상,0,0
GATE-09,PARKING-01,2026-01-20 00:00:00,40.74,4.47,23.39,3.29,1.96,36353,0,38,10.62,정상,0,0
GATE-09,PARKING-01,2026-01-20 01:00:00,41.98,4.45,23.81,3.51,1.79,36357,0,38,8.25,정상,0,0
GATE-09,PARKING-01,2026-01-20 02:00:00,39.54,5.01,23.75,3.14,1.93,36367,2,38,15.59,정상,0,0
GATE-09,PARKING-01,2026-01-20 03:00:00,38.45,4.31,23.55,2.81,1.73,36367,0,38,7.71,정상,0,0
GATE-09,PARKING-01,2026-01-20 04:00:00,38.97,4.46,24.12,3.23,1.8,36385,0,38,7.42,정상,0,0
GATE-09,PARKING-01,2026-01-20 05:00:00,39.17,4.81,23.7,3.27,1.9,36394,1,38,16.18,정상,0,0
GATE-09,PARKING-01,2026-01-20 06:00:00,41.92,5.07,23.77,3.11,1.98,36418,1,38,14.66,정상,0,0
GATE-09,PARKING-01,2026-01-20 07:00:00,43.62,5.62,23.62,3.24,1.42,36473,0,38,12.9,정상,0,0
GATE-09,PARKING-01,2026-01-20 08:00:00,47.13,4.7,23.95,3.18,1.78,36519,0,38,10.61,정상,0,0
GATE-09,PARKING-01,2026-01-20 09:00:00,47.16,5.47,23.47,3.13,1.53,36573,1,38,22.54,정상,0,0
GATE-09,PARKING-01,2026-01-20 10:00:00,41.71,5.15,24.16,3.19,1.81,36597,0,38,5.53,정상,0,0
GATE-09,PARKING-01,2026-01-20 11:00:00,41.21,5.02,23.57,3.56,1.94,36615,1,38,21.28,정상,0,0
GATE-09,PARKING-01,2026-01-20 12:00:00,41.13,4.53,23.58,3.34,1.79,36636,1,38,16.22,정상,0,0
GATE-09,PARKING-01,2026-01-20 13:00:00,41.02,4.53,23.88,3.39,1.68,36658,0,38,6.4,정상,0,0
GATE-09,PARKING-01,2026-01-20 14:00:00,43.73,4.79,23.84,3.27,1.94,36680,0,38,13.62,정상,0,0
GATE-09,PARKING-01,2026-01-20 15:00:00,43.87,4.52,23.76,3.43,1.59,36704,1,38,15.3,정상,0,0
GATE-09,PARKING-01,2026-01-20 16:00:00,43.75,5.06,23.63,3.35,1.76,36728,1,38,19.99,정상,0,0
GATE-09,PARKING-01,2026-01-20 17:00:00,45.07,5.29,23.63,3.41,2.53,36766,0,38,22.65,정상,0,0
GATE-09,PARKING-01,2026-01-20 18:00:00,47.3,5.63,24.01,3.63,2.25,36820,0,38,21.12,정상,0,0
GATE-09,PARKING-01,2026-01-20 19:00:00,42.4,5.86,23.61,3.5,2.35,36844,0,38,22.61,정상,0,0
GATE-09,PARKING-01,2026-01-20 20:00:00,46.4,5.74,23.92,3.57,2.15,36884,1,38,26.92,정상,0,0
GATE-09,PARKING-01,2026-01-20 21:00:00,43.42,5.87,24.09,3.69,2.03,36902,1,38,25.69,정상,0,0
GATE-09,PARKING-01,2026-01-20 22:00:00,49.1,5.08,23.74,3.82,2.38,36930,2,38,39.45,주의,0,0
GATE-09,PARKING-01,2026-01-20 23:00:00,45.16,5.51,23.4,3.36,2.72,36957,1,38,28.48,정상,0,0
GATE-09,PARKING-01,2026-01-21 00:00:00,44.17,5.47,23.82,3.76,2.81,36962,1,39,29.44,정상,0,0
GATE-09,PARKING-01,2026-01-21 01:00:00,41.42,5.89,23.01,3.71,2.83,36975,0,39,31.68,정상,0,0
GATE-09,PARKING-01,2026-01-21 02:00:00,43.74,5.57,23.69,3.52,2.93,36983,1,39,30.38,정상,0,0
GATE-09,PARKING-01,2026-01-21 03:00:00,44.16,5.79,23.38,4.14,2.58,36986,2,39,38.38,정상,0,0
GATE-09,PARKING-01,2026-01-21 04:00:00,46.47,6.03,23.38,3.88,2.9,37001,1,39,38.92,주의,0,0
GATE-09,PARKING-01,2026-01-21 05:00:00,45.02,5.91,23.32,3.89,3.02,37001,1,39,33.49,정상,0,0
GATE-09,PARKING-01,2026-01-21 06:00:00,48.38,6.78,22.82,3.95,3.12,37030,2,39,55.34,주의,0,0
GATE-09,PARKING-01,2026-01-21 07:00:00,49.82,6.8,23.43,3.93,3.04,37074,1,39,50.05,주의,0,0
GATE-09,PARKING-01,2026-01-21 08:00:00,49.9,6.18,23.31,4.26,3.38,37116,2,39,56.53,주의,0,0
GATE-09,PARKING-01,2026-01-21 09:00:00,48.33,7.08,23.47,4.45,3.26,37159,1,39,55.45,주의,0,0
GATE-09,PARKING-01,2026-01-21 10:00:00,49.64,6.46,22.88,4.66,3.23,37184,1,39,54.13,주의,0,0
GATE-09,PARKING-01,2026-01-21 11:00:00,46.28,6.87,23.42,4.09,3.53,37204,2,39,56.77,주의,0,0
GATE-09,PARKING-01,2026-01-21 12:00:00,49.5,6.7,23.09,4.24,3.68,37229,2,39,63.51,주의,0,0
GATE-09,PARKING-01,2026-01-21 13:00:00,48.5,6.77,23.07,4.33,3.58,37251,2,39,60.76,주의,0,0
GATE-09,PARKING-01,2026-01-21 14:00:00,49.76,7.21,23.19,4.33,3.77,37274,3,39,71.06,주의,0,0
GATE-09,PARKING-01,2026-01-21 15:00:00,49.96,7.46,23.06,4.54,3.37,37303,3,39,70.48,주의,0,0
GATE-09,PARKING-01,2026-01-21 16:00:00,51.67,7.09,23.42,5.07,3.69,37330,2,39,72.73,주의,0,0
GATE-09,PARKING-01,2026-01-21 17:00:00,54.6,7.79,22.69,4.35,4.15,37371,3,39,86.22,주의,0,0
GATE-09,PARKING-01,2026-01-21 18:00:00,55.47,8.06,23,4.95,3.59,37413,3,39,86.74,주의,0,0
GATE-09,PARKING-01,2026-01-21 19:00:00,59.43,8.18,23.06,4.93,4.17,37465,3,39,97.7,위험,0,0
GATE-09,PARKING-01,2026-01-21 20:00:00,52.11,8.08,23.03,4.93,3.95,37509,3,39,85.89,주의,0,0
GATE-09,PARKING-01,2026-01-21 21:00:00,52.61,8.1,23.11,4.98,4.08,37534,3,39,83.94,주의,0,0
GATE-09,PARKING-01,2026-01-21 22:00:00,54.96,8.46,23.51,4.87,4.31,37563,3,39,86.34,주의,0,0
GATE-09,PARKING-01,2026-01-21 23:00:00,51.82,8.24,22.78,5.25,4.43,37588,4,39,97.91,위험,0,1
GATE-09,PARKING-01,2026-01-22 00:00:00,53.12,7.92,22.66,4.91,4.72,37594,3,40,91.02,주의,0,0
GATE-09,PARKING-01,2026-01-22 01:00:00,52.82,7.25,22.47,5.22,4.44,37605,3,40,90.91,주의,0,0
GATE-09,PARKING-01,2026-01-22 02:00:00,52.55,7.99,22.75,5,4.72,37615,4,40,98.51,위험,0,1
GATE-09,PARKING-01,2026-01-22 03:00:00,55.12,7.83,23,5.23,4.59,37624,3,40,94.16,위험,0,1
GATE-09,PARKING-01,2026-01-22 04:00:00,43.94,5.34,24.13,3.19,1.77,37641,1,40,18.3,정상,0,0
GATE-09,PARKING-01,2026-01-22 05:00:00,40.14,4.79,23.75,3.43,1.87,37649,0,40,7.66,정상,0,0
GATE-09,PARKING-01,2026-01-22 06:00:00,41.5,5.08,24.07,3.61,1.89,37679,1,40,15.39,정상,0,0
GATE-09,PARKING-01,2026-01-22 07:00:00,43.67,5.31,23.79,3.22,1.66,37712,0,40,10.72,정상,0,0
GATE-09,PARKING-01,2026-01-22 08:00:00,43.25,6.09,23.68,3.29,1.77,37753,0,40,15.77,정상,0,0
GATE-09,PARKING-01,2026-01-22 09:00:00,47.4,5.17,23.26,3.11,1.86,37798,0,40,17.79,정상,0,0
GATE-09,PARKING-01,2026-01-22 10:00:00,46.87,5.05,23.81,3.03,2.22,37823,0,40,15.04,정상,0,0
GATE-09,PARKING-01,2026-01-22 11:00:00,43.59,5.01,23.39,3.44,1.92,37845,0,40,15.25,정상,0,0
GATE-09,PARKING-01,2026-01-22 12:00:00,43.9,4.97,23.61,3.24,2.2,37867,1,40,20.74,정상,0,0
GATE-09,PARKING-01,2026-01-22 13:00:00,43.19,5.05,23.93,3.36,1.82,37889,0,40,8.84,정상,0,0
GATE-09,PARKING-01,2026-01-22 14:00:00,38.46,4.6,23.45,3.11,1.73,37906,3,40,25.34,정상,0,0
GATE-09,PARKING-01,2026-01-22 15:00:00,43.95,4.98,23.89,3.45,1.91,37936,0,40,14.13,정상,0,0
GATE-09,PARKING-01,2026-01-22 16:00:00,43.81,5.29,23.81,3.38,2.15,37962,0,40,17.34,정상,0,0
GATE-09,PARKING-01,2026-01-22 17:00:00,44.25,4.76,23.85,3.24,1.64,38006,0,40,11.03,정상,0,0
GATE-09,PARKING-01,2026-01-22 18:00:00,42.77,5.3,23.45,2.92,1.85,38038,0,40,13.74,정상,0,0
GATE-09,PARKING-01,2026-01-22 19:00:00,45.93,4.92,24.06,3.57,1.97,38064,0,40,18.04,정상,0,0
GATE-09,PARKING-01,2026-01-22 20:00:00,44.75,4.75,24.12,3.19,1.49,38095,0,40,9.7,정상,0,0
GATE-09,PARKING-01,2026-01-22 21:00:00,39.99,4.78,23.59,3.35,1.98,38102,1,40,14.86,정상,0,0
GATE-09,PARKING-01,2026-01-22 22:00:00,42.91,4.28,23.56,3.26,1.71,38114,0,40,6.21,정상,0,0
GATE-09,PARKING-01,2026-01-22 23:00:00,42.46,5.16,23.74,3.2,2.15,38146,0,40,12.58,정상,0,0
GATE-09,PARKING-01,2026-01-23 00:00:00,38.96,4.39,23.59,3.29,1.76,38158,0,41,4.4,정상,0,0
GATE-09,PARKING-01,2026-01-23 01:00:00,40.8,4.62,23.53,3.51,1.78,38162,0,41,12.42,정상,0,0
GATE-09,PARKING-01,2026-01-23 02:00:00,38.74,5.59,23.61,3.37,1.77,38177,1,41,19.82,정상,0,0
GATE-09,PARKING-01,2026-01-23 03:00:00,40.02,4.6,23.61,3.2,2.07,38192,1,41,16.86,정상,0,0
GATE-09,PARKING-01,2026-01-23 04:00:00,39.46,4.08,23.68,3.42,1.76,38193,1,41,13.53,정상,0,0
GATE-09,PARKING-01,2026-01-23 05:00:00,42.55,4.75,23.75,3.49,2.06,38203,1,41,16.2,정상,0,0
GATE-09,PARKING-01,2026-01-23 06:00:00,42.08,4.8,23.3,3.23,1.81,38226,0,41,10.25,정상,0,0
GATE-09,PARKING-01,2026-01-23 07:00:00,46.98,5.33,23.57,3.26,1.55,38278,0,41,17.47,정상,0,0
GATE-09,PARKING-01,2026-01-23 08:00:00,47.57,5.35,23.87,3.23,2.07,38322,0,41,20.66,정상,0,0
GATE-09,PARKING-01,2026-01-23 09:00:00,45.26,5.52,24.12,3.32,2.1,38367,0,41,17.73,정상,0,0
GATE-09,PARKING-01,2026-01-23 10:00:00,40.18,5.08,23.89,3.35,1.97,38387,1,41,15.96,정상,0,0
GATE-09,PARKING-01,2026-01-23 11:00:00,41.98,4.94,23.88,3.02,1.59,38410,0,41,9.7,정상,0,0
GATE-09,PARKING-01,2026-01-23 12:00:00,44.62,5.1,23.31,3.67,2.19,38436,1,41,26.62,정상,0,0
GATE-09,PARKING-01,2026-01-23 13:00:00,43.71,4.73,24.02,3.13,1.88,38456,0,41,10.1,정상,0,0
GATE-09,PARKING-01,2026-01-23 14:00:00,40.2,5.02,23.29,3.14,1.6,38477,0,41,9.11,정상,0,0
GATE-09,PARKING-01,2026-01-23 15:00:00,44.34,5.17,23.56,3.19,2.11,38502,1,41,21.57,정상,0,0
GATE-09,PARKING-01,2026-01-23 16:00:00,40.35,4.81,23.68,3.2,1.8,38523,0,41,7.5,정상,0,0
GATE-09,PARKING-01,2026-01-23 17:00:00,45.2,5.21,23.92,3.04,2.03,38574,1,41,19.07,정상,0,0
GATE-09,PARKING-01,2026-01-23 18:00:00,45.69,5.52,23.4,3.29,1.94,38623,1,41,28.3,정상,0,0
GATE-09,PARKING-01,2026-01-23 19:00:00,43.76,5.62,23.7,3.26,1.92,38668,0,41,18.31,정상,0,0
GATE-09,PARKING-01,2026-01-23 20:00:00,43.9,5.37,24.21,3.48,2.16,38701,0,41,18,정상,0,0
GATE-09,PARKING-01,2026-01-23 21:00:00,41.73,5.04,23.64,3.31,1.79,38714,0,41,13.68,정상,0,0
GATE-09,PARKING-01,2026-01-23 22:00:00,43.22,4.81,23.57,3.07,2.03,38730,0,41,14.59,정상,0,0
GATE-09,PARKING-01,2026-01-23 23:00:00,41.81,4.68,23.9,3.31,2.15,38749,0,41,8.92,정상,0,0
GATE-09,PARKING-01,2026-01-24 00:00:00,40.81,4.16,23.95,3.28,2.1,38756,0,42,7.41,정상,0,0
GATE-09,PARKING-01,2026-01-24 01:00:00,40.54,5.05,23.58,3.11,1.69,38759,0,42,9.26,정상,0,0
GATE-09,PARKING-01,2026-01-24 02:00:00,39.61,4.85,23.83,3.03,1.9,38759,1,42,15.29,정상,0,0
GATE-09,PARKING-01,2026-01-24 03:00:00,42.6,5.3,23.23,3.33,2.05,38766,0,42,15.69,정상,0,0
GATE-09,PARKING-01,2026-01-24 04:00:00,42.94,5.01,23.78,3.33,1.81,38774,0,42,7.61,정상,0,0
GATE-09,PARKING-01,2026-01-24 05:00:00,39.46,5.06,23.49,3.35,1.89,38774,0,42,14.35,정상,0,0
GATE-09,PARKING-01,2026-01-24 06:00:00,41.21,5.23,23.72,3.28,1.79,38791,2,42,24.31,정상,0,0
GATE-09,PARKING-01,2026-01-24 07:00:00,41.87,5.25,23.61,3.2,2.11,38828,1,42,19.48,정상,0,0
GATE-09,PARKING-01,2026-01-24 08:00:00,43.32,5.16,23.43,3.34,1.9,38878,0,42,14.01,정상,0,0
GATE-09,PARKING-01,2026-01-24 09:00:00,43.81,5.06,23.53,3.2,2.21,38925,0,42,16.31,정상,0,0
GATE-09,PARKING-01,2026-01-24 10:00:00,42.13,4.49,23.88,3.34,1.89,38948,1,42,17.54,정상,0,0
GATE-09,PARKING-01,2026-01-24 11:00:00,42.45,4.98,23.73,3.61,1.9,38973,1,42,22.87,정상,0,0
GATE-09,PARKING-01,2026-01-24 12:00:00,44.54,4.51,24.08,2.94,2.02,38997,0,42,8.54,정상,0,0
GATE-09,PARKING-01,2026-01-24 13:00:00,41.92,4.64,23.98,3.47,1.86,39013,0,42,8.25,정상,0,0
GATE-09,PARKING-01,2026-01-24 14:00:00,41.9,5.01,23.43,3.52,1.89,39026,1,42,21.08,정상,0,0
GATE-09,PARKING-01,2026-01-24 15:00:00,43.68,4.99,23.54,3.38,1.65,39050,0,42,11.14,정상,0,0
GATE-09,PARKING-01,2026-01-24 16:00:00,44.13,5.27,23.34,3.23,2.14,39072,0,42,20.19,정상,0,0
GATE-09,PARKING-01,2026-01-24 17:00:00,45.05,5.42,23.87,3.24,2.21,39118,0,42,16.61,정상,0,0
GATE-09,PARKING-01,2026-01-24 18:00:00,43.77,4.69,23.66,3.34,1.7,39150,0,42,8.54,정상,0,0
GATE-09,PARKING-01,2026-01-24 19:00:00,44.67,5.39,23.81,3.6,2.07,39185,0,42,20.74,정상,0,0
GATE-09,PARKING-01,2026-01-24 20:00:00,47.2,5.33,23.86,3.36,1.85,39237,2,42,29.51,정상,0,0
GATE-09,PARKING-01,2026-01-24 21:00:00,43.5,4.96,23.7,3.41,2.11,39266,0,42,18.13,정상,0,0
GATE-09,PARKING-01,2026-01-24 22:00:00,40.33,4.99,23.44,3.51,2.19,39279,0,42,15.7,정상,0,0
GATE-09,PARKING-01,2026-01-24 23:00:00,42.89,5.3,23.85,3.12,1.85,39299,1,42,17.22,정상,0,0
GATE-09,PARKING-01,2026-01-25 00:00:00,41.97,4.33,23.37,2.96,2.02,39299,1,43,13.11,정상,0,0
GATE-09,PARKING-01,2026-01-25 01:00:00,40.12,4.78,23.65,3.33,1.8,39313,1,43,17.12,정상,0,0
GATE-09,PARKING-01,2026-01-25 02:00:00,39.04,4.79,23.69,3.39,2.02,39313,1,43,19.86,정상,0,0
GATE-09,PARKING-01,2026-01-25 03:00:00,40.32,4.82,23.4,3.56,2.03,39320,0,43,15.27,정상,0,0
GATE-09,PARKING-01,2026-01-25 04:00:00,40.15,4.5,23.85,3.57,2.05,39326,1,43,17.07,정상,0,0
GATE-09,PARKING-01,2026-01-25 05:00:00,38.04,5.62,23.79,3.57,1.93,39336,0,43,16.58,정상,0,0
GATE-09,PARKING-01,2026-01-25 06:00:00,43.12,5.02,23.2,3.39,1.86,39354,0,43,17,정상,0,0
GATE-09,PARKING-01,2026-01-25 07:00:00,48.68,5.11,23.55,3.28,1.79,39406,0,43,19.72,정상,0,0
GATE-09,PARKING-01,2026-01-25 08:00:00,47.72,5.81,24.18,3.42,2.02,39453,0,43,21.85,정상,0,0
GATE-09,PARKING-01,2026-01-25 09:00:00,42.53,4.83,23.33,3.51,1.8,39484,0,43,15.04,정상,0,0
GATE-09,PARKING-01,2026-01-25 10:00:00,44.19,4.78,23.88,3.23,1.85,39500,0,43,13.61,정상,0,0
GATE-09,PARKING-01,2026-01-25 11:00:00,45.63,5.22,24.11,3.33,2.03,39525,0,43,18.7,정상,0,0
GATE-09,PARKING-01,2026-01-25 12:00:00,40.73,5.23,23.51,3.24,1.81,39546,0,43,15.25,정상,0,0
GATE-09,PARKING-01,2026-01-25 13:00:00,44.53,5.44,23.77,3.25,1.88,39571,0,43,16.94,정상,0,0
GATE-09,PARKING-01,2026-01-25 14:00:00,41.11,4.66,23.73,3.31,1.64,39593,1,43,14.53,정상,0,0
GATE-09,PARKING-01,2026-01-25 15:00:00,42.89,5.26,23.51,3.11,2.14,39622,1,43,21.32,정상,0,0
GATE-09,PARKING-01,2026-01-25 16:00:00,43.33,5.07,23.43,3.47,2.14,39644,0,43,21.02,정상,0,0
GATE-09,PARKING-01,2026-01-25 17:00:00,42.93,5.56,23.41,3.02,2.14,39679,1,43,19.26,정상,0,0
GATE-09,PARKING-01,2026-01-25 18:00:00,44.31,5.38,23.48,3.41,1.99,39719,0,43,18.91,정상,0,0
GATE-09,PARKING-01,2026-01-25 19:00:00,47.53,6.27,23.71,3.46,1.93,39780,0,43,24.11,정상,0,0
GATE-09,PARKING-01,2026-01-25 20:00:00,46.12,5.31,24.05,3.18,1.82,39822,1,43,22.43,정상,0,0
GATE-09,PARKING-01,2026-01-25 21:00:00,45.72,4.85,23.66,3.45,1.91,39847,0,43,15.32,정상,0,0
GATE-09,PARKING-01,2026-01-25 22:00:00,43.06,5.24,23.82,3.21,1.63,39876,0,43,11.61,정상,0,0
GATE-09,PARKING-01,2026-01-25 23:00:00,40.95,4.72,24.18,3.15,1.84,39884,1,43,15.83,정상,0,0
GATE-09,PARKING-01,2026-01-26 00:00:00,42.15,4.98,23.4,3.02,2.01,39889,1,44,18.18,정상,0,0
GATE-09,PARKING-01,2026-01-26 01:00:00,42.87,4.9,23.29,3.53,2.29,39905,1,44,22.03,정상,0,0
GATE-09,PARKING-01,2026-01-26 02:00:00,40.65,4.46,24.16,3.29,2.12,39911,0,44,8.49,정상,0,0
GATE-09,PARKING-01,2026-01-26 03:00:00,44.42,4.34,23.78,2.96,1.98,39920,1,44,15.73,정상,0,0
GATE-09,PARKING-01,2026-01-26 04:00:00,41.14,5.05,23.84,3.12,2.03,39922,0,44,10.25,정상,0,0
GATE-09,PARKING-01,2026-01-26 05:00:00,40.03,4.87,23.55,3.06,1.77,39927,0,44,8.92,정상,0,0
GATE-09,PARKING-01,2026-01-26 06:00:00,41.59,5.41,23.64,3.38,2.17,39956,0,44,18.4,정상,0,0
GATE-09,PARKING-01,2026-01-26 07:00:00,44.84,5.18,23.74,3.44,1.94,40002,0,44,13.66,정상,0,0
GATE-09,PARKING-01,2026-01-26 08:00:00,42.13,5.42,23.47,3.63,1.82,40034,0,44,19.97,정상,0,0
GATE-09,PARKING-01,2026-01-26 09:00:00,45.94,6.16,24.12,3.12,1.93,40089,0,44,17.37,정상,0,0
GATE-09,PARKING-01,2026-01-26 10:00:00,43.95,4.63,23.56,3.2,2.03,40101,1,44,18.36,정상,0,0
GATE-09,PARKING-01,2026-01-26 11:00:00,43.91,4.93,23.39,3.4,2.33,40126,0,44,23.24,정상,0,0
GATE-09,PARKING-01,2026-01-26 12:00:00,42.71,4.91,23.72,3.17,1.94,40137,0,44,13.11,정상,0,0
GATE-09,PARKING-01,2026-01-26 13:00:00,45.29,5.14,23.91,3.46,2.3,40163,1,44,25.44,정상,0,0
GATE-09,PARKING-01,2026-01-26 14:00:00,41.94,5.02,23.95,3.5,1.95,40186,0,44,10.79,정상,0,0
GATE-09,PARKING-01,2026-01-26 15:00:00,41.85,5.71,23.6,3.21,2.21,40217,0,44,17.05,정상,0,0
GATE-09,PARKING-01,2026-01-26 16:00:00,43.25,5.54,23.81,3.37,1.72,40244,2,44,27.67,정상,0,0
GATE-09,PARKING-01,2026-01-26 17:00:00,43.78,5.46,23.45,3.31,1.86,40291,0,44,17.47,정상,0,0
GATE-09,PARKING-01,2026-01-26 18:00:00,46.38,5.47,23.85,3.63,2.03,40345,1,44,31.67,정상,0,0
GATE-09,PARKING-01,2026-01-26 19:00:00,43.59,5.39,23.38,3.58,2.03,40375,0,44,18.8,정상,0,0
GATE-09,PARKING-01,2026-01-26 20:00:00,47.78,5.68,23.7,3.44,2,40418,0,44,23.2,정상,0,0
GATE-09,PARKING-01,2026-01-26 21:00:00,44.59,5.24,23.39,3.34,2.09,40442,0,44,11.55,정상,0,0
GATE-09,PARKING-01,2026-01-26 22:00:00,47.85,5.85,24,3.19,1.79,40471,0,44,22.34,정상,0,0
GATE-09,PARKING-01,2026-01-26 23:00:00,43.08,4.76,23.91,3.43,1.94,40487,2,44,24.55,정상,0,0
GATE-09,PARKING-01,2026-01-27 00:00:00,41.36,4.39,23.79,3.25,1.75,40498,0,45,11.46,정상,0,0
GATE-09,PARKING-01,2026-01-27 01:00:00,39.73,4.68,23.3,3.09,2.08,40500,0,45,14.85,정상,0,0
GATE-09,PARKING-01,2026-01-27 02:00:00,39.36,4.39,23.56,2.82,1.98,40500,0,45,9.2,정상,0,0
GATE-09,PARKING-01,2026-01-27 03:00:00,42.52,5.15,23.24,3.25,2.05,40511,0,45,18.85,정상,0,0
GATE-09,PARKING-01,2026-01-27 04:00:00,42.73,4.93,23.65,3.52,2.1,40521,0,45,13.16,정상,0,0
GATE-09,PARKING-01,2026-01-27 05:00:00,42.3,5,23.86,3.32,1.6,40534,0,45,7.74,정상,0,0
GATE-09,PARKING-01,2026-01-27 06:00:00,40.04,5.05,23.67,3.32,1.8,40555,1,45,19.31,정상,0,0
GATE-09,PARKING-01,2026-01-27 07:00:00,46.94,5.39,24.04,3.27,1.8,40599,0,45,13.64,정상,0,0
GATE-09,PARKING-01,2026-01-27 08:00:00,44.69,5.98,23.55,3.31,1.89,40649,0,45,19.88,정상,0,0
GATE-09,PARKING-01,2026-01-27 09:00:00,48.36,5.41,23.77,3.53,1.73,40700,1,45,25.07,정상,0,0
GATE-09,PARKING-01,2026-01-27 10:00:00,43.54,5.25,23.76,3.28,2.36,40725,0,45,18.2,정상,0,0
GATE-09,PARKING-01,2026-01-27 11:00:00,45.16,5.11,23.53,3.42,2.27,40750,1,45,24.64,정상,0,0
GATE-09,PARKING-01,2026-01-27 12:00:00,41.44,5.2,23.54,3.47,2.09,40768,0,45,18.13,정상,0,0
GATE-09,PARKING-01,2026-01-27 13:00:00,44.93,4.98,23.97,3.24,1.95,40792,0,45,13.27,정상,0,0
GATE-09,PARKING-01,2026-01-27 14:00:00,41.78,4.54,23.11,3.16,2.05,40805,1,45,20.13,정상,0,0
GATE-09,PARKING-01,2026-01-27 15:00:00,45.1,4.58,24.19,3.56,2.4,40824,0,45,19.25,정상,0,0
GATE-09,PARKING-01,2026-01-27 16:00:00,40.62,5.02,23.84,3.22,2.24,40844,1,45,16.5,정상,0,0
GATE-09,PARKING-01,2026-01-27 17:00:00,45.89,5.93,23.76,3.3,1.84,40899,1,45,22.33,정상,0,0
GATE-09,PARKING-01,2026-01-27 18:00:00,42.52,5.83,23.46,3.34,2.07,40946,1,45,23.49,정상,0,0
GATE-09,PARKING-01,2026-01-27 19:00:00,42.76,5.34,23.6,3.54,2.04,40985,0,45,19.21,정상,0,0
GATE-09,PARKING-01,2026-01-27 20:00:00,46.25,5.68,23.63,3.46,2,41036,0,45,21.93,정상,0,0
GATE-09,PARKING-01,2026-01-27 21:00:00,41.35,5.08,24.1,3.53,2.27,41058,1,45,21.2,정상,0,0
GATE-09,PARKING-01,2026-01-27 22:00:00,43.39,4.3,23.82,3.06,1.88,41076,1,45,9.57,정상,0,0
GATE-09,PARKING-01,2026-01-27 23:00:00,44.09,5.65,23.78,3.26,2.08,41104,2,45,22.43,정상,0,0
GATE-09,PARKING-01,2026-01-28 00:00:00,42.69,4.57,23.55,3.19,1.98,41117,0,46,9.45,정상,0,0
GATE-09,PARKING-01,2026-01-28 01:00:00,42.33,4.51,23.87,3.15,2.28,41117,0,46,9.98,정상,0,0
GATE-09,PARKING-01,2026-01-28 02:00:00,40.84,4.61,23.35,3.23,2.02,41120,0,46,9.99,정상,0,0
GATE-09,PARKING-01,2026-01-28 03:00:00,39.74,4.76,23.69,3.47,2.32,41124,0,46,14.93,정상,0,0
GATE-09,PARKING-01,2026-01-28 04:00:00,40.36,4.29,23.8,3.18,1.82,41124,0,46,7.76,정상,0,0
GATE-09,PARKING-01,2026-01-28 05:00:00,40.82,4.93,23.8,3.1,2.12,41127,0,46,8.83,정상,0,0
GATE-09,PARKING-01,2026-01-28 06:00:00,43.83,4.78,23.82,3.46,2.11,41146,1,46,21.85,정상,0,0
GATE-09,PARKING-01,2026-01-28 07:00:00,42.88,5.12,23.69,3.58,2.1,41183,0,46,15.42,정상,0,0
GATE-09,PARKING-01,2026-01-28 08:00:00,47.96,5.35,23.85,3.06,1.94,41227,1,46,21.64,정상,0,0
GATE-09,PARKING-01,2026-01-28 09:00:00,44.56,4.83,23.37,3.25,2.29,41262,1,46,17.38,정상,0,0
GATE-09,PARKING-01,2026-01-28 10:00:00,42.2,5.29,23.52,3.52,2.25,41281,1,46,25.26,정상,0,0
GATE-09,PARKING-01,2026-01-28 11:00:00,43.16,5.43,24.19,3.06,1.91,41306,0,46,12.77,정상,0,0
GATE-09,PARKING-01,2026-01-28 12:00:00,40.88,5.14,23.41,3.31,2.12,41323,0,46,18.79,정상,0,0
GATE-09,PARKING-01,2026-01-28 13:00:00,43.49,5.03,23.94,3.45,1.72,41350,0,46,14.84,정상,0,0
GATE-09,PARKING-01,2026-01-28 14:00:00,44.68,5.57,23.93,3.28,1.6,41374,1,46,17.53,정상,0,0
GATE-09,PARKING-01,2026-01-28 15:00:00,44.96,4.82,23.54,3.29,1.94,41395,0,46,16.23,정상,0,0
GATE-09,PARKING-01,2026-01-28 16:00:00,43.94,4.74,23.75,3.12,1.83,41417,1,46,12.31,정상,0,0
GATE-09,PARKING-01,2026-01-28 17:00:00,43.55,5.29,24.11,3.41,1.9,41451,2,46,27.09,정상,0,0
GATE-09,PARKING-01,2026-01-28 18:00:00,45.83,5.68,23.83,2.91,1.94,41499,0,46,17.77,정상,0,0
GATE-09,PARKING-01,2026-01-28 19:00:00,45.33,5.55,23.33,3.05,2.54,41546,0,46,24.17,정상,0,0
GATE-09,PARKING-01,2026-01-28 20:00:00,47.75,5.18,23.61,3.25,2.27,41587,0,46,22.63,정상,0,0
GATE-09,PARKING-01,2026-01-28 21:00:00,41.61,4.6,23.99,3.17,1.65,41601,0,46,7.89,정상,0,0
GATE-09,PARKING-01,2026-01-28 22:00:00,44.24,5.08,23.37,3.59,2.07,41627,0,46,20.44,정상,0,0
GATE-09,PARKING-01,2026-01-28 23:00:00,40.85,5.46,23.69,3.39,1.93,41643,0,46,13.72,정상,0,0
GATE-09,PARKING-01,2026-01-29 00:00:00,43.17,5.16,23.28,3.27,2.32,41653,0,47,17.51,정상,0,0
GATE-09,PARKING-01,2026-01-29 01:00:00,40.66,5.07,23.91,3.44,1.64,41667,0,47,10.78,정상,0,0
GATE-09,PARKING-01,2026-01-29 02:00:00,39.46,5.24,24.1,3.57,1.92,41671,1,47,22.36,정상,0,0
GATE-09,PARKING-01,2026-01-29 03:00:00,41.7,5.3,23.2,3.4,2.13,41677,0,47,17.86,정상,0,0
GATE-09,PARKING-01,2026-01-29 04:00:00,42.41,4.59,23.67,3.44,2.32,41682,0,47,14.91,정상,0,0
GATE-09,PARKING-01,2026-01-29 05:00:00,42.7,4.6,23.78,3.3,2.15,41682,1,47,14.27,정상,0,0
GATE-09,PARKING-01,2026-01-29 06:00:00,40.63,5.76,23.7,3.57,2.21,41709,0,47,18.76,정상,0,0
GATE-09,PARKING-01,2026-01-29 07:00:00,44.21,5.62,24.01,3.34,2.32,41741,0,47,22.02,정상,0,0
GATE-09,PARKING-01,2026-01-29 08:00:00,47.55,5.78,23.68,3.57,1.68,41788,0,47,23.38,정상,0,0
GATE-09,PARKING-01,2026-01-29 09:00:00,45.63,6.13,23.82,3.52,2.16,41827,0,47,21.47,정상,0,0
GATE-09,PARKING-01,2026-01-29 10:00:00,40.84,4.82,23.53,3.45,1.99,41845,2,47,21.95,정상,0,0
GATE-09,PARKING-01,2026-01-29 11:00:00,43.63,5.34,23.91,3.38,1.82,41876,0,47,14.24,정상,0,0
GATE-09,PARKING-01,2026-01-29 12:00:00,40.36,5.59,23.54,3.35,1.86,41905,1,47,18.71,정상,0,0
GATE-09,PARKING-01,2026-01-29 13:00:00,46.86,5.17,23.78,3.36,2.01,41930,1,47,24.95,정상,0,0
GATE-09,PARKING-01,2026-01-29 14:00:00,42.69,5.05,23.63,3.58,2.17,41941,0,47,19.05,정상,0,0
GATE-09,PARKING-01,2026-01-29 15:00:00,42.43,4.54,23.49,3.25,1.83,41959,2,47,21.1,정상,0,0
GATE-09,PARKING-01,2026-01-29 16:00:00,42.47,5.4,23.59,3.66,1.93,41984,1,47,20.5,정상,0,0
GATE-09,PARKING-01,2026-01-29 17:00:00,44.49,4.92,23.46,3.09,2.08,42016,1,47,17.64,정상,0,0
GATE-09,PARKING-01,2026-01-29 18:00:00,43.69,5.95,23.47,3.31,1.86,42062,1,47,20.29,정상,0,0
GATE-09,PARKING-01,2026-01-29 19:00:00,45.05,5.38,23.7,3.66,2.19,42091,1,47,28.96,정상,0,0
GATE-09,PARKING-01,2026-01-29 20:00:00,48.3,5.88,23.37,3.53,2.2,42139,0,47,28.95,정상,0,0
GATE-09,PARKING-01,2026-01-29 21:00:00,42.41,4.78,23.4,3.52,2.23,42159,1,47,21.33,정상,0,0
GATE-09,PARKING-01,2026-01-29 22:00:00,44.37,5.08,23.68,3.35,2.12,42176,0,47,13.65,정상,0,0
GATE-09,PARKING-01,2026-01-29 23:00:00,45.3,5.41,23.32,3.3,2.17,42194,0,47,20.83,정상,0,0
GATE-09,PARKING-01,2026-01-30 00:00:00,41.2,4.58,23.67,3.39,2.1,42194,1,48,17.54,정상,0,0
GATE-09,PARKING-01,2026-01-30 01:00:00,40.42,4.37,23.94,3.6,1.96,42200,0,48,10.83,정상,0,0
GATE-09,PARKING-01,2026-01-30 02:00:00,41.75,4.82,23.62,3.52,2.11,42201,0,48,14.55,정상,0,0
GATE-09,PARKING-01,2026-01-30 03:00:00,43.11,5.21,23.81,3.31,2.07,42203,0,48,14.5,정상,0,0
GATE-09,PARKING-01,2026-01-30 04:00:00,41.5,5.1,23.62,3.29,1.98,42210,0,48,14.02,정상,0,0
GATE-09,PARKING-01,2026-01-30 05:00:00,43.36,4.67,24.02,3.4,2.05,42226,1,48,17.27,정상,0,0
GATE-09,PARKING-01,2026-01-30 06:00:00,45.45,5.43,24.19,3.19,1.93,42251,0,48,17.22,정상,0,0
GATE-09,PARKING-01,2026-01-30 07:00:00,46.22,5.95,23.35,3.25,2.11,42296,0,48,25.95,정상,0,0
GATE-09,PARKING-01,2026-01-30 08:00:00,42.67,5.91,24.09,3.51,2.35,42332,1,48,22.35,정상,0,0
GATE-09,PARKING-01,2026-01-30 09:00:00,50.73,5.62,23.28,3.63,2.03,42376,0,48,28.27,정상,0,0
GATE-09,PARKING-01,2026-01-30 10:00:00,46.95,5.11,23.76,3.25,2.24,42398,1,48,25.84,정상,0,0
GATE-09,PARKING-01,2026-01-30 11:00:00,40.42,5.45,23.84,3.3,2.17,42421,0,48,14.19,정상,0,0
GATE-09,PARKING-01,2026-01-30 12:00:00,45.31,4.73,23.9,3.44,2.19,42443,0,48,16.49,정상,0,0
GATE-09,PARKING-01,2026-01-30 13:00:00,42.64,5.43,23.7,3.4,1.98,42461,1,48,23.21,정상,0,0
GATE-09,PARKING-01,2026-01-30 14:00:00,46.25,4.98,23.74,3.53,2.07,42489,0,48,21.18,정상,0,0
GATE-09,PARKING-01,2026-01-30 15:00:00,44.42,4.87,23.44,3.37,2.15,42508,1,48,22.61,정상,0,0
GATE-09,PARKING-01,2026-01-30 16:00:00,44.55,5.14,23.37,3.19,2.11,42527,0,48,17.87,정상,0,0
GATE-09,PARKING-01,2026-01-30 17:00:00,46.3,5,23.81,3.49,2.04,42573,0,48,15.49,정상,0,0
GATE-09,PARKING-01,2026-01-30 18:00:00,46.38,5.59,23.01,3.29,2.33,42612,0,48,29.68,정상,0,0
GATE-09,PARKING-01,2026-01-30 19:00:00,46.12,5.39,23.21,3.24,2.2,42663,1,48,25.15,정상,0,0
GATE-09,PARKING-01,2026-01-30 20:00:00,49.21,5.81,23.74,3.54,2.22,42701,1,48,32.24,정상,0,0
GATE-09,PARKING-01,2026-01-30 21:00:00,47.37,5.24,24.16,3.66,2,42726,0,48,22.3,정상,0,0
GATE-09,PARKING-01,2026-01-30 22:00:00,43.56,5.06,23.58,3.55,2.02,42744,0,48,19.12,정상,0,0
GATE-09,PARKING-01,2026-01-30 23:00:00,44.7,5.55,23.2,3.18,2.09,42774,0,48,18.35,정상,0,0
GATE-09,PARKING-01,2026-01-31 00:00:00,39.37,4.96,23.44,3.13,2.04,42774,0,49,11.13,정상,0,0
GATE-09,PARKING-01,2026-01-31 01:00:00,41.63,4.4,23.22,3.39,2.02,42781,0,49,13.54,정상,0,0
GATE-09,PARKING-01,2026-01-31 02:00:00,40.95,5.24,23.98,3.47,2.08,42789,1,49,16.48,정상,0,0
GATE-09,PARKING-01,2026-01-31 03:00:00,43.34,4.68,23.22,3.23,2.04,42789,0,49,16.37,정상,0,0
GATE-09,PARKING-01,2026-01-31 04:00:00,42.13,4.57,23.56,3.56,2.31,42795,1,49,21.46,정상,0,0
GATE-09,PARKING-01,2026-01-31 05:00:00,37.92,4.75,24.09,3.43,2.13,42795,0,49,13.13,정상,0,0
GATE-09,PARKING-01,2026-01-31 06:00:00,42.58,5.37,23.5,3.84,2.07,42816,1,49,28.46,정상,0,0
GATE-09,PARKING-01,2026-01-31 07:00:00,44.8,5.2,23.59,3.48,2.16,42857,0,49,15.92,정상,0,0
GATE-09,PARKING-01,2026-01-31 08:00:00,47.12,5.64,23.46,3.57,2.01,42896,0,49,24.43,정상,0,0
GATE-09,PARKING-01,2026-01-31 09:00:00,47.32,5.18,23.6,3.63,2.34,42943,0,49,25.53,정상,0,0
GATE-09,PARKING-01,2026-01-31 10:00:00,42.44,5.46,23.86,3.25,1.93,42966,2,49,21,정상,0,0
GATE-09,PARKING-01,2026-01-31 11:00:00,43.87,4.9,24.26,3.6,1.69,42978,0,49,11.4,정상,0,0
GATE-09,PARKING-01,2026-01-31 12:00:00,44.37,5.24,23.3,3.35,2.28,43002,0,49,22.04,정상,0,0
GATE-09,PARKING-01,2026-01-31 13:00:00,43.17,5.65,23.54,3.38,2.01,43023,0,49,16.74,정상,0,0
GATE-09,PARKING-01,2026-01-31 14:00:00,42.24,5.54,23.51,3.33,2.15,43042,1,49,24.06,정상,0,0
GATE-09,PARKING-01,2026-01-31 15:00:00,44.24,5.31,23.76,3.7,2.01,43068,0,49,22.71,정상,0,0
GATE-09,PARKING-01,2026-01-31 16:00:00,43.72,5.19,23.76,3.44,2.14,43089,1,49,22.93,정상,0,0
GATE-09,PARKING-01,2026-01-31 17:00:00,46.99,5.68,23.34,3.61,2.02,43131,0,49,22.98,정상,0,0
GATE-09,PARKING-01,2026-01-31 18:00:00,46.39,5.53,24.14,3.66,2.3,43153,0,49,23.55,정상,0,0
GATE-09,PARKING-01,2026-01-31 19:00:00,48.73,5.14,23.45,3.52,1.86,43186,1,49,28.59,정상,0,0
GATE-09,PARKING-01,2026-01-31 20:00:00,46.42,5.35,23.86,3.43,2.06,43237,0,49,22.59,정상,0,0
GATE-09,PARKING-01,2026-01-31 21:00:00,45.96,5.23,23.27,3.45,2.2,43255,0,49,24.59,정상,0,0
GATE-09,PARKING-01,2026-01-31 22:00:00,45.06,5.43,22.97,3.21,2.37,43277,1,49,33.81,정상,0,0
GATE-09,PARKING-01,2026-01-31 23:00:00,45.12,5.05,23.63,3.43,2.15,43298,0,49,18.23,정상,0,0
GATE-09,PARKING-01,2026-02-01 00:00:00,40.39,5.18,23.3,3.31,2.18,43298,0,50,15.39,정상,0,0
GATE-09,PARKING-01,2026-02-01 01:00:00,40.77,5.2,24.11,3.42,2.63,43301,0,50,18.74,정상,0,0
GATE-09,PARKING-01,2026-02-01 02:00:00,40.88,4.92,23.91,3.3,2.13,43301,1,50,18.65,정상,0,0
GATE-09,PARKING-01,2026-02-01 03:00:00,42.11,4.99,23.48,3.42,2.27,43306,0,50,13.57,정상,0,0
GATE-09,PARKING-01,2026-02-01 04:00:00,42.71,5.22,24.28,3.57,2.28,43313,1,50,20.84,정상,0,0
GATE-09,PARKING-01,2026-02-01 05:00:00,42.03,4.93,23.57,3.31,2.16,43313,0,50,15.45,정상,0,0
GATE-09,PARKING-01,2026-02-01 06:00:00,42.39,5.52,23.47,3.63,2.53,43338,0,50,24.47,정상,0,0
GATE-09,PARKING-01,2026-02-01 07:00:00,46.25,5.44,23.46,3.28,2.33,43382,1,50,28.39,정상,0,0
GATE-09,PARKING-01,2026-02-01 08:00:00,45.49,5.51,23.96,3.62,2.24,43421,1,50,23.52,정상,0,0
GATE-09,PARKING-01,2026-02-01 09:00:00,43.6,5.77,23.34,3.55,2.24,43460,0,50,23.94,정상,0,0
GATE-09,PARKING-01,2026-02-01 10:00:00,45.54,5.5,23.24,2.97,2.42,43487,1,50,30.48,정상,0,0
GATE-09,PARKING-01,2026-02-01 11:00:00,41.75,5.49,23.56,3.8,2.36,43506,1,50,23.26,정상,0,0
GATE-09,PARKING-01,2026-02-01 12:00:00,42.74,5.18,23.85,3.32,2.01,43525,0,50,15.34,정상,0,0
GATE-09,PARKING-01,2026-02-01 13:00:00,42.97,5.39,23.35,3.33,2.19,43543,0,50,16.34,정상,0,0
GATE-09,PARKING-01,2026-02-01 14:00:00,41.68,5.41,23.82,3.42,2.24,43564,0,50,16.11,정상,0,0
GATE-09,PARKING-01,2026-02-01 15:00:00,41.75,5.08,23.97,3.19,2.2,43579,1,50,15.72,정상,0,0
GATE-09,PARKING-01,2026-02-01 16:00:00,43.91,5.42,23.95,3.44,2.43,43605,0,50,19.92,정상,0,0
GATE-09,PARKING-01,2026-02-01 17:00:00,50.19,5.87,23.36,3.21,2.31,43658,0,50,30.12,정상,0,0
GATE-09,PARKING-01,2026-02-01 18:00:00,45.64,5.23,23.68,3.37,2.04,43693,1,50,26.94,정상,0,0
GATE-09,PARKING-01,2026-02-01 19:00:00,44.48,4.97,23.93,2.98,2.43,43726,0,50,12.75,정상,0,0
GATE-09,PARKING-01,2026-02-01 20:00:00,43.18,5.81,23.65,3.61,2.46,43771,1,50,25.35,정상,0,0
GATE-09,PARKING-01,2026-02-01 21:00:00,45.39,4.99,23.23,3.43,2.34,43795,0,50,24.11,정상,0,0
GATE-09,PARKING-01,2026-02-01 22:00:00,42.84,5.29,23.72,3.32,2.38,43815,0,50,11.16,정상,0,0
GATE-09,PARKING-01,2026-02-01 23:00:00,45.96,5.25,23.47,3.21,2.32,43835,0,50,14.94,정상,0,0
GATE-09,PARKING-01,2026-02-02 00:00:00,44.45,4.75,23.69,3.57,2.04,43835,1,51,23.84,정상,0,0
GATE-09,PARKING-01,2026-02-02 01:00:00,43,4.99,23.48,3.56,2.34,43841,0,51,19.01,정상,0,0
GATE-09,PARKING-01,2026-02-02 02:00:00,40.23,4.72,23.59,3.92,2.23,43846,1,51,21.74,정상,0,0
GATE-09,PARKING-01,2026-02-02 03:00:00,40.94,4.64,24.03,3.39,2.28,43848,1,51,16.72,정상,0,0
GATE-09,PARKING-01,2026-02-02 04:00:00,43.22,4.81,23.69,3.63,2.54,43851,2,51,28.33,정상,0,0
GATE-09,PARKING-01,2026-02-02 05:00:00,43.86,5.02,23.55,3.47,2.24,43856,0,51,16.71,정상,0,0
GATE-09,PARKING-01,2026-02-02 06:00:00,42.78,5.17,23.74,3.33,2.11,43880,1,51,18.25,정상,0,0
GATE-09,PARKING-01,2026-02-02 07:00:00,45.89,6.75,24.26,3.45,2.2,43922,1,51,30.88,정상,0,0
GATE-09,PARKING-01,2026-02-02 08:00:00,50.33,5.67,23.25,3.29,2.3,43984,0,51,33.79,정상,0,0
GATE-09,PARKING-01,2026-02-02 09:00:00,46.55,5.67,23.87,3.77,2.25,44023,0,51,26.68,정상,0,0
GATE-09,PARKING-01,2026-02-02 10:00:00,42.95,5.24,23.56,3.53,2.07,44049,1,51,21.82,정상,0,0
GATE-09,PARKING-01,2026-02-02 11:00:00,43.93,5.37,23.61,3.8,2.24,44069,0,51,24.14,정상,0,0
GATE-09,PARKING-01,2026-02-02 12:00:00,42.83,5.58,23.9,3.88,2.43,44091,0,51,24.63,정상,0,0
GATE-09,PARKING-01,2026-02-02 13:00:00,42.68,4.91,23.43,3.65,2.33,44108,1,51,25.14,정상,0,0
GATE-09,PARKING-01,2026-02-02 14:00:00,41.08,5.74,23.08,3.39,2.61,44132,1,51,29.29,정상,0,0
GATE-09,PARKING-01,2026-02-02 15:00:00,44.82,4.99,23.72,3.52,2.14,44153,1,51,19.65,정상,0,0
GATE-09,PARKING-01,2026-02-02 16:00:00,42.89,5.32,23.71,3.39,2.09,44169,1,51,21.86,정상,0,0
GATE-09,PARKING-01,2026-02-02 17:00:00,48.73,5.55,23.79,3.2,2.4,44205,0,51,25.34,정상,0,0
GATE-09,PARKING-01,2026-02-02 18:00:00,46.53,5.42,23.45,3.41,2.19,44239,0,51,19.95,정상,0,0
GATE-09,PARKING-01,2026-02-02 19:00:00,45.94,5.09,23.94,3.3,2.23,44262,1,51,19.49,정상,0,0
GATE-09,PARKING-01,2026-02-02 20:00:00,46.9,5.17,23.47,3.42,2.01,44298,1,51,23.29,정상,0,0
GATE-09,PARKING-01,2026-02-02 21:00:00,41.68,4.89,23.19,3.57,2.05,44317,0,51,14.85,정상,0,0
GATE-09,PARKING-01,2026-02-02 22:00:00,42.44,5.09,23.47,3.5,2.27,44340,0,51,14.52,정상,0,0
GATE-09,PARKING-01,2026-02-02 23:00:00,44.21,5.36,23.38,3.57,2.02,44367,1,51,25.98,정상,0,0
GATE-09,PARKING-01,2026-02-03 00:00:00,39.69,5.66,23.94,3.37,2.49,44371,0,52,15.87,정상,0,0
GATE-09,PARKING-01,2026-02-03 01:00:00,42.04,5.45,23.44,3.45,2.32,44381,0,52,20.54,정상,0,0
GATE-09,PARKING-01,2026-02-03 02:00:00,42.69,5.24,23.74,3.58,2.38,44381,1,52,24.95,정상,0,0
GATE-09,PARKING-01,2026-02-03 03:00:00,42.84,5.25,23.68,3.31,2.05,44385,0,52,15.78,정상,0,0
GATE-09,PARKING-01,2026-02-03 04:00:00,39.75,5.69,23.68,3.66,1.96,44397,1,52,24.64,정상,0,0
GATE-09,PARKING-01,2026-02-03 05:00:00,40.32,5.13,23.48,3.48,2.03,44404,1,52,20.03,정상,0,0
GATE-09,PARKING-01,2026-02-03 06:00:00,40.86,5.66,23.42,3.44,2.14,44422,0,52,18.09,정상,0,0
GATE-09,PARKING-01,2026-02-03 07:00:00,49.71,6.16,23.52,3.72,2.37,44467,0,52,35.71,정상,0,0
GATE-09,PARKING-01,2026-02-03 08:00:00,43.75,5.76,23.87,3.29,2.33,44516,0,52,19.02,정상,0,0
GATE-09,PARKING-01,2026-02-03 09:00:00,47.07,5.7,23.7,3.41,2.15,44576,0,52,27.58,정상,0,0
GATE-09,PARKING-01,2026-02-03 10:00:00,45.89,4.97,23.58,3.37,2.21,44601,1,52,24.55,정상,0,0
GATE-09,PARKING-01,2026-02-03 11:00:00,41.34,5,23.57,3.3,2.26,44612,0,52,14.23,정상,0,0
GATE-09,PARKING-01,2026-02-03 12:00:00,44.63,5.41,23.56,3.95,2.14,44637,2,52,33.05,정상,0,0
GATE-09,PARKING-01,2026-02-03 13:00:00,45.45,5.68,23.74,3.31,2.72,44655,1,52,31.47,정상,0,0
GATE-09,PARKING-01,2026-02-03 14:00:00,42.56,5.26,23.57,3.6,2.27,44677,0,52,20.12,정상,0,0
GATE-09,PARKING-01,2026-02-03 15:00:00,44.09,5.1,23.69,3.71,2.08,44700,0,52,23.17,정상,0,0
GATE-09,PARKING-01,2026-02-03 16:00:00,43.92,5.21,23.93,3.5,2.2,44719,1,52,22.49,정상,0,0
GATE-09,PARKING-01,2026-02-03 17:00:00,41.68,5.48,23.31,3.55,2.59,44758,1,52,26.08,정상,0,0
GATE-09,PARKING-01,2026-02-03 18:00:00,47.8,5.7,23.63,3.59,2.29,44807,0,52,26.59,정상,0,0
GATE-09,PARKING-01,2026-02-03 19:00:00,47.63,5.74,23.31,3.32,2.35,44849,1,52,33.41,정상,0,0
GATE-09,PARKING-01,2026-02-03 20:00:00,42.7,5.57,23.63,3.84,2.28,44868,0,52,20.21,정상,0,0
GATE-09,PARKING-01,2026-02-03 21:00:00,42.88,5.42,23.6,3.75,2.25,44893,0,52,22.81,정상,0,0
GATE-09,PARKING-01,2026-02-03 22:00:00,44.39,5.62,23.75,3.49,2.31,44923,1,52,26.48,정상,0,0
GATE-09,PARKING-01,2026-02-03 23:00:00,46.65,5.6,23.65,3.86,2.35,44946,0,52,28.55,정상,0,0
GATE-09,PARKING-01,2026-02-04 00:00:00,41.52,4.62,24.03,3.4,1.97,44946,1,53,15.95,정상,0,0
GATE-09,PARKING-01,2026-02-04 01:00:00,43.63,5.16,23.58,3.8,2.2,44960,2,53,33.56,정상,0,0
GATE-09,PARKING-01,2026-02-04 02:00:00,45.53,5.72,23.71,3.5,2.32,44966,0,53,24.08,정상,0,0
GATE-09,PARKING-01,2026-02-04 03:00:00,42.17,5.42,23.53,3.57,2.58,44968,0,53,21.38,정상,0,0
GATE-09,PARKING-01,2026-02-04 04:00:00,44.47,5.44,23.47,3.86,2.21,44974,0,53,28.52,정상,0,0
GATE-09,PARKING-01,2026-02-04 05:00:00,41.81,4.77,23.33,3.58,2.32,44975,0,53,20.61,정상,0,0
GATE-09,PARKING-01,2026-02-04 06:00:00,44.07,5.03,23.33,3.61,2.43,44999,0,53,23.38,정상,0,0
GATE-09,PARKING-01,2026-02-04 07:00:00,46.27,5.94,23.52,3.56,2.24,45037,0,53,27.56,정상,0,0
GATE-09,PARKING-01,2026-02-04 08:00:00,46.39,5.66,23.56,3.62,2.32,45076,0,53,27.39,정상,0,0
GATE-09,PARKING-01,2026-02-04 09:00:00,48.89,5.76,23.74,3.44,2.02,45128,1,53,26.74,정상,0,0
GATE-09,PARKING-01,2026-02-04 10:00:00,43.93,5.64,23.21,3.63,2.26,45143,0,53,26.46,정상,0,0
GATE-09,PARKING-01,2026-02-04 11:00:00,44.39,5.67,23.62,3.63,2.01,45162,0,53,23.76,정상,0,0
GATE-09,PARKING-01,2026-02-04 12:00:00,41.95,5.5,23.38,3.38,2.38,45183,0,53,19.27,정상,0,0
GATE-09,PARKING-01,2026-02-04 13:00:00,45.11,5.95,23.91,3.87,2.11,45209,0,53,21.65,정상,0,0
GATE-09,PARKING-01,2026-02-04 14:00:00,45.07,5.29,23.79,3.5,2.32,45234,1,53,25.69,정상,0,0
GATE-09,PARKING-01,2026-02-04 15:00:00,41.52,5.22,23.57,3.58,2.38,45263,1,53,24.66,정상,0,0
GATE-09,PARKING-01,2026-02-04 16:00:00,45.21,5.71,23.2,3.56,2.44,45287,0,53,25.78,정상,0,0
GATE-09,PARKING-01,2026-02-04 17:00:00,49.45,5.88,23.59,3.61,2.21,45329,0,53,31.13,정상,0,0
GATE-09,PARKING-01,2026-02-04 18:00:00,49.17,5.55,23.57,3.56,2.48,45374,0,53,29.3,정상,0,0
GATE-09,PARKING-01,2026-02-04 19:00:00,48.43,5.41,23.74,3.3,2.76,45405,1,53,32.33,정상,0,0
GATE-09,PARKING-01,2026-02-04 20:00:00,47.84,5.57,23.96,3.53,2,45448,0,53,19.3,정상,0,0
GATE-09,PARKING-01,2026-02-04 21:00:00,49.27,5.34,23.32,3.34,2.17,45476,1,53,32.47,정상,0,0
GATE-09,PARKING-01,2026-02-04 22:00:00,45.16,5.43,23.54,3.8,2.47,45499,0,53,28.59,정상,0,0
GATE-09,PARKING-01,2026-02-04 23:00:00,46.38,5.25,23.7,3.54,2.64,45521,0,53,22.42,정상,0,0
GATE-09,PARKING-01,2026-02-05 00:00:00,43.16,5.41,23.51,3.29,2.28,45529,1,54,26.43,정상,0,0
GATE-09,PARKING-01,2026-02-05 01:00:00,40.09,5.02,23.57,3.75,2.01,45534,0,54,19.02,정상,0,0
GATE-09,PARKING-01,2026-02-05 02:00:00,45.06,5.36,23.65,3.83,2.29,45545,1,54,31.27,정상,0,0
GATE-09,PARKING-01,2026-02-05 03:00:00,41.75,5.46,23.36,3.66,2.32,45554,1,54,27.2,정상,0,0
GATE-09,PARKING-01,2026-02-05 04:00:00,42.97,5.21,23.38,3.52,2.24,45556,0,54,19.85,정상,0,0
GATE-09,PARKING-01,2026-02-05 05:00:00,40.45,5.14,22.84,3.73,2.5,45561,1,54,29.48,정상,0,0
GATE-09,PARKING-01,2026-02-05 06:00:00,47.25,5.23,23.55,3.35,2.75,45588,1,54,31.38,정상,0,0
GATE-09,PARKING-01,2026-02-05 07:00:00,46.85,5.93,23.82,3.71,2.44,45628,1,54,34.48,정상,0,0
GATE-09,PARKING-01,2026-02-05 08:00:00,43.73,6.01,23.48,3.74,2.35,45667,0,54,23.94,정상,0,0
GATE-09,PARKING-01,2026-02-05 09:00:00,45.6,5.05,23.44,3.58,2.33,45709,0,54,24.04,정상,0,0
GATE-09,PARKING-01,2026-02-05 10:00:00,43.08,5.58,23.76,3.7,2.26,45731,0,54,18.24,정상,0,0
GATE-09,PARKING-01,2026-02-05 11:00:00,48.15,5.42,23.84,3.74,2.22,45758,0,54,25.03,정상,0,0
GATE-09,PARKING-01,2026-02-05 12:00:00,42.02,6.02,23.25,3.64,2.22,45776,0,54,20.77,정상,0,0
GATE-09,PARKING-01,2026-02-05 13:00:00,42,6.02,23.47,3.68,2.11,45794,0,54,21.41,정상,0,0
GATE-09,PARKING-01,2026-02-05 14:00:00,42.92,5.78,23.56,3.36,2.19,45816,0,54,20.25,정상,0,0
GATE-09,PARKING-01,2026-02-05 15:00:00,44.31,5.55,23.38,3.29,2.3,45837,0,54,19.32,정상,0,0
GATE-09,PARKING-01,2026-02-05 16:00:00,45.04,5.84,24.37,3.29,2.44,45865,0,54,23.63,정상,0,0
GATE-09,PARKING-01,2026-02-05 17:00:00,45.99,5.73,23.98,3.67,2.12,45904,1,54,25.13,정상,0,0
GATE-09,PARKING-01,2026-02-05 18:00:00,42.68,6.02,23.44,3.54,2.28,45942,0,54,22.3,정상,0,0
GATE-09,PARKING-01,2026-02-05 19:00:00,45.3,6.13,23.06,3.5,2.62,45969,2,54,39.87,주의,0,0
GATE-09,PARKING-01,2026-02-05 20:00:00,46.36,5.65,23.77,3.32,2.6,46011,0,54,25.22,정상,0,0
GATE-09,PARKING-01,2026-02-05 21:00:00,44.93,4.78,23.58,3.72,2.04,46034,1,54,25.92,정상,0,0
GATE-09,PARKING-01,2026-02-05 22:00:00,46.95,5.72,23.79,3.53,2.41,46060,0,54,26.59,정상,0,0
GATE-09,PARKING-01,2026-02-05 23:00:00,46.3,5.02,23.83,3.72,2.11,46082,0,54,20.72,정상,0,0
GATE-09,PARKING-01,2026-02-06 00:00:00,41.45,5.22,23.39,3.26,2.34,46086,1,55,21.99,정상,0,0
GATE-09,PARKING-01,2026-02-06 01:00:00,40.94,5.25,23.47,3.44,2.29,46086,1,55,21.48,정상,0,0
GATE-09,PARKING-01,2026-02-06 02:00:00,46.51,5.11,23.76,3.94,2.39,46087,1,55,28.96,정상,0,0
GATE-09,PARKING-01,2026-02-06 03:00:00,44.41,4.82,23.62,3.29,2.25,46096,1,55,23.82,정상,0,0
GATE-09,PARKING-01,2026-02-06 04:00:00,39.61,4.94,23.79,3.41,2.41,46096,0,55,13.6,정상,0,0
GATE-09,PARKING-01,2026-02-06 05:00:00,44.96,5.79,23.72,3.58,2.41,46099,1,55,31.69,정상,0,0
GATE-09,PARKING-01,2026-02-06 06:00:00,44.25,5.41,23.4,3.48,2.76,46124,1,55,28.99,정상,0,0
GATE-09,PARKING-01,2026-02-06 07:00:00,47.43,6,24.01,3.5,2.08,46168,0,55,23.42,정상,0,0
GATE-09,PARKING-01,2026-02-06 08:00:00,49.15,6.49,23.62,3.7,2.2,46222,0,55,32.38,정상,0,0
GATE-09,PARKING-01,2026-02-06 09:00:00,48.16,5.99,23.6,3.7,2.36,46258,0,55,29.76,정상,0,0
GATE-09,PARKING-01,2026-02-06 10:00:00,45.45,5.69,23.63,3.91,2.64,46281,1,55,33.86,정상,0,0
GATE-09,PARKING-01,2026-02-06 11:00:00,46.55,5.66,23.97,3.68,2.79,46306,2,55,37.04,정상,0,0
GATE-09,PARKING-01,2026-02-06 12:00:00,48.22,5.45,23.82,3.54,2.37,46328,1,55,33.82,정상,0,0
GATE-09,PARKING-01,2026-02-06 13:00:00,48.96,6.6,23.74,3.87,2.56,46358,1,55,43.23,주의,0,0
GATE-09,PARKING-01,2026-02-06 14:00:00,49.44,5.96,23.2,4.09,2.95,46381,1,55,42.69,주의,0,0
GATE-09,PARKING-01,2026-02-06 15:00:00,45.55,6.22,23.43,4.13,2.76,46405,2,55,45.58,주의,0,0
GATE-09,PARKING-01,2026-02-06 16:00:00,49.67,6.03,23.31,4.3,2.91,46423,0,55,45.75,주의,0,0
GATE-09,PARKING-01,2026-02-06 17:00:00,47.48,6.34,23.43,4.34,2.9,46460,1,55,46.64,주의,0,0
GATE-09,PARKING-01,2026-02-06 18:00:00,52.58,7.53,23.58,4.54,3,46512,2,55,64.28,주의,0,0
GATE-09,PARKING-01,2026-02-06 19:00:00,52.07,7.29,23.23,4.21,3,46554,0,55,50.16,주의,0,0
GATE-09,PARKING-01,2026-02-06 20:00:00,53.89,7.36,23.52,4.3,3.18,46606,1,55,57.64,주의,0,0
GATE-09,PARKING-01,2026-02-06 21:00:00,47.05,6.66,23.63,4.44,3.43,46626,1,55,52.13,주의,0,0
GATE-09,PARKING-01,2026-02-06 22:00:00,50.12,6.36,23.52,4.52,3.31,46647,3,55,60.25,주의,0,0
GATE-09,PARKING-01,2026-02-06 23:00:00,51.53,7.43,22.74,4.3,3.64,46672,1,55,65.21,주의,0,0
GATE-09,PARKING-01,2026-02-07 00:00:00,47.77,6.53,23.36,4.73,3.51,46672,1,56,58.78,주의,0,0
GATE-09,PARKING-01,2026-02-07 01:00:00,49.06,6.84,22.9,4.67,3.21,46675,2,56,59.75,주의,0,0
GATE-09,PARKING-01,2026-02-07 02:00:00,46.62,6.58,23.26,4.61,4.07,46675,2,56,64.23,주의,0,0
GATE-09,PARKING-01,2026-02-07 03:00:00,52.19,6.78,22.96,4.82,3.95,46682,3,56,77.51,주의,0,0
GATE-09,PARKING-01,2026-02-07 04:00:00,52.16,7.04,23.08,4.85,3.71,46687,2,56,73.46,주의,0,0
GATE-09,PARKING-01,2026-02-07 05:00:00,48.71,7.09,23.07,4.58,4.35,46691,3,56,76.39,주의,0,0
GATE-09,PARKING-01,2026-02-07 06:00:00,50.57,7.67,23.11,5.02,4.17,46707,2,56,75.92,주의,0,0
GATE-09,PARKING-01,2026-02-07 07:00:00,55.93,7.94,22.96,4.89,4.16,46758,3,56,92.57,위험,0,0
GATE-09,PARKING-01,2026-02-07 08:00:00,55.91,8.41,22.87,4.95,4.33,46798,3,56,96.46,위험,0,0
GATE-09,PARKING-01,2026-02-07 09:00:00,55.1,8.73,22.93,4.83,4.36,46844,4,56,99.72,위험,0,0
GATE-09,PARKING-01,2026-02-07 10:00:00,53.3,7.34,23.04,5.2,4.58,46866,3,56,88.12,주의,0,0
GATE-09,PARKING-01,2026-02-07 11:00:00,56.03,8.31,22.89,5.28,4.87,46891,3,56,100,위험,0,0
GATE-09,PARKING-01,2026-02-07 12:00:00,56.19,8.21,23.3,4.95,4.61,46911,4,56,98.41,위험,0,0
GATE-09,PARKING-01,2026-02-07 13:00:00,55.65,7.83,23.03,5.63,4.52,46932,3,56,95.02,위험,0,0
GATE-09,PARKING-01,2026-02-07 14:00:00,57.54,8.39,22.67,5.47,4.64,46955,3,56,100,위험,0,0
GATE-09,PARKING-01,2026-02-07 15:00:00,58.15,7.75,22.29,5.5,4.75,46978,4,56,100,위험,0,1
GATE-09,PARKING-01,2026-02-07 16:00:00,58.66,7.73,22.46,5.12,5.02,47000,4,56,100,위험,0,1
GATE-09,PARKING-01,2026-02-07 17:00:00,57.33,8.83,22.97,5.44,4.73,47044,4,56,100,위험,0,0
GATE-09,PARKING-01,2026-02-07 18:00:00,62.28,9.22,22.98,5.48,5.02,47099,3,56,100,위험,0,0
GATE-09,PARKING-01,2026-02-07 19:00:00,60.91,8.87,22.99,5.79,5.29,47142,4,56,100,위험,0,0
GATE-09,PARKING-01,2026-02-07 20:00:00,60.42,9.21,22.9,5.57,5.13,47179,5,56,100,위험,0,0
GATE-09,PARKING-01,2026-02-07 21:00:00,46.84,5.54,23.51,3.59,2.58,47201,0,56,26.28,정상,0,0
GATE-09,PARKING-01,2026-02-07 22:00:00,43.95,5.21,23.77,3.5,2.22,47220,1,56,22.45,정상,0,0
GATE-09,PARKING-01,2026-02-07 23:00:00,43.94,5.63,24,3.77,2.6,47240,0,56,23.33,정상,0,0
GATE-09,PARKING-01,2026-02-08 00:00:00,42.03,4.81,23.65,3.32,2.5,47240,0,57,11.22,정상,0,0
GATE-09,PARKING-01,2026-02-08 01:00:00,41.3,5.04,23.54,4.01,2.44,47245,0,57,23.03,정상,0,0
GATE-09,PARKING-01,2026-02-08 02:00:00,45.72,5.95,23.81,3.54,2.27,47255,1,57,29.44,정상,0,0
GATE-09,PARKING-01,2026-02-08 03:00:00,43.38,5.45,23.17,3.41,2.69,47259,2,57,33.52,정상,0,0
GATE-09,PARKING-01,2026-02-08 04:00:00,45.8,5.72,24.1,3.36,2.6,47268,0,57,21.27,정상,0,0
GATE-09,PARKING-01,2026-02-08 05:00:00,46.98,5.48,23.76,3.79,2.55,47277,1,57,34.75,정상,0,0
GATE-09,PARKING-01,2026-02-08 06:00:00,44.7,5.55,23.54,3.66,2.23,47292,0,57,22.54,정상,0,0
GATE-09,PARKING-01,2026-02-08 07:00:00,50.2,6.22,23.99,3.36,2.34,47332,0,57,26.89,정상,0,0
GATE-09,PARKING-01,2026-02-08 08:00:00,46.79,6.07,23.73,3.45,2.84,47367,1,57,38.09,정상,0,0
GATE-09,PARKING-01,2026-02-08 09:00:00,47.44,5.89,23.55,3.55,2.56,47409,2,57,38.9,주의,0,0
GATE-09,PARKING-01,2026-02-08 10:00:00,44.19,5.89,23.64,3.36,2.3,47427,0,57,25,정상,0,0
GATE-09,PARKING-01,2026-02-08 11:00:00,44.1,5.26,23.87,3.63,2.45,47442,0,57,21.44,정상,0,0
GATE-09,PARKING-01,2026-02-08 12:00:00,45.82,5.37,23.63,3.64,2.36,47470,0,57,22.38,정상,0,0
GATE-09,PARKING-01,2026-02-08 13:00:00,46.55,5.22,23.17,3.54,2.4,47482,1,57,32.22,정상,0,0
GATE-09,PARKING-01,2026-02-08 14:00:00,46.34,5.49,23.13,3.55,2.12,47502,0,57,22.24,정상,0,0
GATE-09,PARKING-01,2026-02-08 15:00:00,44.1,5.35,23.37,3.56,2.37,47522,0,57,23.97,정상,0,0
GATE-09,PARKING-01,2026-02-08 16:00:00,41.99,5.46,23.68,3.52,2.42,47539,1,57,20.36,정상,0,0
GATE-09,PARKING-01,2026-02-08 17:00:00,46.71,5.68,23.55,3.93,2.57,47577,2,57,42.59,주의,0,0
GATE-09,PARKING-01,2026-02-08 18:00:00,47.07,5.58,23.44,3.85,2.51,47615,1,57,31.92,정상,0,0
GATE-09,PARKING-01,2026-02-08 19:00:00,48.47,5.9,23.48,3.79,2.31,47659,0,57,30.32,정상,0,0
GATE-09,PARKING-01,2026-02-08 20:00:00,49.26,6.13,23.66,3.56,2.56,47708,0,57,35.75,정상,0,0
GATE-09,PARKING-01,2026-02-08 21:00:00,44.94,5.78,23.66,3.54,2.46,47731,0,57,24.37,정상,0,0
GATE-09,PARKING-01,2026-02-08 22:00:00,45.61,5.6,23.39,3.78,2.02,47755,2,57,36.91,정상,0,0
GATE-09,PARKING-01,2026-02-08 23:00:00,48.08,5.73,23.18,3.76,2.24,47780,2,57,36.02,정상,0,0
GATE-09,PARKING-01,2026-02-09 00:00:00,43.29,5.34,23.36,3.62,2.49,47786,1,58,26.96,정상,0,0
GATE-09,PARKING-01,2026-02-09 01:00:00,42.56,5.15,23.84,3.52,2.6,47798,0,58,18.06,정상,0,0
GATE-09,PARKING-01,2026-02-09 02:00:00,45.66,5.54,23.75,3.89,2.62,47810,1,58,34.86,정상,0,0
GATE-09,PARKING-01,2026-02-09 03:00:00,42.15,5.7,23.48,3.72,2.42,47814,0,58,24.7,정상,0,0
GATE-09,PARKING-01,2026-02-09 04:00:00,42.5,5.47,23.51,3.87,2.56,47823,0,58,22.95,정상,0,0
GATE-09,PARKING-01,2026-02-09 05:00:00,42.63,5.25,23.52,3.82,2.72,47827,0,58,24.47,정상,0,0
GATE-09,PARKING-01,2026-02-09 06:00:00,45.46,5.74,23.7,3.87,2.36,47855,2,58,40.18,주의,0,0
GATE-09,PARKING-01,2026-02-09 07:00:00,45.32,5.98,23.41,3.54,2.47,47893,0,58,25.22,정상,0,0
GATE-09,PARKING-01,2026-02-09 08:00:00,42.4,5.45,23.88,3.7,2.38,47932,1,58,28.78,정상,0,0
GATE-09,PARKING-01,2026-02-09 09:00:00,47.49,6.07,23.72,3.48,2.42,47972,1,58,31.27,정상,0,0
GATE-09,PARKING-01,2026-02-09 10:00:00,43.5,5.5,23.5,3.76,2.47,47996,2,58,34.85,정상,0,0
GATE-09,PARKING-01,2026-02-09 11:00:00,42.46,5.52,23.76,3.54,2.36,48011,1,58,25.06,정상,0,0
GATE-09,PARKING-01,2026-02-09 12:00:00,44.36,5.1,23.3,3.35,2.65,48030,0,58,24.14,정상,0,0
GATE-09,PARKING-01,2026-02-09 13:00:00,42.08,6.03,23.84,3.77,2.45,48049,0,58,22.21,정상,0,0
GATE-09,PARKING-01,2026-02-09 14:00:00,45.33,5.57,23.5,3.8,2.46,48069,0,58,26.94,정상,0,0
GATE-09,PARKING-01,2026-02-09 15:00:00,44.35,5.3,23.7,3.71,2.71,48089,0,58,27.33,정상,0,0
GATE-09,PARKING-01,2026-02-09 16:00:00,46.1,5.7,23.53,3.6,2.15,48117,0,58,22.73,정상,0,0
GATE-09,PARKING-01,2026-02-09 17:00:00,46.51,5.93,23.94,3.61,2.55,48158,1,58,33.57,정상,0,0
GATE-09,PARKING-01,2026-02-09 18:00:00,50.01,6.12,23.01,3.47,2.27,48193,0,58,33,정상,0,0
GATE-09,PARKING-01,2026-02-09 19:00:00,49.99,6.17,23.55,3.64,2.78,48243,0,58,39.09,주의,0,0
GATE-09,PARKING-01,2026-02-09 20:00:00,44.94,5.52,24.04,3.7,2.17,48277,0,58,22.67,정상,0,0
GATE-09,PARKING-01,2026-02-09 21:00:00,45.08,5.88,23.46,3.46,2.41,48300,1,58,31.07,정상,0,0
GATE-09,PARKING-01,2026-02-09 22:00:00,45.4,5.74,23.64,3.35,2.54,48315,1,58,29.47,정상,0,0
GATE-09,PARKING-01,2026-02-09 23:00:00,45.8,5.7,23.51,3.83,2.35,48338,1,58,32.61,정상,0,0
GATE-09,PARKING-01,2026-02-10 00:00:00,43.16,5.02,23.38,3.74,2.45,48344,0,59,22.24,정상,0,0
GATE-09,PARKING-01,2026-02-10 01:00:00,41.5,5.18,23.51,3.76,2.6,48344,2,59,32.34,정상,0,0
GATE-09,PARKING-01,2026-02-10 02:00:00,42.94,5.31,23.24,3.6,2.43,48344,0,59,25.11,정상,0,0
GATE-09,PARKING-01,2026-02-10 03:00:00,44.68,5.25,23.15,3.83,2.5,48345,1,59,34.11,정상,0,0
GATE-09,PARKING-01,2026-02-10 04:00:00,43.3,5.26,23.11,3.66,2.26,48345,1,59,24.63,정상,0,0
GATE-09,PARKING-01,2026-02-10 05:00:00,44.12,4.83,23.73,3.88,2.53,48347,1,59,27.59,정상,0,0
GATE-09,PARKING-01,2026-02-10 06:00:00,46.9,6.36,23.41,3.82,2.37,48372,0,59,34.35,정상,0,0
GATE-09,PARKING-01,2026-02-10 07:00:00,50.82,6.43,23.62,3.73,2.41,48431,0,59,36.98,정상,0,0
GATE-09,PARKING-01,2026-02-10 08:00:00,47,5.67,23.87,3.59,3.11,48472,0,59,32.26,정상,0,0
GATE-09,PARKING-01,2026-02-10 09:00:00,47.13,6.45,23.76,3.44,2.4,48512,1,59,32.65,정상,0,0
GATE-09,PARKING-01,2026-02-10 10:00:00,44.35,5.27,23.57,3.71,2.36,48526,1,59,27.6,정상,0,0
GATE-09,PARKING-01,2026-02-10 11:00:00,45.02,6.09,23.19,3.44,2.32,48556,1,59,30.26,정상,0,0
GATE-09,PARKING-01,2026-02-10 12:00:00,44.96,6.05,23.46,3.63,2.54,48576,0,59,23.5,정상,0,0
GATE-09,PARKING-01,2026-02-10 13:00:00,47.83,5.56,23.6,3.7,2.34,48603,1,59,30.87,정상,0,0
GATE-09,PARKING-01,2026-02-10 14:00:00,46.17,5.88,23.29,3.73,2.45,48618,1,59,35.7,정상,0,0
GATE-09,PARKING-01,2026-02-10 15:00:00,44.23,5.95,23.77,3.57,2.43,48640,0,59,22.75,정상,0,0
GATE-09,PARKING-01,2026-02-10 16:00:00,47.68,5.82,23.75,3.74,2.22,48667,0,59,30,정상,0,0
GATE-09,PARKING-01,2026-02-10 17:00:00,45.9,5.91,23.41,3.85,2.52,48707,0,59,30.97,정상,0,0
GATE-09,PARKING-01,2026-02-10 18:00:00,49.48,5.56,23.47,3.8,2.47,48759,0,59,33.3,정상,0,0
GATE-09,PARKING-01,2026-02-10 19:00:00,49.36,6.04,23.82,3.59,2.74,48809,0,59,30.41,정상,0,0
GATE-09,PARKING-01,2026-02-10 20:00:00,48.88,6.03,23.06,3.56,2.51,48853,1,59,39.82,주의,0,0
GATE-09,PARKING-01,2026-02-10 21:00:00,47.5,5.58,23.5,3.56,2.46,48878,1,59,31.2,정상,0,0
GATE-09,PARKING-01,2026-02-10 22:00:00,47.51,5.61,23.04,3.78,2.43,48905,0,59,29.91,정상,0,0
GATE-09,PARKING-01,2026-02-10 23:00:00,42.65,5.4,23.52,3.83,2.5,48919,0,59,21,정상,0,0
GATE-09,PARKING-01,2026-02-11 00:00:00,43.88,5.82,23.16,3.89,2.51,48923,1,60,35.09,정상,0,0
GATE-09,PARKING-01,2026-02-11 01:00:00,43.08,5.43,23.38,3.68,2.68,48931,1,60,31.73,정상,0,0
GATE-09,PARKING-01,2026-02-11 02:00:00,42.56,5.49,23.39,3.82,2.39,48935,0,60,25.58,정상,0,0
GATE-09,PARKING-01,2026-02-11 03:00:00,44.45,5.29,23.43,3.64,2.29,48945,1,60,28.2,정상,0,0
GATE-09,PARKING-01,2026-02-11 04:00:00,42.06,5.99,23.35,3.52,2.65,48957,1,60,29.68,정상,0,0
GATE-09,PARKING-01,2026-02-11 05:00:00,40.79,4.9,23.17,3.78,2.5,48964,1,60,23.1,정상,0,0
GATE-09,PARKING-01,2026-02-11 06:00:00,46.09,5.9,23.51,3.51,2.37,48988,1,60,33.02,정상,0,0
GATE-09,PARKING-01,2026-02-11 07:00:00,46.61,5.81,23.65,3.82,2.41,49036,0,60,27.32,정상,0,0
GATE-09,PARKING-01,2026-02-11 08:00:00,47.83,5.93,23.53,3.56,2.28,49072,0,60,24.52,정상,0,0
GATE-09,PARKING-01,2026-02-11 09:00:00,48.16,5.77,23.62,3.63,2.43,49115,1,60,37,정상,0,0
GATE-09,PARKING-01,2026-02-11 10:00:00,45.8,5.92,23.46,3.48,2.32,49137,1,60,31.99,정상,0,0
GATE-09,PARKING-01,2026-02-11 11:00:00,47.48,5.8,23.72,3.57,2.67,49161,1,60,34.69,정상,0,0
GATE-09,PARKING-01,2026-02-11 12:00:00,45.84,5.1,23.2,3.77,2.47,49184,1,60,30.86,정상,0,0
GATE-09,PARKING-01,2026-02-11 13:00:00,48.59,5.79,22.98,3.76,2.6,49208,0,60,32.16,정상,0,0
GATE-09,PARKING-01,2026-02-11 14:00:00,44.01,5.42,23.27,3.9,2.36,49226,0,60,24.26,정상,0,0
GATE-09,PARKING-01,2026-02-11 15:00:00,48.21,5.49,23.36,3.7,2.38,49249,1,60,38.62,주의,0,0
GATE-10,PARKING-02,2026-01-01 00:00:00,38.17,3.5,23.92,2.69,0.96,28540,0,51,0.34,정상,0,0
GATE-10,PARKING-02,2026-01-01 01:00:00,35.09,4.66,23.99,2.62,1.25,28544,1,51,7.34,정상,0,0
GATE-10,PARKING-02,2026-01-01 02:00:00,37.19,4.17,23.83,2.74,1.2,28548,0,51,0.28,정상,0,0
GATE-10,PARKING-02,2026-01-01 03:00:00,34.68,3.2,23.75,2.69,0.95,28548,0,51,1.7,정상,0,0
GATE-10,PARKING-02,2026-01-01 04:00:00,38.24,3.83,23.95,2.64,1.23,28559,0,51,0,정상,0,0
GATE-10,PARKING-02,2026-01-01 05:00:00,36.96,4.02,23.46,2.87,1.19,28568,0,51,5.43,정상,0,0
GATE-10,PARKING-02,2026-01-01 06:00:00,42.26,3.87,24.04,2.61,1.22,28587,0,51,3.9,정상,0,0
GATE-10,PARKING-02,2026-01-01 07:00:00,41.63,3.97,23.83,2.65,1.2,28630,0,51,0,정상,0,0
GATE-10,PARKING-02,2026-01-01 08:00:00,42.43,4.25,23.89,3,0.88,28673,0,51,1.42,정상,0,0
GATE-10,PARKING-02,2026-01-01 09:00:00,42.08,4.61,23.76,2.85,1,28709,0,51,2.53,정상,0,0
GATE-10,PARKING-02,2026-01-01 10:00:00,42.95,4.63,24.13,2.53,1.2,28743,0,51,4.31,정상,0,0
GATE-10,PARKING-02,2026-01-01 11:00:00,39.56,3.93,23.97,2.82,1.03,28764,0,51,1.61,정상,0,0
GATE-10,PARKING-02,2026-01-01 12:00:00,36.91,4.33,23.7,2.67,0.99,28782,1,51,10.07,정상,0,0
GATE-10,PARKING-02,2026-01-01 13:00:00,38.88,3.5,24.08,2.88,1.33,28801,1,51,6.72,정상,0,0
GATE-10,PARKING-02,2026-01-01 14:00:00,38.74,4.12,23.85,2.82,1.04,28818,1,51,8.36,정상,0,0
GATE-10,PARKING-02,2026-01-01 15:00:00,40.38,4.06,23.69,2.6,1.31,28836,0,51,2.42,정상,0,0
GATE-10,PARKING-02,2026-01-01 16:00:00,38.32,3.96,24.51,2.92,1.46,28862,0,51,2.87,정상,0,0
GATE-10,PARKING-02,2026-01-01 17:00:00,44.37,4.48,24.15,2.82,1.09,28901,1,51,11.45,정상,0,0
GATE-10,PARKING-02,2026-01-01 18:00:00,37.47,4.02,23.33,2.48,1.19,28932,0,51,4.99,정상,0,0
GATE-10,PARKING-02,2026-01-01 19:00:00,45.39,4.5,24.16,2.89,1.57,28985,1,51,11.88,정상,0,0
GATE-10,PARKING-02,2026-01-01 20:00:00,44.2,4.72,23.93,2.91,1.22,29031,0,51,4.82,정상,0,0
GATE-10,PARKING-02,2026-01-01 21:00:00,41.23,4.59,24.3,2.64,1.08,29059,0,51,3.17,정상,0,0
GATE-10,PARKING-02,2026-01-01 22:00:00,37.81,4.02,23.25,2.63,1.4,29085,0,51,6.65,정상,0,0
GATE-10,PARKING-02,2026-01-01 23:00:00,41.43,4.46,24.01,2.93,1.21,29110,1,51,1.83,정상,0,0
GATE-10,PARKING-02,2026-01-02 00:00:00,38.48,4.01,24.04,2.59,1.01,29118,0,52,3.07,정상,0,0
GATE-10,PARKING-02,2026-01-02 01:00:00,37.47,3.43,23.68,2.64,1.43,29118,0,52,3.96,정상,0,0
GATE-10,PARKING-02,2026-01-02 02:00:00,40.61,3.72,24.07,2.66,1.5,29129,0,52,3.73,정상,0,0
GATE-10,PARKING-02,2026-01-02 03:00:00,36.61,3.54,23.72,2.71,1.09,29131,0,52,0,정상,0,0
GATE-10,PARKING-02,2026-01-02 04:00:00,36.3,3.88,23.82,2.82,0.94,29135,0,52,0,정상,0,0
GATE-10,PARKING-02,2026-01-02 05:00:00,36.55,3.96,24.17,2.62,0.96,29144,1,52,4.15,정상,0,0
GATE-10,PARKING-02,2026-01-02 06:00:00,37.71,4.09,23.74,2.83,1.27,29162,0,52,3.09,정상,0,0
GATE-10,PARKING-02,2026-01-02 07:00:00,42.01,4.5,23.74,2.78,1.07,29199,0,52,3.48,정상,0,0
GATE-10,PARKING-02,2026-01-02 08:00:00,40.86,4.46,23.47,2.57,1.14,29250,1,52,9.22,정상,0,0
GATE-10,PARKING-02,2026-01-02 09:00:00,38.41,4.43,23.78,2.66,1.23,29269,0,52,1.15,정상,0,0
GATE-10,PARKING-02,2026-01-02 10:00:00,36.93,4.48,24.64,2.88,1.38,29287,0,52,4.5,정상,0,0
GATE-10,PARKING-02,2026-01-02 11:00:00,41.06,4.72,24.1,2.67,1.04,29317,1,52,8.52,정상,0,0
GATE-10,PARKING-02,2026-01-02 12:00:00,40.64,3.51,24.33,2.52,1.29,29339,0,52,3.13,정상,0,0
GATE-10,PARKING-02,2026-01-02 13:00:00,36.9,4.15,23.95,2.46,1.23,29355,0,52,0,정상,0,0
GATE-10,PARKING-02,2026-01-02 14:00:00,37.33,4.46,23.44,2.96,1.12,29382,0,52,5.3,정상,0,0
GATE-10,PARKING-02,2026-01-02 15:00:00,42.88,4.44,24.12,2.71,1.52,29417,0,52,3.65,정상,0,0
GATE-10,PARKING-02,2026-01-02 16:00:00,37.45,4.27,24.07,2.74,1.19,29440,0,52,1.96,정상,0,0
GATE-10,PARKING-02,2026-01-02 17:00:00,40.89,4.76,24.24,2.69,1.24,29491,0,52,1.35,정상,0,0
GATE-10,PARKING-02,2026-01-02 18:00:00,43.34,4.47,24.19,2.82,1.21,29545,0,52,6.93,정상,0,0
GATE-10,PARKING-02,2026-01-02 19:00:00,42.88,4.84,23.56,2.98,1.42,29585,0,52,6.73,정상,0,0
GATE-10,PARKING-02,2026-01-02 20:00:00,42.77,4.75,23.75,2.83,1.1,29634,1,52,7.8,정상,0,0
GATE-10,PARKING-02,2026-01-02 21:00:00,38.27,4.75,24.16,2.92,0.93,29662,0,52,1.81,정상,0,0
GATE-10,PARKING-02,2026-01-02 22:00:00,41.97,3.98,23.82,2.97,1.43,29688,0,52,6.05,정상,0,0
GATE-10,PARKING-02,2026-01-02 23:00:00,33.69,4.33,23.68,2.87,1.56,29702,0,52,5.69,정상,0,0
GATE-10,PARKING-02,2026-01-03 00:00:00,35.89,4.21,23.76,2.66,1.44,29706,1,53,5.29,정상,0,0
GATE-10,PARKING-02,2026-01-03 01:00:00,34.49,3.85,23.72,2.56,1.1,29709,1,53,10.69,정상,0,0
GATE-10,PARKING-02,2026-01-03 02:00:00,35.26,3.91,23.8,2.68,1.33,29710,1,53,2.21,정상,0,0
GATE-10,PARKING-02,2026-01-03 03:00:00,40.66,4.37,24.33,2.79,1.28,29716,0,53,0.13,정상,0,0
GATE-10,PARKING-02,2026-01-03 04:00:00,35.29,3.96,24.02,2.73,1.36,29718,1,53,5.4,정상,0,0
GATE-10,PARKING-02,2026-01-03 05:00:00,34.58,4.1,23.55,2.71,1.13,29723,0,53,3.96,정상,0,0
GATE-10,PARKING-02,2026-01-03 06:00:00,39.05,4.09,23.99,2.84,1.3,29748,0,53,0,정상,0,0
GATE-10,PARKING-02,2026-01-03 07:00:00,41.36,4.59,24,2.78,1.04,29784,1,53,4.41,정상,0,0
GATE-10,PARKING-02,2026-01-03 08:00:00,40.86,4.94,23.51,2.82,1,29832,0,53,6.86,정상,0,0
GATE-10,PARKING-02,2026-01-03 09:00:00,42.37,4.19,23.88,2.99,0.89,29878,0,53,0,정상,0,0
GATE-10,PARKING-02,2026-01-03 10:00:00,40.59,4.4,23.91,2.93,1.22,29905,1,53,1.73,정상,0,0
GATE-10,PARKING-02,2026-01-03 11:00:00,38.48,4.45,24.27,2.64,1.01,29923,0,53,2.42,정상,0,0
GATE-10,PARKING-02,2026-01-03 12:00:00,38.16,3.33,23.95,2.8,1.17,29932,0,53,1.38,정상,0,0
GATE-10,PARKING-02,2026-01-03 13:00:00,38.33,4.04,23.46,2.74,1.29,29959,0,53,0.3,정상,0,0
GATE-10,PARKING-02,2026-01-03 14:00:00,40.96,4.16,23.85,2.57,1.27,29977,1,53,7.59,정상,0,0
GATE-10,PARKING-02,2026-01-03 15:00:00,36.84,4.04,23.83,2.73,1.29,29997,0,53,1.91,정상,0,0
GATE-10,PARKING-02,2026-01-03 16:00:00,38.96,4.52,23.52,2.63,1.29,30017,0,53,2.59,정상,0,0
GATE-10,PARKING-02,2026-01-03 17:00:00,41.61,5.02,24.23,3.04,1.27,30066,0,53,5.38,정상,0,0
GATE-10,PARKING-02,2026-01-03 18:00:00,46.6,4.38,23.95,2.62,1.16,30123,0,53,6.52,정상,0,0
GATE-10,PARKING-02,2026-01-03 19:00:00,43.76,4.73,23.98,2.56,1.18,30153,0,53,0,정상,0,0
GATE-10,PARKING-02,2026-01-03 20:00:00,42.55,4.75,24.04,2.83,1.23,30195,1,53,7.95,정상,0,0
GATE-10,PARKING-02,2026-01-03 21:00:00,40.37,4.61,23.75,2.91,1.22,30225,0,53,0,정상,0,0
GATE-10,PARKING-02,2026-01-03 22:00:00,40.01,4.31,24.08,2.81,1.59,30247,0,53,3.19,정상,0,0
GATE-10,PARKING-02,2026-01-03 23:00:00,40.92,4.33,23.67,2.8,1.43,30269,1,53,3.74,정상,0,0
GATE-10,PARKING-02,2026-01-04 00:00:00,38.16,4,23.72,2.93,1.08,30269,0,54,3.37,정상,0,0
GATE-10,PARKING-02,2026-01-04 01:00:00,37.09,3.59,23.89,2.53,0.88,30271,0,54,0,정상,0,0
GATE-10,PARKING-02,2026-01-04 02:00:00,34.82,4.52,24.11,3.12,1.32,30275,1,54,7.9,정상,0,0
GATE-10,PARKING-02,2026-01-04 03:00:00,37.43,3.45,24.18,2.96,1.56,30278,0,54,3.55,정상,0,0
GATE-10,PARKING-02,2026-01-04 04:00:00,34.97,4.13,23.65,2.85,1.07,30289,1,54,6.82,정상,0,0
GATE-10,PARKING-02,2026-01-04 05:00:00,38.53,4.11,24.21,2.49,0.87,30289,0,54,1.51,정상,0,0
GATE-10,PARKING-02,2026-01-04 06:00:00,40.4,4.26,23.69,2.6,0.78,30305,2,54,11.06,정상,0,0
GATE-10,PARKING-02,2026-01-04 07:00:00,42.07,4.4,24.03,3.04,1.04,30351,0,54,1.47,정상,0,0
GATE-10,PARKING-02,2026-01-04 08:00:00,41.85,4.57,23.83,2.74,1.55,30395,0,54,9.68,정상,0,0
GATE-10,PARKING-02,2026-01-04 09:00:00,45.94,4.82,23.85,2.66,1.22,30448,0,54,7.68,정상,0,0
GATE-10,PARKING-02,2026-01-04 10:00:00,37.48,4.35,24.02,2.88,1.48,30458,0,54,1.24,정상,0,0
GATE-10,PARKING-02,2026-01-04 11:00:00,40.68,4.26,24.27,2.72,1.07,30485,0,54,1.87,정상,0,0
GATE-10,PARKING-02,2026-01-04 12:00:00,39.02,4.52,23.86,2.83,1.33,30509,0,54,2.49,정상,0,0
GATE-10,PARKING-02,2026-01-04 13:00:00,37.47,3.93,23.31,2.83,1.47,30526,0,54,4.57,정상,0,0
GATE-10,PARKING-02,2026-01-04 14:00:00,42.18,4.4,23.53,2.64,1.17,30556,0,54,4.09,정상,0,0
GATE-10,PARKING-02,2026-01-04 15:00:00,37.8,4.68,23.8,2.78,1.39,30577,0,54,3.32,정상,0,0
GATE-10,PARKING-02,2026-01-04 16:00:00,41.31,4.23,24.26,2.57,0.93,30595,0,54,4.14,정상,0,0
GATE-10,PARKING-02,2026-01-04 17:00:00,40.5,4.36,23.89,2.82,1.19,30646,0,54,3.1,정상,0,0
GATE-10,PARKING-02,2026-01-04 18:00:00,42.71,4.12,24.28,2.72,1.26,30680,0,54,1.66,정상,0,0
GATE-10,PARKING-02,2026-01-04 19:00:00,40.3,4.38,23.43,2.5,1.21,30717,0,54,2.16,정상,0,0
GATE-10,PARKING-02,2026-01-04 20:00:00,45.44,5.09,23.49,2.53,1.59,30776,0,54,13,정상,0,0
GATE-10,PARKING-02,2026-01-04 21:00:00,41.25,4.6,24.21,3.01,1.5,30805,1,54,6.78,정상,0,0
GATE-10,PARKING-02,2026-01-04 22:00:00,37.45,3.83,23.42,2.66,1.08,30821,0,54,1.9,정상,0,0
GATE-10,PARKING-02,2026-01-04 23:00:00,38.84,3.86,23.65,2.77,1.29,30836,1,54,8.71,정상,0,0
GATE-10,PARKING-02,2026-01-05 00:00:00,40.68,3.92,24.09,2.81,0.92,30841,0,55,0,정상,0,0
GATE-10,PARKING-02,2026-01-05 01:00:00,39.02,4.12,24.09,2.58,1,30846,0,55,2.16,정상,0,0
GATE-10,PARKING-02,2026-01-05 02:00:00,35.25,4.47,23.65,2.57,1.31,30846,0,55,3.52,정상,0,0
GATE-10,PARKING-02,2026-01-05 03:00:00,37.75,4.4,23.59,2.91,1.3,30850,1,55,6.57,정상,0,0
GATE-10,PARKING-02,2026-01-05 04:00:00,40.01,3.85,24.14,2.74,1.43,30863,0,55,3.97,정상,0,0
GATE-10,PARKING-02,2026-01-05 05:00:00,38.96,3.71,23.43,2.63,1.17,30869,0,55,3.97,정상,0,0
GATE-10,PARKING-02,2026-01-05 06:00:00,39.3,4.32,23.56,2.74,1.28,30888,0,55,6.08,정상,0,0
GATE-10,PARKING-02,2026-01-05 07:00:00,43.16,4.35,23.62,2.78,1.41,30932,0,55,4.37,정상,0,0
GATE-10,PARKING-02,2026-01-05 08:00:00,43.21,4.85,24.24,3.15,1.19,30988,0,55,6.08,정상,0,0
GATE-10,PARKING-02,2026-01-05 09:00:00,41.7,4.85,23.86,2.99,1.21,31028,1,55,7.87,정상,0,0
GATE-10,PARKING-02,2026-01-05 10:00:00,39.12,4.72,23.63,2.57,1.3,31059,1,55,12.94,정상,0,0
GATE-10,PARKING-02,2026-01-05 11:00:00,40.62,4.01,24.06,2.7,1.5,31073,0,55,4.11,정상,0,0
GATE-10,PARKING-02,2026-01-05 12:00:00,39.84,4.42,23.55,2.64,1.34,31093,1,55,5.63,정상,0,0
GATE-10,PARKING-02,2026-01-05 13:00:00,37.6,4.49,23.94,2.92,1.58,31113,0,55,1.04,정상,0,0
GATE-10,PARKING-02,2026-01-05 14:00:00,41.24,4.24,23.65,2.9,1.44,31141,0,55,0.79,정상,0,0
GATE-10,PARKING-02,2026-01-05 15:00:00,41.06,4.61,24.19,2.81,1.74,31160,0,55,4.9,정상,0,0
GATE-10,PARKING-02,2026-01-05 16:00:00,36.66,4.38,23.72,2.88,1.29,31180,0,55,1.05,정상,0,0
GATE-10,PARKING-02,2026-01-05 17:00:00,42.75,4.92,24.39,2.82,1.44,31229,0,55,7.21,정상,0,0
GATE-10,PARKING-02,2026-01-05 18:00:00,41.46,4.69,23.49,2.83,1.39,31271,0,55,7.57,정상,0,0
GATE-10,PARKING-02,2026-01-05 19:00:00,42.83,4.5,23.72,2.96,1.21,31317,0,55,0,정상,0,0
GATE-10,PARKING-02,2026-01-05 20:00:00,39.81,4.41,23.62,2.82,1.47,31362,0,55,2.06,정상,0,0
GATE-10,PARKING-02,2026-01-05 21:00:00,40.67,4.78,23.85,2.82,1.33,31391,1,55,6.62,정상,0,0
GATE-10,PARKING-02,2026-01-05 22:00:00,40.42,3.98,23.61,3.11,1.37,31411,0,55,5.48,정상,0,0
GATE-10,PARKING-02,2026-01-05 23:00:00,37.77,4.24,24.02,2.84,1.28,31422,0,55,0.42,정상,0,0
GATE-10,PARKING-02,2026-01-06 00:00:00,39.69,4.2,24.15,2.64,1.1,31437,1,56,2.05,정상,0,0
GATE-10,PARKING-02,2026-01-06 01:00:00,36.06,4.06,24.35,2.87,1.36,31440,0,56,1.12,정상,0,0
GATE-10,PARKING-02,2026-01-06 02:00:00,38,4.27,23.83,2.73,1.17,31440,0,56,2.13,정상,0,0
GATE-10,PARKING-02,2026-01-06 03:00:00,38.7,4.63,23.99,3.02,1.44,31444,0,56,3.63,정상,0,0
GATE-10,PARKING-02,2026-01-06 04:00:00,36.11,4.14,23.58,2.68,1.01,31458,1,56,8.12,정상,0,0
GATE-10,PARKING-02,2026-01-06 05:00:00,37.33,3.97,24.04,2.76,1.23,31462,0,56,4.69,정상,0,0
GATE-10,PARKING-02,2026-01-06 06:00:00,39.49,4.98,23.45,2.46,1.14,31493,0,56,6.15,정상,0,0
GATE-10,PARKING-02,2026-01-06 07:00:00,41.08,4.57,23.6,2.75,1.16,31538,1,56,5.08,정상,0,0
GATE-10,PARKING-02,2026-01-06 08:00:00,43.76,4.66,23.64,3.1,1.28,31585,0,56,6.72,정상,0,0
GATE-10,PARKING-02,2026-01-06 09:00:00,45.34,4.65,23.6,2.84,1.52,31634,0,56,10.35,정상,0,0
GATE-10,PARKING-02,2026-01-06 10:00:00,40.06,4.31,24.28,2.83,1.57,31658,0,56,5.26,정상,0,0
GATE-10,PARKING-02,2026-01-06 11:00:00,39.27,4.25,23.4,2.66,1.48,31674,0,56,3.01,정상,0,0
GATE-10,PARKING-02,2026-01-06 12:00:00,41.73,4.15,24.4,2.89,1.45,31690,0,56,5.6,정상,0,0
GATE-10,PARKING-02,2026-01-06 13:00:00,40.65,4.05,23.79,2.95,1.47,31706,0,56,1.95,정상,0,0
GATE-10,PARKING-02,2026-01-06 14:00:00,38.87,4.73,23.5,2.97,1.15,31733,1,56,7.86,정상,0,0
GATE-10,PARKING-02,2026-01-06 15:00:00,39.7,4.86,24.17,2.71,1.27,31755,2,56,13.37,정상,0,0
GATE-10,PARKING-02,2026-01-06 16:00:00,40.74,4.24,23.81,2.74,1.26,31770,0,56,1.45,정상,0,0
GATE-10,PARKING-02,2026-01-06 17:00:00,41.28,4.86,23.78,3.26,1.33,31822,0,56,6.12,정상,0,0
GATE-10,PARKING-02,2026-01-06 18:00:00,37.9,4.97,23.75,2.94,1.35,31859,0,56,7.77,정상,0,0
GATE-10,PARKING-02,2026-01-06 19:00:00,41.97,4.7,23.68,3.1,1.07,31895,1,56,7.83,정상,0,0
GATE-10,PARKING-02,2026-01-06 20:00:00,40.72,5.09,24.28,2.5,1.32,31951,1,56,9.54,정상,0,0
GATE-10,PARKING-02,2026-01-06 21:00:00,42.28,4.75,24.24,2.65,1.09,31973,0,56,2.17,정상,0,0
GATE-10,PARKING-02,2026-01-06 22:00:00,38.45,4.23,23.7,2.77,1.43,32000,0,56,2.33,정상,0,0
GATE-10,PARKING-02,2026-01-06 23:00:00,39.98,4.02,23.63,2.84,1.53,32016,0,56,7.29,정상,0,0
GATE-10,PARKING-02,2026-01-07 00:00:00,40.05,4.32,24.05,2.71,1.45,32022,0,57,2.92,정상,0,0
GATE-10,PARKING-02,2026-01-07 01:00:00,37.82,4.29,24.07,2.54,1.27,32031,0,57,0,정상,0,0
GATE-10,PARKING-02,2026-01-07 02:00:00,36.78,3.83,23.77,3,1.62,32031,0,57,6.63,정상,0,0
GATE-10,PARKING-02,2026-01-07 03:00:00,36.49,4.27,23.52,2.82,1.68,32040,0,57,7.49,정상,0,0
GATE-10,PARKING-02,2026-01-07 04:00:00,38.21,4.01,24.16,2.79,1.33,32045,1,57,5.27,정상,0,0
GATE-10,PARKING-02,2026-01-07 05:00:00,41.39,4.85,23.98,2.77,1.21,32047,0,57,3.26,정상,0,0
GATE-10,PARKING-02,2026-01-07 06:00:00,42.3,4.22,24.43,3,1.25,32065,0,57,2.63,정상,0,0
GATE-10,PARKING-02,2026-01-07 07:00:00,41.61,4.68,23.74,3.04,1.15,32108,0,57,2.79,정상,0,0
GATE-10,PARKING-02,2026-01-07 08:00:00,44.79,4.95,24.04,3.04,1.31,32159,0,57,10.48,정상,0,0
GATE-10,PARKING-02,2026-01-07 09:00:00,43.86,5.12,23.74,2.78,1.53,32203,1,57,13.28,정상,0,0
GATE-10,PARKING-02,2026-01-07 10:00:00,37.92,4.04,23.48,2.91,1.41,32218,0,57,5.28,정상,0,0
GATE-10,PARKING-02,2026-01-07 11:00:00,38.22,4.52,23.78,2.87,1.26,32239,0,57,2.84,정상,0,0
GATE-10,PARKING-02,2026-01-07 12:00:00,40.86,4.1,23.98,2.83,1.64,32264,1,57,5.75,정상,0,0
GATE-10,PARKING-02,2026-01-07 13:00:00,43.28,4.4,24.24,2.97,1.55,32287,1,57,10.17,정상,0,0
GATE-10,PARKING-02,2026-01-07 14:00:00,41.87,4.53,24.14,2.83,1.6,32319,0,57,5.88,정상,0,0
GATE-10,PARKING-02,2026-01-07 15:00:00,41.08,4.79,23.6,3.2,1.68,32348,0,57,6.64,정상,0,0
GATE-10,PARKING-02,2026-01-07 16:00:00,37.56,4.39,23.44,2.74,1.61,32367,0,57,1.9,정상,0,0
GATE-10,PARKING-02,2026-01-07 17:00:00,47.62,5.05,23.88,2.87,1.61,32414,0,57,12.89,정상,0,0
GATE-10,PARKING-02,2026-01-07 18:00:00,45.69,4.64,24.07,2.8,1.26,32459,0,57,4.8,정상,0,0
GATE-10,PARKING-02,2026-01-07 19:00:00,41.2,5,23.52,2.95,1.39,32504,1,57,10.6,정상,0,0
GATE-10,PARKING-02,2026-01-07 20:00:00,41.46,4.85,23.61,2.88,1.54,32543,0,57,5.94,정상,0,0
GATE-10,PARKING-02,2026-01-07 21:00:00,40.54,4.82,23.65,2.97,1.73,32563,0,57,5.3,정상,0,0
GATE-10,PARKING-02,2026-01-07 22:00:00,38.72,4.36,23.56,2.92,1.57,32581,0,57,4.4,정상,0,0
GATE-10,PARKING-02,2026-01-07 23:00:00,38.73,4.69,23.81,2.61,1.04,32604,0,57,3.06,정상,0,0
GATE-10,PARKING-02,2026-01-08 00:00:00,40.09,3.87,23.68,2.69,1.47,32609,0,58,5.99,정상,0,0
GATE-10,PARKING-02,2026-01-08 01:00:00,39.76,4.21,23.81,3.03,1.29,32623,1,58,8.36,정상,0,0
GATE-10,PARKING-02,2026-01-08 02:00:00,40.75,4.04,23.98,2.74,1.36,32627,0,58,0.67,정상,0,0
GATE-10,PARKING-02,2026-01-08 03:00:00,37.38,3.79,24.15,2.77,1.19,32636,0,58,1.53,정상,0,0
GATE-10,PARKING-02,2026-01-08 04:00:00,38.02,3.88,23.48,2.9,1.34,32641,2,58,17.29,정상,0,0
GATE-10,PARKING-02,2026-01-08 05:00:00,36.97,3.66,24.16,2.97,1.36,32645,0,58,3.24,정상,0,0
GATE-10,PARKING-02,2026-01-08 06:00:00,38.46,4.68,23.59,3.01,1.37,32667,0,58,7.2,정상,0,0
GATE-10,PARKING-02,2026-01-08 07:00:00,43.05,4.99,23.95,2.79,1.42,32710,1,58,6.59,정상,0,0
GATE-10,PARKING-02,2026-01-08 08:00:00,45.69,5.25,23.87,2.91,1.51,32751,1,58,16.78,정상,0,0
GATE-10,PARKING-02,2026-01-08 09:00:00,43.97,5.34,23.95,2.76,1.52,32810,0,58,4.01,정상,0,0
GATE-10,PARKING-02,2026-01-08 10:00:00,41.88,4.19,23.98,2.96,1.31,32836,0,58,2.67,정상,0,0
GATE-10,PARKING-02,2026-01-08 11:00:00,38.41,4.29,24.15,2.76,1.47,32854,0,58,5.84,정상,0,0
GATE-10,PARKING-02,2026-01-08 12:00:00,41.6,4.63,23.46,2.84,1.53,32884,0,58,5.61,정상,0,0
GATE-10,PARKING-02,2026-01-08 13:00:00,39.31,4.42,23.69,2.85,1.61,32904,0,58,5.75,정상,0,0
GATE-10,PARKING-02,2026-01-08 14:00:00,40.5,4.03,23.41,2.85,1.42,32932,1,58,12.57,정상,0,0
GATE-10,PARKING-02,2026-01-08 15:00:00,39.57,4.33,23.86,2.69,1.44,32958,0,58,0,정상,0,0
GATE-10,PARKING-02,2026-01-08 16:00:00,42.69,4.14,23.71,2.96,1.17,32983,0,58,2.66,정상,0,0
GATE-10,PARKING-02,2026-01-08 17:00:00,41.58,4.29,23.77,2.8,1.18,33018,2,58,11.34,정상,0,0
GATE-10,PARKING-02,2026-01-08 18:00:00,43.63,5.29,23.79,2.73,1.54,33065,0,58,12.65,정상,0,0
GATE-10,PARKING-02,2026-01-08 19:00:00,46.59,4.99,24.01,2.83,1.2,33111,0,58,7.67,정상,0,0
GATE-10,PARKING-02,2026-01-08 20:00:00,40.45,4.66,23.88,2.85,1.59,33153,0,58,4.7,정상,0,0
GATE-10,PARKING-02,2026-01-08 21:00:00,41.47,4.29,24.31,3.02,1.13,33177,0,58,1.65,정상,0,0
GATE-10,PARKING-02,2026-01-08 22:00:00,41.66,3.84,24.14,3.16,1.33,33195,0,58,6.59,정상,0,0
GATE-10,PARKING-02,2026-01-08 23:00:00,41,3.99,23.72,3.05,1.53,33211,0,58,7.44,정상,0,0
GATE-10,PARKING-02,2026-01-09 00:00:00,39.83,4.28,23.96,3.01,1.66,33214,0,59,4.89,정상,0,0
GATE-10,PARKING-02,2026-01-09 01:00:00,38.89,3.85,23.74,2.79,1.45,33216,0,59,4.83,정상,0,0
GATE-10,PARKING-02,2026-01-09 02:00:00,38.66,4.15,23.59,2.99,1.34,33216,2,59,14.1,정상,0,0
GATE-10,PARKING-02,2026-01-09 03:00:00,38,4.68,24.15,2.7,1.29,33216,0,59,4.81,정상,0,0
GATE-10,PARKING-02,2026-01-09 04:00:00,37.64,4.36,23.99,2.94,1.14,33222,0,59,1.19,정상,0,0
GATE-10,PARKING-02,2026-01-09 05:00:00,38.73,4.25,23.64,2.99,1.32,33222,1,59,7.21,정상,0,0
GATE-10,PARKING-02,2026-01-09 06:00:00,41.6,4.82,23.81,2.86,1.35,33243,0,59,5.26,정상,0,0
GATE-10,PARKING-02,2026-01-09 07:00:00,40.54,4.99,23.98,2.94,1.34,33278,0,59,7.17,정상,0,0
GATE-10,PARKING-02,2026-01-09 08:00:00,43.31,4.68,23.85,3.05,1.46,33309,0,59,6.74,정상,0,0
GATE-10,PARKING-02,2026-01-09 09:00:00,42.71,4.55,23.95,3.15,1.33,33349,0,59,3.71,정상,0,0
GATE-10,PARKING-02,2026-01-09 10:00:00,42.64,4.26,23.6,2.79,1.44,33371,0,59,7.11,정상,0,0
GATE-10,PARKING-02,2026-01-09 11:00:00,39.32,4.71,24.11,3.07,1.45,33396,0,59,4.94,정상,0,0
GATE-10,PARKING-02,2026-01-09 12:00:00,40.46,4.39,23.76,2.94,1.56,33417,1,59,10.92,정상,0,0
GATE-10,PARKING-02,2026-01-09 13:00:00,41.24,4.32,24.26,2.94,1.18,33441,1,59,8.36,정상,0,0
GATE-10,PARKING-02,2026-01-09 14:00:00,40.16,5.36,23.88,2.73,1.06,33463,1,59,5.39,정상,0,0
GATE-10,PARKING-02,2026-01-09 15:00:00,39.11,4.64,24.02,3.08,1.38,33487,0,59,1.73,정상,0,0
GATE-10,PARKING-02,2026-01-09 16:00:00,40.59,4.16,24.03,3.01,1.2,33502,0,59,0,정상,0,0
GATE-10,PARKING-02,2026-01-09 17:00:00,43.41,5.21,23.85,2.89,1.44,33550,0,59,7.31,정상,0,0
GATE-10,PARKING-02,2026-01-09 18:00:00,43.03,4.65,23.29,2.96,1.19,33585,0,59,8.12,정상,0,0
GATE-10,PARKING-02,2026-01-09 19:00:00,46.46,4.46,23.92,3.15,1.8,33627,0,59,5.92,정상,0,0
GATE-10,PARKING-02,2026-01-09 20:00:00,41.27,4.27,24.16,2.73,1.29,33656,2,59,9.27,정상,0,0
GATE-10,PARKING-02,2026-01-09 21:00:00,42.51,4.18,24.26,2.99,1.5,33678,0,59,2.68,정상,0,0
GATE-10,PARKING-02,2026-01-09 22:00:00,41,4.66,23.69,2.77,1.13,33706,1,59,8.19,정상,0,0
GATE-10,PARKING-02,2026-01-09 23:00:00,42.66,5.09,23.55,2.96,1,33739,0,59,3.35,정상,0,0
GATE-10,PARKING-02,2026-01-10 00:00:00,39.99,4.26,24.02,2.77,1.27,33746,0,60,0,정상,0,0
GATE-10,PARKING-02,2026-01-10 01:00:00,37.76,4.7,24.06,2.72,1.24,33755,0,60,0.47,정상,0,0
GATE-10,PARKING-02,2026-01-10 02:00:00,36.11,4.56,23.94,2.91,1.62,33763,0,60,1.42,정상,0,0
GATE-10,PARKING-02,2026-01-10 03:00:00,39.32,4.68,24.1,2.91,1.13,33765,0,60,0.73,정상,0,0
GATE-10,PARKING-02,2026-01-10 04:00:00,40.13,4.35,24.1,2.68,1.52,33765,0,60,2.95,정상,0,0
GATE-10,PARKING-02,2026-01-10 05:00:00,38.86,4.07,23.88,2.9,1.39,33771,0,60,3.23,정상,0,0
GATE-10,PARKING-02,2026-01-10 06:00:00,39.9,4.17,23.84,2.78,1.31,33793,0,60,0.84,정상,0,0
GATE-10,PARKING-02,2026-01-10 07:00:00,42.03,4.2,23.66,3.04,1.67,33834,0,60,5.17,정상,0,0
GATE-10,PARKING-02,2026-01-10 08:00:00,45.36,5.11,23.54,3.02,1.46,33883,1,60,16.94,정상,0,0
GATE-10,PARKING-02,2026-01-10 09:00:00,44.29,4.91,24.22,3.06,1.21,33925,1,60,10.84,정상,0,0
GATE-10,PARKING-02,2026-01-10 10:00:00,40.71,4.81,23.73,2.92,1.75,33949,0,60,8.63,정상,0,0
GATE-10,PARKING-02,2026-01-10 11:00:00,41.76,5.42,23.25,2.92,1.48,33974,0,60,10.12,정상,0,0
GATE-10,PARKING-02,2026-01-10 12:00:00,38.69,4.63,23.5,3.11,1.58,33995,0,60,7.68,정상,0,0
GATE-10,PARKING-02,2026-01-10 13:00:00,41.99,3.81,23.81,2.91,1.66,34026,0,60,4.46,정상,0,0
GATE-10,PARKING-02,2026-01-10 14:00:00,38.31,4.71,24.19,3.06,1.23,34041,1,60,3.45,정상,0,0
GATE-10,PARKING-02,2026-01-10 15:00:00,42.23,4.97,24.33,3.07,1.31,34066,0,60,7.78,정상,0,0
GATE-10,PARKING-02,2026-01-10 16:00:00,41.78,4.16,23.87,2.94,1.5,34089,1,60,10.63,정상,0,0
GATE-10,PARKING-02,2026-01-10 17:00:00,43.98,4.86,23.93,3.05,1.64,34132,1,60,8.52,정상,0,0
GATE-10,PARKING-02,2026-01-10 18:00:00,42.77,5.27,23.99,2.85,1.61,34171,0,60,7.54,정상,0,0
GATE-10,PARKING-02,2026-01-10 19:00:00,45.04,5.38,23.92,2.9,1.45,34216,0,60,11.87,정상,0,0
GATE-10,PARKING-02,2026-01-10 20:00:00,44.85,5.02,23.4,2.75,1.08,34266,0,60,13.24,정상,0,0
GATE-10,PARKING-02,2026-01-10 21:00:00,37.89,4.6,23.88,2.78,1.52,34279,0,60,2.28,정상,0,0
GATE-10,PARKING-02,2026-01-10 22:00:00,39.48,4.36,23.79,3.07,1.65,34295,0,60,2.21,정상,0,0
GATE-10,PARKING-02,2026-01-10 23:00:00,39.74,4.64,23.9,2.79,1.59,34315,0,60,4.21,정상,0,0
GATE-10,PARKING-02,2026-01-11 00:00:00,41.46,4.71,23.66,3.2,1.49,34321,0,61,8.01,정상,0,0
GATE-10,PARKING-02,2026-01-11 01:00:00,39.7,5.13,24.09,3.06,1.4,34328,0,61,4.88,정상,0,0
GATE-10,PARKING-02,2026-01-11 02:00:00,40.29,3.42,24.04,2.94,1.58,34337,0,61,3.24,정상,0,0
GATE-10,PARKING-02,2026-01-11 03:00:00,38.51,4.23,23.95,2.9,1.45,34342,0,61,4.02,정상,0,0
GATE-10,PARKING-02,2026-01-11 04:00:00,38.12,4.04,23.67,2.87,1.34,34349,0,61,3.4,정상,0,0
GATE-10,PARKING-02,2026-01-11 05:00:00,40.56,4.72,23.63,2.95,1.3,34359,1,61,9.68,정상,0,0
GATE-10,PARKING-02,2026-01-11 06:00:00,42.01,3.72,24.28,2.84,1.56,34382,0,61,3.49,정상,0,0
GATE-10,PARKING-02,2026-01-11 07:00:00,43.09,4.92,23.64,2.71,1.31,34429,2,61,15.2,정상,0,0
GATE-10,PARKING-02,2026-01-11 08:00:00,44.74,4.8,23.87,2.95,1.58,34466,0,61,7.12,정상,0,0
GATE-10,PARKING-02,2026-01-11 09:00:00,42.55,5.05,23.59,2.95,1.46,34496,1,61,13.04,정상,0,0
GATE-10,PARKING-02,2026-01-11 10:00:00,40.61,4.72,23.54,2.94,1.4,34522,0,61,5.02,정상,0,0
GATE-10,PARKING-02,2026-01-11 11:00:00,41.75,5.28,23.39,2.81,1.4,34552,0,61,10.8,정상,0,0
GATE-10,PARKING-02,2026-01-11 12:00:00,42.81,4.35,23.6,2.85,1.33,34573,0,61,3.97,정상,0,0
GATE-10,PARKING-02,2026-01-11 13:00:00,41.09,4.81,24.22,3.18,1.6,34592,0,61,9.53,정상,0,0
GATE-10,PARKING-02,2026-01-11 14:00:00,41.52,4.65,23.81,2.73,1.32,34614,0,61,7.55,정상,0,0
GATE-10,PARKING-02,2026-01-11 15:00:00,38.33,4.36,23.47,2.91,1.75,34632,1,61,15.27,정상,0,0
GATE-10,PARKING-02,2026-01-11 16:00:00,38.12,4.37,24.16,2.82,1.43,34648,0,61,2.63,정상,0,0
GATE-10,PARKING-02,2026-01-11 17:00:00,44.58,4.77,24.29,3.01,1.4,34696,1,61,15.85,정상,0,0
GATE-10,PARKING-02,2026-01-11 18:00:00,42.46,4.71,24.11,2.88,1.48,34736,0,61,6.02,정상,0,0
GATE-10,PARKING-02,2026-01-11 19:00:00,42.36,4.68,23.94,2.94,1.36,34767,0,61,6.17,정상,0,0
GATE-10,PARKING-02,2026-01-11 20:00:00,45.75,4.82,23.8,3.07,1.66,34821,0,61,14.39,정상,0,0
GATE-10,PARKING-02,2026-01-11 21:00:00,41.88,4.36,24.1,2.89,1.18,34844,0,61,0,정상,0,0
GATE-10,PARKING-02,2026-01-11 22:00:00,40.68,4.28,24.46,3.24,1.58,34863,1,61,14.2,정상,0,0
GATE-10,PARKING-02,2026-01-11 23:00:00,41.07,4.37,23.56,2.84,1.46,34882,0,61,3.86,정상,0,0
GATE-10,PARKING-02,2026-01-12 00:00:00,36.12,4.32,24.19,2.97,1.46,34882,0,62,1.15,정상,0,0
GATE-10,PARKING-02,2026-01-12 01:00:00,38.67,4.57,23.78,3.09,1.19,34886,0,62,3.57,정상,0,0
GATE-10,PARKING-02,2026-01-12 02:00:00,36.92,4.3,23.9,2.85,1.56,34892,0,62,4.74,정상,0,0
GATE-10,PARKING-02,2026-01-12 03:00:00,36.91,4.06,23.48,3.05,1.67,34893,1,62,11.56,정상,0,0
GATE-10,PARKING-02,2026-01-12 04:00:00,41.06,4.16,23.5,2.87,1.66,34894,1,62,9.66,정상,0,0
GATE-10,PARKING-02,2026-01-12 05:00:00,38.82,4.32,23.8,3.15,1.51,34894,0,62,3.4,정상,0,0
GATE-10,PARKING-02,2026-01-12 06:00:00,41.1,4.92,24.07,2.94,1.36,34922,1,62,10.41,정상,0,0
GATE-10,PARKING-02,2026-01-12 07:00:00,41.35,4.44,23.59,3.26,1.62,34955,1,62,11.12,정상,0,0
GATE-10,PARKING-02,2026-01-12 08:00:00,41.85,4.88,23.7,2.87,1.54,34996,1,62,9.66,정상,0,0
GATE-10,PARKING-02,2026-01-12 09:00:00,40.24,5.35,24.23,3.01,1.46,35025,1,62,11.45,정상,0,0
GATE-10,PARKING-02,2026-01-12 10:00:00,39.48,4.46,23.55,3.05,1.72,35046,1,62,11.79,정상,0,0
GATE-10,PARKING-02,2026-01-12 11:00:00,39.1,4.25,23.73,3.32,1.58,35070,0,62,3.21,정상,0,0
GATE-10,PARKING-02,2026-01-12 12:00:00,41.51,4.97,24.16,2.88,1.6,35094,0,62,1.66,정상,0,0
GATE-10,PARKING-02,2026-01-12 13:00:00,42.9,4.97,23.66,3.11,1.37,35127,1,62,11.45,정상,0,0
GATE-10,PARKING-02,2026-01-12 14:00:00,39.79,4.97,23.43,3.61,1.52,35148,0,62,12.43,정상,0,0
GATE-10,PARKING-02,2026-01-12 15:00:00,41.6,4.13,23.44,3.06,1.37,35173,1,62,8.91,정상,0,0
GATE-10,PARKING-02,2026-01-12 16:00:00,42.06,4.42,23.95,3.07,1.51,35199,0,62,0.27,정상,0,0
GATE-10,PARKING-02,2026-01-12 17:00:00,44.42,4.84,23.68,3.03,1.42,35244,0,62,6.86,정상,0,0
GATE-10,PARKING-02,2026-01-12 18:00:00,41.65,4.5,23.76,3.12,1.71,35281,0,62,2.81,정상,0,0
GATE-10,PARKING-02,2026-01-12 19:00:00,44.01,4.63,23.79,2.94,1.63,35311,0,62,5.14,정상,0,0
GATE-10,PARKING-02,2026-01-12 20:00:00,45.21,5.21,23.69,2.9,1.21,35355,0,62,10.88,정상,0,0
GATE-10,PARKING-02,2026-01-12 21:00:00,38.08,4.38,24.04,3.18,1.82,35376,0,62,6.49,정상,0,0
GATE-10,PARKING-02,2026-01-12 22:00:00,42.64,5.2,23.51,2.87,1.14,35405,0,62,3.6,정상,0,0
GATE-10,PARKING-02,2026-01-12 23:00:00,38.52,5.03,23.96,2.9,1.75,35437,1,62,10.5,정상,0,0
GATE-10,PARKING-02,2026-01-13 00:00:00,38.26,4.28,24.08,3.02,1.84,35441,1,63,11.92,정상,0,0
GATE-10,PARKING-02,2026-01-13 01:00:00,45.44,4.5,23.99,2.93,1.5,35451,0,63,6.9,정상,0,0
GATE-10,PARKING-02,2026-01-13 02:00:00,41.59,4.62,23.96,3.19,1.74,35461,1,63,10.07,정상,0,0
GATE-10,PARKING-02,2026-01-13 03:00:00,40.2,4.54,23.64,2.93,1.7,35470,1,63,15.21,정상,0,0
GATE-10,PARKING-02,2026-01-13 04:00:00,38.58,4.91,23.35,2.9,1.56,35477,0,63,6.62,정상,0,0
GATE-10,PARKING-02,2026-01-13 05:00:00,40.67,3.87,24.25,3.16,1.84,35487,0,63,6.9,정상,0,0
GATE-10,PARKING-02,2026-01-13 06:00:00,41.87,4.06,23.62,2.96,1.82,35506,0,63,6.83,정상,0,0
GATE-10,PARKING-02,2026-01-13 07:00:00,45.94,4.67,24.01,3.21,1.31,35548,0,63,9.78,정상,0,0
GATE-10,PARKING-02,2026-01-13 08:00:00,45.35,5.25,23.52,3.04,1.96,35598,0,63,16.11,정상,0,0
GATE-10,PARKING-02,2026-01-13 09:00:00,38.43,5.22,23.81,2.85,1.45,35634,0,63,3.48,정상,0,0
GATE-10,PARKING-02,2026-01-13 10:00:00,42.25,4.48,24.04,2.77,1.61,35655,0,63,4.97,정상,0,0
GATE-10,PARKING-02,2026-01-13 11:00:00,41.83,4.68,23.78,2.99,1.43,35674,0,63,0,정상,0,0
GATE-10,PARKING-02,2026-01-13 12:00:00,42.52,4.55,24.09,2.94,1.38,35698,0,63,2.97,정상,0,0
GATE-10,PARKING-02,2026-01-13 13:00:00,41.43,4.77,23.75,2.96,1.4,35724,0,63,2.73,정상,0,0
GATE-10,PARKING-02,2026-01-13 14:00:00,43.84,4.24,23.89,3,1.59,35747,0,63,7.94,정상,0,0
GATE-10,PARKING-02,2026-01-13 15:00:00,37.87,4.56,23.43,3.21,1.68,35770,0,63,9.01,정상,0,0
GATE-10,PARKING-02,2026-01-13 16:00:00,39.41,5.3,24.2,2.96,1.57,35799,1,63,12.15,정상,0,0
GATE-10,PARKING-02,2026-01-13 17:00:00,42.52,5.4,23.29,3.23,1.42,35846,1,63,17.62,정상,0,0
GATE-10,PARKING-02,2026-01-13 18:00:00,43.08,5.22,23.95,3.08,1.54,35893,1,63,15.1,정상,0,0
GATE-10,PARKING-02,2026-01-13 19:00:00,41.18,4.71,23.92,3.02,1.91,35929,1,63,12.44,정상,0,0
GATE-10,PARKING-02,2026-01-13 20:00:00,45.94,4.86,23.82,2.95,1.79,35967,0,63,13.77,정상,0,0
GATE-10,PARKING-02,2026-01-13 21:00:00,39.4,4.89,24.03,2.97,1.96,35990,1,63,11.39,정상,0,0
GATE-10,PARKING-02,2026-01-13 22:00:00,43.85,5.02,23.83,3.12,1.62,36012,0,63,10.18,정상,0,0
GATE-10,PARKING-02,2026-01-13 23:00:00,41.64,4.89,23.62,3.1,1.61,36034,0,63,4.1,정상,0,0
GATE-10,PARKING-02,2026-01-14 00:00:00,38.68,4.5,23.79,2.86,1.85,36051,0,64,5.27,정상,0,0
GATE-10,PARKING-02,2026-01-14 01:00:00,37.96,4.6,23.48,3.12,1.57,36058,0,64,5.03,정상,0,0
GATE-10,PARKING-02,2026-01-14 02:00:00,42.08,3.96,24.03,3.13,1.69,36071,0,64,4.04,정상,0,0
GATE-10,PARKING-02,2026-01-14 03:00:00,40.8,4.05,23.94,2.88,1.34,36072,0,64,0.07,정상,0,0
GATE-10,PARKING-02,2026-01-14 04:00:00,40.97,4.77,23.85,3.05,1.46,36081,0,64,6.84,정상,0,0
GATE-10,PARKING-02,2026-01-14 05:00:00,36.77,3.86,23.72,2.85,1.76,36081,0,64,5.79,정상,0,0
GATE-10,PARKING-02,2026-01-14 06:00:00,40.02,4.39,23.73,3.07,1.57,36104,0,64,5.42,정상,0,0
GATE-10,PARKING-02,2026-01-14 07:00:00,43.54,5.13,23.78,2.96,1.71,36154,1,64,13.27,정상,0,0
GATE-10,PARKING-02,2026-01-14 08:00:00,43.1,5.45,23.88,2.69,1.41,36206,0,64,7.85,정상,0,0
GATE-10,PARKING-02,2026-01-14 09:00:00,45.76,5.77,23.57,3.09,1.68,36265,0,64,17.47,정상,0,0
GATE-10,PARKING-02,2026-01-14 10:00:00,42.66,4.86,23.63,3.07,1.55,36290,0,64,6.78,정상,0,0
GATE-10,PARKING-02,2026-01-14 11:00:00,41.73,4.91,24.09,2.98,1.76,36323,1,64,12.86,정상,0,0
GATE-10,PARKING-02,2026-01-14 12:00:00,43.66,4.79,24.21,2.92,1.43,36335,1,64,8.81,정상,0,0
GATE-10,PARKING-02,2026-01-14 13:00:00,42.39,4.98,23.8,2.94,1.4,36356,0,64,3.2,정상,0,0
GATE-10,PARKING-02,2026-01-14 14:00:00,42.38,4.96,23.95,2.75,1.58,36392,0,64,3.51,정상,0,0
GATE-10,PARKING-02,2026-01-14 15:00:00,41.09,4.7,23.76,2.91,1.61,36416,0,64,4.97,정상,0,0
GATE-10,PARKING-02,2026-01-14 16:00:00,40.41,4.72,24.26,3.58,1.72,36444,1,64,15.12,정상,0,0
GATE-10,PARKING-02,2026-01-14 17:00:00,41.96,4.69,23.8,3.04,1.6,36481,0,64,4.35,정상,0,0
GATE-10,PARKING-02,2026-01-14 18:00:00,41.85,4.62,23.87,3.26,1.33,36514,1,64,10.82,정상,0,0
GATE-10,PARKING-02,2026-01-14 19:00:00,42.58,5.2,24.23,3.16,1.48,36551,0,64,8.26,정상,0,0
GATE-10,PARKING-02,2026-01-14 20:00:00,44.83,4.92,23.82,2.95,1.43,36594,0,64,10.92,정상,0,0
GATE-10,PARKING-02,2026-01-14 21:00:00,41.49,4.44,23.85,3.04,1.68,36616,0,64,4.43,정상,0,0
GATE-10,PARKING-02,2026-01-14 22:00:00,40.61,4.64,23.56,3.05,1.48,36638,0,64,1.71,정상,0,0
GATE-10,PARKING-02,2026-01-14 23:00:00,40.56,4.47,23.96,2.95,1.44,36660,0,64,3.38,정상,0,0
GATE-10,PARKING-02,2026-01-15 00:00:00,41.42,4.38,23.89,3.19,1.66,36668,0,65,3.33,정상,0,0
GATE-10,PARKING-02,2026-01-15 01:00:00,40.34,4.99,23.6,2.89,2.17,36675,1,65,16.61,정상,0,0
GATE-10,PARKING-02,2026-01-15 02:00:00,44.05,4.8,23.28,3.2,1.72,36682,0,65,11.12,정상,0,0
GATE-10,PARKING-02,2026-01-15 03:00:00,41.6,4.73,23.55,3.32,1.85,36682,2,65,22.73,정상,0,0
GATE-10,PARKING-02,2026-01-15 04:00:00,41.83,4.71,23.8,3.41,2.07,36689,1,65,17.09,정상,0,0
GATE-10,PARKING-02,2026-01-15 05:00:00,40.32,5.1,23.44,3.33,2.25,36689,1,65,23.92,정상,0,0
GATE-10,PARKING-02,2026-01-15 06:00:00,44.82,5.91,23.93,3.69,2.22,36722,1,65,22.62,정상,0,0
GATE-10,PARKING-02,2026-01-15 07:00:00,48.81,5.86,23.48,3.61,2.45,36772,2,65,40.97,주의,0,0
GATE-10,PARKING-02,2026-01-15 08:00:00,50.42,6.3,23.62,3.43,2.6,36823,1,65,39.81,주의,0,0
GATE-10,PARKING-02,2026-01-15 09:00:00,45.39,6.27,23.77,3.62,2.5,36869,1,65,33.66,정상,0,0
GATE-10,PARKING-02,2026-01-15 10:00:00,44.38,5.85,23.35,3.7,2.43,36885,2,65,37.75,정상,0,0
GATE-10,PARKING-02,2026-01-15 11:00:00,41.77,6.3,23.98,3.85,3.03,36893,1,65,31.48,정상,0,0
GATE-10,PARKING-02,2026-01-15 12:00:00,46.49,6.02,23.15,3.77,3,36919,2,65,47.21,주의,0,0
GATE-10,PARKING-02,2026-01-15 13:00:00,45.05,6.19,23.83,4.1,2.58,36942,0,65,28.91,정상,0,0
GATE-10,PARKING-02,2026-01-15 14:00:00,47.17,6.02,23.26,3.8,2.66,36965,2,65,42.67,주의,0,0
GATE-10,PARKING-02,2026-01-15 15:00:00,47.08,6.29,23.58,3.87,3.08,36992,2,65,47.75,주의,0,0
GATE-10,PARKING-02,2026-01-15 16:00:00,49.4,6.67,23.26,4.09,3.16,37013,2,65,52.97,주의,0,0
GATE-10,PARKING-02,2026-01-15 17:00:00,54.39,6.93,23.11,4.09,2.98,37064,2,65,60.41,주의,0,0
GATE-10,PARKING-02,2026-01-15 18:00:00,50.53,7.16,23.12,4.45,3.2,37113,4,65,74.09,주의,0,0
GATE-10,PARKING-02,2026-01-15 19:00:00,53.93,7.35,23.62,4.4,3.48,37156,2,65,71.12,주의,0,0
GATE-10,PARKING-02,2026-01-15 20:00:00,49.69,6.51,23.09,4.19,3.15,37190,2,65,60.75,주의,0,0
GATE-10,PARKING-02,2026-01-15 21:00:00,51.68,7.05,23.64,4.55,3.59,37216,2,65,65.19,주의,0,0
GATE-10,PARKING-02,2026-01-15 22:00:00,50.14,7.03,23.46,4.7,3.43,37235,2,65,63.75,주의,0,0
GATE-10,PARKING-02,2026-01-15 23:00:00,46.75,6.21,23.44,4.36,3.63,37242,3,65,60.78,주의,0,0
GATE-10,PARKING-02,2026-01-16 00:00:00,49.1,6.87,23.13,4.4,3.8,37244,2,66,62.76,주의,0,0
GATE-10,PARKING-02,2026-01-16 01:00:00,51.93,6.62,22.88,4.49,3.59,37255,3,66,76.17,주의,0,0
GATE-10,PARKING-02,2026-01-16 02:00:00,47.23,7.53,23.28,4.4,3.6,37262,4,66,71.08,주의,0,0
GATE-10,PARKING-02,2026-01-16 03:00:00,53.29,6.95,23.03,5.04,4.05,37264,3,66,81.89,주의,0,0
GATE-10,PARKING-02,2026-01-16 04:00:00,51.28,7.05,23.49,4.87,4.36,37276,3,66,79.31,주의,0,0
GATE-10,PARKING-02,2026-01-16 05:00:00,49.22,7.03,23.14,4.86,4.22,37287,2,66,73.58,주의,0,0
GATE-10,PARKING-02,2026-01-16 06:00:00,54.98,6.72,23.12,4.68,4.34,37315,4,66,84.64,주의,0,0
GATE-10,PARKING-02,2026-01-16 07:00:00,57.64,7.54,23.14,4.91,4.34,37350,4,66,95.44,위험,0,0
GATE-10,PARKING-02,2026-01-16 08:00:00,55.6,7.62,23.13,5.08,4.44,37384,4,66,88.96,주의,0,0
GATE-10,PARKING-02,2026-01-16 09:00:00,58.15,8.57,23.06,4.95,4.19,37431,3,66,97.22,위험,0,0
GATE-10,PARKING-02,2026-01-16 10:00:00,56.57,8.02,23.09,5.53,4.63,37453,4,66,100,위험,0,0
GATE-10,PARKING-02,2026-01-16 11:00:00,41.44,4.69,23.53,2.92,1.61,37473,2,66,17.23,정상,0,0
GATE-10,PARKING-02,2026-01-16 12:00:00,43.84,4.95,23.84,3.03,1.71,37505,0,66,7.99,정상,0,0
GATE-10,PARKING-02,2026-01-16 13:00:00,41.32,4.59,24.1,2.91,1.32,37526,0,66,0,정상,0,0
GATE-10,PARKING-02,2026-01-16 14:00:00,40.49,4.98,23.52,3.1,1.7,37547,0,66,7.24,정상,0,0
GATE-10,PARKING-02,2026-01-16 15:00:00,39.06,5.4,24.03,2.69,1.58,37573,0,66,7.54,정상,0,0
GATE-10,PARKING-02,2026-01-16 16:00:00,40.72,4.8,23.85,3.17,1.55,37595,0,66,6.29,정상,0,0
GATE-10,PARKING-02,2026-01-16 17:00:00,43.02,5.05,24.15,3.06,1.55,37630,0,66,5.99,정상,0,0
GATE-10,PARKING-02,2026-01-16 18:00:00,41.81,5.15,24.04,3.22,1.71,37672,0,66,7.31,정상,0,0
GATE-10,PARKING-02,2026-01-16 19:00:00,43.81,4.82,23.4,3.22,1.65,37712,0,66,11.79,정상,0,0
GATE-10,PARKING-02,2026-01-16 20:00:00,44.44,5.42,23.84,3.27,1.89,37752,0,66,17.6,정상,0,0
GATE-10,PARKING-02,2026-01-16 21:00:00,41.1,5.24,23.73,3.27,1.7,37771,1,66,17.87,정상,0,0
GATE-10,PARKING-02,2026-01-16 22:00:00,42.26,4.59,23.7,3.03,1.57,37786,0,66,5.14,정상,0,0
GATE-10,PARKING-02,2026-01-16 23:00:00,40.77,4.49,23.63,3.15,1.71,37811,1,66,7.39,정상,0,0
GATE-10,PARKING-02,2026-01-17 00:00:00,39.25,4.43,23.55,2.97,1.77,37817,0,67,5.52,정상,0,0
GATE-10,PARKING-02,2026-01-17 01:00:00,36.69,4.59,23.76,3.33,1.45,37819,2,67,14.5,정상,0,0
GATE-10,PARKING-02,2026-01-17 02:00:00,39.49,4.44,23.46,3.03,1.31,37827,2,67,12.55,정상,0,0
GATE-10,PARKING-02,2026-01-17 03:00:00,37.7,4.33,23.79,3.11,1.78,37828,1,67,10.12,정상,0,0
GATE-10,PARKING-02,2026-01-17 04:00:00,39.26,4.05,23.98,3.37,1.69,37833,0,67,7.39,정상,0,0
GATE-10,PARKING-02,2026-01-17 05:00:00,40.14,4.7,23.71,3,1.57,37847,1,67,13.67,정상,0,0
GATE-10,PARKING-02,2026-01-17 06:00:00,43.7,5.11,23.38,3.23,1.46,37865,0,67,10.38,정상,0,0
GATE-10,PARKING-02,2026-01-17 07:00:00,47.47,5.15,23.89,2.91,1.67,37912,1,67,14.69,정상,0,0
GATE-10,PARKING-02,2026-01-17 08:00:00,39.49,5.31,23.74,2.96,1.84,37952,1,67,16.2,정상,0,0
GATE-10,PARKING-02,2026-01-17 09:00:00,42.1,4.68,23.5,2.96,1.85,37988,0,67,4.59,정상,0,0
GATE-10,PARKING-02,2026-01-17 10:00:00,41.9,4.32,24.33,2.86,1.64,38009,1,67,8.7,정상,0,0
GATE-10,PARKING-02,2026-01-17 11:00:00,43.16,5.12,24.06,3.34,1.68,38037,1,67,11.77,정상,0,0
GATE-10,PARKING-02,2026-01-17 12:00:00,43.44,4.78,23.68,2.85,1.69,38064,0,67,9.38,정상,0,0
GATE-10,PARKING-02,2026-01-17 13:00:00,40.53,4.36,24.19,3,1.59,38081,0,67,0.79,정상,0,0
GATE-10,PARKING-02,2026-01-17 14:00:00,40.77,4.84,23.43,3.26,1.64,38105,0,67,7.34,정상,0,0
GATE-10,PARKING-02,2026-01-17 15:00:00,39.98,4.8,23.7,3.44,1.75,38131,0,67,13.94,정상,0,0
GATE-10,PARKING-02,2026-01-17 16:00:00,43.37,4.32,23.82,2.9,1.52,38156,1,67,11.46,정상,0,0
GATE-10,PARKING-02,2026-01-17 17:00:00,44.46,5.75,24.43,3.25,1.58,38198,0,67,20.35,정상,0,0
GATE-10,PARKING-02,2026-01-17 18:00:00,44.6,5.05,23.66,3.23,1.68,38255,0,67,10.7,정상,0,0
GATE-10,PARKING-02,2026-01-17 19:00:00,45.12,4.88,23.45,3.25,1.71,38297,0,67,10.2,정상,0,0
GATE-10,PARKING-02,2026-01-17 20:00:00,46.05,5.12,23.78,3.4,1.67,38337,0,67,14.24,정상,0,0
GATE-10,PARKING-02,2026-01-17 21:00:00,41.4,4.96,23.79,3.07,1.47,38362,0,67,6.65,정상,0,0
GATE-10,PARKING-02,2026-01-17 22:00:00,41.24,4.01,23.83,3.06,1.58,38384,1,67,10.31,정상,0,0
GATE-10,PARKING-02,2026-01-17 23:00:00,39.68,4.51,24.29,3.24,1.68,38406,0,67,5.19,정상,0,0
GATE-10,PARKING-02,2026-01-18 00:00:00,39.62,4.75,23.83,3.19,1.58,38415,0,68,9.58,정상,0,0
GATE-10,PARKING-02,2026-01-18 01:00:00,37.44,4.15,23.78,3.35,1.85,38417,1,68,17.38,정상,0,0
GATE-10,PARKING-02,2026-01-18 02:00:00,40.02,4.13,23.64,2.86,1.64,38425,0,68,4.1,정상,0,0
GATE-10,PARKING-02,2026-01-18 03:00:00,40.69,4.74,24.13,3.1,1.9,38431,1,68,11.23,정상,0,0
GATE-10,PARKING-02,2026-01-18 04:00:00,41.02,4.33,23.5,3.23,1.76,38436,0,68,7.97,정상,0,0
GATE-10,PARKING-02,2026-01-18 05:00:00,42.28,5.21,23.49,3.01,1.74,38447,0,68,9.69,정상,0,0
GATE-10,PARKING-02,2026-01-18 06:00:00,40.15,4.87,23.74,3.03,1.88,38466,0,68,8.92,정상,0,0
GATE-10,PARKING-02,2026-01-18 07:00:00,44.49,5.34,23.92,3.06,1.67,38514,1,68,16.62,정상,0,0
GATE-10,PARKING-02,2026-01-18 08:00:00,45.72,5.19,23.48,3.11,1.51,38556,0,68,11.81,정상,0,0
GATE-10,PARKING-02,2026-01-18 09:00:00,46.46,4.99,24.15,3.03,1.79,38612,1,68,15.78,정상,0,0
GATE-10,PARKING-02,2026-01-18 10:00:00,41.93,5.31,23.4,3.16,1.41,38641,1,68,17.01,정상,0,0
GATE-10,PARKING-02,2026-01-18 11:00:00,41.18,4.7,23.67,2.97,1.94,38662,0,68,6.38,정상,0,0
GATE-10,PARKING-02,2026-01-18 12:00:00,44.59,5.14,24,2.91,1.55,38690,0,68,10.24,정상,0,0
GATE-10,PARKING-02,2026-01-18 13:00:00,40.36,4.48,23.31,3.19,1.66,38709,1,68,11.58,정상,0,0
GATE-10,PARKING-02,2026-01-18 14:00:00,43.01,5.01,23.85,3.14,1.65,38736,2,68,20.72,정상,0,0
GATE-10,PARKING-02,2026-01-18 15:00:00,41.72,4.62,23.23,3.18,1.52,38761,0,68,11.25,정상,0,0
GATE-10,PARKING-02,2026-01-18 16:00:00,40.77,4.48,23.54,2.74,1.75,38784,0,68,7.22,정상,0,0
GATE-10,PARKING-02,2026-01-18 17:00:00,44.67,5.16,23.87,3.39,1.94,38827,0,68,13.85,정상,0,0
GATE-10,PARKING-02,2026-01-18 18:00:00,43.84,5.27,24.07,2.93,1.62,38872,0,68,7.76,정상,0,0
GATE-10,PARKING-02,2026-01-18 19:00:00,45.74,5.61,23.58,3.09,1.6,38922,0,68,14.85,정상,0,0
GATE-10,PARKING-02,2026-01-18 20:00:00,45.17,5.94,23.67,2.99,1.46,38958,0,68,16.31,정상,0,0
GATE-10,PARKING-02,2026-01-18 21:00:00,43.42,4.86,23.78,3.11,1.83,38990,1,68,15.32,정상,0,0
GATE-10,PARKING-02,2026-01-18 22:00:00,42.82,4.97,23.92,3.27,1.8,39017,1,68,12.78,정상,0,0
GATE-10,PARKING-02,2026-01-18 23:00:00,43.79,5.33,23.62,3.23,1.72,39041,0,68,12.31,정상,0,0
GATE-10,PARKING-02,2026-01-19 00:00:00,42.7,4.51,23.73,3.15,1.62,39057,0,69,6.84,정상,0,0
GATE-10,PARKING-02,2026-01-19 01:00:00,38.98,4.73,23.91,3.08,1.52,39060,0,69,5.06,정상,0,0
GATE-10,PARKING-02,2026-01-19 02:00:00,41.91,4.26,23.52,3.15,1.42,39067,0,69,4.79,정상,0,0
GATE-10,PARKING-02,2026-01-19 03:00:00,39.63,4.66,23.64,3.14,1.7,39076,0,69,5.54,정상,0,0
GATE-10,PARKING-02,2026-01-19 04:00:00,41,3.89,23.55,3.11,1.81,39079,0,69,8.24,정상,0,0
GATE-10,PARKING-02,2026-01-19 05:00:00,40.19,4.51,24.09,3.07,1.89,39082,1,69,12.49,정상,0,0
GATE-10,PARKING-02,2026-01-19 06:00:00,44.1,4.95,23.49,3.37,1.68,39103,0,69,12.26,정상,0,0
GATE-10,PARKING-02,2026-01-19 07:00:00,44.61,5.08,23.73,3.11,1.76,39150,0,69,13.43,정상,0,0
GATE-10,PARKING-02,2026-01-19 08:00:00,43.96,5.3,23.72,2.88,1.52,39178,0,69,10.36,정상,0,0
GATE-10,PARKING-02,2026-01-19 09:00:00,45.4,5.12,23.62,3.38,1.67,39217,0,69,14.84,정상,0,0
GATE-10,PARKING-02,2026-01-19 10:00:00,40.63,4.99,23.77,3.25,1.53,39236,1,69,9.15,정상,0,0
GATE-10,PARKING-02,2026-01-19 11:00:00,41.87,5.35,23.65,3.24,1.66,39260,0,69,12.21,정상,0,0
GATE-10,PARKING-02,2026-01-19 12:00:00,40.66,4.77,23.77,3.38,1.48,39284,1,69,11.97,정상,0,0
GATE-10,PARKING-02,2026-01-19 13:00:00,39.39,4.45,24.02,2.76,1.69,39301,0,69,5.09,정상,0,0
GATE-10,PARKING-02,2026-01-19 14:00:00,40.91,4.83,24.19,2.81,1.81,39321,0,69,6.69,정상,0,0
GATE-10,PARKING-02,2026-01-19 15:00:00,42.42,5.4,23.7,2.94,1.65,39351,1,69,14.3,정상,0,0
GATE-10,PARKING-02,2026-01-19 16:00:00,40.14,4.43,24.23,3.2,1.83,39369,0,69,4.39,정상,0,0
GATE-10,PARKING-02,2026-01-19 17:00:00,45.34,5.3,23.97,3.25,1.54,39418,1,69,19.7,정상,0,0
GATE-10,PARKING-02,2026-01-19 18:00:00,42.5,5.75,23.78,3.01,1.57,39458,0,69,12.81,정상,0,0
GATE-10,PARKING-02,2026-01-19 19:00:00,45.87,5.54,23.61,3.5,1.47,39503,0,69,15.31,정상,0,0
GATE-10,PARKING-02,2026-01-19 20:00:00,46.2,5.3,23.4,3.27,1.64,39547,0,69,17.99,정상,0,0
GATE-10,PARKING-02,2026-01-19 21:00:00,42.22,4.5,23.59,3.14,1.28,39573,1,69,11.88,정상,0,0
GATE-10,PARKING-02,2026-01-19 22:00:00,38.19,4.64,23.49,3.13,1.72,39596,0,69,5.88,정상,0,0
GATE-10,PARKING-02,2026-01-19 23:00:00,38.95,4.7,23.72,3.2,1.92,39618,1,69,14.7,정상,0,0
GATE-10,PARKING-02,2026-01-20 00:00:00,39.81,4.49,23.26,3.07,2.02,39627,1,70,16.15,정상,0,0
GATE-10,PARKING-02,2026-01-20 01:00:00,37.61,4.61,23.91,2.8,1.61,39635,0,70,3.96,정상,0,0
GATE-10,PARKING-02,2026-01-20 02:00:00,37.95,4.27,23.9,3.33,1.94,39644,1,70,12.2,정상,0,0
GATE-10,PARKING-02,2026-01-20 03:00:00,40.62,4.62,23.71,3.3,2.04,39644,0,70,11.71,정상,0,0
GATE-10,PARKING-02,2026-01-20 04:00:00,37.34,4.59,23.4,3.16,1.93,39649,1,70,19.07,정상,0,0
GATE-10,PARKING-02,2026-01-20 05:00:00,38.29,4.32,23.73,3.41,1.78,39653,1,70,15.49,정상,0,0
GATE-10,PARKING-02,2026-01-20 06:00:00,39.96,5.27,23.84,3.14,1.79,39682,1,70,13.18,정상,0,0
GATE-10,PARKING-02,2026-01-20 07:00:00,42.25,4.91,23.51,3.48,1.8,39709,0,70,11.93,정상,0,0
GATE-10,PARKING-02,2026-01-20 08:00:00,44.75,5.11,23.77,3.23,1.91,39751,1,70,15.57,정상,0,0
GATE-10,PARKING-02,2026-01-20 09:00:00,44.75,5.81,23.75,3.19,1.78,39795,1,70,21.74,정상,0,0
GATE-10,PARKING-02,2026-01-20 10:00:00,40.92,4.89,24.11,3.41,1.69,39812,1,70,11.61,정상,0,0
GATE-10,PARKING-02,2026-01-20 11:00:00,41.58,5.09,23.84,3.19,1.48,39832,0,70,7.14,정상,0,0
GATE-10,PARKING-02,2026-01-20 12:00:00,45.33,4.83,23.52,3.21,1.65,39861,0,70,12.05,정상,0,0
GATE-10,PARKING-02,2026-01-20 13:00:00,44,4.48,23.86,3.14,1.64,39883,0,70,6.91,정상,0,0
GATE-10,PARKING-02,2026-01-20 14:00:00,41.56,5.37,23.81,3.35,1.6,39907,1,70,15.73,정상,0,0
GATE-10,PARKING-02,2026-01-20 15:00:00,42.95,5.1,23.65,3.39,1.78,39935,0,70,15.12,정상,0,0
GATE-10,PARKING-02,2026-01-20 16:00:00,44.23,5.11,24.02,3.12,1.99,39960,0,70,12.46,정상,0,0
GATE-10,PARKING-02,2026-01-20 17:00:00,41.62,4.69,23.97,3.01,1.87,40010,0,70,6.09,정상,0,0
GATE-10,PARKING-02,2026-01-20 18:00:00,44.68,4.83,23.72,3.27,1.98,40053,0,70,13.83,정상,0,0
GATE-10,PARKING-02,2026-01-20 19:00:00,44.59,5.3,23.96,3.37,2,40101,1,70,22.71,정상,0,0
GATE-10,PARKING-02,2026-01-20 20:00:00,42.1,4.97,24.12,3.14,2.18,40126,1,70,14.54,정상,0,0
GATE-10,PARKING-02,2026-01-20 21:00:00,38.83,4.3,23.91,3.2,1.79,40150,1,70,10.61,정상,0,0
GATE-10,PARKING-02,2026-01-20 22:00:00,43.18,4.23,23.53,3.12,1.66,40173,0,70,7.5,정상,0,0
GATE-10,PARKING-02,2026-01-20 23:00:00,41.73,5.13,23.76,3.21,1.61,40202,0,70,7.4,정상,0,0
GATE-10,PARKING-02,2026-01-21 00:00:00,36.81,5.3,23.37,3.32,2.03,40211,0,71,13.48,정상,0,0
GATE-10,PARKING-02,2026-01-21 01:00:00,37.73,4.67,24,3.27,1.58,40213,0,71,7.95,정상,0,0
GATE-10,PARKING-02,2026-01-21 02:00:00,36.57,4.71,23.79,3,1.47,40218,0,71,1.52,정상,0,0
GATE-10,PARKING-02,2026-01-21 03:00:00,40.11,4.27,23.7,3.43,1.84,40229,1,71,13.8,정상,0,0
GATE-10,PARKING-02,2026-01-21 04:00:00,40.66,4.78,23.63,3.23,1.69,40241,0,71,6.94,정상,0,0
GATE-10,PARKING-02,2026-01-21 05:00:00,37.03,5.01,23.77,3.07,1.69,40248,1,71,12.34,정상,0,0
GATE-10,PARKING-02,2026-01-21 06:00:00,42.61,4.75,23.21,3.28,2.05,40266,1,71,14.06,정상,0,0
GATE-10,PARKING-02,2026-01-21 07:00:00,45.42,5.05,23.27,3.37,1.77,40305,1,71,22.08,정상,0,0
GATE-10,PARKING-02,2026-01-21 08:00:00,46.4,5.24,23.54,3.2,1.76,40353,1,71,20.87,정상,0,0
GATE-10,PARKING-02,2026-01-21 09:00:00,44.86,5.37,23.41,3.31,1.92,40392,0,71,19.38,정상,0,0
GATE-10,PARKING-02,2026-01-21 10:00:00,42,4.99,23.64,3.32,2.07,40423,1,71,18.36,정상,0,0
GATE-10,PARKING-02,2026-01-21 11:00:00,42.44,5.09,23.44,3.27,2.01,40444,0,71,16.26,정상,0,0
GATE-10,PARKING-02,2026-01-21 12:00:00,40.82,4.88,23.51,3.05,1.69,40464,0,71,7.75,정상,0,0
GATE-10,PARKING-02,2026-01-21 13:00:00,44.91,4.65,23.53,3.33,2.04,40489,2,71,25.53,정상,0,0
GATE-10,PARKING-02,2026-01-21 14:00:00,42.54,4.55,24.06,3.22,1.98,40508,0,71,9.37,정상,0,0
GATE-10,PARKING-02,2026-01-21 15:00:00,42.97,5.3,23.91,3.42,1.72,40537,1,71,17.31,정상,0,0
GATE-10,PARKING-02,2026-01-21 16:00:00,42.28,4.76,24.07,3.34,1.83,40566,2,71,17.23,정상,0,0
GATE-10,PARKING-02,2026-01-21 17:00:00,46.19,5.07,23.98,3.16,2.07,40615,0,71,14.48,정상,0,0
GATE-10,PARKING-02,2026-01-21 18:00:00,41.8,5.09,23.74,3.14,1.82,40645,0,71,8.29,정상,0,0
GATE-10,PARKING-02,2026-01-21 19:00:00,43.43,5.85,23.93,3.3,1.44,40694,0,71,8.05,정상,0,0
GATE-10,PARKING-02,2026-01-21 20:00:00,44.36,5.44,23.17,3.23,1.64,40744,0,71,16.39,정상,0,0
GATE-10,PARKING-02,2026-01-21 21:00:00,39.18,4.98,23.41,3.37,1.91,40764,0,71,12.47,정상,0,0
GATE-10,PARKING-02,2026-01-21 22:00:00,37.93,4.74,23.92,2.99,1.79,40782,0,71,5.76,정상,0,0
GATE-10,PARKING-02,2026-01-21 23:00:00,44.22,4.71,23.46,3.21,1.56,40804,1,71,16.08,정상,0,0
GATE-10,PARKING-02,2026-01-22 00:00:00,40.46,4.45,23.97,3.25,1.62,40811,0,72,9.95,정상,0,0
GATE-10,PARKING-02,2026-01-22 01:00:00,42.83,4.43,23.78,3.01,2.11,40815,0,72,9.76,정상,0,0
GATE-10,PARKING-02,2026-01-22 02:00:00,36.71,4.48,24.25,3.18,1.9,40817,1,72,16.93,정상,0,0
GATE-10,PARKING-02,2026-01-22 03:00:00,42.8,4.63,23.73,3.14,1.78,40817,0,72,6.35,정상,0,0
GATE-10,PARKING-02,2026-01-22 04:00:00,41.78,4.65,23.76,3.14,1.68,40830,1,72,11.88,정상,0,0
GATE-10,PARKING-02,2026-01-22 05:00:00,39.49,4.89,23.94,3.22,1.57,40839,1,72,10.14,정상,0,0
GATE-10,PARKING-02,2026-01-22 06:00:00,42.93,5.53,23.35,3.12,1.77,40860,1,72,19.34,정상,0,0
GATE-10,PARKING-02,2026-01-22 07:00:00,43.62,5.69,23.83,3.17,1.76,40905,1,72,19.55,정상,0,0
GATE-10,PARKING-02,2026-01-22 08:00:00,43.4,5.37,23.63,3.09,2.05,40951,0,72,13.72,정상,0,0
GATE-10,PARKING-02,2026-01-22 09:00:00,41.33,5.14,23.7,3.26,2.07,40984,1,72,18.84,정상,0,0
GATE-10,PARKING-02,2026-01-22 10:00:00,39.88,4.9,23.58,3.14,1.8,41009,0,72,9.73,정상,0,0
GATE-10,PARKING-02,2026-01-22 11:00:00,39.24,5.17,23.52,3.25,1.82,41029,0,72,14.83,정상,0,0
GATE-10,PARKING-02,2026-01-22 12:00:00,42.17,5.31,24,3.05,1.62,41044,1,72,11.05,정상,0,0
GATE-10,PARKING-02,2026-01-22 13:00:00,43.07,4.84,23.83,3.1,1.59,41071,0,72,6.83,정상,0,0
GATE-10,PARKING-02,2026-01-22 14:00:00,40.72,4.73,23.78,3.21,1.99,41093,0,72,10.07,정상,0,0
GATE-10,PARKING-02,2026-01-22 15:00:00,40.91,4.38,23.44,3.14,2.03,41114,0,72,9.71,정상,0,0
GATE-10,PARKING-02,2026-01-22 16:00:00,39.41,4.76,23.51,3.48,1.77,41131,0,72,9.93,정상,0,0
GATE-10,PARKING-02,2026-01-22 17:00:00,44.3,5.99,24.33,3.14,1.85,41176,0,72,17.31,정상,0,0
GATE-10,PARKING-02,2026-01-22 18:00:00,44.96,5.41,23.38,3.37,1.86,41216,0,72,18.74,정상,0,0
GATE-10,PARKING-02,2026-01-22 19:00:00,45.7,5.79,23.74,2.82,2.07,41271,1,72,27.02,정상,0,0
GATE-10,PARKING-02,2026-01-22 20:00:00,44.79,5.51,23.36,3.06,2,41317,0,72,19.01,정상,0,0
GATE-10,PARKING-02,2026-01-22 21:00:00,42.17,5.27,23.61,3.41,2.07,41336,0,72,14.24,정상,0,0
GATE-10,PARKING-02,2026-01-22 22:00:00,41.55,5.42,23.53,3.14,2.11,41350,0,72,15.59,정상,0,0
GATE-10,PARKING-02,2026-01-22 23:00:00,43.9,4.42,23.4,3.17,1.97,41363,0,72,12.8,정상,0,0
GATE-10,PARKING-02,2026-01-23 00:00:00,41.52,4.14,23.61,3.3,1.82,41378,0,73,9.06,정상,0,0
GATE-10,PARKING-02,2026-01-23 01:00:00,41.46,5.18,23.61,3.09,1.55,41384,0,73,9.17,정상,0,0
GATE-10,PARKING-02,2026-01-23 02:00:00,40.61,4.29,23.82,3.2,1.79,41389,1,73,10.38,정상,0,0
GATE-10,PARKING-02,2026-01-23 03:00:00,40.79,4.78,23.68,3.03,1.84,41395,0,73,8.46,정상,0,0
GATE-10,PARKING-02,2026-01-23 04:00:00,43.01,4.36,23.51,3.05,1.68,41395,0,73,10.15,정상,0,0
GATE-10,PARKING-02,2026-01-23 05:00:00,42.43,4.17,23.51,3.23,1.82,41395,0,73,9.53,정상,0,0
GATE-10,PARKING-02,2026-01-23 06:00:00,41.02,4.57,23.39,3.31,1.77,41416,2,73,21.65,정상,0,0
GATE-10,PARKING-02,2026-01-23 07:00:00,41.73,5.31,23.71,3.03,1.77,41443,1,73,14.17,정상,0,0
GATE-10,PARKING-02,2026-01-23 08:00:00,43.05,4.83,23.77,3.3,1.58,41472,0,73,8.59,정상,0,0
GATE-10,PARKING-02,2026-01-23 09:00:00,46.84,5.69,23.47,3.41,1.78,41514,1,73,23.95,정상,0,0
GATE-10,PARKING-02,2026-01-23 10:00:00,43.18,4.79,23.72,3.29,1.64,41535,0,73,10.37,정상,0,0
GATE-10,PARKING-02,2026-01-23 11:00:00,42.63,5.52,23.69,3.01,1.89,41562,1,73,18.45,정상,0,0
GATE-10,PARKING-02,2026-01-23 12:00:00,40.37,4.72,23.43,3.05,1.6,41577,0,73,5.73,정상,0,0
GATE-10,PARKING-02,2026-01-23 13:00:00,44.52,4.6,23.38,3.27,1.76,41607,1,73,17.36,정상,0,0
GATE-10,PARKING-02,2026-01-23 14:00:00,43.66,5.48,23.86,3.28,1.91,41631,0,73,15.13,정상,0,0
GATE-10,PARKING-02,2026-01-23 15:00:00,39.69,5.24,23.79,3.18,1.55,41654,1,73,13.59,정상,0,0
GATE-10,PARKING-02,2026-01-23 16:00:00,42.23,5.28,23.16,3.39,1.91,41676,0,73,15.69,정상,0,0
GATE-10,PARKING-02,2026-01-23 17:00:00,43.95,5.44,23.57,3.53,2.1,41715,1,73,21.78,정상,0,0
GATE-10,PARKING-02,2026-01-23 18:00:00,50.18,5.05,23.38,3.22,2.38,41760,0,73,27.55,정상,0,0
GATE-10,PARKING-02,2026-01-23 19:00:00,43.12,5.59,23.07,3,1.91,41801,1,73,22.79,정상,0,0
GATE-10,PARKING-02,2026-01-23 20:00:00,46.28,5.63,23.63,3.35,2.11,41846,0,73,20.78,정상,0,0
GATE-10,PARKING-02,2026-01-23 21:00:00,40.31,5.2,24.04,3.2,1.79,41868,1,73,13.88,정상,0,0
GATE-10,PARKING-02,2026-01-23 22:00:00,41.56,4.58,23.59,3.15,2.1,41893,0,73,13.47,정상,0,0
GATE-10,PARKING-02,2026-01-23 23:00:00,44.41,4.89,23.82,3.32,1.61,41918,0,73,9.53,정상,0,0
GATE-10,PARKING-02,2026-01-24 00:00:00,37.21,4.4,23.77,3.49,1.38,41920,0,74,7.09,정상,0,0
GATE-10,PARKING-02,2026-01-24 01:00:00,40.44,4.53,23.72,3.43,1.76,41921,0,74,11.96,정상,0,0
GATE-10,PARKING-02,2026-01-24 02:00:00,40.63,4.38,23.69,3.34,1.71,41929,1,74,11.14,정상,0,0
GATE-10,PARKING-02,2026-01-24 03:00:00,39.05,4.76,23.57,3.41,1.92,41936,0,74,10.44,정상,0,0
GATE-10,PARKING-02,2026-01-24 04:00:00,37.13,4.32,23.51,3.27,1.61,41937,0,74,7.24,정상,0,0
GATE-10,PARKING-02,2026-01-24 05:00:00,41.3,4.03,23.71,3.2,1.89,41941,0,74,9.22,정상,0,0
GATE-10,PARKING-02,2026-01-24 06:00:00,40.88,5.53,23.75,3.53,1.83,41964,0,74,13.85,정상,0,0
GATE-10,PARKING-02,2026-01-24 07:00:00,44.52,5.43,23.49,3.63,1.75,42010,1,74,25.84,정상,0,0
GATE-10,PARKING-02,2026-01-24 08:00:00,46.02,5.43,24.04,3.02,1.87,42046,0,74,11.36,정상,0,0
GATE-10,PARKING-02,2026-01-24 09:00:00,45.74,5.07,23.92,3.11,2.1,42080,0,74,13.78,정상,0,0
GATE-10,PARKING-02,2026-01-24 10:00:00,44.9,5.08,24.02,3.25,1.95,42108,0,74,15.62,정상,0,0
GATE-10,PARKING-02,2026-01-24 11:00:00,42.24,5.38,23.83,3.35,1.65,42139,0,74,8.31,정상,0,0
GATE-10,PARKING-02,2026-01-24 12:00:00,45.38,5.12,23.76,3.11,2.2,42161,0,74,14.53,정상,0,0
GATE-10,PARKING-02,2026-01-24 13:00:00,39.71,4.67,23.62,3.14,1.97,42180,0,74,7.16,정상,0,0
GATE-10,PARKING-02,2026-01-24 14:00:00,45.01,5.02,23.64,3.03,1.9,42203,1,74,17.87,정상,0,0
GATE-10,PARKING-02,2026-01-24 15:00:00,41.96,5.34,23.99,3.45,2.07,42229,0,74,15.06,정상,0,0
GATE-10,PARKING-02,2026-01-24 16:00:00,42.87,4.62,23.9,3.11,2.13,42257,0,74,8.61,정상,0,0
GATE-10,PARKING-02,2026-01-24 17:00:00,49.32,5.17,23.72,3.6,1.76,42308,0,74,22.98,정상,0,0
GATE-10,PARKING-02,2026-01-24 18:00:00,44.86,5.42,23.77,3.57,1.85,42341,0,74,20.4,정상,0,0
GATE-10,PARKING-02,2026-01-24 19:00:00,43.26,5.63,23.64,3.05,2.26,42378,0,74,17.86,정상,0,0
GATE-10,PARKING-02,2026-01-24 20:00:00,44.97,5.35,23.6,3.39,1.94,42421,0,74,21.27,정상,0,0
GATE-10,PARKING-02,2026-01-24 21:00:00,43.07,4.86,23.88,3.63,2.09,42446,1,74,17.99,정상,0,0
GATE-10,PARKING-02,2026-01-24 22:00:00,40.4,5.21,24.1,3.01,1.9,42470,0,74,4.11,정상,0,0
GATE-10,PARKING-02,2026-01-24 23:00:00,40.93,5.03,23.78,3.13,1.73,42479,1,74,16.16,정상,0,0
GATE-10,PARKING-02,2026-01-25 00:00:00,36.55,4.6,23.68,3.26,1.79,42479,0,75,5.56,정상,0,0
GATE-10,PARKING-02,2026-01-25 01:00:00,41.95,4.25,23.54,3.38,2.08,42479,1,75,19.03,정상,0,0
GATE-10,PARKING-02,2026-01-25 02:00:00,37.95,4.84,23.34,3.24,1.93,42483,0,75,12.4,정상,0,0
GATE-10,PARKING-02,2026-01-25 03:00:00,39.25,4.99,23.89,3.49,2.04,42485,1,75,20.71,정상,0,0
GATE-10,PARKING-02,2026-01-25 04:00:00,41.72,4.58,23.56,3.46,1.97,42488,0,75,9.57,정상,0,0
GATE-10,PARKING-02,2026-01-25 05:00:00,41.44,4.44,24.13,3.29,2.12,42495,0,75,6.98,정상,0,0
GATE-10,PARKING-02,2026-01-25 06:00:00,43.71,4.48,23.94,3.31,1.96,42514,1,75,17.87,정상,0,0
GATE-10,PARKING-02,2026-01-25 07:00:00,44.79,5.1,23.54,3.35,2.01,42565,0,75,17.55,정상,0,0
GATE-10,PARKING-02,2026-01-25 08:00:00,43.22,5.05,23.8,3.45,2.03,42604,0,75,14.53,정상,0,0
GATE-10,PARKING-02,2026-01-25 09:00:00,46.26,5.22,23.68,3.36,1.75,42652,0,75,15.27,정상,0,0
GATE-10,PARKING-02,2026-01-25 10:00:00,42.58,5.09,23.19,3.28,2.1,42673,1,75,17.74,정상,0,0
GATE-10,PARKING-02,2026-01-25 11:00:00,40.69,4.68,24.13,3.24,2.03,42691,0,75,9.75,정상,0,0
GATE-10,PARKING-02,2026-01-25 12:00:00,41.27,5.57,23.81,3.27,1.92,42719,0,75,11.95,정상,0,0
GATE-10,PARKING-02,2026-01-25 13:00:00,42.64,5.32,23.98,3.37,1.94,42746,1,75,17.75,정상,0,0
GATE-10,PARKING-02,2026-01-25 14:00:00,38.43,4.44,24.01,3.38,1.97,42757,1,75,15.64,정상,0,0
GATE-10,PARKING-02,2026-01-25 15:00:00,42.64,5.2,23.6,3.49,1.67,42783,1,75,19.5,정상,0,0
GATE-10,PARKING-02,2026-01-25 16:00:00,41.9,5.15,24.39,3.03,1.95,42809,1,75,13.25,정상,0,0
GATE-10,PARKING-02,2026-01-25 17:00:00,43.04,5.22,23.48,3.31,2.18,42848,0,75,15.43,정상,0,0
GATE-10,PARKING-02,2026-01-25 18:00:00,47.09,5.22,24.09,3.24,2.13,42909,0,75,17.49,정상,0,0
GATE-10,PARKING-02,2026-01-25 19:00:00,42.1,5.57,23.52,3.07,2.01,42943,0,75,15.12,정상,0,0
GATE-10,PARKING-02,2026-01-25 20:00:00,50.26,5.01,23.66,3.14,1.95,42983,0,75,19.64,정상,0,0
GATE-10,PARKING-02,2026-01-25 21:00:00,41.03,5.04,23.63,3.43,2.21,43007,0,75,17.96,정상,0,0
GATE-10,PARKING-02,2026-01-25 22:00:00,42.95,4.65,23.58,3.34,1.88,43031,1,75,13.03,정상,0,0
GATE-10,PARKING-02,2026-01-25 23:00:00,41.79,5.35,23.73,3.04,2.16,43050,0,75,12.01,정상,0,0
GATE-10,PARKING-02,2026-01-26 00:00:00,41.02,4.75,24.03,3.48,2.17,43051,0,76,12.49,정상,0,0
GATE-10,PARKING-02,2026-01-26 01:00:00,41.58,5.26,23.68,3.24,2.08,43063,1,76,21.41,정상,0,0
GATE-10,PARKING-02,2026-01-26 02:00:00,38.7,4.33,23.92,3.41,2,43078,0,76,11,정상,0,0
GATE-10,PARKING-02,2026-01-26 03:00:00,38.13,4.71,23.84,3.12,2.07,43085,1,76,15.72,정상,0,0
GATE-10,PARKING-02,2026-01-26 04:00:00,39.62,4.78,23.54,3.1,1.78,43085,1,76,12.79,정상,0,0
GATE-10,PARKING-02,2026-01-26 05:00:00,39.06,5.38,23.65,3.04,1.94,43086,1,76,16.41,정상,0,0
GATE-10,PARKING-02,2026-01-26 06:00:00,42.12,4.98,23.23,3.38,2.14,43118,0,76,16.14,정상,0,0
GATE-10,PARKING-02,2026-01-26 07:00:00,45.76,5.15,24.19,3.36,2.24,43165,1,76,22.43,정상,0,0
GATE-10,PARKING-02,2026-01-26 08:00:00,44.84,5.02,23.57,3.22,1.76,43205,1,76,20.3,정상,0,0
GATE-10,PARKING-02,2026-01-26 09:00:00,43.74,5.81,23.87,3.32,2.15,43255,0,76,20.4,정상,0,0
GATE-10,PARKING-02,2026-01-26 10:00:00,41.49,5.24,23.93,3.26,1.93,43278,0,76,11.28,정상,0,0
GATE-10,PARKING-02,2026-01-26 11:00:00,42.12,4.41,23.26,3.42,1.99,43300,0,76,14.59,정상,0,0
GATE-10,PARKING-02,2026-01-26 12:00:00,45.82,5.4,23.59,3.17,1.92,43329,0,76,15.66,정상,0,0
GATE-10,PARKING-02,2026-01-26 13:00:00,41.93,4.98,23.81,3.42,2.25,43352,0,76,14.1,정상,0,0
GATE-10,PARKING-02,2026-01-26 14:00:00,40.54,4.97,23.72,3.27,2,43368,0,76,13.45,정상,0,0
GATE-10,PARKING-02,2026-01-26 15:00:00,45.04,5.37,24.03,3.15,1.96,43392,1,76,17.08,정상,0,0
GATE-10,PARKING-02,2026-01-26 16:00:00,41.77,5.03,23.65,3.28,1.86,43409,0,76,11.41,정상,0,0
GATE-10,PARKING-02,2026-01-26 17:00:00,49.33,5.52,23.87,3.17,2.31,43464,1,76,23.74,정상,0,0
GATE-10,PARKING-02,2026-01-26 18:00:00,44.99,5.37,23.58,3.44,2.15,43505,0,76,20.75,정상,0,0
GATE-10,PARKING-02,2026-01-26 19:00:00,44.02,5.56,23.58,3.43,2.16,43537,1,76,23.65,정상,0,0
GATE-10,PARKING-02,2026-01-26 20:00:00,43.32,5.56,23.92,3.1,2.07,43576,0,76,13.01,정상,0,0
GATE-10,PARKING-02,2026-01-26 21:00:00,42.99,5.37,23.8,3.33,1.71,43593,1,76,13.56,정상,0,0
GATE-10,PARKING-02,2026-01-26 22:00:00,38.56,4.78,24.01,3.28,1.86,43613,0,76,9.3,정상,0,0
GATE-10,PARKING-02,2026-01-26 23:00:00,40.86,5.3,23.76,3.41,2.05,43635,0,76,11.18,정상,0,0
GATE-10,PARKING-02,2026-01-27 00:00:00,39.53,4.73,23.51,3.4,2.14,43641,0,77,10.49,정상,0,0
GATE-10,PARKING-02,2026-01-27 01:00:00,42.61,5.27,23.91,3.42,1.67,43651,0,77,12.88,정상,0,0
GATE-10,PARKING-02,2026-01-27 02:00:00,39.18,4.59,24.02,3.29,2.1,43652,0,77,7.34,정상,0,0
GATE-10,PARKING-02,2026-01-27 03:00:00,40.48,4.92,23.65,3.04,1.99,43656,1,77,14.54,정상,0,0
GATE-10,PARKING-02,2026-01-27 04:00:00,40.65,4.71,23.36,3.24,2,43667,1,77,16.66,정상,0,0
GATE-10,PARKING-02,2026-01-27 05:00:00,38.53,4.74,23.61,3.02,2.03,43671,0,77,9.72,정상,0,0
GATE-10,PARKING-02,2026-01-27 06:00:00,42.62,5.06,23.98,3.45,1.91,43697,0,77,13.52,정상,0,0
GATE-10,PARKING-02,2026-01-27 07:00:00,48.49,5.8,24.1,3.58,2.18,43743,0,77,28.5,정상,0,0
GATE-10,PARKING-02,2026-01-27 08:00:00,45.57,5.47,23.51,3.42,2.07,43777,0,77,22.25,정상,0,0
GATE-10,PARKING-02,2026-01-27 09:00:00,46.07,5.86,23.61,3.42,2.24,43826,1,77,29.52,정상,0,0
GATE-10,PARKING-02,2026-01-27 10:00:00,43.16,5.22,23.83,3.49,1.94,43847,0,77,14.76,정상,0,0
GATE-10,PARKING-02,2026-01-27 11:00:00,45.74,5.56,23.61,3.45,1.99,43876,0,77,25.44,정상,0,0
GATE-10,PARKING-02,2026-01-27 12:00:00,44.75,4.82,23.83,3.34,2.02,43899,1,77,19.56,정상,0,0
GATE-10,PARKING-02,2026-01-27 13:00:00,41.15,4.94,23.63,3.28,2.25,43923,0,77,13.37,정상,0,0
GATE-10,PARKING-02,2026-01-27 14:00:00,41.6,5.07,23.91,3.35,1.68,43948,0,77,9.23,정상,0,0
GATE-10,PARKING-02,2026-01-27 15:00:00,43.87,5.63,23.22,3.23,2.04,43979,0,77,18.46,정상,0,0
GATE-10,PARKING-02,2026-01-27 16:00:00,40.05,5.25,24.14,3.14,1.88,44000,1,77,11.54,정상,0,0
GATE-10,PARKING-02,2026-01-27 17:00:00,45.79,5.15,23.6,3.6,1.86,44037,1,77,21.38,정상,0,0
GATE-10,PARKING-02,2026-01-27 18:00:00,48.04,5.78,23.51,3.51,1.69,44078,0,77,20.77,정상,0,0
GATE-10,PARKING-02,2026-01-27 19:00:00,43.83,4.76,23.47,3.49,1.94,44109,0,77,16.9,정상,0,0
GATE-10,PARKING-02,2026-01-27 20:00:00,45.1,5.53,23.59,3.43,1.98,44150,0,77,19.58,정상,0,0
GATE-10,PARKING-02,2026-01-27 21:00:00,41.93,5.2,23.45,3.42,1.95,44166,0,77,12.88,정상,0,0
GATE-10,PARKING-02,2026-01-27 22:00:00,41.54,4.86,23.1,3.09,1.93,44184,1,77,15.8,정상,0,0
GATE-10,PARKING-02,2026-01-27 23:00:00,43.4,5.69,23.69,3.32,2.02,44204,0,77,15.24,정상,0,0
GATE-10,PARKING-02,2026-01-28 00:00:00,42.57,4.6,23.73,3.15,1.95,44208,0,78,9.49,정상,0,0
GATE-10,PARKING-02,2026-01-28 01:00:00,43.3,4.83,23.65,3.59,2.32,44213,0,78,17.67,정상,0,0
GATE-10,PARKING-02,2026-01-28 02:00:00,38.83,4.79,23.52,3.35,2.16,44216,0,78,12.09,정상,0,0
GATE-10,PARKING-02,2026-01-28 03:00:00,39,4.97,23.61,3.72,2.14,44222,0,78,15.95,정상,0,0
GATE-10,PARKING-02,2026-01-28 04:00:00,39.35,4.92,23.63,3.51,2.3,44224,1,78,18.82,정상,0,0
GATE-10,PARKING-02,2026-01-28 05:00:00,45.03,4.59,23.79,3.5,1.88,44233,0,78,14.39,정상,0,0
GATE-10,PARKING-02,2026-01-28 06:00:00,42.36,5.22,23.6,3.57,2.27,44248,0,78,18.9,정상,0,0
GATE-10,PARKING-02,2026-01-28 07:00:00,48.51,5.28,23.53,3.29,2.01,44290,0,78,21.19,정상,0,0
GATE-10,PARKING-02,2026-01-28 08:00:00,48.06,5.9,23.76,3.39,2.12,44344,1,78,29.49,정상,0,0
GATE-10,PARKING-02,2026-01-28 09:00:00,45.05,5.27,23.7,3.45,2.16,44388,1,78,28.82,정상,0,0
GATE-10,PARKING-02,2026-01-28 10:00:00,44.94,5.58,23.3,3.57,2.26,44413,1,78,29.62,정상,0,0
GATE-10,PARKING-02,2026-01-28 11:00:00,43.99,5.04,23.6,3.55,1.93,44430,0,78,17.13,정상,0,0
GATE-10,PARKING-02,2026-01-28 12:00:00,43.8,4.85,23.75,3.49,1.86,44450,1,78,19.49,정상,0,0
GATE-10,PARKING-02,2026-01-28 13:00:00,43.51,4.73,23.42,3.25,1.91,44468,0,78,10.83,정상,0,0
GATE-10,PARKING-02,2026-01-28 14:00:00,41.94,5.77,23.89,3.2,2.14,44491,1,78,19.06,정상,0,0
GATE-10,PARKING-02,2026-01-28 15:00:00,48.12,5.14,23.7,3.37,2.24,44510,0,78,22.83,정상,0,0
GATE-10,PARKING-02,2026-01-28 16:00:00,43.84,5.19,23.8,3.54,2.27,44527,1,78,25.03,정상,0,0
GATE-10,PARKING-02,2026-01-28 17:00:00,43.38,5.5,23.73,3.37,1.88,44568,1,78,19.8,정상,0,0
GATE-10,PARKING-02,2026-01-28 18:00:00,49.43,5.81,23.72,3.33,1.97,44633,0,78,22.95,정상,0,0
GATE-10,PARKING-02,2026-01-28 19:00:00,46.39,5.29,23.58,3.41,1.68,44672,0,78,19.98,정상,0,0
GATE-10,PARKING-02,2026-01-28 20:00:00,44.62,5.45,23.7,3.48,2.04,44710,0,78,17.53,정상,0,0
GATE-10,PARKING-02,2026-01-28 21:00:00,43.03,4.69,23.77,3.21,2.03,44740,0,78,12.73,정상,0,0
GATE-10,PARKING-02,2026-01-28 22:00:00,44.84,5.23,23.73,3.45,2.08,44761,0,78,19.12,정상,0,0
GATE-10,PARKING-02,2026-01-28 23:00:00,43.44,5.54,23.88,3.55,2.15,44786,1,78,27.28,정상,0,0
GATE-10,PARKING-02,2026-01-29 00:00:00,40.39,5,23.95,3.36,2.18,44787,0,79,10.72,정상,0,0
GATE-10,PARKING-02,2026-01-29 01:00:00,42.5,4.62,23.39,3.41,2.05,44797,0,79,16.01,정상,0,0
GATE-10,PARKING-02,2026-01-29 02:00:00,40.18,4.8,23.84,3.22,1.83,44803,0,79,11.05,정상,0,0
GATE-10,PARKING-02,2026-01-29 03:00:00,39.81,4.64,24.2,3.43,2.15,44803,0,79,13.73,정상,0,0
GATE-10,PARKING-02,2026-01-29 04:00:00,41.63,5.04,23.33,3.23,2.29,44815,0,79,15.67,정상,0,0
GATE-10,PARKING-02,2026-01-29 05:00:00,40.22,4.58,23.32,3.22,1.97,44819,1,79,18.26,정상,0,0
GATE-10,PARKING-02,2026-01-29 06:00:00,43.53,4.88,23.65,3.38,2.16,44838,0,79,18.72,정상,0,0
GATE-10,PARKING-02,2026-01-29 07:00:00,47.23,5.77,23.58,3.39,1.87,44885,1,79,29.36,정상,0,0
GATE-10,PARKING-02,2026-01-29 08:00:00,46.34,5.37,23.6,3.2,2.39,44939,0,79,17.81,정상,0,0
GATE-10,PARKING-02,2026-01-29 09:00:00,44.88,5.06,23.52,3.34,2.03,44974,0,79,17.65,정상,0,0
GATE-10,PARKING-02,2026-01-29 10:00:00,45.25,5.53,23.95,3.22,1.94,44999,1,79,21.11,정상,0,0
GATE-10,PARKING-02,2026-01-29 11:00:00,44.13,5.14,23.66,3.24,2.02,45030,0,79,16.79,정상,0,0
GATE-10,PARKING-02,2026-01-29 12:00:00,41.34,4.66,23.98,3.37,2.3,45053,0,79,11.93,정상,0,0
GATE-10,PARKING-02,2026-01-29 13:00:00,42.8,5.41,23.36,3.52,2.13,45076,0,79,21.3,정상,0,0
GATE-10,PARKING-02,2026-01-29 14:00:00,47.58,5.38,23.88,3.5,2.08,45104,0,79,26.36,정상,0,0
GATE-10,PARKING-02,2026-01-29 15:00:00,46.78,5.04,23.09,3.66,2.02,45131,0,79,26.85,정상,0,0
GATE-10,PARKING-02,2026-01-29 16:00:00,44.09,5.16,23.46,3.49,2.17,45160,0,79,19.47,정상,0,0
GATE-10,PARKING-02,2026-01-29 17:00:00,44.99,5.22,23.37,3.49,1.78,45206,1,79,23.95,정상,0,0
GATE-10,PARKING-02,2026-01-29 18:00:00,42.29,5.52,23.65,3.37,2.23,45244,0,79,15.23,정상,0,0
GATE-10,PARKING-02,2026-01-29 19:00:00,48.42,5.43,23.68,3.38,2.04,45285,1,79,27.17,정상,0,0
GATE-10,PARKING-02,2026-01-29 20:00:00,44.69,5.33,23.97,3.53,1.93,45332,0,79,19.44,정상,0,0
GATE-10,PARKING-02,2026-01-29 21:00:00,41.82,5.17,23.8,3.4,2.12,45347,1,79,22.71,정상,0,0
GATE-10,PARKING-02,2026-01-29 22:00:00,42.87,4.43,23.6,3.28,2.29,45368,1,79,19.72,정상,0,0
GATE-10,PARKING-02,2026-01-29 23:00:00,44.59,4.85,23.6,3.45,2.36,45383,0,79,21.4,정상,0,0
GATE-10,PARKING-02,2026-01-30 00:00:00,38.7,4.89,23.58,3.49,1.75,45383,0,80,14.22,정상,0,0
GATE-10,PARKING-02,2026-01-30 01:00:00,39.82,5.1,23.72,3.48,2.12,45386,0,80,18.23,정상,0,0
GATE-10,PARKING-02,2026-01-30 02:00:00,40.04,4.99,23.65,3.41,1.88,45386,1,80,19.24,정상,0,0
GATE-10,PARKING-02,2026-01-30 03:00:00,40.74,4.58,23.69,3.1,2.31,45402,0,80,9.84,정상,0,0
GATE-10,PARKING-02,2026-01-30 04:00:00,41.12,4.74,23.57,3.13,2.05,45413,0,80,8.9,정상,0,0
GATE-10,PARKING-02,2026-01-30 05:00:00,41.39,4.8,23.97,3.34,1.74,45416,0,80,10.74,정상,0,0
GATE-10,PARKING-02,2026-01-30 06:00:00,41.04,5.1,23.69,3.35,2.11,45437,0,80,17.92,정상,0,0
GATE-10,PARKING-02,2026-01-30 07:00:00,44.03,5.02,23.41,3.48,2.18,45476,0,80,21.15,정상,0,0
GATE-10,PARKING-02,2026-01-30 08:00:00,45.24,5.97,23.63,3.23,1.98,45522,0,80,20.11,정상,0,0
GATE-10,PARKING-02,2026-01-30 09:00:00,46.14,5.79,23.51,3.25,2.01,45560,0,80,21.96,정상,0,0
GATE-10,PARKING-02,2026-01-30 10:00:00,46.66,4.98,23.76,3.29,1.93,45584,0,80,16.73,정상,0,0
GATE-10,PARKING-02,2026-01-30 11:00:00,40.28,5.18,23.63,3.52,2.07,45606,0,80,17.36,정상,0,0
GATE-10,PARKING-02,2026-01-30 12:00:00,41.56,5.59,23.81,3.07,2.08,45636,1,80,19.67,정상,0,0
GATE-10,PARKING-02,2026-01-30 13:00:00,45.66,5.3,23.93,3.33,1.92,45658,0,80,17.19,정상,0,0
GATE-10,PARKING-02,2026-01-30 14:00:00,43.85,5.47,23.44,3.38,1.78,45681,1,80,21.91,정상,0,0
GATE-10,PARKING-02,2026-01-30 15:00:00,44.52,5.78,23.72,3.63,1.88,45712,1,80,26.57,정상,0,0
GATE-10,PARKING-02,2026-01-30 16:00:00,45.51,5.29,23.51,3.32,2.32,45734,2,80,34.87,정상,0,0
GATE-10,PARKING-02,2026-01-30 17:00:00,44.85,5.41,23.61,3.39,2.23,45758,1,80,27.14,정상,0,0
GATE-10,PARKING-02,2026-01-30 18:00:00,45.95,4.98,23.72,3.37,1.95,45785,0,80,14.01,정상,0,0
GATE-10,PARKING-02,2026-01-30 19:00:00,46.14,6.14,23.52,3.38,2.01,45825,1,80,30.92,정상,0,0
GATE-10,PARKING-02,2026-01-30 20:00:00,45.89,4.85,23.35,3.39,2.26,45861,1,80,23.48,정상,0,0
GATE-10,PARKING-02,2026-01-30 21:00:00,44.02,5.51,23.9,3.53,2.18,45889,1,80,28.57,정상,0,0
GATE-10,PARKING-02,2026-01-30 22:00:00,43.43,5.09,23.41,3.51,2.06,45901,0,80,19.08,정상,0,0
GATE-10,PARKING-02,2026-01-30 23:00:00,42.16,6.01,23.92,3.5,2.12,45926,0,80,21.69,정상,0,0
GATE-10,PARKING-02,2026-01-31 00:00:00,40.47,4.7,23.74,3.47,1.95,45930,1,81,17.67,정상,0,0
GATE-10,PARKING-02,2026-01-31 01:00:00,41.5,5.07,23.77,3.38,2.14,45930,0,81,18.01,정상,0,0
GATE-10,PARKING-02,2026-01-31 02:00:00,41.53,5.01,23.94,3.48,2.03,45930,0,81,14.89,정상,0,0
GATE-10,PARKING-02,2026-01-31 03:00:00,39.08,4.35,23.85,3.57,2.16,45930,0,81,11.42,정상,0,0
GATE-10,PARKING-02,2026-01-31 04:00:00,41.12,4.67,23.15,3.21,2.16,45930,0,81,15.3,정상,0,0
GATE-10,PARKING-02,2026-01-31 05:00:00,40.79,5.2,24.34,3.53,2.38,45940,0,81,23.33,정상,0,0
GATE-10,PARKING-02,2026-01-31 06:00:00,41.22,5.8,24.06,3.57,2.01,45966,1,81,21.63,정상,0,0
GATE-10,PARKING-02,2026-01-31 07:00:00,47.2,6.31,23.92,3.44,1.75,46014,0,81,24.89,정상,0,0
GATE-10,PARKING-02,2026-01-31 08:00:00,45.2,5.65,23.4,3.54,2.35,46049,1,81,29.52,정상,0,0
GATE-10,PARKING-02,2026-01-31 09:00:00,42.69,5.6,23.5,3.44,2.18,46079,0,81,19.8,정상,0,0
GATE-10,PARKING-02,2026-01-31 10:00:00,45.85,5.38,23.4,3.21,2.49,46105,0,81,27.39,정상,0,0
GATE-10,PARKING-02,2026-01-31 11:00:00,42.22,4.76,23.55,3.46,2.17,46119,0,81,14.78,정상,0,0
GATE-10,PARKING-02,2026-01-31 12:00:00,43.9,5.55,23.88,3.66,2.16,46146,1,81,24.28,정상,0,0
GATE-10,PARKING-02,2026-01-31 13:00:00,43.89,5.39,23.64,3.38,2.14,46169,2,81,30.26,정상,0,0
GATE-10,PARKING-02,2026-01-31 14:00:00,41.6,5.69,23.69,3.53,2.09,46191,1,81,28.13,정상,0,0
GATE-10,PARKING-02,2026-01-31 15:00:00,45.64,5.24,23.58,3.4,2.28,46214,1,81,26.13,정상,0,0
GATE-10,PARKING-02,2026-01-31 16:00:00,44.36,5.87,23.83,3.71,1.95,46234,1,81,29.4,정상,0,0
GATE-10,PARKING-02,2026-01-31 17:00:00,46.35,6.15,23.61,3.46,2.02,46271,2,81,33.97,정상,0,0
GATE-10,PARKING-02,2026-01-31 18:00:00,45.41,5.77,23.59,3.28,2.39,46322,1,81,26.92,정상,0,0
GATE-10,PARKING-02,2026-01-31 19:00:00,45.18,5.14,23.37,3.9,2.22,46352,0,81,25.86,정상,0,0
GATE-10,PARKING-02,2026-01-31 20:00:00,47.61,5.34,22.94,3.76,3.02,46385,0,81,32.84,정상,0,0
GATE-10,PARKING-02,2026-01-31 21:00:00,45.82,5.93,23.85,3.96,2.7,46410,1,81,35,정상,0,0
GATE-10,PARKING-02,2026-01-31 22:00:00,46.55,6.09,23.34,3.82,3.05,46441,0,81,31.6,정상,0,0
GATE-10,PARKING-02,2026-01-31 23:00:00,48.09,6.07,23.51,4.07,2.98,46466,0,81,40.61,주의,0,0
GATE-10,PARKING-02,2026-02-01 00:00:00,44.68,5.81,23.16,3.87,2.8,46472,1,82,38.34,정상,0,0
GATE-10,PARKING-02,2026-02-01 01:00:00,44.79,5.73,23.18,4.09,2.86,46478,1,82,42.79,주의,0,0
GATE-10,PARKING-02,2026-02-01 02:00:00,46.84,6.05,23.44,3.98,3.28,46488,1,82,46.96,주의,0,0
GATE-10,PARKING-02,2026-02-01 03:00:00,43.74,6.29,23.28,4.56,3.37,46501,2,82,54.04,주의,0,0
GATE-10,PARKING-02,2026-02-01 04:00:00,43.99,6.32,23.58,4.12,3.07,46509,0,82,41.17,주의,0,0
GATE-10,PARKING-02,2026-02-01 05:00:00,48.32,6.36,23.51,4.33,3.19,46521,2,82,53.85,주의,0,0
GATE-10,PARKING-02,2026-02-01 06:00:00,49.8,6.37,23.72,4.4,3.41,46543,1,82,55.57,주의,0,0
GATE-10,PARKING-02,2026-02-01 07:00:00,54.04,7.13,23.22,4.44,3.54,46582,2,82,72.97,주의,0,0
GATE-10,PARKING-02,2026-02-01 08:00:00,52.98,7.35,23.33,4.36,3.63,46625,2,82,70.66,주의,0,0
GATE-10,PARKING-02,2026-02-01 09:00:00,54.37,7.27,22.78,4.37,3.56,46674,2,82,69.72,주의,0,0
GATE-10,PARKING-02,2026-02-01 10:00:00,53.4,6.66,23.08,4.42,3.38,46697,4,82,73.31,주의,0,0
GATE-10,PARKING-02,2026-02-01 11:00:00,49.84,7.08,23.52,4.57,3.47,46714,3,82,70.76,주의,0,0
GATE-10,PARKING-02,2026-02-01 12:00:00,51.36,6.79,23.09,4.61,3.94,46740,4,82,78.99,주의,0,0
GATE-10,PARKING-02,2026-02-01 13:00:00,52.03,7.08,22.76,4.5,3.65,46762,3,82,74.43,주의,0,0
GATE-10,PARKING-02,2026-02-01 14:00:00,51.35,6.89,22.74,4.62,3.69,46783,3,82,76.42,주의,0,0
GATE-10,PARKING-02,2026-02-01 15:00:00,52.97,7.19,22.89,4.9,3.75,46806,2,82,78.61,주의,0,0
GATE-10,PARKING-02,2026-02-01 16:00:00,49.78,7.37,23.22,5.14,4.08,46822,2,82,77.41,주의,0,0
GATE-10,PARKING-02,2026-02-01 17:00:00,58.34,8.01,23.16,5.28,4.15,46865,3,82,98.6,위험,0,0
GATE-10,PARKING-02,2026-02-01 18:00:00,54.52,7.98,22.97,5,4.25,46900,3,82,91.09,주의,0,0
GATE-10,PARKING-02,2026-02-01 19:00:00,55,8.07,23.23,4.94,4.55,46937,3,82,94.48,위험,0,0
GATE-10,PARKING-02,2026-02-01 20:00:00,57.29,7.87,23.09,5.05,4.38,46981,4,82,100,위험,0,0
GATE-10,PARKING-02,2026-02-01 21:00:00,57.39,7.93,23.3,5.28,5.01,47011,5,82,100,위험,0,0
GATE-10,PARKING-02,2026-02-01 22:00:00,56.27,7.83,23.01,5.59,4.5,47043,3,82,97.62,위험,0,0
GATE-10,PARKING-02,2026-02-01 23:00:00,54.22,8.26,23.14,5.22,4.51,47064,5,82,100,위험,0,0
GATE-10,PARKING-02,2026-02-02 00:00:00,53.14,7.31,22.55,5.3,4.89,47071,4,83,100,위험,0,0
GATE-10,PARKING-02,2026-02-02 01:00:00,50.48,7.42,22.84,5.47,4.95,47074,4,83,98.57,위험,0,1
GATE-10,PARKING-02,2026-02-02 02:00:00,52.54,7.82,22.71,5.46,5.07,47074,4,83,100,위험,0,0
GATE-10,PARKING-02,2026-02-02 03:00:00,54.63,8.4,23.06,5.42,5.06,47077,3,83,100,위험,0,1
GATE-10,PARKING-02,2026-02-02 04:00:00,40.84,4.47,23.6,3.51,2.28,47077,0,83,19.04,정상,0,0
GATE-10,PARKING-02,2026-02-02 05:00:00,39.79,4.86,23.61,3.05,2.4,47090,0,83,16.02,정상,0,0
GATE-10,PARKING-02,2026-02-02 06:00:00,41.02,5.32,23.57,3.65,2.45,47110,0,83,21.28,정상,0,0
GATE-10,PARKING-02,2026-02-02 07:00:00,47.49,5.37,23.64,3.6,2.09,47151,1,83,29.4,정상,0,0
GATE-10,PARKING-02,2026-02-02 08:00:00,46.8,5.68,23.09,3.43,2.49,47194,1,83,31.25,정상,0,0
GATE-10,PARKING-02,2026-02-02 09:00:00,49.73,5.81,23.32,3.3,2.11,47221,1,83,36.52,정상,0,0
GATE-10,PARKING-02,2026-02-02 10:00:00,41.24,5.3,23.48,3.45,2.1,47245,0,83,16.4,정상,0,0
GATE-10,PARKING-02,2026-02-02 11:00:00,42.99,5.58,23.46,3.26,2.19,47264,0,83,19.31,정상,0,0
GATE-10,PARKING-02,2026-02-02 12:00:00,44.66,5.32,23.72,3.7,2.1,47285,0,83,21.41,정상,0,0
GATE-10,PARKING-02,2026-02-02 13:00:00,41.24,5.51,23.95,3.48,2.18,47303,0,83,15.6,정상,0,0
GATE-10,PARKING-02,2026-02-02 14:00:00,41.57,4.86,23.82,3.7,2.3,47317,0,83,15.86,정상,0,0
GATE-10,PARKING-02,2026-02-02 15:00:00,46.58,5.22,23.6,3.65,2.13,47346,1,83,30.76,정상,0,0
GATE-10,PARKING-02,2026-02-02 16:00:00,44.64,5.58,23.26,3.47,2.36,47375,0,83,21.52,정상,0,0
GATE-10,PARKING-02,2026-02-02 17:00:00,47.83,5.96,23.95,3.5,2,47425,0,83,30.24,정상,0,0
GATE-10,PARKING-02,2026-02-02 18:00:00,47.9,5.48,23.77,3.67,1.92,47466,1,83,33.08,정상,0,0
GATE-10,PARKING-02,2026-02-02 19:00:00,43.11,4.91,23.48,3.47,2.49,47512,2,83,27.5,정상,0,0
GATE-10,PARKING-02,2026-02-02 20:00:00,45.15,5.62,23.47,3.61,2.35,47541,0,83,27.58,정상,0,0
GATE-10,PARKING-02,2026-02-02 21:00:00,44.58,5.55,23.7,3.3,2.41,47559,1,83,26.39,정상,0,0
GATE-10,PARKING-02,2026-02-02 22:00:00,44.25,5.42,23.66,3.47,2.09,47587,1,83,26.85,정상,0,0
GATE-10,PARKING-02,2026-02-02 23:00:00,45.63,5.31,23.66,3.78,1.9,47608,1,83,26.12,정상,0,0
GATE-10,PARKING-02,2026-02-03 00:00:00,43.04,4.97,23.5,3.08,2.32,47608,0,84,19.28,정상,0,0
GATE-10,PARKING-02,2026-02-03 01:00:00,42.42,5.14,24.01,3.52,2.34,47610,0,84,17.19,정상,0,0
GATE-10,PARKING-02,2026-02-03 02:00:00,43.31,5.98,23.5,3.49,2.07,47623,0,84,22.16,정상,0,0
GATE-10,PARKING-02,2026-02-03 03:00:00,40.51,4.62,23.72,3.47,2.27,47627,0,84,14.68,정상,0,0
GATE-10,PARKING-02,2026-02-03 04:00:00,41.6,4.56,24,3.55,2.14,47627,0,84,12.1,정상,0,0
GATE-10,PARKING-02,2026-02-03 05:00:00,44.03,4.48,23.41,3.68,1.99,47635,0,84,21.07,정상,0,0
GATE-10,PARKING-02,2026-02-03 06:00:00,44.72,4.92,23.91,3.46,2.02,47648,0,84,17.86,정상,0,0
GATE-10,PARKING-02,2026-02-03 07:00:00,44.92,5.62,23.84,3.34,2.48,47676,0,84,26.3,정상,0,0
GATE-10,PARKING-02,2026-02-03 08:00:00,47.45,5.71,23.44,3.41,2.13,47720,1,84,32.46,정상,0,0
GATE-10,PARKING-02,2026-02-03 09:00:00,45.29,5.63,23.86,3.49,2.41,47752,0,84,21.31,정상,0,0
GATE-10,PARKING-02,2026-02-03 10:00:00,46.12,5.42,23.51,3.28,2.46,47784,0,84,27.8,정상,0,0
GATE-10,PARKING-02,2026-02-03 11:00:00,44.6,5.71,23.39,3.21,2.37,47809,2,84,31.2,정상,0,0
GATE-10,PARKING-02,2026-02-03 12:00:00,44.07,5.34,23.44,3.64,1.96,47836,1,84,30.05,정상,0,0
GATE-10,PARKING-02,2026-02-03 13:00:00,43.57,5.32,23.49,3.62,2.18,47859,0,84,22.79,정상,0,0
GATE-10,PARKING-02,2026-02-03 14:00:00,45.66,5.47,23.93,3.44,1.94,47880,0,84,17.3,정상,0,0
GATE-10,PARKING-02,2026-02-03 15:00:00,45.48,5.28,22.76,3.65,2.39,47904,0,84,27.14,정상,0,0
GATE-10,PARKING-02,2026-02-03 16:00:00,44.01,5.04,23.6,3.31,2.25,47920,0,84,17.76,정상,0,0
GATE-10,PARKING-02,2026-02-03 17:00:00,47,5.54,23.4,3.44,2.34,47958,1,84,34.7,정상,0,0
GATE-10,PARKING-02,2026-02-03 18:00:00,46.48,5.31,23.49,3.34,2.21,47987,0,84,25.72,정상,0,0
GATE-10,PARKING-02,2026-02-03 19:00:00,48.71,5.7,23.64,3.26,2.12,48049,0,84,28.73,정상,0,0
GATE-10,PARKING-02,2026-02-03 20:00:00,45.34,6.19,23.65,3.58,2.46,48096,0,84,31.9,정상,0,0
GATE-10,PARKING-02,2026-02-03 21:00:00,42.48,5.43,23.46,3.24,2.16,48121,0,84,17.18,정상,0,0
GATE-10,PARKING-02,2026-02-03 22:00:00,47.02,5.58,24,3.49,2.25,48152,2,84,33.28,정상,0,0
GATE-10,PARKING-02,2026-02-03 23:00:00,42.3,5.57,23.64,3.48,2.17,48170,0,84,22.45,정상,0,0
GATE-10,PARKING-02,2026-02-04 00:00:00,42.53,5.26,23.19,3.56,2.49,48180,0,85,28.11,정상,0,0
GATE-10,PARKING-02,2026-02-04 01:00:00,39.93,5.1,23.63,3.34,2.29,48186,2,85,25.56,정상,0,0
GATE-10,PARKING-02,2026-02-04 02:00:00,37.82,4.51,23.37,3.42,1.94,48186,0,85,14.03,정상,0,0
GATE-10,PARKING-02,2026-02-04 03:00:00,43.79,5.55,23.51,3.55,2.1,48193,1,85,27.13,정상,0,0
GATE-10,PARKING-02,2026-02-04 04:00:00,41.5,5.61,23.27,3.69,2.3,48195,1,85,27.34,정상,0,0
GATE-10,PARKING-02,2026-02-04 05:00:00,41.64,5.07,23.61,3.63,2.33,48203,1,85,23.68,정상,0,0
GATE-10,PARKING-02,2026-02-04 06:00:00,44.47,5.32,23.69,3.51,2.03,48227,0,85,18.38,정상,0,0
GATE-10,PARKING-02,2026-02-04 07:00:00,47.33,5.68,23.47,3.47,2.5,48263,0,85,30.47,정상,0,0
GATE-10,PARKING-02,2026-02-04 08:00:00,47.82,6.08,23.91,3.22,2.1,48309,2,85,32.61,정상,0,0
GATE-10,PARKING-02,2026-02-04 09:00:00,50.25,5.19,23.13,3.68,1.95,48373,0,85,31.64,정상,0,0
GATE-10,PARKING-02,2026-02-04 10:00:00,44.68,5.4,23.53,3.38,2.07,48391,1,85,26.02,정상,0,0
GATE-10,PARKING-02,2026-02-04 11:00:00,45.88,6.34,23.89,3.55,2.37,48419,0,85,27.21,정상,0,0
GATE-10,PARKING-02,2026-02-04 12:00:00,46.04,5.04,23.29,3.46,1.88,48439,1,85,27.4,정상,0,0
GATE-10,PARKING-02,2026-02-04 13:00:00,44.71,5.19,23.37,3.12,2.4,48458,0,85,20.59,정상,0,0
GATE-10,PARKING-02,2026-02-04 14:00:00,42.07,5.58,23.59,3.43,2.36,48478,0,85,17.78,정상,0,0
GATE-10,PARKING-02,2026-02-04 15:00:00,43.28,5.29,23.34,3.42,2.13,48501,0,85,19.99,정상,0,0
GATE-10,PARKING-02,2026-02-04 16:00:00,45.65,5.2,23.63,3.68,2.32,48525,1,85,28.65,정상,0,0
GATE-10,PARKING-02,2026-02-04 17:00:00,45.2,5.78,23.4,3.41,2.14,48555,0,85,25.65,정상,0,0
GATE-10,PARKING-02,2026-02-04 18:00:00,45.11,5.68,23.16,3.61,2.05,48595,1,85,28.02,정상,0,0
GATE-10,PARKING-02,2026-02-04 19:00:00,46.43,6.06,23.29,3.29,2.24,48641,0,85,28.46,정상,0,0
GATE-10,PARKING-02,2026-02-04 20:00:00,48.9,5.93,23.32,3.64,2.25,48681,1,85,39.47,주의,0,0
GATE-10,PARKING-02,2026-02-04 21:00:00,45,5.17,23.71,3.53,2.4,48702,1,85,26.11,정상,0,0
GATE-10,PARKING-02,2026-02-04 22:00:00,42.96,5.5,23.78,3.63,2.09,48721,1,85,24.56,정상,0,0
GATE-10,PARKING-02,2026-02-04 23:00:00,42.09,5.58,23.64,3.56,2.55,48747,0,85,22.24,정상,0,0
GATE-10,PARKING-02,2026-02-05 00:00:00,41.33,5.65,23.87,3.51,2.53,48755,0,86,22.41,정상,0,0
GATE-10,PARKING-02,2026-02-05 01:00:00,45.35,5.42,23.88,3.72,2.18,48760,0,86,22.88,정상,0,0
GATE-10,PARKING-02,2026-02-05 02:00:00,43.11,5.56,23.24,3.39,2.42,48772,1,86,29.89,정상,0,0
GATE-10,PARKING-02,2026-02-05 03:00:00,42.61,5.47,23.64,3.31,2.27,48787,1,86,26.64,정상,0,0
GATE-10,PARKING-02,2026-02-05 04:00:00,42.86,5.59,23.91,3.63,2.39,48795,0,86,21.47,정상,0,0
GATE-10,PARKING-02,2026-02-05 05:00:00,42.39,5.39,23.57,3.83,2.16,48795,0,86,21.3,정상,0,0
GATE-10,PARKING-02,2026-02-05 06:00:00,45.72,5.04,23.43,3.44,2.27,48812,0,86,21.44,정상,0,0
GATE-10,PARKING-02,2026-02-05 07:00:00,45.91,5.46,23.34,3.45,2.04,48870,0,86,19.94,정상,0,0
GATE-10,PARKING-02,2026-02-05 08:00:00,46.27,5.27,23.64,3.39,2.37,48895,1,86,27.96,정상,0,0
GATE-10,PARKING-02,2026-02-05 09:00:00,48.08,6.04,23.63,3.6,2.19,48952,0,86,32.67,정상,0,0
GATE-10,PARKING-02,2026-02-05 10:00:00,43.51,5.48,23.64,3.49,2.33,48965,0,86,24.35,정상,0,0
GATE-10,PARKING-02,2026-02-05 11:00:00,44.73,5.15,23.75,3.42,2.21,48985,1,86,22.42,정상,0,0
GATE-10,PARKING-02,2026-02-05 12:00:00,44.49,5.9,23.63,3.7,2.29,49009,1,86,34.21,정상,0,0
GATE-10,PARKING-02,2026-02-05 13:00:00,44.11,5.33,23.29,3.5,2.35,49021,0,86,25.27,정상,0,0
GATE-10,PARKING-02,2026-02-05 14:00:00,44.04,5.19,23.63,3.54,2.12,49046,1,86,24.93,정상,0,0
GATE-10,PARKING-02,2026-02-05 15:00:00,43.61,5.26,23.55,3.59,2.57,49068,0,86,24.85,정상,0,0
GATE-10,PARKING-02,2026-02-05 16:00:00,42.48,5.25,23.24,3.72,2.53,49090,0,86,26.27,정상,0,0
GATE-10,PARKING-02,2026-02-05 17:00:00,45.67,5.03,23.54,3.67,2.28,49125,0,86,23.75,정상,0,0
GATE-10,PARKING-02,2026-02-05 18:00:00,43.66,5.62,23.41,3.4,1.98,49154,2,86,32.52,정상,0,0
GATE-10,PARKING-02,2026-02-05 19:00:00,46.71,6,23.5,3.6,2.49,49197,2,86,40.84,주의,0,0
GATE-10,PARKING-02,2026-02-05 20:00:00,46.48,5.66,23.66,3.55,2.12,49240,0,86,26.63,정상,0,0
GATE-10,PARKING-02,2026-02-05 21:00:00,44.72,5.06,23.95,3.45,2.37,49264,0,86,18.42,정상,0,0
GATE-10,PARKING-02,2026-02-05 22:00:00,42.78,5.05,23.64,3.52,2.46,49284,1,86,24.97,정상,0,0
GATE-10,PARKING-02,2026-02-05 23:00:00,45.21,5.47,23.13,3.84,2.31,49307,1,86,34.19,정상,0,0
GATE-10,PARKING-02,2026-02-06 00:00:00,45.08,4.68,23.5,3.65,2.4,49307,0,87,23.57,정상,0,0
GATE-10,PARKING-02,2026-02-06 01:00:00,42.11,5.18,23.8,3.35,2.53,49307,0,87,17.16,정상,0,0
GATE-10,PARKING-02,2026-02-06 02:00:00,42.43,5.03,23.71,3.53,2.27,49314,0,87,21.46,정상,0,0
GATE-10,PARKING-02,2026-02-06 03:00:00,43.59,5.44,23.61,3.61,1.96,49321,1,87,27.78,정상,0,0
GATE-10,PARKING-02,2026-02-06 04:00:00,41.06,5.68,23.89,3.73,2.09,49321,0,87,22.92,정상,0,0
GATE-10,PARKING-02,2026-02-06 05:00:00,45.44,5.14,23.87,3.62,2.09,49325,0,87,14.96,정상,0,0
GATE-10,PARKING-02,2026-02-06 06:00:00,48.43,5.33,23.84,3.24,2.4,49340,0,87,20.93,정상,0,0
GATE-10,PARKING-02,2026-02-06 07:00:00,45.72,5.67,23.84,3.71,2.34,49382,0,87,26.98,정상,0,0
GATE-10,PARKING-02,2026-02-06 08:00:00,46.66,5.83,23.58,3.25,2.1,49412,2,87,30.95,정상,0,0
GATE-10,PARKING-02,2026-02-06 09:00:00,43.38,6.18,22.96,3.41,2.32,49445,0,87,28.99,정상,0,0
GATE-10,PARKING-02,2026-02-06 10:00:00,45.35,4.95,23.64,3.75,1.94,49467,0,87,17.66,정상,0,0
GATE-10,PARKING-02,2026-02-06 11:00:00,44.76,5.26,23.57,3.5,2.21,49489,1,87,25.94,정상,0,0
GATE-10,PARKING-02,2026-02-06 12:00:00,45.08,5.65,23.71,3.78,2.58,49516,2,87,39.86,주의,0,0
GATE-10,PARKING-02,2026-02-06 13:00:00,42.54,5.34,23.53,3.51,2.56,49531,0,87,25.43,정상,0,0
GATE-10,PARKING-02,2026-02-06 14:00:00,43.99,5.41,23.52,3.55,2.14,49550,1,87,23.63,정상,0,0
GATE-10,PARKING-02,2026-02-06 15:00:00,46.86,5.36,23.68,3.27,2.41,49575,1,87,30.86,정상,0,0
GATE-10,PARKING-02,2026-02-06 16:00:00,44.33,5.17,23.88,3.66,2.4,49594,1,87,22.64,정상,0,0
GATE-10,PARKING-02,2026-02-06 17:00:00,46.02,5.84,23.8,3.56,2.21,49640,1,87,26.6,정상,0,0
GATE-10,PARKING-02,2026-02-06 18:00:00,45.65,5.38,23.28,3.6,2.57,49669,0,87,29.77,정상,0,0
GATE-10,PARKING-02,2026-02-06 19:00:00,48.85,5.9,23.23,3.84,2.62,49721,0,87,38.59,주의,0,0
GATE-10,PARKING-02,2026-02-06 20:00:00,47.22,6.16,23.75,3.49,2.14,49772,0,87,30.2,정상,0,0
GATE-10,PARKING-02,2026-02-06 21:00:00,45.18,5,23.34,3.79,2.65,49794,1,87,32.39,정상,0,0
GATE-10,PARKING-02,2026-02-06 22:00:00,45.06,5.56,23.51,3.5,2.39,49815,1,87,32.94,정상,0,0
GATE-10,PARKING-02,2026-02-06 23:00:00,41.55,5.53,23.76,3.85,2.48,49826,0,87,23.76,정상,0,0
GATE-10,PARKING-02,2026-02-07 00:00:00,42.06,5.04,23.24,3.56,2.45,49829,1,88,28.11,정상,0,0
GATE-10,PARKING-02,2026-02-07 01:00:00,41.95,4.56,23.8,3.59,2.58,49832,1,88,17.05,정상,0,0
GATE-10,PARKING-02,2026-02-07 02:00:00,44.39,5.03,23.63,3.53,2.45,49835,0,88,18.81,정상,0,0
GATE-10,PARKING-02,2026-02-07 03:00:00,44,5.58,23.44,3.8,2.17,49850,0,88,28.43,정상,0,0
GATE-10,PARKING-02,2026-02-07 04:00:00,42.58,5.78,23.5,3.42,2.16,49850,0,88,22.23,정상,0,0
GATE-10,PARKING-02,2026-02-07 05:00:00,39.37,5.34,23.89,3.52,2.52,49857,0,88,20.17,정상,0,0
GATE-10,PARKING-02,2026-02-07 06:00:00,43.5,5.93,23.3,3.45,2.4,49877,0,88,26.91,정상,0,0
GATE-10,PARKING-02,2026-02-07 07:00:00,49.4,6.34,23.32,3.51,2.61,49919,1,88,41.34,주의,0,0
GATE-10,PARKING-02,2026-02-07 08:00:00,48.97,6.42,23.67,3.69,2.06,49968,0,88,33.66,정상,0,0
GATE-10,PARKING-02,2026-02-07 09:00:00,46.92,6.15,23.93,3.25,2.35,50006,1,88,29.44,정상,0,0
GATE-10,PARKING-02,2026-02-07 10:00:00,45.58,5.79,23.97,3.72,2.41,50030,0,88,25.44,정상,0,0
GATE-10,PARKING-02,2026-02-07 11:00:00,43.55,5.61,23.45,3.62,2.38,50050,1,88,28.36,정상,0,0
GATE-10,PARKING-02,2026-02-07 12:00:00,43.8,5.76,24,3.75,2.46,50073,0,88,25.52,정상,0,0
GATE-10,PARKING-02,2026-02-07 13:00:00,42.02,5.14,23.25,3.31,2.29,50090,0,88,18.45,정상,0,0
GATE-10,PARKING-02,2026-02-07 14:00:00,43.61,5.48,23.91,3.81,2.28,50112,2,88,31.29,정상,0,0
GATE-10,PARKING-02,2026-02-07 15:00:00,43.43,5.46,23.08,3.46,2.61,50133,1,88,32.92,정상,0,0
GATE-10,PARKING-02,2026-02-07 16:00:00,45.11,5.36,22.91,3.65,2.25,50152,0,88,30.8,정상,0,0
GATE-10,PARKING-02,2026-02-07 17:00:00,50.87,6.36,23.84,3.38,2.24,50197,0,88,31.68,정상,0,0
GATE-10,PARKING-02,2026-02-07 18:00:00,47.41,6.37,23.9,3.38,2.61,50235,0,88,31.61,정상,0,0
GATE-10,PARKING-02,2026-02-07 19:00:00,46.37,5.93,23.33,3.24,2.39,50281,1,88,30.99,정상,0,0
GATE-10,PARKING-02,2026-02-07 20:00:00,48.3,6.24,23.22,3.39,2.01,50332,1,88,35.56,정상,0,0
GATE-10,PARKING-02,2026-02-07 21:00:00,45.28,5.62,23.61,3.58,2.33,50358,0,88,27.21,정상,0,0
GATE-10,PARKING-02,2026-02-07 22:00:00,42.25,5.2,23.56,3.9,2.79,50378,1,88,33.62,정상,0,0
GATE-10,PARKING-02,2026-02-07 23:00:00,42.36,4.87,23.32,3.59,2.42,50392,0,88,19.14,정상,0,0
GATE-10,PARKING-02,2026-02-08 00:00:00,43.36,5.59,23.81,3.87,2.45,50404,1,89,34,정상,0,0
GATE-10,PARKING-02,2026-02-08 01:00:00,46.02,5.62,23.65,3.55,2.33,50418,1,89,30.22,정상,0,0
GATE-10,PARKING-02,2026-02-08 02:00:00,41,5.41,23.35,3.55,2.42,50422,0,89,19.95,정상,0,0
GATE-10,PARKING-02,2026-02-08 03:00:00,41.01,5.31,23.2,3.62,2.58,50422,0,89,25.55,정상,0,0
GATE-10,PARKING-02,2026-02-08 04:00:00,43.31,5.15,23.42,3.57,2.5,50426,1,89,28.79,정상,0,0
GATE-10,PARKING-02,2026-02-08 05:00:00,40.05,5.17,23.13,3.48,2.49,50426,0,89,23.46,정상,0,0
GATE-10,PARKING-02,2026-02-08 06:00:00,47.93,5.32,23.33,3.61,2.41,50448,1,89,35.4,정상,0,0
GATE-10,PARKING-02,2026-02-08 07:00:00,46.98,5.75,23.18,3.64,2.68,50482,0,89,34.28,정상,0,0
GATE-10,PARKING-02,2026-02-08 08:00:00,50.83,6.78,23.33,3.67,2.77,50534,1,89,49.7,주의,0,0
GATE-10,PARKING-02,2026-02-08 09:00:00,50.52,6.44,23.52,3.7,2.24,50586,1,89,44.86,주의,0,0
GATE-10,PARKING-02,2026-02-08 10:00:00,43.71,5.16,23,3.62,2.3,50613,0,89,27.71,정상,0,0
GATE-10,PARKING-02,2026-02-08 11:00:00,46.42,5.1,23.64,3.5,2.35,50633,1,89,31.78,정상,0,0
GATE-10,PARKING-02,2026-02-08 12:00:00,44.3,5.27,24.07,3.65,2.5,50656,1,89,28.12,정상,0,0
GATE-10,PARKING-02,2026-02-08 13:00:00,42.81,5.25,24.06,3.58,2.41,50674,0,89,21.67,정상,0,0
GATE-10,PARKING-02,2026-02-08 14:00:00,43.4,5.85,23.77,3.61,2.07,50694,1,89,27.54,정상,0,0
GATE-10,PARKING-02,2026-02-08 15:00:00,46,5.53,23.28,3.48,2.59,50718,1,89,32.38,정상,0,0
GATE-10,PARKING-02,2026-02-08 16:00:00,44.2,5.86,23.66,3.78,2.34,50739,0,89,25.72,정상,0,0
GATE-10,PARKING-02,2026-02-08 17:00:00,46.4,5.97,24.1,3.53,2.44,50781,1,89,34.11,정상,0,0
GATE-10,PARKING-02,2026-02-08 18:00:00,48.76,5.48,23.74,3.61,2.82,50826,1,89,38.21,정상,0,0
GATE-10,PARKING-02,2026-02-08 19:00:00,47.39,5.8,23.44,3.71,2.52,50872,0,89,32.77,정상,0,0
GATE-10,PARKING-02,2026-02-08 20:00:00,49.05,6.29,23.64,3.57,2.44,50921,1,89,39.66,주의,0,0
GATE-10,PARKING-02,2026-02-08 21:00:00,46.34,5.57,23.81,3.57,2.17,50945,1,89,32.2,정상,0,0
GATE-10,PARKING-02,2026-02-08 22:00:00,43.73,5.41,23.72,3.5,2.51,50963,1,89,27.75,정상,0,0
GATE-10,PARKING-02,2026-02-08 23:00:00,44.41,5.19,23.74,3.47,2.93,50977,1,89,30.64,정상,0,0
GATE-10,PARKING-02,2026-02-09 00:00:00,46.1,5.51,23.79,3.83,2.62,50990,1,90,33.44,정상,0,0
GATE-10,PARKING-02,2026-02-09 01:00:00,42.8,4.8,23.71,3.64,2.31,50990,1,90,25.68,정상,0,0
GATE-10,PARKING-02,2026-02-09 02:00:00,41.64,5.03,23.93,4.13,2.76,50995,0,90,27.57,정상,0,0
GATE-10,PARKING-02,2026-02-09 03:00:00,43.7,5.43,23.35,3.71,2.21,50999,0,90,23.74,정상,0,0
GATE-10,PARKING-02,2026-02-09 04:00:00,43.45,5.13,23.98,3.9,2.29,51004,1,90,23.53,정상,0,0
GATE-10,PARKING-02,2026-02-09 05:00:00,39.85,4.66,23.7,3.53,2.56,51009,0,90,20.13,정상,0,0
GATE-10,PARKING-02,2026-02-09 06:00:00,42.25,5.26,23.46,3.72,2.25,51025,1,90,27.77,정상,0,0
GATE-10,PARKING-02,2026-02-09 07:00:00,48.81,6.21,23.53,3.47,2.19,51072,0,90,31.12,정상,0,0
GATE-10,PARKING-02,2026-02-09 08:00:00,49.74,6.31,23.82,3.66,2.47,51127,0,90,34.9,정상,0,0
GATE-10,PARKING-02,2026-02-09 09:00:00,47.72,6.04,23.59,3.95,2.61,51181,1,90,40.54,주의,0,0
GATE-10,PARKING-02,2026-02-09 10:00:00,47.09,5.03,23.97,3.51,2.16,51205,1,90,27.81,정상,0,0
GATE-10,PARKING-02,2026-02-09 11:00:00,42.33,5.66,23.86,3.7,2.2,51230,0,90,20.69,정상,0,0
GATE-10,PARKING-02,2026-02-09 12:00:00,46.98,5.7,23.49,3.65,2.56,51253,1,90,40.39,주의,0,0
GATE-10,PARKING-02,2026-02-09 13:00:00,43.78,5.04,23.17,3.71,2.44,51266,0,90,27.61,정상,0,0
GATE-10,PARKING-02,2026-02-09 14:00:00,45.2,5.63,23.68,3.56,2.37,51286,1,90,29.01,정상,0,0
GATE-10,PARKING-02,2026-02-09 15:00:00,45.56,5.29,23.56,3.46,2.6,51294,0,90,27.47,정상,0,0
GATE-10,PARKING-02,2026-02-09 16:00:00,43.87,5.3,23.12,3.57,2.44,51314,0,90,26.62,정상,0,0
GATE-10,PARKING-02,2026-02-09 17:00:00,47.68,6.33,23.34,3.59,2.31,51356,0,90,33.77,정상,0,0
GATE-10,PARKING-02,2026-02-09 18:00:00,45.7,5.41,23.18,3.65,2.22,51390,1,90,33.24,정상,0,0
GATE-10,PARKING-02,2026-02-09 19:00:00,46.14,5.76,23.74,3.62,2.27,51437,1,90,31.52,정상,0,0
GATE-10,PARKING-02,2026-02-09 20:00:00,46.21,6.33,23.83,3.39,2.44,51476,1,90,34.23,정상,0,0
GATE-10,PARKING-02,2026-02-09 21:00:00,42.1,5.5,23.74,3.97,2.13,51492,0,90,21.12,정상,0,0
GATE-10,PARKING-02,2026-02-09 22:00:00,45.82,5.48,23.55,3.49,2.27,51514,0,90,25.38,정상,0,0
GATE-10,PARKING-02,2026-02-09 23:00:00,48.5,5.89,23.87,3.65,2.61,51544,0,90,29.6,정상,0,0
GATE-10,PARKING-02,2026-02-10 00:00:00,41.73,5.58,23.9,3.65,2.61,51544,0,91,24.9,정상,0,0
GATE-10,PARKING-02,2026-02-10 01:00:00,43.45,5.38,23.61,3.76,2.31,51545,0,91,24.88,정상,0,0
GATE-10,PARKING-02,2026-02-10 02:00:00,41.18,5.15,23.2,3.55,2.32,51547,0,91,23.11,정상,0,0
GATE-10,PARKING-02,2026-02-10 03:00:00,41.85,5.25,23.71,3.53,2.55,51557,1,91,27.07,정상,0,0
GATE-10,PARKING-02,2026-02-10 04:00:00,42.92,5.15,23.63,3.31,2.51,51566,0,91,19.57,정상,0,0
GATE-10,PARKING-02,2026-02-10 05:00:00,42.62,5.24,23.8,3.5,2.57,51567,1,91,22.26,정상,0,0
GATE-10,PARKING-02,2026-02-10 06:00:00,45.34,5.3,23.65,3.53,2.44,51591,1,91,30.62,정상,0,0
GATE-10,PARKING-02,2026-02-10 07:00:00,47.75,5.86,23.14,3.96,2.58,51639,1,91,42.02,주의,0,0
GATE-10,PARKING-02,2026-02-10 08:00:00,47.22,5.59,23.53,3.48,2.5,51681,1,91,30.13,정상,0,0
GATE-10,PARKING-02,2026-02-10 09:00:00,50.47,5.85,23.61,3.84,2.76,51726,0,91,40.26,주의,0,0
GATE-10,PARKING-02,2026-02-10 10:00:00,46.51,5.84,23.32,3.38,2.57,51747,2,91,38.81,주의,0,0
GATE-10,PARKING-02,2026-02-10 11:00:00,46,5.66,23.55,3.75,2.32,51774,1,91,32.31,정상,0,0
GATE-10,PARKING-02,2026-02-10 12:00:00,45.74,4.95,23.52,3.6,2.53,51797,2,91,36.83,정상,0,0
GATE-10,PARKING-02,2026-02-10 13:00:00,47,5.32,23.31,3.61,2.68,51826,0,91,28.61,정상,0,0
GATE-10,PARKING-02,2026-02-10 14:00:00,44.39,5.93,23.43,3.54,2.12,51851,1,91,30.68,정상,0,0
GATE-10,PARKING-02,2026-02-10 15:00:00,47.38,5.44,23.29,3.41,2.61,51879,1,91,39.19,주의,0,0
GATE-10,PARKING-02,2026-02-10 16:00:00,45.81,5.26,23.57,3.57,2.39,51900,0,91,27.79,정상,0,0
GATE-10,PARKING-02,2026-02-10 17:00:00,46.76,5.88,23.27,3.53,2.79,51934,0,91,32.86,정상,0,0
GATE-10,PARKING-02,2026-02-10 18:00:00,48.41,5.95,23.49,3.66,2.62,51978,0,91,35.11,정상,0,0
GATE-10,PARKING-02,2026-02-10 19:00:00,50.47,5.94,23.71,3.55,2.73,52020,0,91,36.98,정상,0,0
GATE-10,PARKING-02,2026-02-10 20:00:00,47.55,6.01,23.75,3.62,2.52,52062,0,91,29.87,정상,0,0
GATE-10,PARKING-02,2026-02-10 21:00:00,44.01,5.4,23.54,3.62,2.22,52093,1,91,29.23,정상,0,0
GATE-10,PARKING-02,2026-02-10 22:00:00,46,5.54,23.11,3.6,2.67,52115,0,91,33.33,정상,0,0
GATE-10,PARKING-02,2026-02-10 23:00:00,46.54,5.68,23.27,3.46,2.76,52143,1,91,38.67,주의,0,0
GATE-10,PARKING-02,2026-02-11 00:00:00,43.18,5.99,23.38,3.43,1.87,52145,1,92,30.81,정상,0,0
GATE-10,PARKING-02,2026-02-11 01:00:00,45.22,5.54,23.55,3.61,2.1,52153,1,92,31.63,정상,0,0
GATE-10,PARKING-02,2026-02-11 02:00:00,44.7,5.54,23.98,3.73,2.52,52163,1,92,30.31,정상,0,0
GATE-10,PARKING-02,2026-02-11 03:00:00,41.83,4.64,24.16,3.49,2.25,52168,0,92,15.09,정상,0,0
GATE-10,PARKING-02,2026-02-11 04:00:00,41.22,4.85,23.69,3.85,2.38,52170,0,92,20.41,정상,0,0
GATE-10,PARKING-02,2026-02-11 05:00:00,42.66,5.38,23.26,3.74,2.38,52175,1,92,30.98,정상,0,0
GATE-10,PARKING-02,2026-02-11 06:00:00,44.04,5.79,23.47,3.71,2.52,52203,1,92,35.69,정상,0,0
GATE-10,PARKING-02,2026-02-11 07:00:00,45.73,6,23.8,3.8,2.35,52240,0,92,31.05,정상,0,0
GATE-10,PARKING-02,2026-02-11 08:00:00,45.64,5.24,23.67,3.89,2.54,52269,0,92,29.13,정상,0,0
GATE-10,PARKING-02,2026-02-11 09:00:00,46.23,6.09,23.77,3.93,2.68,52312,1,92,38.3,정상,0,0
GATE-10,PARKING-02,2026-02-11 10:00:00,44.93,6.45,23.71,3.62,2.04,52341,0,92,28.01,정상,0,0
GATE-10,PARKING-02,2026-02-11 11:00:00,46.4,5.83,23.93,3.68,2.74,52364,0,92,28.63,정상,0,0
GATE-10,PARKING-02,2026-02-11 12:00:00,44.77,5.9,23.5,3.43,2.26,52387,1,92,33.16,정상,0,0
GATE-10,PARKING-02,2026-02-11 13:00:00,44.61,5.55,23.34,3.73,2.58,52402,0,92,28.21,정상,0,0
GATE-10,PARKING-02,2026-02-11 14:00:00,46.31,5.13,23.67,3.7,2.81,52435,0,92,31.19,정상,0,0
GATE-10,PARKING-02,2026-02-11 15:00:00,46.88,5.35,23.42,3.87,2.61,52459,0,92,34.22,정상,0,0
