timestamp,robot_id,drive_motor_temperature_c,drive_motor_current_a,drive_vibration_mm_s,battery_voltage_v,battery_temperature_c,days_since_maintenance,risk_level
2026-05-01 00:00:00,ROBOT_01,41.21,8.304,1.738,48.435,31.58,0,정상
2026-05-01 00:00:00,ROBOT_02,54.55,8.751,1.717,47.547,34.29,0,정상
2026-05-01 00:00:00,ROBOT_03,51.34,9.285,1.477,47.906,33.27,0,정상
2026-05-01 00:00:00,ROBOT_04,52.82,9.091,1.257,47.546,36.33,0,정상
2026-05-01 00:53:00,ROBOT_01,50.35,8.427,1.346,48.703,32.09,0,정상
2026-05-01 00:53:00,ROBOT_02,49.44,8.202,2.178,47.577,33.69,0,정상
2026-05-01 00:53:00,ROBOT_03,44.37,9.125,1.187,48.282,31.44,0,정상
2026-05-01 00:53:00,ROBOT_04,50.55,9.278,1.743,47.604,34.43,0,정상
2026-05-01 01:46:01,ROBOT_01,45.85,7.679,1.273,47.456,31.44,0,정상
2026-05-01 01:46:01,ROBOT_02,53.77,9.445,1.665,47.696,33.85,0,정상
2026-05-01 01:46:01,ROBOT_03,48.85,7.986,1.216,48.38,30.97,0,정상
2026-05-01 01:46:01,ROBOT_04,49.98,7.95,1.918,47.876,34.4,0,정상
2026-05-01 02:39:02,ROBOT_01,48.71,8.476,1.622,48.424,33.54,0,정상
2026-05-01 02:39:02,ROBOT_02,50.91,8.362,1.924,47.637,33.56,0,정상
2026-05-01 02:39:02,ROBOT_03,42.8,7.25,1.229,48.667,32.09,0,정상
2026-05-01 02:39:02,ROBOT_04,48.17,8.589,1.239,48.088,32.98,0,정상
2026-05-01 03:32:03,ROBOT_01,49.12,8.172,0.664,48.611,33.27,0,정상
2026-05-01 03:32:03,ROBOT_02,54.75,9.635,2.988,46.643,37.54,0,주의
2026-05-01 03:32:03,ROBOT_03,43.31,8.453,1.472,48.538,29.86,0,정상
2026-05-01 03:32:03,ROBOT_04,46.66,8.705,2.049,47.861,32.4,0,정상
2026-05-01 04:25:03,ROBOT_01,41.82,7.159,1.307,48.134,28.01,0,정상
2026-05-01 04:25:03,ROBOT_02,47.91,7.115,1.002,47.98,31.36,0,정상
2026-05-01 04:25:03,ROBOT_03,42.52,7.25,0.694,48.603,29.09,0,정상
2026-05-01 04:25:03,ROBOT_04,46.93,8.847,1.807,48.499,32.11,0,정상
2026-05-01 05:18:04,ROBOT_01,48.11,8.059,1.209,48.493,31.59,0,정상
2026-05-01 05:18:04,ROBOT_02,43.21,7.583,1.992,48.023,35.46,0,정상
2026-05-01 05:18:04,ROBOT_03,44.83,5.8,1.593,48.94,30.76,0,정상
2026-05-01 05:18:04,ROBOT_04,49.24,9.032,1.81,47.755,31.84,0,정상
2026-05-01 06:11:05,ROBOT_01,45.05,8.569,1.557,47.86,35.5,0,정상
2026-05-01 06:11:05,ROBOT_02,44.37,8.179,1.488,48.122,33.19,0,정상
2026-05-01 06:11:05,ROBOT_03,56.75,11.922,3.339,47.995,36.89,0,주의
2026-05-01 06:11:05,ROBOT_04,50.09,7.228,1.552,48.236,30.18,0,정상
2026-05-01 07:04:06,ROBOT_01,39.69,7.56,1.012,47.973,32.27,0,정상
2026-05-01 07:04:06,ROBOT_02,46.48,8.11,1.343,48.32,28.86,0,정상
2026-05-01 07:04:06,ROBOT_03,46.16,7.97,1.334,49.665,31.13,0,정상
2026-05-01 07:04:06,ROBOT_04,50.01,9.451,1.69,47.684,31.27,0,정상
2026-05-01 07:57:07,ROBOT_01,46.4,7.099,1.541,48.139,29.18,0,정상
2026-05-01 07:57:07,ROBOT_02,45.44,7.6,1.252,48.303,30.29,0,정상
2026-05-01 07:57:07,ROBOT_03,48.59,8.232,1.322,48.886,31.53,0,정상
2026-05-01 07:57:07,ROBOT_04,50.05,8.202,1.657,47.537,33.55,0,정상
2026-05-01 08:50:07,ROBOT_01,49.01,8.072,1.133,48.327,31.87,0,정상
2026-05-01 08:50:07,ROBOT_02,51.58,8.89,1.67,48.012,33.16,0,정상
2026-05-01 08:50:07,ROBOT_03,43.4,7.918,1.362,47.997,29.01,0,정상
2026-05-01 08:50:07,ROBOT_04,49.1,6.737,0.983,48.274,33.46,0,정상
2026-05-01 09:43:08,ROBOT_01,50.1,7.398,1.47,47.765,32.47,0,정상
2026-05-01 09:43:08,ROBOT_02,48.9,8.321,1.262,47.733,28.69,0,정상
2026-05-01 09:43:08,ROBOT_03,43.58,8.47,1.411,48.067,33.6,0,정상
2026-05-01 09:43:08,ROBOT_04,48.28,8.727,1.726,47.803,31.62,0,정상
2026-05-01 10:36:09,ROBOT_01,45.77,7.5,1.289,48.924,29.64,0,정상
2026-05-01 10:36:09,ROBOT_02,44.11,7.977,0.957,48.221,31.55,0,정상
2026-05-01 10:36:09,ROBOT_03,45.39,8.431,1.291,48.283,33.38,0,정상
2026-05-01 10:36:09,ROBOT_04,49.08,8.914,1.598,47.696,34.4,0,정상
2026-05-01 11:29:10,ROBOT_01,46.57,7.393,1.353,48.148,32.96,0,정상
2026-05-01 11:29:10,ROBOT_02,45.31,8.403,1.153,48.515,29.2,0,정상
2026-05-01 11:29:10,ROBOT_03,41.8,7.898,1.648,48.924,31.42,0,정상
2026-05-01 11:29:10,ROBOT_04,49.35,7.963,1.54,48.447,33.29,0,정상
2026-05-01 12:22:11,ROBOT_01,46.82,8.669,1.094,48.176,39.22,0,정상
2026-05-01 12:22:11,ROBOT_02,48.48,8.436,1.45,48.079,32.34,0,정상
2026-05-01 12:22:11,ROBOT_03,45.83,7.945,1.625,47.476,30.94,0,정상
2026-05-01 12:22:11,ROBOT_04,50.34,8.439,1.243,47.14,33.15,0,정상
2026-05-01 13:15:11,ROBOT_01,51.24,10.573,1.332,47.963,37.03,0,정상
2026-05-01 13:15:11,ROBOT_02,51.28,7.827,1.214,47.6,34.34,0,정상
2026-05-01 13:15:11,ROBOT_03,47.85,8.975,1.303,47.934,34.01,0,정상
2026-05-01 13:15:11,ROBOT_04,52.25,8.779,1.694,47.461,32.71,0,정상
2026-05-01 14:08:12,ROBOT_01,42.7,8.199,1.76,48.469,32.61,0,정상
2026-05-01 14:08:12,ROBOT_02,51.18,7.056,1.284,48.206,32.26,0,정상
2026-05-01 14:08:12,ROBOT_03,49.75,9.069,1.291,48.048,36.77,0,정상
2026-05-01 14:08:12,ROBOT_04,49.98,8.508,1.3,48.01,32.03,0,정상
2026-05-01 15:01:13,ROBOT_01,49.14,9.193,2.045,47.578,35.43,0,정상
2026-05-01 15:01:13,ROBOT_02,56.18,10.291,1.203,47.837,37.66,0,정상
2026-05-01 15:01:13,ROBOT_03,50.5,7.578,1.528,48.848,30.1,0,정상
2026-05-01 15:01:13,ROBOT_04,49.56,9.239,1.787,46.751,34.21,0,정상
2026-05-01 15:54:14,ROBOT_01,48.9,9.707,1.667,47.862,32.85,0,정상
2026-05-01 15:54:14,ROBOT_02,52.87,8.412,1.36,47.612,37.3,0,정상
2026-05-01 15:54:14,ROBOT_03,53.52,9.838,1.499,48.07,30.92,0,정상
2026-05-01 15:54:14,ROBOT_04,48.31,9.752,1.999,47.571,32.06,0,정상
2026-05-01 16:47:15,ROBOT_01,49.49,8.313,1.322,48.009,34.49,0,정상
2026-05-01 16:47:15,ROBOT_02,55.77,9.888,1.363,47.395,36.49,0,정상
2026-05-01 16:47:15,ROBOT_03,46.33,8.537,1.93,47.79,33.42,0,정상
2026-05-01 16:47:15,ROBOT_04,54.7,8.456,2.053,48.286,36.84,0,정상
2026-05-01 17:40:15,ROBOT_01,49.34,8.357,1.654,47.423,34.48,0,정상
2026-05-01 17:40:15,ROBOT_02,50.96,9.181,1.209,48.3,31.45,0,정상
2026-05-01 17:40:15,ROBOT_03,49.05,9.158,1.643,46.651,33.45,0,정상
2026-05-01 17:40:15,ROBOT_04,49.39,8.883,1.451,46.582,34.86,0,정상
2026-05-01 18:33:16,ROBOT_01,47.87,9.404,2.26,47.867,38.04,0,정상
2026-05-01 18:33:16,ROBOT_02,52.19,8.471,1.893,47.068,36.03,0,정상
2026-05-01 18:33:16,ROBOT_03,47.25,9.799,2.152,48.574,32.38,0,정상
2026-05-01 18:33:16,ROBOT_04,50.37,8.89,2.154,47.531,33.41,0,정상
2026-05-01 19:26:17,ROBOT_01,51.41,9.226,1.46,47.732,35.42,0,정상
2026-05-01 19:26:17,ROBOT_02,51.04,8.133,1.694,47.297,38.12,0,정상
2026-05-01 19:26:17,ROBOT_03,49.34,9.099,1.41,47.505,36.23,0,정상
2026-05-01 19:26:17,ROBOT_04,50.27,8.99,1.268,47.786,32.23,0,정상
2026-05-01 20:19:18,ROBOT_01,49.34,8.947,1.527,48.09,33.24,0,정상
2026-05-01 20:19:18,ROBOT_02,48.67,9.075,1.444,47.41,37.34,0,정상
2026-05-01 20:19:18,ROBOT_03,46.47,9.777,1.316,48.471,32.18,0,정상
2026-05-01 20:19:18,ROBOT_04,49.72,9.977,1.915,47.384,35.92,0,정상
2026-05-01 21:12:19,ROBOT_01,49.24,7.959,1.638,48.623,33.99,0,정상
2026-05-01 21:12:19,ROBOT_02,52.96,8.602,1.581,47.246,36.54,0,정상
2026-05-01 21:12:19,ROBOT_03,51.2,8.99,1.564,48.694,35.84,0,정상
2026-05-01 21:12:19,ROBOT_04,48.85,8.981,1.598,48.085,36.23,0,정상
2026-05-01 22:05:19,ROBOT_01,53.27,9.067,1.392,48.261,32.73,0,정상
2026-05-01 22:05:19,ROBOT_02,54.47,10.189,1.738,48.777,33.13,0,정상
2026-05-01 22:05:19,ROBOT_03,48.28,7.96,1.194,48.508,31.36,0,정상
2026-05-01 22:05:19,ROBOT_04,54.51,8.752,1.858,47.744,33.43,0,정상
2026-05-01 22:58:20,ROBOT_01,50.58,9.229,1.622,48.468,35.17,0,정상
2026-05-01 22:58:20,ROBOT_02,51.03,9.542,1.133,48.245,32.93,0,정상
2026-05-01 22:58:20,ROBOT_03,48.2,8.487,1.256,48.276,30.98,0,정상
2026-05-01 22:58:20,ROBOT_04,50,9.11,1.769,47.396,33.41,0,정상
2026-05-01 23:51:21,ROBOT_01,47.04,9.24,1.878,48.89,32.26,0,정상
2026-05-01 23:51:21,ROBOT_02,50.52,9.298,1.702,48.572,34.78,0,정상
2026-05-01 23:51:21,ROBOT_03,44.74,7.832,1.235,48.032,31.03,0,정상
2026-05-01 23:51:21,ROBOT_04,46.82,8.491,2.104,47.889,34.2,0,정상
2026-05-02 00:44:22,ROBOT_01,47.82,8.693,1.314,48.904,36.08,1,정상
2026-05-02 00:44:22,ROBOT_02,48.21,8.989,1.647,48.16,35.02,1,정상
2026-05-02 00:44:22,ROBOT_03,51.91,9.505,1.462,47.734,36.46,1,정상
2026-05-02 00:44:22,ROBOT_04,50.99,9.425,1.843,46.848,34.94,1,정상
2026-05-02 01:37:22,ROBOT_01,50.36,9.359,1.66,48.031,33.67,1,정상
2026-05-02 01:37:22,ROBOT_02,49.86,8.729,1.346,48.323,34.09,1,정상
2026-05-02 01:37:22,ROBOT_03,47.58,9.522,1.264,48.315,30.85,1,정상
2026-05-02 01:37:22,ROBOT_04,54.26,8.934,2.054,47.597,34.93,1,정상
2026-05-02 02:30:23,ROBOT_01,54.12,7.721,1.322,47.684,31.87,1,정상
2026-05-02 02:30:23,ROBOT_02,50.21,7.347,1.245,48.356,34.41,1,정상
2026-05-02 02:30:23,ROBOT_03,47.41,7.768,0.57,48.021,28.75,1,정상
2026-05-02 02:30:23,ROBOT_04,47.49,8.15,1.439,47.576,31.63,1,정상
2026-05-02 03:23:24,ROBOT_01,52.16,8.176,1.297,47.365,30.22,1,정상
2026-05-02 03:23:24,ROBOT_02,48.46,8.255,1.065,47.69,31.4,1,정상
2026-05-02 03:23:24,ROBOT_03,50.11,9.355,1.23,48.174,32.94,1,정상
2026-05-02 03:23:24,ROBOT_04,47.27,8.307,1.755,48.102,34.49,1,정상
2026-05-02 04:16:25,ROBOT_01,48.95,8.357,1.446,47.83,34.63,1,정상
2026-05-02 04:16:25,ROBOT_02,43.56,7.609,1.236,47.411,32.18,1,정상
2026-05-02 04:16:25,ROBOT_03,41.41,8.655,1.746,48.559,32.51,1,정상
2026-05-02 04:16:25,ROBOT_04,46.92,7.306,1.411,48.012,30.58,1,정상
2026-05-02 05:09:26,ROBOT_01,43.86,9.155,1.633,48.413,27.91,1,정상
2026-05-02 05:09:26,ROBOT_02,39.97,7.292,0.797,49.076,27.89,1,정상
2026-05-02 05:09:26,ROBOT_03,45.29,7.621,1.595,48.079,32.5,1,정상
2026-05-02 05:09:26,ROBOT_04,47.86,7.388,1.904,47.582,31.08,1,정상
2026-05-02 06:02:26,ROBOT_01,42.14,8.34,1.779,47.961,30.47,1,정상
2026-05-02 06:02:26,ROBOT_02,50.59,8.155,1.698,48.039,31.59,1,정상
2026-05-02 06:02:26,ROBOT_03,46.01,7.806,1.408,48.428,31.15,1,정상
2026-05-02 06:02:26,ROBOT_04,47.35,8.065,1.615,48.123,30.89,1,정상
2026-05-02 06:55:27,ROBOT_01,44.68,7.822,2.044,47.629,31.26,1,정상
2026-05-02 06:55:27,ROBOT_02,44.06,7.858,1.229,48.357,30.96,1,정상
2026-05-02 06:55:27,ROBOT_03,46.56,7.432,1.997,48.283,32.21,1,정상
2026-05-02 06:55:27,ROBOT_04,50.11,7.551,1.6,48.528,28.79,1,정상
2026-05-02 07:48:28,ROBOT_01,50.51,9.174,1.667,48.497,30.51,1,정상
2026-05-02 07:48:28,ROBOT_02,54.51,8.789,1.61,47.648,32.75,1,정상
2026-05-02 07:48:28,ROBOT_03,46.38,8.463,1.12,48.41,31.49,1,정상
2026-05-02 07:48:28,ROBOT_04,47.6,8.278,1.165,47.895,33.29,1,정상
2026-05-02 08:41:29,ROBOT_01,45.26,7.672,1.698,48.476,31.66,1,정상
2026-05-02 08:41:29,ROBOT_02,47.43,7.977,1.573,48.595,31.8,1,정상
2026-05-02 08:41:29,ROBOT_03,47.64,7.617,1.372,48.384,31.47,1,정상
2026-05-02 08:41:29,ROBOT_04,48.66,6.581,1.659,47.387,31.51,1,정상
2026-05-02 09:34:30,ROBOT_01,43.1,8.768,1.081,48.066,31.07,1,정상
2026-05-02 09:34:30,ROBOT_02,44.62,7.546,1.783,48.787,27.78,1,정상
2026-05-02 09:34:30,ROBOT_03,49.27,8.822,1.157,48.842,31.84,1,정상
2026-05-02 09:34:30,ROBOT_04,46.51,7.486,1.494,47.964,29.25,1,정상
2026-05-02 10:27:30,ROBOT_01,46.85,8.328,1.764,48.07,33.55,1,정상
2026-05-02 10:27:30,ROBOT_02,50.29,8.683,1.445,48.339,30.85,1,정상
2026-05-02 10:27:30,ROBOT_03,52.54,9.441,1.297,47.428,32.17,1,정상
2026-05-02 10:27:30,ROBOT_04,53.31,8.855,1.518,48.213,32.04,1,정상
2026-05-02 11:20:31,ROBOT_01,48.57,8.747,1.511,48.069,28.6,1,정상
2026-05-02 11:20:31,ROBOT_02,48.67,5.975,1.473,48.148,30.58,1,정상
2026-05-02 11:20:31,ROBOT_03,45.83,7.485,1.803,48.348,34.88,1,정상
2026-05-02 11:20:31,ROBOT_04,40.59,7.671,1.463,48.307,30.46,1,정상
2026-05-02 12:13:32,ROBOT_01,47.59,7.226,1.709,48.738,34.87,1,정상
2026-05-02 12:13:32,ROBOT_02,50.82,8.134,1.557,48.4,30.72,1,정상
2026-05-02 12:13:32,ROBOT_03,48.44,8.79,1.104,48.521,31.88,1,정상
2026-05-02 12:13:32,ROBOT_04,55.78,9.392,1.631,48.048,32.79,1,정상
2026-05-02 13:06:33,ROBOT_01,50.08,10.128,1.65,47.345,35.53,1,정상
2026-05-02 13:06:33,ROBOT_02,48.87,8.715,1.562,47.199,33.39,1,정상
2026-05-02 13:06:33,ROBOT_03,48.52,9.955,1.169,48.644,31.47,1,정상
2026-05-02 13:06:33,ROBOT_04,49.25,8.427,1.892,48.655,35.18,1,정상
2026-05-02 13:59:34,ROBOT_01,53.95,8.039,1.669,47.707,34.71,1,정상
2026-05-02 13:59:34,ROBOT_02,59.67,9.269,3.334,46.936,42.41,1,주의
2026-05-02 13:59:34,ROBOT_03,47.44,9.677,1.574,48.034,34.01,1,정상
2026-05-02 13:59:34,ROBOT_04,47.96,7.898,1.165,47.818,36.56,1,정상
2026-05-02 14:52:34,ROBOT_01,66.74,13.863,3.467,45.919,45.74,1,주의
2026-05-02 14:52:34,ROBOT_02,50.94,8.379,1.342,48.17,35.61,1,정상
2026-05-02 14:52:34,ROBOT_03,44.77,8.399,1.095,48.287,32.66,1,정상
2026-05-02 14:52:34,ROBOT_04,48.23,8.749,1.589,47.532,36.78,1,정상
2026-05-02 15:45:35,ROBOT_01,53.71,9.182,1.487,47.472,34.69,1,정상
2026-05-02 15:45:35,ROBOT_02,54.29,9.975,2.003,47.634,37.23,1,정상
2026-05-02 15:45:35,ROBOT_03,50.9,9.786,1.429,49.154,29.91,1,정상
2026-05-02 15:45:35,ROBOT_04,52.78,8.484,1.609,47.459,36.47,1,정상
2026-05-02 16:38:36,ROBOT_01,46.03,10.408,1.619,47.941,34.7,1,정상
2026-05-02 16:38:36,ROBOT_02,53.63,8.336,2.106,47.391,37.7,1,정상
2026-05-02 16:38:36,ROBOT_03,49.32,8.37,1.634,48,34.54,1,정상
2026-05-02 16:38:36,ROBOT_04,52.49,9.571,1.982,48.067,35.47,1,정상
2026-05-02 17:31:37,ROBOT_01,50.01,9.061,2.322,47.483,33.02,1,정상
2026-05-02 17:31:37,ROBOT_02,51.92,9.792,1.835,47.902,34.94,1,정상
2026-05-02 17:31:37,ROBOT_03,53.11,9.335,1.642,48.308,32.68,1,정상
2026-05-02 17:31:37,ROBOT_04,52.81,8.971,1.689,47.204,37.13,1,정상
2026-05-02 18:24:38,ROBOT_01,58.07,9.25,1.843,47.547,35.12,1,정상
2026-05-02 18:24:38,ROBOT_02,52.01,8.62,1.459,47.466,38.55,1,정상
2026-05-02 18:24:38,ROBOT_03,47.49,9.785,1.259,48.242,34.12,1,정상
2026-05-02 18:24:38,ROBOT_04,52.61,7.866,1.387,46.912,34.19,1,정상
2026-05-02 19:17:38,ROBOT_01,53.13,9.739,1.725,48.023,38.22,1,정상
2026-05-02 19:17:38,ROBOT_02,55.42,9.355,1.617,47.722,33.91,1,정상
2026-05-02 19:17:38,ROBOT_03,51.76,9.564,1.2,47.546,34.35,1,정상
2026-05-02 19:17:38,ROBOT_04,51.02,9.343,1.438,46.857,33.11,1,정상
2026-05-02 20:10:39,ROBOT_01,47.39,8.565,2.207,48.091,35.96,1,정상
2026-05-02 20:10:39,ROBOT_02,51.03,9.368,1.745,47.918,34.07,1,정상
2026-05-02 20:10:39,ROBOT_03,48.63,9.208,1.463,47.87,36.13,1,정상
2026-05-02 20:10:39,ROBOT_04,52.11,9.768,1.417,47.531,35.13,1,정상
2026-05-02 21:03:40,ROBOT_01,56.31,8.604,1.669,46.964,33.3,1,정상
2026-05-02 21:03:40,ROBOT_02,47.66,9.03,1.885,48.557,33.76,1,정상
2026-05-02 21:03:40,ROBOT_03,51.45,8.148,1.223,47.95,34.55,1,정상
2026-05-02 21:03:40,ROBOT_04,55.27,9.533,1.677,47.238,39.1,1,정상
2026-05-02 21:56:41,ROBOT_01,52.59,8.742,1.19,48.082,33.92,1,정상
2026-05-02 21:56:41,ROBOT_02,47.19,9.31,1.669,47.849,32.18,1,정상
2026-05-02 21:56:41,ROBOT_03,47.63,7.824,1.671,48.595,31.74,1,정상
2026-05-02 21:56:41,ROBOT_04,53.82,8.6,1.577,46.595,35.22,1,정상
2026-05-02 22:49:41,ROBOT_01,49.61,8.89,1.706,47.51,34.84,1,정상
2026-05-02 22:49:41,ROBOT_02,55.8,9.98,1.595,47.037,39.15,1,정상
2026-05-02 22:49:41,ROBOT_03,51.05,9.473,1.305,47.753,34.69,1,정상
2026-05-02 22:49:41,ROBOT_04,52.64,9.133,1.66,47.539,35.43,1,정상
2026-05-02 23:42:42,ROBOT_01,50.18,9.045,1.548,48.223,34.12,1,정상
2026-05-02 23:42:42,ROBOT_02,52.08,9.725,1.632,47.742,33.8,1,정상
2026-05-02 23:42:42,ROBOT_03,53.27,10.073,1.411,48.142,32.51,1,정상
2026-05-02 23:42:42,ROBOT_04,51.57,8.054,1.473,47.663,31.75,1,정상
2026-05-03 00:35:43,ROBOT_01,49.48,8.329,1.381,47.545,30.51,2,정상
2026-05-03 00:35:43,ROBOT_02,46.5,7.919,1.305,47.899,31.29,2,정상
2026-05-03 00:35:43,ROBOT_03,46.98,7.813,1.479,48.317,33.93,2,정상
2026-05-03 00:35:43,ROBOT_04,51.69,10.033,1.588,46.924,35.55,2,정상
2026-05-03 01:28:44,ROBOT_01,49.65,9.097,1.575,48.506,31.54,2,정상
2026-05-03 01:28:44,ROBOT_02,48.26,8.465,1.563,47.733,31.17,2,정상
2026-05-03 01:28:44,ROBOT_03,47.82,8.386,1.476,48.528,30.34,2,정상
2026-05-03 01:28:44,ROBOT_04,50.88,7.925,0.991,47.882,32.95,2,정상
2026-05-03 02:21:45,ROBOT_01,44.36,10.103,1.121,48.772,34.82,2,정상
2026-05-03 02:21:45,ROBOT_02,48.15,7.882,1.585,47.529,31.8,2,정상
2026-05-03 02:21:45,ROBOT_03,52.54,7.267,1.84,48.143,33.78,2,정상
2026-05-03 02:21:45,ROBOT_04,50.01,8.44,1.079,47.183,34.12,2,정상
2026-05-03 03:14:45,ROBOT_01,48.88,7.848,1.178,48.102,31.31,2,정상
2026-05-03 03:14:45,ROBOT_02,47.47,7.684,1.235,47.248,34.23,2,정상
2026-05-03 03:14:45,ROBOT_03,40.25,6.802,1.211,48.588,30.35,2,정상
2026-05-03 03:14:45,ROBOT_04,50.62,8.259,1.614,47.475,35.58,2,정상
2026-05-03 04:07:46,ROBOT_01,56.12,8.396,1.756,48.072,34.97,2,정상
2026-05-03 04:07:46,ROBOT_02,47.2,8.183,1.378,48.764,29.15,2,정상
2026-05-03 04:07:46,ROBOT_03,46.47,8.472,1.349,48.762,31.46,2,정상
2026-05-03 04:07:46,ROBOT_04,52.41,10.239,1.839,47.899,32.27,2,정상
2026-05-03 05:00:47,ROBOT_01,45.09,8.422,1.052,48.384,28.99,2,정상
2026-05-03 05:00:47,ROBOT_02,46.67,7.778,1.801,48.054,27.39,2,정상
2026-05-03 05:00:47,ROBOT_03,44.32,7.22,0.695,48.518,27.69,2,정상
2026-05-03 05:00:47,ROBOT_04,52.08,9.009,1.543,48.298,32.38,2,정상
2026-05-03 05:53:48,ROBOT_01,43.66,8.996,1.608,48.57,34.07,2,정상
2026-05-03 05:53:48,ROBOT_02,42.49,7.701,1.047,48.484,30.78,2,정상
2026-05-03 05:53:48,ROBOT_03,46.42,7.467,1.168,48.963,28.32,2,정상
2026-05-03 05:53:48,ROBOT_04,45.84,7.903,1.836,47.377,32.52,2,정상
2026-05-03 06:46:49,ROBOT_01,45.59,9.168,0.769,48.044,30.46,2,정상
2026-05-03 06:46:49,ROBOT_02,53.29,8.955,1.619,47.864,33.47,2,정상
2026-05-03 06:46:49,ROBOT_03,42.82,6.768,1.267,48.356,35.27,2,정상
2026-05-03 06:46:49,ROBOT_04,47.18,7.614,1.272,47.483,30.01,2,정상
2026-05-03 07:39:49,ROBOT_01,45.06,8.615,1.29,48.624,33.15,2,정상
2026-05-03 07:39:49,ROBOT_02,50.58,8.357,0.889,48.335,30.49,2,정상
2026-05-03 07:39:49,ROBOT_03,49.72,8.948,1.396,48.303,33.6,2,정상
2026-05-03 07:39:49,ROBOT_04,49.59,6.986,2.045,47.465,33.17,2,정상
2026-05-03 08:32:50,ROBOT_01,46.91,8.507,1.258,48.753,30.31,2,정상
2026-05-03 08:32:50,ROBOT_02,48.63,8.698,1.075,48.699,31.81,2,정상
2026-05-03 08:32:50,ROBOT_03,41.24,7.981,1.195,48.794,29.21,2,정상
2026-05-03 08:32:50,ROBOT_04,49.95,8.148,1.704,47.823,30.34,2,정상
2026-05-03 09:25:51,ROBOT_01,46.04,8.307,1.098,48.498,27.52,2,정상
2026-05-03 09:25:51,ROBOT_02,46.19,8.314,1.699,48.684,32.74,2,정상
2026-05-03 09:25:51,ROBOT_03,48.83,7.983,1.1,48.632,34.74,2,정상
2026-05-03 09:25:51,ROBOT_04,49.85,7.801,1.29,48.133,29.51,2,정상
2026-05-03 10:18:52,ROBOT_01,49.75,9.685,1.849,48.433,32.05,2,정상
2026-05-03 10:18:52,ROBOT_02,50.56,8.644,0.848,48.413,31.4,2,정상
2026-05-03 10:18:52,ROBOT_03,46.31,8.461,1.518,48.622,35.33,2,정상
2026-05-03 10:18:52,ROBOT_04,49.58,8.707,1.517,48.079,30.18,2,정상
2026-05-03 11:11:53,ROBOT_01,47.57,8.135,1.51,48.435,30.87,2,정상
2026-05-03 11:11:53,ROBOT_02,46.17,9.036,1.52,48.114,35.15,2,정상
2026-05-03 11:11:53,ROBOT_03,48.45,8.5,1.164,48.16,31.3,2,정상
2026-05-03 11:11:53,ROBOT_04,49.4,9.537,1.789,47.496,33.31,2,정상
2026-05-03 12:04:53,ROBOT_01,46,9.955,1.125,47.899,32.88,2,정상
2026-05-03 12:04:53,ROBOT_02,50.63,9.57,1.199,48.587,31.02,2,정상
2026-05-03 12:04:53,ROBOT_03,48.52,8.856,1.794,48.051,33,2,정상
2026-05-03 12:04:53,ROBOT_04,45,8.489,1.7,47.854,33.12,2,정상
2026-05-03 12:57:54,ROBOT_01,47.22,8.798,1.511,47.952,31.69,2,정상
2026-05-03 12:57:54,ROBOT_02,46.36,8.509,1.508,47.335,31.87,2,정상
2026-05-03 12:57:54,ROBOT_03,47.34,8.885,1.239,49.07,32.01,2,정상
2026-05-03 12:57:54,ROBOT_04,48.19,9.079,1.338,47.282,34.7,2,정상
2026-05-03 13:50:55,ROBOT_01,49.26,8.454,1.257,48.647,34.46,2,정상
2026-05-03 13:50:55,ROBOT_02,48.22,8.698,1.045,47.609,34.92,2,정상
2026-05-03 13:50:55,ROBOT_03,49.23,8.892,2.085,48.549,31.63,2,정상
2026-05-03 13:50:55,ROBOT_04,48.14,8.022,1.694,48.267,32.55,2,정상
2026-05-03 14:43:56,ROBOT_01,47.37,8.273,1.564,48.181,32.29,2,정상
2026-05-03 14:43:56,ROBOT_02,49.76,8.358,1.804,48.176,34.35,2,정상
2026-05-03 14:43:56,ROBOT_03,52,9.101,1.083,48.095,31.94,2,정상
2026-05-03 14:43:56,ROBOT_04,55.94,9.092,1.502,47.032,37.78,2,정상
2026-05-03 15:36:57,ROBOT_01,52.7,8.288,1.8,48.181,34.89,2,정상
2026-05-03 15:36:57,ROBOT_02,55.71,8.985,1.698,47.246,36.48,2,정상
2026-05-03 15:36:57,ROBOT_03,50.44,8.989,1.96,48.349,32.37,2,정상
2026-05-03 15:36:57,ROBOT_04,51.03,8.982,1.865,47.11,34.98,2,정상
2026-05-03 16:29:57,ROBOT_01,53.55,8.255,1.559,47.765,35.26,2,정상
2026-05-03 16:29:57,ROBOT_02,52.36,10.112,2.002,47.496,32.72,2,정상
2026-05-03 16:29:57,ROBOT_03,51.74,9.574,1.14,48.118,31.77,2,정상
2026-05-03 16:29:57,ROBOT_04,49.69,9.865,1.596,47.045,36.13,2,정상
2026-05-03 17:22:58,ROBOT_01,52.73,8.376,1.54,47.495,34.81,2,정상
2026-05-03 17:22:58,ROBOT_02,49.24,8.57,1.843,46.799,36.58,2,정상
2026-05-03 17:22:58,ROBOT_03,49.31,8.914,1.642,47.793,34.71,2,정상
2026-05-03 17:22:58,ROBOT_04,52.98,9.369,2.04,46.785,34.42,2,정상
2026-05-03 18:15:59,ROBOT_01,51.12,8.935,1.891,48.567,34.55,2,정상
2026-05-03 18:15:59,ROBOT_02,52.81,8.335,1.452,47.766,34.35,2,정상
2026-05-03 18:15:59,ROBOT_03,47.51,8.005,1.018,48.463,35.93,2,정상
2026-05-03 18:15:59,ROBOT_04,53.7,10.099,1.547,47.491,36.23,2,정상
2026-05-03 19:09:00,ROBOT_01,46.04,8.133,1.724,47.539,36.96,2,정상
2026-05-03 19:09:00,ROBOT_02,56.83,10.145,1.912,47.247,37.58,2,정상
2026-05-03 19:09:00,ROBOT_03,48.72,8.697,1.509,48.187,32.91,2,정상
2026-05-03 19:09:00,ROBOT_04,52.39,9.452,1.635,47.186,33.85,2,정상
2026-05-03 20:02:00,ROBOT_01,51.76,10.841,1.846,47.907,36.08,2,정상
2026-05-03 20:02:00,ROBOT_02,54.71,9.828,1.237,47.154,31.63,2,정상
2026-05-03 20:02:00,ROBOT_03,50.76,8.717,2.069,48.278,34.2,2,정상
2026-05-03 20:02:00,ROBOT_04,53.27,8.531,1.757,47.463,38.67,2,정상
2026-05-03 20:55:01,ROBOT_01,45.67,8.529,1.867,47.981,38.3,2,정상
2026-05-03 20:55:01,ROBOT_02,53.11,9.017,1.009,47.483,32.4,2,정상
2026-05-03 20:55:01,ROBOT_03,54.98,10.231,1.942,46.835,37.48,2,정상
2026-05-03 20:55:01,ROBOT_04,53.72,9.861,1.863,46.536,36.28,2,정상
2026-05-03 21:48:02,ROBOT_01,52.16,9.416,1.896,48.033,31.47,2,정상
2026-05-03 21:48:02,ROBOT_02,53.49,8.894,1.72,47.686,39.17,2,정상
2026-05-03 21:48:02,ROBOT_03,54.84,8.14,1.035,47.764,33.8,2,정상
2026-05-03 21:48:02,ROBOT_04,53.34,9.998,2.31,47.648,38.9,2,정상
2026-05-03 22:41:03,ROBOT_01,48.59,8.571,1.75,48.007,33.46,2,정상
2026-05-03 22:41:03,ROBOT_02,52.86,8.623,2.24,47.909,33.89,2,정상
2026-05-03 22:41:03,ROBOT_03,49.07,7.537,1.506,48.488,33.8,2,정상
2026-05-03 22:41:03,ROBOT_04,47.26,7.824,2.067,47.261,34.55,2,정상
2026-05-03 23:34:04,ROBOT_01,51.58,9.072,0.819,47.649,32.64,2,정상
2026-05-03 23:34:04,ROBOT_02,51.65,9.421,2.192,47.727,33.74,2,정상
2026-05-03 23:34:04,ROBOT_03,52.49,9.356,1.55,48.083,33.23,2,정상
2026-05-03 23:34:04,ROBOT_04,52.14,9.025,1.461,47.39,31.63,2,정상
2026-05-04 00:27:04,ROBOT_01,50.92,8.901,1.662,48.066,33.6,3,정상
2026-05-04 00:27:04,ROBOT_02,55.47,9.818,1.606,47.98,37.74,3,정상
2026-05-04 00:27:04,ROBOT_03,48.09,8.912,1.782,48.064,31.47,3,정상
2026-05-04 00:27:04,ROBOT_04,51.43,9.715,2.104,47.493,37.01,3,정상
2026-05-04 01:20:05,ROBOT_01,44,9.978,1.535,47.692,35.62,3,정상
2026-05-04 01:20:05,ROBOT_02,49.77,9.541,1.611,47.696,36.61,3,정상
2026-05-04 01:20:05,ROBOT_03,51.97,9.43,1.609,47.846,33.55,3,정상
2026-05-04 01:20:05,ROBOT_04,49.62,7.705,1.971,47.248,31.34,3,정상
2026-05-04 02:13:06,ROBOT_01,44.69,7.455,0.656,48.934,30.75,3,정상
2026-05-04 02:13:06,ROBOT_02,47.63,8.117,1.482,48.773,31.72,3,정상
2026-05-04 02:13:06,ROBOT_03,49.23,8.046,1.956,48.37,33.97,3,정상
2026-05-04 02:13:06,ROBOT_04,44.08,7.815,1.701,48.265,35.29,3,정상
2026-05-04 03:06:07,ROBOT_01,50.69,8.203,1.123,48.676,31.7,3,정상
2026-05-04 03:06:07,ROBOT_02,50,7.276,1.971,47.792,35.46,3,정상
2026-05-04 03:06:07,ROBOT_03,49.61,8.753,1.529,48.346,31.62,3,정상
2026-05-04 03:06:07,ROBOT_04,48.21,9.357,1.224,47.837,35.93,3,정상
2026-05-04 03:59:08,ROBOT_01,48.94,9.136,1.66,47.621,30.44,3,정상
2026-05-04 03:59:08,ROBOT_02,51.43,8.502,1.959,48.588,35.18,3,정상
2026-05-04 03:59:08,ROBOT_03,51.6,8.911,1.978,48.278,31.36,3,정상
2026-05-04 03:59:08,ROBOT_04,50.82,7.775,1.73,47.764,35.2,3,정상
2026-05-04 04:52:08,ROBOT_01,48.41,8.762,1.768,48.009,34.79,3,정상
2026-05-04 04:52:08,ROBOT_02,45.31,8.289,1.305,48.109,28.68,3,정상
2026-05-04 04:52:08,ROBOT_03,48.09,8.536,1.577,47.94,33.2,3,정상
2026-05-04 04:52:08,ROBOT_04,49.33,8.517,1.583,48.183,36.42,3,정상
2026-05-04 05:45:09,ROBOT_01,43.48,7.726,1.817,49.21,29.96,3,정상
2026-05-04 05:45:09,ROBOT_02,51.13,9.499,1.849,48.218,32.89,3,정상
2026-05-04 05:45:09,ROBOT_03,42.33,8.554,1.768,48.317,33.37,3,정상
2026-05-04 05:45:09,ROBOT_04,45.72,8.248,1.728,48.18,33.95,3,정상
2026-05-04 06:38:10,ROBOT_01,44.87,7.557,1.659,48.888,27.44,3,정상
2026-05-04 06:38:10,ROBOT_02,49.85,8.044,1.72,47.69,33.25,3,정상
2026-05-04 06:38:10,ROBOT_03,42.87,7.831,1.206,49.139,29.2,3,정상
2026-05-04 06:38:10,ROBOT_04,46.22,7.02,1.335,47.812,29.84,3,정상
2026-05-04 07:31:11,ROBOT_01,48,7.749,1.224,48.766,31.36,3,정상
2026-05-04 07:31:11,ROBOT_02,44.35,7.421,1.107,48.952,33.66,3,정상
2026-05-04 07:31:11,ROBOT_03,43.1,7.142,0.89,49.705,29,3,정상
2026-05-04 07:31:11,ROBOT_04,51.21,8.928,1.175,47.865,34.97,3,정상
2026-05-04 08:24:12,ROBOT_01,47.31,7.628,1.701,48.839,30.35,3,정상
2026-05-04 08:24:12,ROBOT_02,50.44,7.827,0.935,48.193,34.18,3,정상
2026-05-04 08:24:12,ROBOT_03,47.04,8.133,1.459,48.881,29.08,3,정상
2026-05-04 08:24:12,ROBOT_04,47.63,7.211,1.637,48.045,29.15,3,정상
2026-05-04 09:17:12,ROBOT_01,43.03,9.082,1.215,48.882,32.39,3,정상
2026-05-04 09:17:12,ROBOT_02,50.56,8.679,1.422,47.846,33.32,3,정상
2026-05-04 09:17:12,ROBOT_03,47.96,8.344,1.135,48.063,37.07,3,정상
2026-05-04 09:17:12,ROBOT_04,46.04,8.321,1.065,47.631,32.27,3,정상
2026-05-04 10:10:13,ROBOT_01,47.68,8.848,1.254,48.202,33.58,3,정상
2026-05-04 10:10:13,ROBOT_02,50.95,7.81,1.586,48.606,32.26,3,정상
2026-05-04 10:10:13,ROBOT_03,44.93,8.65,1.868,48.184,30.29,3,정상
2026-05-04 10:10:13,ROBOT_04,48.94,8.543,1.401,47.974,28.94,3,정상
2026-05-04 11:03:14,ROBOT_01,51.44,8.823,1.806,47.908,33.32,3,정상
2026-05-04 11:03:14,ROBOT_02,47.08,8.961,1.874,48.148,33.64,3,정상
2026-05-04 11:03:14,ROBOT_03,48.84,8.522,1.628,48.338,33.05,3,정상
2026-05-04 11:03:14,ROBOT_04,47.72,8.758,1.983,47.344,34.73,3,정상
2026-05-04 11:56:15,ROBOT_01,46.2,7.648,1.248,48.142,30.69,3,정상
2026-05-04 11:56:15,ROBOT_02,50.91,8.309,1.756,47.663,33.83,3,정상
2026-05-04 11:56:15,ROBOT_03,47.5,8.843,1.431,48.051,31.28,3,정상
2026-05-04 11:56:15,ROBOT_04,49.96,7.777,1.627,47.72,36.44,3,정상
2026-05-04 12:49:16,ROBOT_01,43.02,8.641,1.554,48.076,32.02,3,정상
2026-05-04 12:49:16,ROBOT_02,44.54,8.615,1.433,47.722,33.82,3,정상
2026-05-04 12:49:16,ROBOT_03,51.55,7.626,1.6,48.887,30.96,3,정상
2026-05-04 12:49:16,ROBOT_04,55.62,8.818,1.68,47.338,37.17,3,정상
2026-05-04 13:42:16,ROBOT_01,48.16,8.651,2.118,47.736,33.44,3,정상
2026-05-04 13:42:16,ROBOT_02,49.51,9.364,1.155,46.696,33.55,3,정상
2026-05-04 13:42:16,ROBOT_03,50.05,8.243,1.324,48.366,32.8,3,정상
2026-05-04 13:42:16,ROBOT_04,50.67,8.035,1.913,47.346,30.44,3,정상
2026-05-04 14:35:17,ROBOT_01,49.95,7.203,1.465,47.506,39,3,정상
2026-05-04 14:35:17,ROBOT_02,48.66,9.491,1.848,47.471,32.26,3,정상
2026-05-04 14:35:17,ROBOT_03,50.34,9.256,1.012,48.313,36.82,3,정상
2026-05-04 14:35:17,ROBOT_04,54.25,8.291,1.569,46.845,33.55,3,정상
2026-05-04 15:28:18,ROBOT_01,49.66,10.272,2.103,47.988,32.57,3,정상
2026-05-04 15:28:18,ROBOT_02,50.47,10.026,1.669,47.67,33.24,3,정상
2026-05-04 15:28:18,ROBOT_03,47.98,9.163,1.407,47.948,34.99,3,정상
2026-05-04 15:28:18,ROBOT_04,55.11,9.885,1.71,47.733,33.51,3,정상
2026-05-04 16:21:19,ROBOT_01,50.81,9.56,1.248,48.014,32.42,3,정상
2026-05-04 16:21:19,ROBOT_02,50.75,9.252,1.55,48.088,31.03,3,정상
2026-05-04 16:21:19,ROBOT_03,49.26,9.552,1.36,48.664,33.99,3,정상
2026-05-04 16:21:19,ROBOT_04,56.39,10.839,2.087,47.174,35.98,3,정상
2026-05-04 17:14:19,ROBOT_01,51.5,8.409,1.376,47.997,32.75,3,정상
2026-05-04 17:14:19,ROBOT_02,47.5,8.361,1.722,48.098,33.57,3,정상
2026-05-04 17:14:19,ROBOT_03,46.23,7.715,0.935,49.174,32.46,3,정상
2026-05-04 17:14:19,ROBOT_04,54.52,9.464,1.686,46.988,35,3,정상
2026-05-04 18:07:20,ROBOT_01,50.12,9.613,2.166,47.9,37.35,3,정상
2026-05-04 18:07:20,ROBOT_02,53.01,9.545,1.258,47.318,35.58,3,정상
2026-05-04 18:07:20,ROBOT_03,47.54,9.542,1.463,48.143,34.12,3,정상
2026-05-04 18:07:20,ROBOT_04,54.13,8.139,1.657,47.428,37.72,3,정상
2026-05-04 19:00:21,ROBOT_01,49.4,8.427,2.108,47.899,34.07,3,정상
2026-05-04 19:00:21,ROBOT_02,53.12,9.79,1.354,47.233,36.39,3,정상
2026-05-04 19:00:21,ROBOT_03,50.67,8.857,1.823,48.202,35.01,3,정상
2026-05-04 19:00:21,ROBOT_04,51.12,10.288,1.678,47.135,36.27,3,정상
2026-05-04 19:53:22,ROBOT_01,50.75,8.753,1.45,48.163,35.28,3,정상
2026-05-04 19:53:22,ROBOT_02,55.38,10.991,1.554,46.754,40.84,3,정상
2026-05-04 19:53:22,ROBOT_03,50.98,8.951,1.761,47.559,32.48,3,정상
2026-05-04 19:53:22,ROBOT_04,53.33,10.354,1.918,46.243,32.17,3,정상
2026-05-04 20:46:23,ROBOT_01,49.36,8.864,1.285,47.413,35.94,3,정상
2026-05-04 20:46:23,ROBOT_02,52.96,11.294,1.682,47.282,37.01,3,정상
2026-05-04 20:46:23,ROBOT_03,48.25,9.79,1.807,47.725,34.22,3,정상
2026-05-04 20:46:23,ROBOT_04,57.37,9.441,1.649,47.377,41.7,3,정상
2026-05-04 21:39:23,ROBOT_01,51.41,8.728,1.951,47.496,33.5,3,정상
2026-05-04 21:39:23,ROBOT_02,52.83,9.289,1.439,48.059,37.86,3,정상
2026-05-04 21:39:23,ROBOT_03,45.62,9.133,1.565,48.104,32.44,3,정상
2026-05-04 21:39:23,ROBOT_04,49.95,8.709,1.481,47.241,35.74,3,정상
2026-05-04 22:32:24,ROBOT_01,49.46,8.826,1.779,47.315,36.29,3,정상
2026-05-04 22:32:24,ROBOT_02,51.51,10.432,1.51,47.169,38.28,3,정상
2026-05-04 22:32:24,ROBOT_03,49.36,8.704,1.705,47.926,33.67,3,정상
2026-05-04 22:32:24,ROBOT_04,53.32,9.25,1.451,46.899,35.81,3,정상
2026-05-04 23:25:25,ROBOT_01,47.91,10.124,1.359,48.154,35.47,3,정상
2026-05-04 23:25:25,ROBOT_02,51.26,9.884,2.529,47.788,37.28,3,정상
2026-05-04 23:25:25,ROBOT_03,48.01,8.94,1.419,48.095,33.62,3,정상
2026-05-04 23:25:25,ROBOT_04,52.56,7.504,1.442,47.68,34.37,3,정상
2026-05-05 00:18:26,ROBOT_01,47.41,8.555,1.816,48.53,32.67,4,정상
2026-05-05 00:18:26,ROBOT_02,48.38,9.513,1.81,48.051,31.54,4,정상
2026-05-05 00:18:26,ROBOT_03,50.24,9.049,1.821,48.202,36.43,4,정상
2026-05-05 00:18:26,ROBOT_04,48.68,9.383,1.745,48.379,33.24,4,정상
2026-05-05 01:11:27,ROBOT_01,49.95,9.332,1.447,47.864,34.95,4,정상
2026-05-05 01:11:27,ROBOT_02,53.25,9.47,1.932,47.712,35.83,4,정상
2026-05-05 01:11:27,ROBOT_03,46.77,9.952,1.608,47.965,34.05,4,정상
2026-05-05 01:11:27,ROBOT_04,55.83,7.837,1.875,47.579,35.29,4,정상
2026-05-05 02:04:27,ROBOT_01,51.31,10.209,1.463,48.136,37.55,4,정상
2026-05-05 02:04:27,ROBOT_02,46.33,9.529,0.996,47.499,34.33,4,정상
2026-05-05 02:04:27,ROBOT_03,47.93,8.631,1.152,48.155,33.21,4,정상
2026-05-05 02:04:27,ROBOT_04,48.84,9.421,1.265,48.332,35,4,정상
2026-05-05 02:57:28,ROBOT_01,49.45,7.59,1.492,48.385,29.75,4,정상
2026-05-05 02:57:28,ROBOT_02,53.34,8.971,1.354,48.365,30.29,4,정상
2026-05-05 02:57:28,ROBOT_03,46.33,8.067,1.415,48.104,31.21,4,정상
2026-05-05 02:57:28,ROBOT_04,47.72,7.617,1.605,48.148,32.11,4,정상
2026-05-05 03:50:29,ROBOT_01,50.17,7.527,1.739,48.18,31.25,4,정상
2026-05-05 03:50:29,ROBOT_02,46.17,9.307,1.236,47.755,33.31,4,정상
2026-05-05 03:50:29,ROBOT_03,49.06,9.557,1.483,48.03,31.2,4,정상
2026-05-05 03:50:29,ROBOT_04,46.26,6.458,2.011,48.174,30.16,4,정상
2026-05-05 04:43:30,ROBOT_01,46.68,8.231,1.236,48.127,33.61,4,정상
2026-05-05 04:43:30,ROBOT_02,46.59,8.457,2.09,48.278,28.61,4,정상
2026-05-05 04:43:30,ROBOT_03,47.71,7.719,1.162,48.687,29.03,4,정상
2026-05-05 04:43:30,ROBOT_04,44.55,8.035,1.746,47.964,31.98,4,정상
2026-05-05 05:36:31,ROBOT_01,45.36,8.321,1.181,47.951,32.2,4,정상
2026-05-05 05:36:31,ROBOT_02,49.07,7.218,1.487,48.29,34.68,4,정상
2026-05-05 05:36:31,ROBOT_03,44.34,7.796,1.164,48.531,29.67,4,정상
2026-05-05 05:36:31,ROBOT_04,46.29,8.29,1.588,48.593,32.73,4,정상
2026-05-05 06:29:31,ROBOT_01,44.39,7.132,1.231,49.054,32.44,4,정상
2026-05-05 06:29:31,ROBOT_02,49.82,7.671,1.913,48.426,37.65,4,정상
2026-05-05 06:29:31,ROBOT_03,42.53,8.348,1.305,47.589,31.58,4,정상
2026-05-05 06:29:31,ROBOT_04,48.54,7.974,1.773,47.591,34.61,4,정상
2026-05-05 07:22:32,ROBOT_01,49.41,8.497,1.404,48.95,32.62,4,정상
2026-05-05 07:22:32,ROBOT_02,47.33,8.466,1.822,47.771,29.66,4,정상
2026-05-05 07:22:32,ROBOT_03,46.52,7.363,1.368,48.846,30.48,4,정상
2026-05-05 07:22:32,ROBOT_04,51.49,8.323,1.646,47.838,37.03,4,정상
2026-05-05 08:15:33,ROBOT_01,50.89,8.784,1.731,48.162,30.64,4,정상
2026-05-05 08:15:33,ROBOT_02,48.33,9.641,1.344,48.058,34.39,4,정상
2026-05-05 08:15:33,ROBOT_03,45.27,7.627,1.796,48.612,30.96,4,정상
2026-05-05 08:15:33,ROBOT_04,43.7,7.525,1.306,47.824,30.38,4,정상
2026-05-05 09:08:34,ROBOT_01,44.42,7.509,1.247,48.478,31.14,4,정상
2026-05-05 09:08:34,ROBOT_02,45.9,9.35,1.465,47.999,33.22,4,정상
2026-05-05 09:08:34,ROBOT_03,45.54,8.713,1.437,49.062,30.22,4,정상
2026-05-05 09:08:34,ROBOT_04,49.7,7.33,1.553,47.249,34.09,4,정상
2026-05-05 10:01:35,ROBOT_01,46.58,8.473,1.104,47.927,34.44,4,정상
2026-05-05 10:01:35,ROBOT_02,47.4,8.7,1.466,48.306,32.53,4,정상
2026-05-05 10:01:35,ROBOT_03,47.05,9.303,1.149,47.676,32.14,4,정상
2026-05-05 10:01:35,ROBOT_04,50.39,8.354,1.489,47.799,32.08,4,정상
2026-05-05 10:54:35,ROBOT_01,48.08,9.609,1.82,48.332,32.85,4,정상
2026-05-05 10:54:35,ROBOT_02,47.11,8.809,1.811,48.297,28.85,4,정상
2026-05-05 10:54:35,ROBOT_03,48.63,8.203,1.487,48.677,32.26,4,정상
2026-05-05 10:54:35,ROBOT_04,46.01,8.377,1.783,47.765,34.71,4,정상
2026-05-05 11:47:36,ROBOT_01,48.85,8.368,1.59,47.764,33.67,4,정상
2026-05-05 11:47:36,ROBOT_02,53.8,8.861,1.036,49.024,33.24,4,정상
2026-05-05 11:47:36,ROBOT_03,47.91,8.398,1.02,48.995,28.5,4,정상
2026-05-05 11:47:36,ROBOT_04,47.02,8.909,2.001,47.459,33.27,4,정상
2026-05-05 12:40:37,ROBOT_01,48.57,8.824,1.557,47.395,33.58,4,정상
2026-05-05 12:40:37,ROBOT_02,48.9,8.84,1.321,47.456,33.25,4,정상
2026-05-05 12:40:37,ROBOT_03,49.74,8.361,1.432,48.61,31.07,4,정상
2026-05-05 12:40:37,ROBOT_04,53.21,9.077,1.769,47.015,36.63,4,정상
2026-05-05 13:33:38,ROBOT_01,50.49,8.083,1.597,47.938,34.28,4,정상
2026-05-05 13:33:38,ROBOT_02,52.68,10.313,1.718,47.891,36.35,4,정상
2026-05-05 13:33:38,ROBOT_03,59.64,12.674,3.811,47.02,41.9,4,주의
2026-05-05 13:33:38,ROBOT_04,48.57,9.56,1.624,47.967,34.82,4,정상
2026-05-05 14:26:38,ROBOT_01,51.02,8.551,1.975,48.041,32.37,4,정상
2026-05-05 14:26:38,ROBOT_02,48.1,8.969,2.041,47.598,34.83,4,정상
2026-05-05 14:26:38,ROBOT_03,49.01,8.522,1.82,48.237,31.45,4,정상
2026-05-05 14:26:38,ROBOT_04,48.95,8.346,1.533,47.564,34.59,4,정상
2026-05-05 15:19:39,ROBOT_01,50.24,8.14,1.45,48.221,34.57,4,정상
2026-05-05 15:19:39,ROBOT_02,51.09,9.76,1.566,47.57,37.83,4,정상
2026-05-05 15:19:39,ROBOT_03,51.16,9.336,1.992,48.433,37.24,4,정상
2026-05-05 15:19:39,ROBOT_04,53,8.272,1.937,47.362,34.08,4,정상
2026-05-05 16:12:40,ROBOT_01,55.08,9.731,1.688,47.541,34.51,4,정상
2026-05-05 16:12:40,ROBOT_02,53.33,10.401,1.87,48.122,35.84,4,정상
2026-05-05 16:12:40,ROBOT_03,48.47,9.188,1.705,48.162,32.65,4,정상
2026-05-05 16:12:40,ROBOT_04,55.31,9.916,2.268,47.316,37.9,4,정상
2026-05-05 17:05:41,ROBOT_01,49.39,8.7,1.193,47.967,35.59,4,정상
2026-05-05 17:05:41,ROBOT_02,47.74,9.761,1.262,47.144,32.18,4,정상
2026-05-05 17:05:41,ROBOT_03,48.59,9.329,2.001,47.563,36.32,4,정상
2026-05-05 17:05:41,ROBOT_04,53.01,9.171,1.607,46.957,33.79,4,정상
2026-05-05 17:58:42,ROBOT_01,48.32,8.682,1.238,48.582,30.75,4,정상
2026-05-05 17:58:42,ROBOT_02,52.04,8.479,1.435,47.569,36.08,4,정상
2026-05-05 17:58:42,ROBOT_03,54.15,9.555,1.669,48.301,34.35,4,정상
2026-05-05 17:58:42,ROBOT_04,52.17,10.118,1.494,47.143,35.29,4,정상
2026-05-05 18:51:42,ROBOT_01,53.63,10.203,1.615,48.445,35.39,4,정상
2026-05-05 18:51:42,ROBOT_02,49.92,7.853,2.079,47.836,34.41,4,정상
2026-05-05 18:51:42,ROBOT_03,47.85,8.418,1.102,48.289,31.1,4,정상
2026-05-05 18:51:42,ROBOT_04,52.92,8.984,2.023,47.145,34.99,4,정상
2026-05-05 19:44:43,ROBOT_01,52.21,7.999,1.228,47.275,34.89,4,정상
2026-05-05 19:44:43,ROBOT_02,53.56,9.065,1.932,47.309,33.28,4,정상
2026-05-05 19:44:43,ROBOT_03,51.73,9.471,1.644,47.786,34.87,4,정상
2026-05-05 19:44:43,ROBOT_04,50.5,8.336,1.593,47.403,36.33,4,정상
2026-05-05 20:37:44,ROBOT_01,51.88,9.896,1.464,48.047,36.44,4,정상
2026-05-05 20:37:44,ROBOT_02,50.92,10.402,1.52,48.257,37.14,4,정상
2026-05-05 20:37:44,ROBOT_03,49.83,8.656,1.718,48.37,35.97,4,정상
2026-05-05 20:37:44,ROBOT_04,51.13,8.864,1.097,47.651,38.04,4,정상
2026-05-05 21:30:45,ROBOT_01,54.04,7.968,2.217,48.019,35.25,4,정상
2026-05-05 21:30:45,ROBOT_02,49.75,10.037,1.866,46.668,38.24,4,정상
2026-05-05 21:30:45,ROBOT_03,49.44,8.829,1.391,47.462,31.7,4,정상
2026-05-05 21:30:45,ROBOT_04,49.42,9.095,1.537,47.814,32.79,4,정상
2026-05-05 22:23:46,ROBOT_01,50.7,9.335,1.76,48.503,39.31,4,정상
2026-05-05 22:23:46,ROBOT_02,51.46,9.624,1.947,47.521,36.48,4,정상
2026-05-05 22:23:46,ROBOT_03,50.9,9.171,1.189,48.258,32.66,4,정상
2026-05-05 22:23:46,ROBOT_04,54.38,9.79,1.841,47.92,33.25,4,정상
2026-05-05 23:16:46,ROBOT_01,48.89,8.466,1.622,48.187,32.28,4,정상
2026-05-05 23:16:46,ROBOT_02,51.43,8.565,1.91,47.927,36.23,4,정상
2026-05-05 23:16:46,ROBOT_03,51.45,8.565,1.47,48.984,32.64,4,정상
2026-05-05 23:16:46,ROBOT_04,50.04,8.81,2.011,47.649,32.04,4,정상
2026-05-06 00:09:47,ROBOT_01,53.92,8.172,1.702,48.822,31.28,5,정상
2026-05-06 00:09:47,ROBOT_02,51.07,8.118,2.083,48.347,33.95,5,정상
2026-05-06 00:09:47,ROBOT_03,48.39,8.447,1.656,48.092,31.17,5,정상
2026-05-06 00:09:47,ROBOT_04,53.27,7.212,1.539,47.603,35.31,5,정상
2026-05-06 01:02:48,ROBOT_01,47.28,8.773,1.62,48.189,34.62,5,정상
2026-05-06 01:02:48,ROBOT_02,48.71,8.682,1.578,47.37,30.94,5,정상
2026-05-06 01:02:48,ROBOT_03,50.13,9.264,1.366,48.122,36.84,5,정상
2026-05-06 01:02:48,ROBOT_04,51.35,9.088,2.265,48.099,34.31,5,정상
2026-05-06 01:55:49,ROBOT_01,49.25,8.72,1.317,48.105,33.06,5,정상
2026-05-06 01:55:49,ROBOT_02,53.73,9.214,2.275,48.124,33.89,5,정상
2026-05-06 01:55:49,ROBOT_03,46.03,8.87,1.938,48.702,29.77,5,정상
2026-05-06 01:55:49,ROBOT_04,47.86,9.291,0.946,48.055,34.27,5,정상
2026-05-06 02:48:50,ROBOT_01,50.96,8.225,1.904,47.434,34.33,5,정상
2026-05-06 02:48:50,ROBOT_02,52.08,8.085,0.748,48.169,32.23,5,정상
2026-05-06 02:48:50,ROBOT_03,46.87,8.568,1,48.957,29,5,정상
2026-05-06 02:48:50,ROBOT_04,49.85,9.971,1.61,47.82,33.7,5,정상
2026-05-06 03:41:50,ROBOT_01,48.37,9.908,1.568,49.091,32.09,5,정상
2026-05-06 03:41:50,ROBOT_02,49.47,9.133,1.96,48.359,32.82,5,정상
2026-05-06 03:41:50,ROBOT_03,49.78,8.047,1.961,48.638,34.34,5,정상
2026-05-06 03:41:50,ROBOT_04,53.74,8.458,2.29,47.603,33.31,5,정상
2026-05-06 04:34:51,ROBOT_01,51.24,7.933,1.52,48.118,31.78,5,정상
2026-05-06 04:34:51,ROBOT_02,47.3,10.032,1.425,47.502,35.6,5,정상
2026-05-06 04:34:51,ROBOT_03,47.98,7.798,1.593,47.929,33.96,5,정상
2026-05-06 04:34:51,ROBOT_04,48.72,8.736,1.545,47.019,35.07,5,정상
2026-05-06 05:27:52,ROBOT_01,42.23,7.838,1.706,48.361,31.08,5,정상
2026-05-06 05:27:52,ROBOT_02,49.76,8.812,1.565,46.361,29.53,5,정상
2026-05-06 05:27:52,ROBOT_03,45.21,7.805,1.623,48.306,33.11,5,정상
2026-05-06 05:27:52,ROBOT_04,48.93,8.754,1.333,46.981,33.9,5,정상
2026-05-06 06:20:53,ROBOT_01,44.35,8.037,1.302,48.802,27.58,5,정상
2026-05-06 06:20:53,ROBOT_02,47.32,7.75,1.255,47.589,31.08,5,정상
2026-05-06 06:20:53,ROBOT_03,47.18,8.164,1.747,48.693,32.25,5,정상
2026-05-06 06:20:53,ROBOT_04,46.46,8.241,1.757,47.912,34.34,5,정상
2026-05-06 07:13:54,ROBOT_01,45.55,6.718,1.609,47.755,31.16,5,정상
2026-05-06 07:13:54,ROBOT_02,46.07,9.037,1.684,47.706,30.9,5,정상
2026-05-06 07:13:54,ROBOT_03,46.6,8.515,2.039,48.947,28.74,5,정상
2026-05-06 07:13:54,ROBOT_04,52.48,8.346,1.591,47.804,34.62,5,정상
2026-05-06 08:06:54,ROBOT_01,44.11,8.633,1.377,47.656,31.65,5,정상
2026-05-06 08:06:54,ROBOT_02,48.14,8.702,1.615,47.173,35.72,5,정상
2026-05-06 08:06:54,ROBOT_03,45.63,8.273,1.416,48.386,31.48,5,정상
2026-05-06 08:06:54,ROBOT_04,52.99,7.954,1.56,47.725,31.58,5,정상
2026-05-06 08:59:55,ROBOT_01,45.63,8.273,1.779,48.687,29.49,5,정상
2026-05-06 08:59:55,ROBOT_02,50.44,8.609,1.664,48.518,32.26,5,정상
2026-05-06 08:59:55,ROBOT_03,46.86,9.195,1.952,48.701,31.79,5,정상
2026-05-06 08:59:55,ROBOT_04,53.4,7.434,1.971,48.103,31.68,5,정상
2026-05-06 09:52:56,ROBOT_01,46.74,7.897,0.862,48.226,32.95,5,정상
2026-05-06 09:52:56,ROBOT_02,48.99,7.875,1.099,47.99,32.86,5,정상
2026-05-06 09:52:56,ROBOT_03,50.55,9.422,1.64,48.504,33.8,5,정상
2026-05-06 09:52:56,ROBOT_04,50.3,8.7,1.629,47.624,33.8,5,정상
2026-05-06 10:45:57,ROBOT_01,44.16,7.335,1.541,48.169,29.09,5,정상
2026-05-06 10:45:57,ROBOT_02,44.54,8.39,1.659,48.246,33.07,5,정상
2026-05-06 10:45:57,ROBOT_03,49.35,8.518,1.389,47.721,35.24,5,정상
2026-05-06 10:45:57,ROBOT_04,50.42,7.586,2.158,48.104,31.5,5,정상
2026-05-06 11:38:57,ROBOT_01,47.01,9.078,1.692,48.45,34.55,5,정상
2026-05-06 11:38:57,ROBOT_02,51.87,8.247,1.87,48.157,33.42,5,정상
2026-05-06 11:38:57,ROBOT_03,51.02,9.063,1.246,47.331,33.92,5,정상
2026-05-06 11:38:57,ROBOT_04,47.89,8.308,1.746,47.947,31.33,5,정상
2026-05-06 12:31:58,ROBOT_01,49.58,9.137,1.731,48.426,31.39,5,정상
2026-05-06 12:31:58,ROBOT_02,52.04,8.372,1.789,48.069,36.48,5,정상
2026-05-06 12:31:58,ROBOT_03,50.71,8.897,1.304,47.59,37.09,5,정상
2026-05-06 12:31:58,ROBOT_04,56.63,9.25,1.363,47.68,36.42,5,정상
2026-05-06 13:24:59,ROBOT_01,49.57,8.694,1.565,48.137,33.8,5,정상
2026-05-06 13:24:59,ROBOT_02,49.08,8.716,1.655,48.339,31.11,5,정상
2026-05-06 13:24:59,ROBOT_03,48.55,10.062,1.912,48.532,32.77,5,정상
2026-05-06 13:24:59,ROBOT_04,54.26,8.825,1.56,47.576,32.76,5,정상
2026-05-06 14:18:00,ROBOT_01,46.24,8.584,1.462,48.145,32.17,5,정상
2026-05-06 14:18:00,ROBOT_02,49.65,11.113,1.804,47.829,34.32,5,정상
2026-05-06 14:18:00,ROBOT_03,51.1,8.45,2.374,48.506,34.86,5,정상
2026-05-06 14:18:00,ROBOT_04,50.83,8.627,1.758,47.632,34.36,5,정상
2026-05-06 15:11:01,ROBOT_01,50.92,8.402,1.327,48.164,36.2,5,정상
2026-05-06 15:11:01,ROBOT_02,51.45,8.558,1.321,47.527,32.75,5,정상
2026-05-06 15:11:01,ROBOT_03,53.93,9.125,1.377,47.894,33.97,5,정상
2026-05-06 15:11:01,ROBOT_04,49.1,8.569,1.554,47.41,36.04,5,정상
2026-05-06 16:04:01,ROBOT_01,49.28,8.418,1.712,48.723,31.88,5,정상
2026-05-06 16:04:01,ROBOT_02,55.62,9.632,2.015,47.829,35.61,5,정상
2026-05-06 16:04:01,ROBOT_03,51.09,8.684,1.936,47.698,34.53,5,정상
2026-05-06 16:04:01,ROBOT_04,51.3,9.542,1.672,47.217,36.65,5,정상
2026-05-06 16:57:02,ROBOT_01,52,8.822,1.343,47.626,35.3,5,정상
2026-05-06 16:57:02,ROBOT_02,52.07,9.03,1.256,48.109,38.56,5,정상
2026-05-06 16:57:02,ROBOT_03,52.96,9.89,1.97,47.802,33.48,5,정상
2026-05-06 16:57:02,ROBOT_04,51,8.076,1.924,47.035,35.02,5,정상
2026-05-06 17:50:03,ROBOT_01,49.89,9.34,1.496,48.272,36.14,5,정상
2026-05-06 17:50:03,ROBOT_02,53.92,9.997,1.894,47.227,35.41,5,정상
2026-05-06 17:50:03,ROBOT_03,46.35,8.616,1.325,48.024,31.64,5,정상
2026-05-06 17:50:03,ROBOT_04,53.24,9.475,1.604,46.683,35.11,5,정상
2026-05-06 18:43:04,ROBOT_01,48.79,9.305,1.633,47.413,34.05,5,정상
2026-05-06 18:43:04,ROBOT_02,53.18,8.302,1.195,47.755,37,5,정상
2026-05-06 18:43:04,ROBOT_03,53.19,9.534,1.841,47.673,35.82,5,정상
2026-05-06 18:43:04,ROBOT_04,51.85,9.234,1.782,47.777,35.68,5,정상
2026-05-06 19:36:05,ROBOT_01,49.94,9.902,1.818,47.982,31.46,5,정상
2026-05-06 19:36:05,ROBOT_02,55.41,10.273,1.332,47.566,37.94,5,정상
2026-05-06 19:36:05,ROBOT_03,49.65,9.203,1.617,47.624,37.46,5,정상
2026-05-06 19:36:05,ROBOT_04,52.29,8.854,1.482,46.923,33.33,5,정상
2026-05-06 20:29:05,ROBOT_01,53.16,9.775,1.576,47.916,35.48,5,정상
2026-05-06 20:29:05,ROBOT_02,53.63,11.085,2.137,47.132,37.71,5,정상
2026-05-06 20:29:05,ROBOT_03,51.04,9.245,1.339,47.869,31.59,5,정상
2026-05-06 20:29:05,ROBOT_04,52.96,9.803,2.523,46.48,37.82,5,정상
2026-05-06 21:22:06,ROBOT_01,51.07,7.481,1.213,48.061,33.4,5,정상
2026-05-06 21:22:06,ROBOT_02,51.81,8.536,1.743,47.828,34.18,5,정상
2026-05-06 21:22:06,ROBOT_03,53.07,9.944,1.834,48.076,34.75,5,정상
2026-05-06 21:22:06,ROBOT_04,53.12,8.798,1.436,47.221,38.52,5,정상
2026-05-06 22:15:07,ROBOT_01,48.03,9.414,1.648,47.382,36.25,5,정상
2026-05-06 22:15:07,ROBOT_02,52.86,9.741,1.597,46.714,32.82,5,정상
2026-05-06 22:15:07,ROBOT_03,49.17,8.98,1.408,48.131,35.52,5,정상
2026-05-06 22:15:07,ROBOT_04,53.55,10.571,1.921,46.771,35.85,5,정상
2026-05-06 23:08:08,ROBOT_01,48.9,10.115,1.723,48.139,31.35,5,정상
2026-05-06 23:08:08,ROBOT_02,54.32,9.62,2.314,46.718,36.01,5,정상
2026-05-06 23:08:08,ROBOT_03,46.97,9.326,1.683,48.209,35.34,5,정상
2026-05-06 23:08:08,ROBOT_04,54.56,8.771,2.926,47.357,34.2,5,정상
2026-05-07 00:01:09,ROBOT_01,50.29,8.791,0.743,47.811,30.73,6,정상
2026-05-07 00:01:09,ROBOT_02,50.89,8.834,1.458,47.436,36.47,6,정상
2026-05-07 00:01:09,ROBOT_03,49.58,9.594,1.568,47.982,33.22,6,정상
2026-05-07 00:01:09,ROBOT_04,54.34,8.176,1.697,47.702,34.64,6,정상
2026-05-07 00:54:09,ROBOT_01,46.92,9.149,2.377,48.145,34.57,6,정상
2026-05-07 00:54:09,ROBOT_02,52.62,10.306,1.35,46.91,35.51,6,정상
2026-05-07 00:54:09,ROBOT_03,49.55,9.293,1.822,47.654,29.71,6,정상
2026-05-07 00:54:09,ROBOT_04,52.06,10.507,1.8,47.225,36.19,6,정상
2026-05-07 01:47:10,ROBOT_01,46.37,8.599,1.189,48.413,32.21,6,정상
2026-05-07 01:47:10,ROBOT_02,48.63,9.131,1.469,47.315,34.85,6,정상
2026-05-07 01:47:10,ROBOT_03,51.27,8.429,1.391,47.347,34.53,6,정상
2026-05-07 01:47:10,ROBOT_04,50.16,8.69,1.491,46.918,31.77,6,정상
2026-05-07 02:40:11,ROBOT_01,48.75,9.258,2.05,48.281,33.98,6,정상
2026-05-07 02:40:11,ROBOT_02,51.14,8.191,1.677,49.399,37.19,6,정상
2026-05-07 02:40:11,ROBOT_03,48.38,7.699,1.426,49.157,32.37,6,정상
2026-05-07 02:40:11,ROBOT_04,50.37,9.264,1.614,47.977,33.54,6,정상
2026-05-07 03:33:12,ROBOT_01,51.54,8.581,1.185,48.192,32.56,6,정상
2026-05-07 03:33:12,ROBOT_02,52.79,8.141,1.675,47.079,33.2,6,정상
2026-05-07 03:33:12,ROBOT_03,48.85,8.602,1.408,48.48,32.47,6,정상
2026-05-07 03:33:12,ROBOT_04,52.23,8.658,1.872,47.443,31.81,6,정상
2026-05-07 04:26:13,ROBOT_01,47.36,7.33,1.51,48.053,31.6,6,정상
2026-05-07 04:26:13,ROBOT_02,45.56,9.154,1.758,48.012,32.21,6,정상
2026-05-07 04:26:13,ROBOT_03,48.59,8.294,1.635,48.079,33.4,6,정상
2026-05-07 04:26:13,ROBOT_04,49.81,8.71,1.389,48.016,32.99,6,정상
2026-05-07 05:19:13,ROBOT_01,43.75,8.378,1.524,48.922,31.04,6,정상
2026-05-07 05:19:13,ROBOT_02,48.29,8.762,1.343,48.078,32.17,6,정상
2026-05-07 05:19:13,ROBOT_03,49.01,8.031,1.356,48.097,32.6,6,정상
2026-05-07 05:19:13,ROBOT_04,48.02,7.814,2.02,48.117,30.83,6,정상
2026-05-07 06:12:14,ROBOT_01,46.86,8.116,1.511,48.193,33.11,6,정상
2026-05-07 06:12:14,ROBOT_02,46.64,8.839,1.5,47.401,33.95,6,정상
2026-05-07 06:12:14,ROBOT_03,48.97,7.535,1.128,47.962,32.52,6,정상
2026-05-07 06:12:14,ROBOT_04,49.23,8.954,1.701,47.336,34.19,6,정상
2026-05-07 07:05:15,ROBOT_01,42.82,7.653,2.301,47.352,31.09,6,정상
2026-05-07 07:05:15,ROBOT_02,51.11,7.516,1.785,47.914,31.61,6,정상
2026-05-07 07:05:15,ROBOT_03,41.76,8.214,1.926,49.238,34,6,정상
2026-05-07 07:05:15,ROBOT_04,49.96,7.771,1.955,47.619,32.72,6,정상
2026-05-07 07:58:16,ROBOT_01,44.66,8.567,1.609,47.589,33.36,6,정상
2026-05-07 07:58:16,ROBOT_02,48.6,8.085,1.826,47.553,34.55,6,정상
2026-05-07 07:58:16,ROBOT_03,43.21,8.287,1.605,48.572,30.37,6,정상
2026-05-07 07:58:16,ROBOT_04,50.5,8.955,1.103,47.318,30.82,6,정상
2026-05-07 08:51:17,ROBOT_01,43.79,9.49,1.332,47.997,31.81,6,정상
2026-05-07 08:51:17,ROBOT_02,50.74,8.262,1.714,48.829,30.77,6,정상
2026-05-07 08:51:17,ROBOT_03,46.74,7.635,1.904,48.775,29.88,6,정상
2026-05-07 08:51:17,ROBOT_04,48.13,9.107,1.996,47.221,34.86,6,정상
2026-05-07 09:44:17,ROBOT_01,50.35,8.219,1.895,47.954,30.57,6,정상
2026-05-07 09:44:17,ROBOT_02,49.85,8.436,1.386,47.764,32.58,6,정상
2026-05-07 09:44:17,ROBOT_03,47.88,7.303,1.122,48.533,31.32,6,정상
2026-05-07 09:44:17,ROBOT_04,47.96,9.068,1.951,47.972,32.03,6,정상
2026-05-07 10:37:18,ROBOT_01,50.42,8.958,1.457,47.881,34.39,6,정상
2026-05-07 10:37:18,ROBOT_02,49.59,8.072,1.415,48.733,30.96,6,정상
2026-05-07 10:37:18,ROBOT_03,45.94,7.864,1.544,48.082,31.81,6,정상
2026-05-07 10:37:18,ROBOT_04,49.04,8.692,2.076,47.966,32.93,6,정상
2026-05-07 11:30:19,ROBOT_01,48.69,8.819,1.25,47.748,32.03,6,정상
2026-05-07 11:30:19,ROBOT_02,50.14,8.256,1.803,48.029,36.01,6,정상
2026-05-07 11:30:19,ROBOT_03,48.1,6.757,1.577,48.378,33.47,6,정상
2026-05-07 11:30:19,ROBOT_04,51.66,8.497,1.529,47.339,34.34,6,정상
2026-05-07 12:23:20,ROBOT_01,51.29,9.421,1.765,47.334,30.84,6,정상
2026-05-07 12:23:20,ROBOT_02,53.55,9.756,1.765,47.352,32.36,6,정상
2026-05-07 12:23:20,ROBOT_03,47.81,8.849,1.775,48.373,31.53,6,정상
2026-05-07 12:23:20,ROBOT_04,49.51,8.658,1.854,47.431,33.54,6,정상
2026-05-07 13:16:20,ROBOT_01,50.24,7.713,1.821,47.893,32.31,6,정상
2026-05-07 13:16:20,ROBOT_02,51.11,9.213,1.563,48.356,34.02,6,정상
2026-05-07 13:16:20,ROBOT_03,52.13,8.836,1.933,48.045,35.92,6,정상
2026-05-07 13:16:20,ROBOT_04,46.29,7.871,1.553,48.174,31.42,6,정상
2026-05-07 14:09:21,ROBOT_01,50.07,8.468,1.164,48.278,36.12,6,정상
2026-05-07 14:09:21,ROBOT_02,54.75,9.06,1.472,47.241,32.54,6,정상
2026-05-07 14:09:21,ROBOT_03,52.48,10.487,2.111,47.426,38.08,6,정상
2026-05-07 14:09:21,ROBOT_04,50.49,9.055,1.717,47.047,34.35,6,정상
2026-05-07 15:02:22,ROBOT_01,50.51,8.759,1.518,48.051,30.65,6,정상
2026-05-07 15:02:22,ROBOT_02,56.98,9.737,1.804,48.053,34.06,6,정상
2026-05-07 15:02:22,ROBOT_03,50.9,11.001,2.007,47.174,35.4,6,정상
2026-05-07 15:02:22,ROBOT_04,54.73,10.149,2.096,47.758,37.87,6,정상
2026-05-07 15:55:23,ROBOT_01,49.79,9.921,1.852,47.536,36.41,6,정상
2026-05-07 15:55:23,ROBOT_02,57.36,10.21,2.052,46.817,35.25,6,정상
2026-05-07 15:55:23,ROBOT_03,49.95,9.283,1.37,48.912,30.5,6,정상
2026-05-07 15:55:23,ROBOT_04,51.86,9.714,1.715,47.548,37.38,6,정상
2026-05-07 16:48:24,ROBOT_01,53.68,9.232,1.874,47.475,36.95,6,정상
2026-05-07 16:48:24,ROBOT_02,51.06,7.747,1.471,46.887,36.02,6,정상
2026-05-07 16:48:24,ROBOT_03,52.23,9.129,1.411,47.942,34.61,6,정상
2026-05-07 16:48:24,ROBOT_04,54.23,9.153,1.647,47.43,35.67,6,정상
2026-05-07 17:41:24,ROBOT_01,50.43,9.386,1.572,48.013,33.57,6,정상
2026-05-07 17:41:24,ROBOT_02,50.22,9.568,2.091,47.65,36.55,6,정상
2026-05-07 17:41:24,ROBOT_03,48.51,10.407,1.862,47.771,35.07,6,정상
2026-05-07 17:41:24,ROBOT_04,55.04,10.225,1.653,47.619,38.22,6,정상
2026-05-07 18:34:25,ROBOT_01,52.06,10.345,1.441,48.312,35.46,6,정상
2026-05-07 18:34:25,ROBOT_02,52.13,8.469,1.715,47.647,35.01,6,정상
2026-05-07 18:34:25,ROBOT_03,61.83,13.102,4.899,45.914,45.45,6,주의
2026-05-07 18:34:25,ROBOT_04,54.08,9.894,1.752,46.796,34.93,6,정상
2026-05-07 19:27:26,ROBOT_01,65.13,13.663,3.82,45.564,41.52,6,주의
2026-05-07 19:27:26,ROBOT_02,55.12,9.609,2.17,47.272,35.04,6,정상
2026-05-07 19:27:26,ROBOT_03,55,9.806,1.25,47.65,36.23,6,정상
2026-05-07 19:27:26,ROBOT_04,53.21,9.628,2.685,47.354,35.85,6,정상
2026-05-07 20:20:27,ROBOT_01,53.08,9.42,1.797,46.973,36.35,6,정상
2026-05-07 20:20:27,ROBOT_02,50.9,8.823,1.443,47.529,34.54,6,정상
2026-05-07 20:20:27,ROBOT_03,52.02,8.217,1.575,47.92,34.21,6,정상
2026-05-07 20:20:27,ROBOT_04,52.52,9.523,2.449,47.937,35.3,6,정상
2026-05-07 21:13:28,ROBOT_01,53.35,9.653,1.482,47.789,36.39,6,정상
2026-05-07 21:13:28,ROBOT_02,52.57,9.449,1.686,47.774,36.01,6,정상
2026-05-07 21:13:28,ROBOT_03,51.54,10.427,1.609,46.909,33.16,6,정상
2026-05-07 21:13:28,ROBOT_04,53.4,8.761,1.889,47.657,33.99,6,정상
2026-05-07 22:06:28,ROBOT_01,51.12,8.477,1.537,47.091,36.67,6,정상
2026-05-07 22:06:28,ROBOT_02,53.56,9.556,1.688,47.776,35.7,6,정상
2026-05-07 22:06:28,ROBOT_03,54.5,8.861,1.96,48.048,32.93,6,정상
2026-05-07 22:06:28,ROBOT_04,54.62,10.179,1.753,47.474,38.17,6,정상
2026-05-07 22:59:29,ROBOT_01,53.26,8.96,2.054,47.765,34.48,6,정상
2026-05-07 22:59:29,ROBOT_02,55.79,8.927,1.724,47.747,35.17,6,정상
2026-05-07 22:59:29,ROBOT_03,49.68,9.78,1.654,48.553,32.42,6,정상
2026-05-07 22:59:29,ROBOT_04,53.75,9.441,0.809,47.335,36.56,6,정상
2026-05-07 23:52:30,ROBOT_01,47.91,9.344,1.405,48.143,33.57,6,정상
2026-05-07 23:52:30,ROBOT_02,63.37,11.71,3.181,45.992,41.57,6,주의
2026-05-07 23:52:30,ROBOT_03,52.24,9.196,2.079,49.536,34.99,6,정상
2026-05-07 23:52:30,ROBOT_04,54.41,8.645,2.199,46.804,37.75,6,정상
2026-05-08 00:45:31,ROBOT_01,49.94,8.222,1.782,47.863,31.73,7,정상
2026-05-08 00:45:31,ROBOT_02,50.78,8.393,1.617,48.196,33.12,7,정상
2026-05-08 00:45:31,ROBOT_03,48.13,9.252,1.387,48.038,34.18,7,정상
2026-05-08 00:45:31,ROBOT_04,51.67,8.596,1.7,46.951,35.54,7,정상
2026-05-08 01:38:32,ROBOT_01,42.97,8.049,1.499,48.335,32.19,7,정상
2026-05-08 01:38:32,ROBOT_02,50.99,8.941,1.63,47.339,33.93,7,정상
2026-05-08 01:38:32,ROBOT_03,48.93,9.003,1.769,48.299,31.02,7,정상
2026-05-08 01:38:32,ROBOT_04,49.62,8.685,1.909,47.377,34.55,7,정상
2026-05-08 02:31:32,ROBOT_01,49.45,8.654,1.922,47.854,32.39,7,정상
2026-05-08 02:31:32,ROBOT_02,50.88,8.43,1.786,47.786,35.12,7,정상
2026-05-08 02:31:32,ROBOT_03,49.87,8.842,1.577,47.885,30.45,7,정상
2026-05-08 02:31:32,ROBOT_04,47.48,7.835,1.805,46.839,34.17,7,정상
2026-05-08 03:24:33,ROBOT_01,58.3,9.33,1.868,46.892,32.87,7,정상
2026-05-08 03:24:33,ROBOT_02,57.64,9.291,1.877,47.587,33.11,7,정상
2026-05-08 03:24:33,ROBOT_03,49.6,8.876,1.782,48.976,31.67,7,정상
2026-05-08 03:24:33,ROBOT_04,52.9,9.281,1.785,47.096,34.75,7,정상
2026-05-08 04:17:34,ROBOT_01,50.73,8.457,1.575,49.35,30.93,7,정상
2026-05-08 04:17:34,ROBOT_02,49.68,9.275,1.85,47.291,33.82,7,정상
2026-05-08 04:17:34,ROBOT_03,50.25,9.41,1.43,48.098,34.76,7,정상
2026-05-08 04:17:34,ROBOT_04,53.16,8.662,1.739,48.187,34.64,7,정상
2026-05-08 05:10:35,ROBOT_01,52.75,7.651,1.726,48.682,30.26,7,정상
2026-05-08 05:10:35,ROBOT_02,45.85,8.48,1.867,47.412,31.06,7,정상
2026-05-08 05:10:35,ROBOT_03,46.74,8.209,1.909,48.522,30.18,7,정상
2026-05-08 05:10:35,ROBOT_04,48.76,8.593,1.563,48.155,30.7,7,정상
2026-05-08 06:03:36,ROBOT_01,48.13,9.093,1.794,48.265,33.59,7,정상
2026-05-08 06:03:36,ROBOT_02,45.39,8.103,1.539,47.565,33.72,7,정상
2026-05-08 06:03:36,ROBOT_03,49.15,8.223,1.394,48.029,31.43,7,정상
2026-05-08 06:03:36,ROBOT_04,46.78,9.55,1.417,47.924,32.33,7,정상
2026-05-08 06:56:36,ROBOT_01,45.5,8.108,1.42,48.068,30.28,7,정상
2026-05-08 06:56:36,ROBOT_02,52.49,7.995,1.572,48.029,35.54,7,정상
2026-05-08 06:56:36,ROBOT_03,48.18,7.546,1.644,49.08,31.05,7,정상
2026-05-08 06:56:36,ROBOT_04,52.07,8.939,2.267,47.776,30.85,7,정상
2026-05-08 07:49:37,ROBOT_01,46.6,7.848,1.339,48.187,33.61,7,정상
2026-05-08 07:49:37,ROBOT_02,46.6,7.667,1.771,47.69,33.06,7,정상
2026-05-08 07:49:37,ROBOT_03,45.53,7.307,1.463,48.312,31.63,7,정상
2026-05-08 07:49:37,ROBOT_04,45.74,8.835,2.158,47.83,32.75,7,정상
2026-05-08 08:42:38,ROBOT_01,54.72,10.88,3.946,46.685,37.32,7,주의
2026-05-08 08:42:38,ROBOT_02,50.35,8.457,1.535,47.583,35.13,7,정상
2026-05-08 08:42:38,ROBOT_03,46.32,7.026,1.397,48.783,30.66,7,정상
2026-05-08 08:42:38,ROBOT_04,47.59,9.006,1.628,47.481,35.2,7,정상
2026-05-08 09:35:39,ROBOT_01,49.24,6.856,1.355,49.062,29.47,7,정상
2026-05-08 09:35:39,ROBOT_02,50.42,8.141,1.675,48.144,32.47,7,정상
2026-05-08 09:35:39,ROBOT_03,43.66,7.786,1.761,48.898,30.72,7,정상
2026-05-08 09:35:39,ROBOT_04,51.74,8.407,1.189,47.758,31.09,7,정상
2026-05-08 10:28:39,ROBOT_01,48.62,8.599,1.658,48.069,36.15,7,정상
2026-05-08 10:28:39,ROBOT_02,53.27,8.71,1.524,47.914,32.5,7,정상
2026-05-08 10:28:39,ROBOT_03,41.01,8.669,1.181,48.486,29.68,7,정상
2026-05-08 10:28:39,ROBOT_04,48.3,8.285,2.036,47.31,30.76,7,정상
2026-05-08 11:21:40,ROBOT_01,45.57,9.06,1.877,47.448,34.21,7,정상
2026-05-08 11:21:40,ROBOT_02,46.09,8.986,1.328,47.866,35.09,7,정상
2026-05-08 11:21:40,ROBOT_03,49.26,7.613,1.213,48.361,31.53,7,정상
2026-05-08 11:21:40,ROBOT_04,52.43,9.905,1.823,47.022,34.25,7,정상
2026-05-08 12:14:41,ROBOT_01,48.24,9.416,1.163,47.675,33.26,7,정상
2026-05-08 12:14:41,ROBOT_02,49.79,7.871,1.566,47.966,31.01,7,정상
2026-05-08 12:14:41,ROBOT_03,48.7,9.87,1.623,48.098,30.69,7,정상
2026-05-08 12:14:41,ROBOT_04,47.87,8.484,1.491,47.315,32.26,7,정상
2026-05-08 13:07:42,ROBOT_01,50.02,9.039,1.422,47.48,35.64,7,정상
2026-05-08 13:07:42,ROBOT_02,53.76,9.655,1.372,48.089,33.57,7,정상
2026-05-08 13:07:42,ROBOT_03,49.24,9.337,2.205,49.087,33.09,7,정상
2026-05-08 13:07:42,ROBOT_04,57.05,9.896,1.563,47.253,36.29,7,정상
2026-05-08 14:00:43,ROBOT_01,50.66,8.307,2.202,48.152,33.95,7,정상
2026-05-08 14:00:43,ROBOT_02,53.91,8.858,1.997,47.436,33.98,7,정상
2026-05-08 14:00:43,ROBOT_03,46.83,8.017,1.822,48.496,33.09,7,정상
2026-05-08 14:00:43,ROBOT_04,51.42,8.978,2.198,47.437,37.31,7,정상
2026-05-08 14:53:43,ROBOT_01,57.39,9.496,1.573,48.218,35.29,7,정상
2026-05-08 14:53:43,ROBOT_02,51.97,8.99,1.389,48.148,35.73,7,정상
2026-05-08 14:53:43,ROBOT_03,53.73,10.092,1.717,47.348,31.39,7,정상
2026-05-08 14:53:43,ROBOT_04,59.62,9.842,1.793,47.773,39.07,7,정상
2026-05-08 15:46:44,ROBOT_01,49.3,9.554,2.007,47.93,30.99,7,정상
2026-05-08 15:46:44,ROBOT_02,50.5,9.325,1.715,48.124,33.57,7,정상
2026-05-08 15:46:44,ROBOT_03,52.13,8.498,1.287,49.312,34.63,7,정상
2026-05-08 15:46:44,ROBOT_04,54.8,9.723,1.451,47.199,39.75,7,정상
2026-05-08 16:39:45,ROBOT_01,55.85,10.023,1.819,47.266,38.04,7,정상
2026-05-08 16:39:45,ROBOT_02,56.83,8.998,1.893,47.029,35.01,7,정상
2026-05-08 16:39:45,ROBOT_03,54.78,9.906,1.857,48.077,33.58,7,정상
2026-05-08 16:39:45,ROBOT_04,48.74,8.461,1.386,47.268,37.04,7,정상
2026-05-08 17:32:46,ROBOT_01,56.92,9.838,2.052,48.55,36.13,7,정상
2026-05-08 17:32:46,ROBOT_02,51.64,9.366,2.193,47.079,35.61,7,정상
2026-05-08 17:32:46,ROBOT_03,56.04,9.579,2.282,48.484,34.61,7,정상
2026-05-08 17:32:46,ROBOT_04,59.82,10.003,1.512,47.407,39.96,7,정상
2026-05-08 18:25:47,ROBOT_01,52.45,9.291,1.544,48.792,35.68,7,정상
2026-05-08 18:25:47,ROBOT_02,56.69,9.146,1.678,47.096,33.89,7,정상
2026-05-08 18:25:47,ROBOT_03,49.28,11.208,1.472,47.924,34.71,7,정상
2026-05-08 18:25:47,ROBOT_04,58.06,10.506,1.973,46.863,39.05,7,정상
2026-05-08 19:18:47,ROBOT_01,43.44,8.99,1.519,48.164,32.53,7,정상
2026-05-08 19:18:47,ROBOT_02,55.54,10.617,1.61,47.611,35.56,7,정상
2026-05-08 19:18:47,ROBOT_03,50.41,9.45,1.944,48.412,33.31,7,정상
2026-05-08 19:18:47,ROBOT_04,52.43,9.472,1.95,47.074,37.27,7,정상
2026-05-08 20:11:48,ROBOT_01,56.45,8.88,1.765,47.525,37.12,7,정상
2026-05-08 20:11:48,ROBOT_02,50.68,9.048,1.86,46.778,35.93,7,정상
2026-05-08 20:11:48,ROBOT_03,49.83,8.86,1.1,47.726,35.31,7,정상
2026-05-08 20:11:48,ROBOT_04,55.45,9.775,2.275,47.326,38.18,7,정상
2026-05-08 21:04:49,ROBOT_01,50.28,9.624,2.187,47.728,35.99,7,정상
2026-05-08 21:04:49,ROBOT_02,55.22,9.254,1.953,47.365,32.66,7,정상
2026-05-08 21:04:49,ROBOT_03,64.27,12.471,3.552,45.418,43.66,7,주의
2026-05-08 21:04:49,ROBOT_04,48.59,10.466,2.102,47.268,36.03,7,정상
2026-05-08 21:57:50,ROBOT_01,50.37,9.485,1.742,47.869,34.26,7,정상
2026-05-08 21:57:50,ROBOT_02,55.62,8.596,1.789,47.332,37.39,7,정상
2026-05-08 21:57:50,ROBOT_03,50.93,9.175,1.394,47.651,34.75,7,정상
2026-05-08 21:57:50,ROBOT_04,54.47,10.725,1.87,47.689,32.5,7,정상
2026-05-08 22:50:51,ROBOT_01,50.89,9.323,1.398,47.521,33.1,7,정상
2026-05-08 22:50:51,ROBOT_02,52.13,8.592,1.356,48.231,32.23,7,정상
2026-05-08 22:50:51,ROBOT_03,48.9,8.349,1.664,47.731,33.4,7,정상
2026-05-08 22:50:51,ROBOT_04,55.82,9.394,1.877,47.052,36.8,7,정상
2026-05-08 23:43:51,ROBOT_01,53.93,8.719,1.849,48.346,33.48,7,정상
2026-05-08 23:43:51,ROBOT_02,49.8,9.375,1.641,47.088,35.32,7,정상
2026-05-08 23:43:51,ROBOT_03,50.01,8.895,1.834,47.961,37.37,7,정상
2026-05-08 23:43:51,ROBOT_04,55.42,9.684,1.293,47.138,35.22,7,정상
2026-05-09 00:36:52,ROBOT_01,49.47,7.7,1.129,47.485,29.69,8,정상
2026-05-09 00:36:52,ROBOT_02,50.19,9.069,1.656,48.295,33.56,8,정상
2026-05-09 00:36:52,ROBOT_03,49.01,7.468,2.013,48.118,31.2,8,정상
2026-05-09 00:36:52,ROBOT_04,50.47,8.99,1.933,48.155,32.68,8,정상
2026-05-09 01:29:53,ROBOT_01,51.72,8.394,1.685,48.485,33.88,8,정상
2026-05-09 01:29:53,ROBOT_02,47.24,8.494,1.629,47.408,32.65,8,정상
2026-05-09 01:29:53,ROBOT_03,46.34,9.065,2.004,48.604,32.78,8,정상
2026-05-09 01:29:53,ROBOT_04,54.08,8.752,1.669,47.303,34.97,8,정상
2026-05-09 02:22:54,ROBOT_01,43.76,9.265,0.988,47.958,31.84,8,정상
2026-05-09 02:22:54,ROBOT_02,49.64,8.875,1.468,48.627,34.62,8,정상
2026-05-09 02:22:54,ROBOT_03,47.77,7.993,1.413,48.509,33.04,8,정상
2026-05-09 02:22:54,ROBOT_04,51.43,8.177,2.345,47.04,31.41,8,정상
2026-05-09 03:15:55,ROBOT_01,46.61,8.09,1.61,47.801,35.32,8,정상
2026-05-09 03:15:55,ROBOT_02,51.59,7.308,2.011,47.92,33.82,8,정상
2026-05-09 03:15:55,ROBOT_03,45.55,7.762,1.744,48.328,30.28,8,정상
2026-05-09 03:15:55,ROBOT_04,55.87,9.573,1.893,47.649,31.58,8,정상
2026-05-09 04:08:55,ROBOT_01,48.87,8.035,1.731,47.932,31.36,8,정상
2026-05-09 04:08:55,ROBOT_02,52.14,8.748,2.105,47.656,32.9,8,정상
2026-05-09 04:08:55,ROBOT_03,46.84,9.792,1.842,48.43,30.11,8,정상
2026-05-09 04:08:55,ROBOT_04,45.72,8.153,1.517,48.17,30.45,8,정상
2026-05-09 05:01:56,ROBOT_01,48.59,10.099,1.538,48.611,33.26,8,정상
2026-05-09 05:01:56,ROBOT_02,50.8,10.056,1.569,48.018,37.69,8,정상
2026-05-09 05:01:56,ROBOT_03,49.04,8.025,1.667,49.28,33.48,8,정상
2026-05-09 05:01:56,ROBOT_04,47.18,7.908,1.877,47.508,31.59,8,정상
2026-05-09 05:54:57,ROBOT_01,46.23,7.788,1.61,48.199,36.31,8,정상
2026-05-09 05:54:57,ROBOT_02,47.06,8.934,2.202,48.071,34.72,8,정상
2026-05-09 05:54:57,ROBOT_03,47.62,8.734,1.899,49.513,28.94,8,정상
2026-05-09 05:54:57,ROBOT_04,50.93,8.668,1.793,48.785,34.85,8,정상
2026-05-09 06:47:58,ROBOT_01,47.32,8.715,1.393,48.123,29.36,8,정상
2026-05-09 06:47:58,ROBOT_02,50.63,9.301,1.326,47.496,31.58,8,정상
2026-05-09 06:47:58,ROBOT_03,47.94,7.994,1.88,49.191,33.99,8,정상
2026-05-09 06:47:58,ROBOT_04,51.65,7.452,1.583,47.331,34,8,정상
2026-05-09 07:40:58,ROBOT_01,44.21,8.2,1.629,48.806,29.98,8,정상
2026-05-09 07:40:58,ROBOT_02,49.78,7.834,1.652,48.086,33.76,8,정상
2026-05-09 07:40:58,ROBOT_03,44.71,8.158,1.277,48.834,33.06,8,정상
2026-05-09 07:40:58,ROBOT_04,47.37,7.787,1.814,48.255,31.01,8,정상
2026-05-09 08:33:59,ROBOT_01,44.83,8.593,1.397,47.936,32.59,8,정상
2026-05-09 08:33:59,ROBOT_02,51.07,9.047,1.437,47.521,33.25,8,정상
2026-05-09 08:33:59,ROBOT_03,46.68,7.997,1.696,48.778,35.17,8,정상
2026-05-09 08:33:59,ROBOT_04,49.62,6.887,1.574,47.957,32.84,8,정상
2026-05-09 09:27:00,ROBOT_01,42.88,8.591,1.333,48.753,32.15,8,정상
2026-05-09 09:27:00,ROBOT_02,53.5,8.466,1.256,47.563,34.98,8,정상
2026-05-09 09:27:00,ROBOT_03,42.09,7.914,1.541,48.075,31.57,8,정상
2026-05-09 09:27:00,ROBOT_04,49.31,8.149,2.053,47.903,32.28,8,정상
2026-05-09 10:20:01,ROBOT_01,49.08,8.623,1.706,48.811,30.04,8,정상
2026-05-09 10:20:01,ROBOT_02,56.39,7.907,2.132,48.133,33.15,8,정상
2026-05-09 10:20:01,ROBOT_03,46.72,8.919,1.203,48.566,29.7,8,정상
2026-05-09 10:20:01,ROBOT_04,52.29,8.859,1.25,48.16,33.51,8,정상
2026-05-09 11:13:02,ROBOT_01,48.38,9.506,1.694,48.273,33.91,8,정상
2026-05-09 11:13:02,ROBOT_02,48.52,8.904,2.211,48.174,35.03,8,정상
2026-05-09 11:13:02,ROBOT_03,48.42,9.472,1.043,48.332,29.33,8,정상
2026-05-09 11:13:02,ROBOT_04,54.92,10.395,1.731,47.348,33.2,8,정상
2026-05-09 12:06:02,ROBOT_01,49.83,8.252,1.207,48.031,32.57,8,정상
2026-05-09 12:06:02,ROBOT_02,48.75,9.193,1.772,47.831,32.94,8,정상
2026-05-09 12:06:02,ROBOT_03,48.65,9.301,1.508,48.409,35.46,8,정상
2026-05-09 12:06:02,ROBOT_04,50.09,8.835,1.692,47.799,32.22,8,정상
2026-05-09 12:59:03,ROBOT_01,51.09,9.07,1.455,47.884,32.12,8,정상
2026-05-09 12:59:03,ROBOT_02,49.74,8.965,1.48,47.488,35.73,8,정상
2026-05-09 12:59:03,ROBOT_03,53.58,11.06,1.673,47.339,35.07,8,정상
2026-05-09 12:59:03,ROBOT_04,53.24,9.045,1.758,48.037,34.13,8,정상
2026-05-09 13:52:04,ROBOT_01,53.07,8.782,1.428,48.53,32.7,8,정상
2026-05-09 13:52:04,ROBOT_02,51.78,9.163,1.947,48.258,33.99,8,정상
2026-05-09 13:52:04,ROBOT_03,50.35,9.16,1.592,47.446,31.97,8,정상
2026-05-09 13:52:04,ROBOT_04,55.81,9.162,1.926,46.89,37.38,8,정상
2026-05-09 14:45:05,ROBOT_01,50.72,9.564,1.774,47.952,36.58,8,정상
2026-05-09 14:45:05,ROBOT_02,59.1,10.064,1.658,47.271,36.7,8,정상
2026-05-09 14:45:05,ROBOT_03,50.54,7.804,1.242,48.462,31.56,8,정상
2026-05-09 14:45:05,ROBOT_04,54.93,8.577,1.699,47.523,36.09,8,정상
2026-05-09 15:38:06,ROBOT_01,48.66,7.826,1.342,47.555,34.01,8,정상
2026-05-09 15:38:06,ROBOT_02,55.17,9.905,1.931,47.469,34.52,8,정상
2026-05-09 15:38:06,ROBOT_03,51.09,8.975,1.607,48.157,35.73,8,정상
2026-05-09 15:38:06,ROBOT_04,54.38,9.758,2.244,46.799,36.33,8,정상
2026-05-09 16:31:06,ROBOT_01,54.53,9.612,1.686,47.178,35.11,8,정상
2026-05-09 16:31:06,ROBOT_02,56.31,9.1,2.085,48.233,38.05,8,정상
2026-05-09 16:31:06,ROBOT_03,53.15,8.465,1.929,48.066,36.43,8,정상
2026-05-09 16:31:06,ROBOT_04,57.61,8.181,1.775,47.076,36.52,8,정상
2026-05-09 17:24:07,ROBOT_01,51.43,10.292,1.813,47.833,39.43,8,정상
2026-05-09 17:24:07,ROBOT_02,53.89,10.017,1.926,46.412,35.91,8,정상
2026-05-09 17:24:07,ROBOT_03,48.03,8.806,1.737,48.172,36.37,8,정상
2026-05-09 17:24:07,ROBOT_04,53.32,9.966,2.478,47.293,35.29,8,정상
2026-05-09 18:17:08,ROBOT_01,53.86,10.14,1.477,47.55,36.43,8,정상
2026-05-09 18:17:08,ROBOT_02,57.97,10.344,1.585,47.19,38.49,8,정상
2026-05-09 18:17:08,ROBOT_03,53.43,9.311,1.681,47.738,36.05,8,정상
2026-05-09 18:17:08,ROBOT_04,57.62,10.515,2.365,47.86,36.54,8,정상
2026-05-09 19:10:09,ROBOT_01,56.9,9.921,1.501,47.704,38.68,8,정상
2026-05-09 19:10:09,ROBOT_02,52.86,9.604,1.647,47.63,34.39,8,정상
2026-05-09 19:10:09,ROBOT_03,51.02,8.889,1.703,48.314,33.54,8,정상
2026-05-09 19:10:09,ROBOT_04,54.45,9.05,2.109,46.786,32.29,8,정상
2026-05-09 20:03:10,ROBOT_01,49.42,9.662,1.728,47.546,35.11,8,정상
2026-05-09 20:03:10,ROBOT_02,54.75,9.784,1.868,47.387,38.72,8,정상
2026-05-09 20:03:10,ROBOT_03,54.84,9.558,1.377,47.856,34.74,8,정상
2026-05-09 20:03:10,ROBOT_04,53.62,8.983,1.604,47.277,36.23,8,정상
2026-05-09 20:56:10,ROBOT_01,46.38,8.328,1.547,47.765,35.31,8,정상
2026-05-09 20:56:10,ROBOT_02,54.38,9.401,1.831,47.646,34.84,8,정상
2026-05-09 20:56:10,ROBOT_03,54.14,9.175,1.604,48.143,34.09,8,정상
2026-05-09 20:56:10,ROBOT_04,56.54,9.849,1.528,47.009,37.19,8,정상
2026-05-09 21:49:11,ROBOT_01,53.53,9.592,2.214,47.866,36.73,8,정상
2026-05-09 21:49:11,ROBOT_02,53.04,8.465,1.853,48.251,34.11,8,정상
2026-05-09 21:49:11,ROBOT_03,52.01,9.336,1.766,47.484,34.53,8,정상
2026-05-09 21:49:11,ROBOT_04,53.11,8.174,2.13,47.115,33.57,8,정상
2026-05-09 22:42:12,ROBOT_01,50.7,9.15,2.14,47.708,31.07,8,정상
2026-05-09 22:42:12,ROBOT_02,48.96,8.356,1.677,48.024,35.63,8,정상
2026-05-09 22:42:12,ROBOT_03,47.12,8.988,1.752,47.811,37.11,8,정상
2026-05-09 22:42:12,ROBOT_04,53.35,9.979,2.098,47.848,35.49,8,정상
2026-05-09 23:35:13,ROBOT_01,53.75,9.156,1.782,47.55,35.06,8,정상
2026-05-09 23:35:13,ROBOT_02,47.25,9.541,2.067,48.327,31.19,8,정상
2026-05-09 23:35:13,ROBOT_03,52.88,8.832,1.671,47.608,34.5,8,정상
2026-05-09 23:35:13,ROBOT_04,56.97,10.188,2.267,46.274,37.61,8,정상
2026-05-10 00:28:14,ROBOT_01,49.2,7.778,1.907,48.251,36.07,9,정상
2026-05-10 00:28:14,ROBOT_02,52.07,9.399,1.607,47.555,38.13,9,정상
2026-05-10 00:28:14,ROBOT_03,47.59,10.185,1.655,48.129,37.07,9,정상
2026-05-10 00:28:14,ROBOT_04,53.77,9.458,1.526,46.978,34.68,9,정상
2026-05-10 01:21:14,ROBOT_01,48.17,9.28,1.533,47.055,36.5,9,정상
2026-05-10 01:21:14,ROBOT_02,52.39,9.707,2.139,47.513,34.64,9,정상
2026-05-10 01:21:14,ROBOT_03,50.27,8.933,1.554,47.888,36.53,9,정상
2026-05-10 01:21:14,ROBOT_04,50.43,7.706,1.904,47.508,35.76,9,정상
2026-05-10 02:14:15,ROBOT_01,48.98,9.227,1.605,47.76,35.77,9,정상
2026-05-10 02:14:15,ROBOT_02,46.37,10.163,1.549,47.068,32.56,9,정상
2026-05-10 02:14:15,ROBOT_03,47.77,8.729,1.312,48.172,34.43,9,정상
2026-05-10 02:14:15,ROBOT_04,52.37,9.852,1.767,48.402,28.95,9,정상
2026-05-10 03:07:16,ROBOT_01,48.56,8.988,1.631,47.824,30.67,9,정상
2026-05-10 03:07:16,ROBOT_02,47.07,9.655,1.544,48.103,33.41,9,정상
2026-05-10 03:07:16,ROBOT_03,48.16,10.272,1.625,48.632,32.32,9,정상
2026-05-10 03:07:16,ROBOT_04,51.08,7.84,2.138,47.412,36.01,9,정상
2026-05-10 04:00:17,ROBOT_01,53.32,9.424,1.786,47.335,33.61,9,정상
2026-05-10 04:00:17,ROBOT_02,53.26,8.591,1.647,47.693,36.88,9,정상
2026-05-10 04:00:17,ROBOT_03,45.77,8.239,1.592,48.314,35.58,9,정상
2026-05-10 04:00:17,ROBOT_04,50.45,9.076,2.112,47.369,34.92,9,정상
2026-05-10 04:53:17,ROBOT_01,50.84,8.499,1.431,47.504,35.32,9,정상
2026-05-10 04:53:17,ROBOT_02,46.44,9.219,1.906,47.902,34.05,9,정상
2026-05-10 04:53:17,ROBOT_03,43.52,8.56,1.973,48.827,28.88,9,정상
2026-05-10 04:53:17,ROBOT_04,52.07,9.887,1.973,47.373,34.79,9,정상
2026-05-10 05:46:18,ROBOT_01,49.46,9.641,1.873,48.038,28.16,9,정상
2026-05-10 05:46:18,ROBOT_02,53.47,7.756,1.431,47.714,35.48,9,정상
2026-05-10 05:46:18,ROBOT_03,42.89,8.271,1.819,47.738,32.42,9,정상
2026-05-10 05:46:18,ROBOT_04,48.23,9.222,1.694,48.438,33.12,9,정상
2026-05-10 06:39:19,ROBOT_01,48.2,8.563,1.495,48.222,32.05,9,정상
2026-05-10 06:39:19,ROBOT_02,51.94,9.134,1.301,47.5,31.51,9,정상
2026-05-10 06:39:19,ROBOT_03,48.78,8.354,1.587,47.809,31.58,9,정상
2026-05-10 06:39:19,ROBOT_04,48.94,8.2,1.952,48.21,35.67,9,정상
2026-05-10 07:32:20,ROBOT_01,54.68,8.285,1.768,48.051,34.54,9,정상
2026-05-10 07:32:20,ROBOT_02,46.91,7.961,2.233,48.794,31.6,9,정상
2026-05-10 07:32:20,ROBOT_03,47.51,8.657,1.84,47.643,31.63,9,정상
2026-05-10 07:32:20,ROBOT_04,47.3,9.121,1.857,48.295,34.61,9,정상
2026-05-10 08:25:21,ROBOT_01,48.63,7.86,1.524,48.115,32.67,9,정상
2026-05-10 08:25:21,ROBOT_02,45.22,8.495,1.758,48.754,32.68,9,정상
2026-05-10 08:25:21,ROBOT_03,47.21,8.972,1.978,48.893,30.74,9,정상
2026-05-10 08:25:21,ROBOT_04,51.72,8.059,1.698,48.038,34.51,9,정상
2026-05-10 09:18:21,ROBOT_01,44.87,8.043,1.621,48.416,30.02,9,정상
2026-05-10 09:18:21,ROBOT_02,53.74,8.132,1.73,48.874,31.26,9,정상
2026-05-10 09:18:21,ROBOT_03,45.65,7.721,1.151,48.883,33.13,9,정상
2026-05-10 09:18:21,ROBOT_04,52.72,9.385,1.932,47.728,30.05,9,정상
2026-05-10 10:11:22,ROBOT_01,50.5,9.103,2.196,47.926,34.37,9,정상
2026-05-10 10:11:22,ROBOT_02,50.77,8.807,1.377,48.001,31.38,9,정상
2026-05-10 10:11:22,ROBOT_03,43.81,9.267,2.042,48.456,32.71,9,정상
2026-05-10 10:11:22,ROBOT_04,51.18,9.248,2.381,47.763,34.54,9,정상
2026-05-10 11:04:23,ROBOT_01,48.12,8.186,1.649,47.934,34.65,9,정상
2026-05-10 11:04:23,ROBOT_02,53.72,8.858,1.555,48.168,34,9,정상
2026-05-10 11:04:23,ROBOT_03,47.24,7.845,1.775,48.068,29.82,9,정상
2026-05-10 11:04:23,ROBOT_04,50.65,9.774,1.766,47.262,33.87,9,정상
2026-05-10 11:57:24,ROBOT_01,48.7,9.24,1.922,47.922,33.52,9,정상
2026-05-10 11:57:24,ROBOT_02,49.24,8.213,1.791,48.192,34.84,9,정상
2026-05-10 11:57:24,ROBOT_03,53.25,9.97,1.669,48.93,32.99,9,정상
2026-05-10 11:57:24,ROBOT_04,50.42,9.489,1.583,47.303,36.37,9,정상
2026-05-10 12:50:25,ROBOT_01,48.38,10.418,1.556,47.658,34.57,9,정상
2026-05-10 12:50:25,ROBOT_02,51.11,9.273,2.039,46.909,32.8,9,정상
2026-05-10 12:50:25,ROBOT_03,47.83,8.385,1.327,47.817,36.16,9,정상
2026-05-10 12:50:25,ROBOT_04,50.86,8.402,1.707,48.481,36.84,9,정상
2026-05-10 13:43:25,ROBOT_01,45.42,8.567,1.411,48.502,34.41,9,정상
2026-05-10 13:43:25,ROBOT_02,54.45,8.859,1.909,48.193,34.15,9,정상
2026-05-10 13:43:25,ROBOT_03,51.92,9.828,1.758,48.321,32.32,9,정상
2026-05-10 13:43:25,ROBOT_04,51.23,9.019,1.849,47.58,35.26,9,정상
2026-05-10 14:36:26,ROBOT_01,53.17,8.599,1.623,48.187,31.86,9,정상
2026-05-10 14:36:26,ROBOT_02,51.59,9.919,1.455,46.929,35.48,9,정상
2026-05-10 14:36:26,ROBOT_03,48.18,8.914,1.322,48.776,34.94,9,정상
2026-05-10 14:36:26,ROBOT_04,55.56,10.212,2.173,47.57,33.48,9,정상
2026-05-10 15:29:27,ROBOT_01,52.37,9.094,2.106,48.008,33.54,9,정상
2026-05-10 15:29:27,ROBOT_02,54.07,10.055,1.788,46.976,36.2,9,정상
2026-05-10 15:29:27,ROBOT_03,49.51,8.847,1.206,47.675,33.37,9,정상
2026-05-10 15:29:27,ROBOT_04,48.19,9.72,1.881,46.902,34.64,9,정상
2026-05-10 16:22:28,ROBOT_01,50.45,9.71,1.738,48.447,34.47,9,정상
2026-05-10 16:22:28,ROBOT_02,53.7,9.893,1.336,47.636,32.85,9,정상
2026-05-10 16:22:28,ROBOT_03,52.06,11.041,1.746,47.863,35.3,9,정상
2026-05-10 16:22:28,ROBOT_04,57.16,9.275,1.983,47.522,33.58,9,정상
2026-05-10 17:15:29,ROBOT_01,53.15,9.295,1.819,48.165,35.35,9,정상
2026-05-10 17:15:29,ROBOT_02,51.16,10.939,1.552,47.237,38.26,9,정상
2026-05-10 17:15:29,ROBOT_03,50.33,9.695,2.116,47.293,32.94,9,정상
2026-05-10 17:15:29,ROBOT_04,53.07,9.162,1.565,47.578,36.47,9,정상
2026-05-10 18:08:29,ROBOT_01,48.96,8.986,1.114,48.148,34.71,9,정상
2026-05-10 18:08:29,ROBOT_02,56.85,9.509,1.877,46.456,35.75,9,정상
2026-05-10 18:08:29,ROBOT_03,53,9.689,1.313,47.862,36.79,9,정상
2026-05-10 18:08:29,ROBOT_04,52.9,7.71,1.738,47.364,38.29,9,정상
2026-05-10 19:01:30,ROBOT_01,51.55,9.453,1.335,47.535,35.98,9,정상
2026-05-10 19:01:30,ROBOT_02,52.69,8.699,2.052,47.385,32.05,9,정상
2026-05-10 19:01:30,ROBOT_03,52.26,9.803,1.632,47.252,35.73,9,정상
2026-05-10 19:01:30,ROBOT_04,52.88,9.065,1.788,46.826,36.66,9,정상
2026-05-10 19:54:31,ROBOT_01,53.49,8.748,2.121,47.394,38.34,9,정상
2026-05-10 19:54:31,ROBOT_02,54.62,10.989,1.783,47.219,36.35,9,정상
2026-05-10 19:54:31,ROBOT_03,50.68,10.116,1.351,48.073,36.68,9,정상
2026-05-10 19:54:31,ROBOT_04,54.78,10.554,1.784,47.353,34.88,9,정상
2026-05-10 20:47:32,ROBOT_01,50.69,9.988,2.038,48.106,34.62,9,정상
2026-05-10 20:47:32,ROBOT_02,58.41,10.243,1.778,47.16,39.14,9,정상
2026-05-10 20:47:32,ROBOT_03,50.03,9.419,1.961,48.131,34.71,9,정상
2026-05-10 20:47:32,ROBOT_04,56.46,9.666,1.826,47.137,35.87,9,정상
2026-05-10 21:40:33,ROBOT_01,51.62,9.994,1.688,47.576,34.16,9,정상
2026-05-10 21:40:33,ROBOT_02,54.42,9.166,2.199,46.905,37.26,9,정상
2026-05-10 21:40:33,ROBOT_03,51,10.904,1.618,47.696,36.54,9,정상
2026-05-10 21:40:33,ROBOT_04,54.31,9.937,2.326,46.786,38.48,9,정상
2026-05-10 22:33:33,ROBOT_01,47.36,9.474,1.559,48.297,37.85,9,정상
2026-05-10 22:33:33,ROBOT_02,51.89,10.377,2.021,47.625,32.58,9,정상
2026-05-10 22:33:33,ROBOT_03,52.02,8.57,1.668,47.696,37.77,9,정상
2026-05-10 22:33:33,ROBOT_04,50,10.617,2.139,47.453,35.1,9,정상
2026-05-10 23:26:34,ROBOT_01,49.72,11.08,2.135,48.934,33.22,9,정상
2026-05-10 23:26:34,ROBOT_02,54.11,9.451,1.963,47.618,36.64,9,정상
2026-05-10 23:26:34,ROBOT_03,52.96,9.627,1.975,47.916,32.53,9,정상
2026-05-10 23:26:34,ROBOT_04,54.44,9.966,1.699,47.969,34.52,9,정상
2026-05-11 00:19:35,ROBOT_01,48.59,8.862,1.654,47.756,30.37,10,정상
2026-05-11 00:19:35,ROBOT_02,51.44,9.316,1.837,47.541,34.89,10,정상
2026-05-11 00:19:35,ROBOT_03,45.76,9.038,1.608,48.481,30.84,10,정상
2026-05-11 00:19:35,ROBOT_04,54.82,8.154,2.008,46.904,35.26,10,정상
2026-05-11 01:12:36,ROBOT_01,52.84,9.377,1.835,46.855,34.18,10,정상
2026-05-11 01:12:36,ROBOT_02,53.6,8.82,1.822,48.236,34.54,10,정상
2026-05-11 01:12:36,ROBOT_03,50.33,7.887,2.082,48.016,36.33,10,정상
2026-05-11 01:12:36,ROBOT_04,50.1,8.333,1.669,47.678,36.86,10,정상
2026-05-11 02:05:36,ROBOT_01,52.89,9.331,2.24,47.894,33.56,10,정상
2026-05-11 02:05:36,ROBOT_02,56.03,8.983,1.753,47.379,33.64,10,정상
2026-05-11 02:05:36,ROBOT_03,52.33,9.899,1.731,48.106,36.55,10,정상
2026-05-11 02:05:36,ROBOT_04,53.06,8.809,1.361,47.892,36.73,10,정상
2026-05-11 02:58:37,ROBOT_01,49.85,9.161,1.888,48.161,35.37,10,정상
2026-05-11 02:58:37,ROBOT_02,50.97,8.51,2.057,47.784,36.61,10,정상
2026-05-11 02:58:37,ROBOT_03,49.45,7.46,1.763,49.073,34.07,10,정상
2026-05-11 02:58:37,ROBOT_04,46.7,8.112,1.986,48.004,33.26,10,정상
2026-05-11 03:51:38,ROBOT_01,44.36,7.762,1.788,47.651,32.93,10,정상
2026-05-11 03:51:38,ROBOT_02,56.38,9.877,1.969,48.123,34.27,10,정상
2026-05-11 03:51:38,ROBOT_03,43.85,8.552,1.601,49.472,34.27,10,정상
2026-05-11 03:51:38,ROBOT_04,50.24,8.048,1.597,47.558,36.99,10,정상
2026-05-11 04:44:39,ROBOT_01,51.38,9.335,1.296,49.358,31.59,10,정상
2026-05-11 04:44:39,ROBOT_02,46.09,8.062,2.16,48.027,30.32,10,정상
2026-05-11 04:44:39,ROBOT_03,45.72,9.324,1.49,47.648,29.06,10,정상
2026-05-11 04:44:39,ROBOT_04,44.78,9.619,1.93,48.067,36.3,10,정상
2026-05-11 05:37:40,ROBOT_01,44.96,8.308,1.916,48.1,32.35,10,정상
2026-05-11 05:37:40,ROBOT_02,50.04,8.824,1.875,48.335,34.75,10,정상
2026-05-11 05:37:40,ROBOT_03,52.87,9.55,1.731,48.321,35.74,10,정상
2026-05-11 05:37:40,ROBOT_04,52.99,9.406,1.981,48.271,33.45,10,정상
2026-05-11 06:30:40,ROBOT_01,47.21,8.503,1.568,48.088,30.54,10,정상
2026-05-11 06:30:40,ROBOT_02,53.37,8.361,1.66,47.89,34.69,10,정상
2026-05-11 06:30:40,ROBOT_03,50.36,7.791,1.917,48.553,32.91,10,정상
2026-05-11 06:30:40,ROBOT_04,51.63,10.31,1.854,47.4,31.02,10,정상
2026-05-11 07:23:41,ROBOT_01,47.19,8.719,1.782,47.544,36.58,10,정상
2026-05-11 07:23:41,ROBOT_02,54.9,8.836,2.369,46.415,36.25,10,정상
2026-05-11 07:23:41,ROBOT_03,47.34,8.727,1.636,48.596,32.49,10,정상
2026-05-11 07:23:41,ROBOT_04,46.13,8.134,1.587,48.139,32.93,10,정상
2026-05-11 08:16:42,ROBOT_01,45.99,8.645,1.671,48.122,32.96,10,정상
2026-05-11 08:16:42,ROBOT_02,47.72,9.025,2.356,48.016,32.69,10,정상
2026-05-11 08:16:42,ROBOT_03,46.28,8.115,2.146,48.802,32.79,10,정상
2026-05-11 08:16:42,ROBOT_04,51.27,8.943,1.848,47.592,33.17,10,정상
2026-05-11 09:09:43,ROBOT_01,50.77,8.947,1.695,47.561,37.44,10,정상
2026-05-11 09:09:43,ROBOT_02,49.46,8.246,2.013,47.642,33.41,10,정상
2026-05-11 09:09:43,ROBOT_03,46.51,8.612,1.662,48.263,33.4,10,정상
2026-05-11 09:09:43,ROBOT_04,51.53,9.69,1.538,47.547,34.54,10,정상
2026-05-11 10:02:44,ROBOT_01,47.31,7.328,1.71,47.227,32.62,10,정상
2026-05-11 10:02:44,ROBOT_02,46.67,8.001,1.625,47.917,32.84,10,정상
2026-05-11 10:02:44,ROBOT_03,46.56,8.466,1.888,49.253,34.01,10,정상
2026-05-11 10:02:44,ROBOT_04,46.61,9.232,1.751,48.133,32.26,10,정상
2026-05-11 10:55:44,ROBOT_01,57.43,9.898,2,47.889,36.1,10,정상
2026-05-11 10:55:44,ROBOT_02,49.98,9.694,1.517,47.729,33.92,10,정상
2026-05-11 10:55:44,ROBOT_03,48.07,9.341,1.503,48.392,30.85,10,정상
2026-05-11 10:55:44,ROBOT_04,51.44,10.062,2.399,47.939,33.84,10,정상
2026-05-11 11:48:45,ROBOT_01,48.53,8.334,1.844,47.947,30.68,10,정상
2026-05-11 11:48:45,ROBOT_02,53.56,9.887,1.597,47.992,34.38,10,정상
2026-05-11 11:48:45,ROBOT_03,45.47,7.595,1.642,48.176,31.11,10,정상
2026-05-11 11:48:45,ROBOT_04,50.86,9.851,1.822,47.527,37.7,10,정상
2026-05-11 12:41:46,ROBOT_01,49.26,8.054,1.498,48.432,31.23,10,정상
2026-05-11 12:41:46,ROBOT_02,51.61,8.499,2.108,47.729,33.32,10,정상
2026-05-11 12:41:46,ROBOT_03,55.39,9.841,3.059,47.131,38.64,10,정상
2026-05-11 12:41:46,ROBOT_04,46.26,8.282,1.934,47.799,34.03,10,정상
2026-05-11 13:34:47,ROBOT_01,54.44,9.205,1.592,48.077,35.73,10,정상
2026-05-11 13:34:47,ROBOT_02,56.65,8.691,1.788,48.059,37.84,10,정상
2026-05-11 13:34:47,ROBOT_03,53.39,8.906,1.742,48.507,30.73,10,정상
2026-05-11 13:34:47,ROBOT_04,51.91,9.668,1.834,47.694,34.98,10,정상
2026-05-11 14:27:48,ROBOT_01,48.27,8.509,1.654,47.543,35.39,10,정상
2026-05-11 14:27:48,ROBOT_02,52.38,9.884,1.703,47.411,34.5,10,정상
2026-05-11 14:27:48,ROBOT_03,53.11,9.151,1.515,47.882,37.46,10,정상
2026-05-11 14:27:48,ROBOT_04,54.15,9.662,1.85,47.514,35.21,10,정상
2026-05-11 15:20:48,ROBOT_01,49.49,7.972,1.526,47.524,33.18,10,정상
2026-05-11 15:20:48,ROBOT_02,51.81,9.396,2.156,46.782,37.1,10,정상
2026-05-11 15:20:48,ROBOT_03,54.48,9.689,2.098,48.049,31.05,10,정상
2026-05-11 15:20:48,ROBOT_04,54.46,10.27,1.744,47.023,34.85,10,정상
2026-05-11 16:13:49,ROBOT_01,55.34,8.203,1.713,48.009,34.09,10,정상
2026-05-11 16:13:49,ROBOT_02,54.35,9.418,1.701,46.521,37.75,10,정상
2026-05-11 16:13:49,ROBOT_03,52.55,8.847,1.734,47.772,35.8,10,정상
2026-05-11 16:13:49,ROBOT_04,51.94,10.115,1.932,47.171,39.77,10,정상
2026-05-11 17:06:50,ROBOT_01,54.96,8.949,1.857,47.695,35.22,10,정상
2026-05-11 17:06:50,ROBOT_02,55.95,10.629,2.055,47.059,38.03,10,정상
2026-05-11 17:06:50,ROBOT_03,52.11,10.421,1.869,47.346,38.56,10,정상
2026-05-11 17:06:50,ROBOT_04,51.17,9.811,2.302,47.844,35.19,10,정상
2026-05-11 17:59:51,ROBOT_01,53.9,9.753,2.218,47.758,34.62,10,정상
2026-05-11 17:59:51,ROBOT_02,52.67,9.637,1.723,47.548,35.59,10,정상
2026-05-11 17:59:51,ROBOT_03,46.77,9.481,1.435,47.955,35.05,10,정상
2026-05-11 17:59:51,ROBOT_04,53.83,10.36,2.028,47.629,33.26,10,정상
2026-05-11 18:52:52,ROBOT_01,49.09,10.65,2.082,47.508,38.66,10,정상
2026-05-11 18:52:52,ROBOT_02,54.28,10.605,1.404,47.65,36.57,10,정상
2026-05-11 18:52:52,ROBOT_03,54.98,10.873,2.142,46.833,35.9,10,정상
2026-05-11 18:52:52,ROBOT_04,55.36,10.065,2.205,47.859,37.35,10,정상
2026-05-11 19:45:52,ROBOT_01,56.64,10.979,2.041,47.853,36.61,10,정상
2026-05-11 19:45:52,ROBOT_02,56.24,9.874,1.689,47.5,36,10,정상
2026-05-11 19:45:52,ROBOT_03,52.73,9.59,1.63,48.091,32.61,10,정상
2026-05-11 19:45:52,ROBOT_04,50.03,9.971,2.116,47.87,37.35,10,정상
2026-05-11 20:38:53,ROBOT_01,50.51,9.947,1.695,48.031,35.64,10,정상
2026-05-11 20:38:53,ROBOT_02,56.38,9.581,2.097,47.521,40.55,10,정상
2026-05-11 20:38:53,ROBOT_03,52.25,9.53,2.33,47.338,38.66,10,정상
2026-05-11 20:38:53,ROBOT_04,55.32,9.709,1.481,47.037,38.59,10,정상
2026-05-11 21:31:54,ROBOT_01,51.71,9.408,1.915,47.741,32.51,10,정상
2026-05-11 21:31:54,ROBOT_02,54.98,10.088,1.879,47.37,34.9,10,정상
2026-05-11 21:31:54,ROBOT_03,51.39,9.603,1.957,48.346,35.57,10,정상
2026-05-11 21:31:54,ROBOT_04,51.48,9.562,2.162,46.671,34.26,10,정상
2026-05-11 22:24:55,ROBOT_01,54.13,10.159,1.772,47.494,37.24,10,정상
2026-05-11 22:24:55,ROBOT_02,53.69,9.506,1.506,47.849,35.75,10,정상
2026-05-11 22:24:55,ROBOT_03,51.93,9.874,1.234,48.031,32.03,10,정상
2026-05-11 22:24:55,ROBOT_04,53.68,10.158,2.141,46.448,35.65,10,정상
2026-05-11 23:17:55,ROBOT_01,53.88,8.606,1.911,48.19,32.39,10,정상
2026-05-11 23:17:55,ROBOT_02,55.92,9.996,2.31,47.246,37.44,10,정상
2026-05-11 23:17:55,ROBOT_03,48.43,8.612,2.061,48.167,34.98,10,정상
2026-05-11 23:17:55,ROBOT_04,54.89,9.657,1.731,47.607,34.38,10,정상
2026-05-12 00:10:56,ROBOT_01,53.63,9.834,1.767,46.988,35.59,11,정상
2026-05-12 00:10:56,ROBOT_02,51.88,9.675,1.45,47.193,37.85,11,정상
2026-05-12 00:10:56,ROBOT_03,50.66,8.794,2.047,47.914,38.84,11,정상
2026-05-12 00:10:56,ROBOT_04,54.55,9.632,2.014,47.725,36.38,11,정상
2026-05-12 01:03:57,ROBOT_01,50.81,8.184,1.387,48.21,32.39,11,정상
2026-05-12 01:03:57,ROBOT_02,48.86,8.967,1.795,47.588,33.9,11,정상
2026-05-12 01:03:57,ROBOT_03,52.28,7.997,1.911,47.521,33.69,11,정상
2026-05-12 01:03:57,ROBOT_04,54.78,8.962,1.652,46.633,33.48,11,정상
2026-05-12 01:56:58,ROBOT_01,49.17,9.924,1.264,47.283,35.43,11,정상
2026-05-12 01:56:58,ROBOT_02,50.65,9.083,1.889,47.006,37.04,11,정상
2026-05-12 01:56:58,ROBOT_03,50.84,7.693,1.561,48.438,33.91,11,정상
2026-05-12 01:56:58,ROBOT_04,55.43,9.195,1.791,46.791,35.4,11,정상
2026-05-12 02:49:59,ROBOT_01,47.37,9.122,1.626,48.301,34.99,11,정상
2026-05-12 02:49:59,ROBOT_02,53.17,7.6,2.34,47.049,35.13,11,정상
2026-05-12 02:49:59,ROBOT_03,51.38,8.165,1.686,48.358,32.42,11,정상
2026-05-12 02:49:59,ROBOT_04,54.32,9.596,1.763,47.075,34.52,11,정상
2026-05-12 03:42:59,ROBOT_01,49.96,9.378,2.129,48.217,34.01,11,정상
2026-05-12 03:42:59,ROBOT_02,47.92,10.018,2.054,47.84,33.62,11,정상
2026-05-12 03:42:59,ROBOT_03,50.83,8.495,1.923,48.053,32.88,11,정상
2026-05-12 03:42:59,ROBOT_04,47.5,8.839,1.588,46.67,35.95,11,정상
2026-05-12 04:36:00,ROBOT_01,52.55,9.075,1.69,47.838,33.34,11,정상
2026-05-12 04:36:00,ROBOT_02,50.73,8.231,1.545,48.301,32.05,11,정상
2026-05-12 04:36:00,ROBOT_03,48.27,8.108,1.844,48.378,30.93,11,정상
2026-05-12 04:36:00,ROBOT_04,53.65,9.586,1.8,47.422,34.01,11,정상
2026-05-12 05:29:01,ROBOT_01,46.08,8.432,1.689,47.633,29.56,11,정상
2026-05-12 05:29:01,ROBOT_02,54.84,8.694,1.771,47.555,35.5,11,정상
2026-05-12 05:29:01,ROBOT_03,46.45,9.162,1.456,48.094,35.34,11,정상
2026-05-12 05:29:01,ROBOT_04,51.25,9.055,1.287,47.663,35.42,11,정상
2026-05-12 06:22:02,ROBOT_01,46.25,8.343,1.704,48.312,31.17,11,정상
2026-05-12 06:22:02,ROBOT_02,53.63,8.072,2.533,47.513,32.67,11,정상
2026-05-12 06:22:02,ROBOT_03,44.23,8.324,1.839,48.479,30.09,11,정상
2026-05-12 06:22:02,ROBOT_04,47.27,9.191,1.561,47.917,27.78,11,정상
2026-05-12 07:15:03,ROBOT_01,46.99,8.583,1.393,48.18,32.21,11,정상
2026-05-12 07:15:03,ROBOT_02,48.43,10.401,2.368,46.676,33.12,11,정상
2026-05-12 07:15:03,ROBOT_03,45.5,7.746,1.475,48.405,27.89,11,정상
2026-05-12 07:15:03,ROBOT_04,48.08,8.519,2.378,47.058,34.74,11,정상
2026-05-12 08:08:03,ROBOT_01,52.59,8.322,1.942,48.048,33.69,11,정상
2026-05-12 08:08:03,ROBOT_02,49.1,8.289,2.21,49.225,32.92,11,정상
2026-05-12 08:08:03,ROBOT_03,47.69,8.396,1.408,47.975,32.8,11,정상
2026-05-12 08:08:03,ROBOT_04,51.5,9.056,2.055,47.013,33.36,11,정상
2026-05-12 09:01:04,ROBOT_01,43.82,8.151,1.689,47.715,35.43,11,정상
2026-05-12 09:01:04,ROBOT_02,51.92,8.34,2.078,48.046,34.69,11,정상
2026-05-12 09:01:04,ROBOT_03,48.6,9.258,1.391,49.076,34.17,11,정상
2026-05-12 09:01:04,ROBOT_04,52.41,8.924,1.815,48.72,33.77,11,정상
2026-05-12 09:54:05,ROBOT_01,52.98,8.501,2.068,47.804,35.92,11,정상
2026-05-12 09:54:05,ROBOT_02,53.09,9.376,1.592,48.578,34.74,11,정상
2026-05-12 09:54:05,ROBOT_03,48.63,7.449,1.203,47.756,34.94,11,정상
2026-05-12 09:54:05,ROBOT_04,52.6,9.208,1.659,47.848,29.94,11,정상
2026-05-12 10:47:06,ROBOT_01,46.04,8.047,2.154,48.482,34.27,11,정상
2026-05-12 10:47:06,ROBOT_02,51.28,9.835,2.01,48.332,29.11,11,정상
2026-05-12 10:47:06,ROBOT_03,43.49,10.392,1.469,48.447,32.87,11,정상
2026-05-12 10:47:06,ROBOT_04,54.54,9.234,1.65,47.823,31.83,11,정상
2026-05-12 11:40:07,ROBOT_01,48,7.328,1.424,47.814,32.49,11,정상
2026-05-12 11:40:07,ROBOT_02,51,8.646,1.911,48.235,33.06,11,정상
2026-05-12 11:40:07,ROBOT_03,52.32,8.948,1.594,47.529,34.86,11,정상
2026-05-12 11:40:07,ROBOT_04,55.33,10.014,1.794,47.672,37.77,11,정상
2026-05-12 12:33:07,ROBOT_01,53.78,9.701,1.73,49.183,35.92,11,정상
2026-05-12 12:33:07,ROBOT_02,47.51,10.019,2.075,47.975,34.14,11,정상
2026-05-12 12:33:07,ROBOT_03,52,8.07,1.98,48.143,30.61,11,정상
2026-05-12 12:33:07,ROBOT_04,55.81,8.825,1.841,46.998,36,11,정상
2026-05-12 13:26:08,ROBOT_01,48.16,8.038,1.144,48.137,34.39,11,정상
2026-05-12 13:26:08,ROBOT_02,49.99,8.757,1.098,47.197,37.09,11,정상
2026-05-12 13:26:08,ROBOT_03,54.69,9.553,1.7,48.175,36.88,11,정상
2026-05-12 13:26:08,ROBOT_04,52.48,8.413,2.098,48.053,36.19,11,정상
2026-05-12 14:19:09,ROBOT_01,45.7,10.164,1.363,47.204,36.81,11,정상
2026-05-12 14:19:09,ROBOT_02,51.59,9.553,2.114,47.944,34.95,11,정상
2026-05-12 14:19:09,ROBOT_03,48.93,8.9,1.371,47.349,32.21,11,정상
2026-05-12 14:19:09,ROBOT_04,47.17,9.069,1.433,47.264,35.9,11,정상
2026-05-12 15:12:10,ROBOT_01,52.74,8.954,1.605,47.667,36.59,11,정상
2026-05-12 15:12:10,ROBOT_02,54.2,9.775,1.876,47.671,36.22,11,정상
2026-05-12 15:12:10,ROBOT_03,57.97,9.739,1.931,47.275,36.8,11,정상
2026-05-12 15:12:10,ROBOT_04,52.92,9.011,1.377,47.034,38.34,11,정상
2026-05-12 16:05:11,ROBOT_01,53.86,9.403,2.111,47.691,34.6,11,정상
2026-05-12 16:05:11,ROBOT_02,52.69,8.196,1.718,47.618,34.78,11,정상
2026-05-12 16:05:11,ROBOT_03,49.14,8.132,2.116,48.1,33.21,11,정상
2026-05-12 16:05:11,ROBOT_04,56.32,10.09,1.569,46.684,36.63,11,정상
2026-05-12 16:58:11,ROBOT_01,54.32,8.934,1.705,47.758,34,11,정상
2026-05-12 16:58:11,ROBOT_02,59.36,9.543,1.721,46.635,38.03,11,정상
2026-05-12 16:58:11,ROBOT_03,48.39,8.607,1.924,48.614,38.1,11,정상
2026-05-12 16:58:11,ROBOT_04,54.27,10.003,1.535,47.291,34.22,11,정상
2026-05-12 17:51:12,ROBOT_01,55.64,9.59,1.527,47.895,35.25,11,정상
2026-05-12 17:51:12,ROBOT_02,53.76,10.037,1.979,46.956,36.52,11,정상
2026-05-12 17:51:12,ROBOT_03,51.12,9.492,1.901,48.463,37.8,11,정상
2026-05-12 17:51:12,ROBOT_04,51.25,9.722,1.764,47.321,40.42,11,정상
2026-05-12 18:44:13,ROBOT_01,52.48,9.867,1.902,46.441,33.3,11,정상
2026-05-12 18:44:13,ROBOT_02,57.05,9.577,1.836,47.8,36.62,11,정상
2026-05-12 18:44:13,ROBOT_03,51.48,8.953,1.751,47.429,38.36,11,정상
2026-05-12 18:44:13,ROBOT_04,53.71,10.24,2.284,47.764,36.67,11,정상
2026-05-12 19:37:14,ROBOT_01,53.73,9.668,1.655,47.535,34.95,11,정상
2026-05-12 19:37:14,ROBOT_02,56.12,10.453,1.833,47.067,37.72,11,정상
2026-05-12 19:37:14,ROBOT_03,54.85,9.905,0.931,48.455,36.63,11,정상
2026-05-12 19:37:14,ROBOT_04,56.86,10.231,1.934,47.426,30.8,11,정상
2026-05-12 20:30:14,ROBOT_01,53.69,9.332,1.905,48.391,37.63,11,정상
2026-05-12 20:30:14,ROBOT_02,60.31,10.559,1.936,47.066,36.58,11,정상
2026-05-12 20:30:14,ROBOT_03,50.97,9.039,1.723,48.314,37,11,정상
2026-05-12 20:30:14,ROBOT_04,56.26,9.377,1.844,47.09,36.54,11,정상
2026-05-12 21:23:15,ROBOT_01,56.51,9.806,2.238,47.881,35.64,11,정상
2026-05-12 21:23:15,ROBOT_02,54.83,9.661,1.595,48.107,36.11,11,정상
2026-05-12 21:23:15,ROBOT_03,51.93,9.645,2.1,47.696,35.02,11,정상
2026-05-12 21:23:15,ROBOT_04,56.78,10.82,2.323,46.11,38.62,11,정상
2026-05-12 22:16:16,ROBOT_01,50.69,10.527,1.708,47.445,36.35,11,정상
2026-05-12 22:16:16,ROBOT_02,49.07,9.664,2.339,48.086,38,11,정상
2026-05-12 22:16:16,ROBOT_03,52.74,8.924,1.804,47.799,35.6,11,정상
2026-05-12 22:16:16,ROBOT_04,53.29,9.133,1.518,47.59,34.07,11,정상
2026-05-12 23:09:17,ROBOT_01,49.89,10.337,2.018,47.941,36.9,11,정상
2026-05-12 23:09:17,ROBOT_02,55.11,9.546,2.088,47.664,36.57,11,정상
2026-05-12 23:09:17,ROBOT_03,49.13,9.233,1.827,48.825,34.96,11,정상
2026-05-12 23:09:17,ROBOT_04,54.73,8.233,1.344,47.101,34.92,11,정상
2026-05-13 00:02:18,ROBOT_01,53.81,9.675,2.161,47.582,36.27,12,정상
2026-05-13 00:02:18,ROBOT_02,53.45,10.321,1.504,46.77,35.23,12,정상
2026-05-13 00:02:18,ROBOT_03,48.71,8.921,2.063,47.765,35.83,12,정상
2026-05-13 00:02:18,ROBOT_04,54.96,9.829,1.644,47.283,38.05,12,정상
2026-05-13 00:55:18,ROBOT_01,54.63,10.329,1.872,47.932,32.57,12,정상
2026-05-13 00:55:18,ROBOT_02,50.42,8.169,1.524,47.133,36.25,12,정상
2026-05-13 00:55:18,ROBOT_03,48.86,8.788,1.716,48.107,35.27,12,정상
2026-05-13 00:55:18,ROBOT_04,56.11,9.962,1.379,47.049,38.81,12,정상
2026-05-13 01:48:19,ROBOT_01,53.5,9.334,1.758,47.999,34.75,12,정상
2026-05-13 01:48:19,ROBOT_02,52.03,8.537,1.571,48.034,31.94,12,정상
2026-05-13 01:48:19,ROBOT_03,53.52,9.61,1.786,47.744,28.92,12,정상
2026-05-13 01:48:19,ROBOT_04,52.03,9.784,1.805,48.214,35.56,12,정상
2026-05-13 02:41:20,ROBOT_01,47.32,9.406,1.643,47.774,30.11,12,정상
2026-05-13 02:41:20,ROBOT_02,47.6,8.558,1.988,48.772,37.91,12,정상
2026-05-13 02:41:20,ROBOT_03,48.89,8.429,1.658,47.776,34.19,12,정상
2026-05-13 02:41:20,ROBOT_04,48.76,8.502,2.147,46.853,36.2,12,정상
2026-05-13 03:34:21,ROBOT_01,49.74,7.774,1.502,48.313,32.85,12,정상
2026-05-13 03:34:21,ROBOT_02,50.78,7.682,1.914,47.436,31.38,12,정상
2026-05-13 03:34:21,ROBOT_03,44.6,9.826,1.8,48.445,28.99,12,정상
2026-05-13 03:34:21,ROBOT_04,53.68,8.71,2.25,47.651,33.44,12,정상
2026-05-13 04:27:22,ROBOT_01,51.2,7.511,1.548,47.654,32.54,12,정상
2026-05-13 04:27:22,ROBOT_02,50.97,9.872,2.341,47.593,34.96,12,정상
2026-05-13 04:27:22,ROBOT_03,53.09,9.085,1.846,47.883,33.15,12,정상
2026-05-13 04:27:22,ROBOT_04,50.4,8.499,1.498,47.229,34.1,12,정상
2026-05-13 05:20:22,ROBOT_01,49.98,8.755,1.877,48.557,33.75,12,정상
2026-05-13 05:20:22,ROBOT_02,50.71,8.839,1.814,47.676,33.34,12,정상
2026-05-13 05:20:22,ROBOT_03,46.13,7.525,1.793,48.233,32.27,12,정상
2026-05-13 05:20:22,ROBOT_04,52.74,8.902,2.069,47.448,29.96,12,정상
2026-05-13 06:13:23,ROBOT_01,46.88,9.112,1.704,47.632,33.58,12,정상
2026-05-13 06:13:23,ROBOT_02,50.62,9.98,2.081,48.359,36.54,12,정상
2026-05-13 06:13:23,ROBOT_03,48.77,8.065,1.376,48.831,30.93,12,정상
2026-05-13 06:13:23,ROBOT_04,57.02,8.674,1.784,47.386,33.55,12,정상
2026-05-13 07:06:24,ROBOT_01,47.92,8.68,1.899,48.531,32.97,12,정상
2026-05-13 07:06:24,ROBOT_02,48.84,7.627,1.861,48.02,29.86,12,정상
2026-05-13 07:06:24,ROBOT_03,46.69,8.068,1.563,48.291,34.78,12,정상
2026-05-13 07:06:24,ROBOT_04,53.37,9.14,1.425,47.6,33.55,12,정상
2026-05-13 07:59:25,ROBOT_01,63.47,12.085,4.564,45.529,45.78,12,주의
2026-05-13 07:59:25,ROBOT_02,48.89,8.156,1.742,48.68,35.24,12,정상
2026-05-13 07:59:25,ROBOT_03,49.9,9.081,1.85,48.146,32.55,12,정상
2026-05-13 07:59:25,ROBOT_04,49.01,7.71,2.086,47.573,32.32,12,정상
2026-05-13 08:52:26,ROBOT_01,50.18,9.014,1.534,48.314,34.63,12,정상
2026-05-13 08:52:26,ROBOT_02,51.45,7.867,1.916,47.713,31.18,12,정상
2026-05-13 08:52:26,ROBOT_03,50.02,8.056,2.185,47.916,34.02,12,정상
2026-05-13 08:52:26,ROBOT_04,48.78,8.698,1.986,47.602,34.6,12,정상
2026-05-13 09:45:26,ROBOT_01,45.26,8.439,1.873,48.548,32.51,12,정상
2026-05-13 09:45:26,ROBOT_02,52.45,9.235,2.016,47.43,32.92,12,정상
2026-05-13 09:45:26,ROBOT_03,52.79,7.912,1.567,48.201,28.98,12,정상
2026-05-13 09:45:26,ROBOT_04,47.05,8.368,1.824,48.445,31.02,12,정상
2026-05-13 10:38:27,ROBOT_01,47.28,9.542,1.342,48.378,33.3,12,정상
2026-05-13 10:38:27,ROBOT_02,53.11,9.486,1.424,48.355,34.79,12,정상
2026-05-13 10:38:27,ROBOT_03,51.39,8.986,1.35,47.917,34.27,12,정상
2026-05-13 10:38:27,ROBOT_04,52.22,8.543,2.2,47.597,32.99,12,정상
2026-05-13 11:31:28,ROBOT_01,52.59,10.347,1.997,47.558,35.71,12,정상
2026-05-13 11:31:28,ROBOT_02,54.51,8.918,1.83,47.703,34.18,12,정상
2026-05-13 11:31:28,ROBOT_03,49.94,8.202,1.825,48.337,34.17,12,정상
2026-05-13 11:31:28,ROBOT_04,48.03,10.474,1.617,48.249,35.87,12,정상
2026-05-13 12:24:29,ROBOT_01,50.42,8.789,1.589,48.305,32.95,12,정상
2026-05-13 12:24:29,ROBOT_02,53.71,9.28,2.076,47.181,35.88,12,정상
2026-05-13 12:24:29,ROBOT_03,49.03,9.353,1.841,47.909,34.33,12,정상
2026-05-13 12:24:29,ROBOT_04,53.02,8.913,1.877,47.14,33.18,12,정상
2026-05-13 13:17:30,ROBOT_01,48.53,8.408,1.91,47.264,33.42,12,정상
2026-05-13 13:17:30,ROBOT_02,51.32,8.82,1.624,47.539,35.3,12,정상
2026-05-13 13:17:30,ROBOT_03,52.6,8.638,1.81,48.154,34.81,12,정상
2026-05-13 13:17:30,ROBOT_04,50.94,9.616,1.897,47.717,33.8,12,정상
2026-05-13 14:10:30,ROBOT_01,53.91,9.39,1.719,48.237,37.84,12,정상
2026-05-13 14:10:30,ROBOT_02,57.6,9.813,1.721,47.044,36.26,12,정상
2026-05-13 14:10:30,ROBOT_03,49.55,10.637,2.117,47.826,36.16,12,정상
2026-05-13 14:10:30,ROBOT_04,53.1,10.098,2.031,46.171,37.09,12,정상
2026-05-13 15:03:31,ROBOT_01,54.19,8.803,2.141,47.421,35.64,12,정상
2026-05-13 15:03:31,ROBOT_02,52.11,9.215,2.218,47.535,34.14,12,정상
2026-05-13 15:03:31,ROBOT_03,50.98,8.763,1.901,48.265,34.02,12,정상
2026-05-13 15:03:31,ROBOT_04,56.03,9.306,1.784,46.836,37.28,12,정상
2026-05-13 15:56:32,ROBOT_01,54.61,10.159,1.769,47.759,36.42,12,정상
2026-05-13 15:56:32,ROBOT_02,60.93,11.878,1.799,46.787,37.17,12,정상
2026-05-13 15:56:32,ROBOT_03,50.61,9.336,1.809,48.016,32.84,12,정상
2026-05-13 15:56:32,ROBOT_04,55.98,9.764,1.623,47.571,38.11,12,정상
2026-05-13 16:49:33,ROBOT_01,44.93,9.243,2.218,47.93,34.34,12,정상
2026-05-13 16:49:33,ROBOT_02,57.05,9.504,1.451,46.32,36.59,12,정상
2026-05-13 16:49:33,ROBOT_03,48.09,8.906,1.848,48.94,35.01,12,정상
2026-05-13 16:49:33,ROBOT_04,55.6,10.337,1.731,47.192,39.14,12,정상
2026-05-13 17:42:34,ROBOT_01,50.5,10.908,1.536,47.961,39.49,12,정상
2026-05-13 17:42:34,ROBOT_02,55.11,10.922,1.921,47.305,36.74,12,정상
2026-05-13 17:42:34,ROBOT_03,52.39,10.228,1.799,47.815,34.35,12,정상
2026-05-13 17:42:34,ROBOT_04,57.87,9.535,1.608,47.272,37.8,12,정상
2026-05-13 18:35:34,ROBOT_01,54.68,10.274,2.336,47.479,36.44,12,정상
2026-05-13 18:35:34,ROBOT_02,56.25,10.716,1.993,47.448,37.18,12,정상
2026-05-13 18:35:34,ROBOT_03,53.11,9.8,1.631,47.999,34.8,12,정상
2026-05-13 18:35:34,ROBOT_04,53.02,8.918,2.071,47.104,37.19,12,정상
2026-05-13 19:28:35,ROBOT_01,47.71,9.066,2.084,48.517,33.75,12,정상
2026-05-13 19:28:35,ROBOT_02,56.34,9.676,1.986,46.72,37.31,12,정상
2026-05-13 19:28:35,ROBOT_03,52.01,9.166,1.768,47.29,31.79,12,정상
2026-05-13 19:28:35,ROBOT_04,53.55,9.344,1.656,46.306,34.19,12,정상
2026-05-13 20:21:36,ROBOT_01,52.46,8.433,1.927,48.158,32.84,12,정상
2026-05-13 20:21:36,ROBOT_02,53.09,9.263,2.051,48.231,35.08,12,정상
2026-05-13 20:21:36,ROBOT_03,51.19,9.823,1.627,47.797,35.54,12,정상
2026-05-13 20:21:36,ROBOT_04,56.29,10.495,1.896,47.114,34.75,12,정상
2026-05-13 21:14:37,ROBOT_01,53.01,10.437,1.8,47.905,38.31,12,정상
2026-05-13 21:14:37,ROBOT_02,52.38,10.122,2.114,47.025,39.15,12,정상
2026-05-13 21:14:37,ROBOT_03,55.03,8.526,2.335,46.706,39.76,12,정상
2026-05-13 21:14:37,ROBOT_04,59,10.16,2.383,46.77,35.44,12,정상
2026-05-13 22:07:37,ROBOT_01,51.87,9.184,1.663,47.814,36.3,12,정상
2026-05-13 22:07:37,ROBOT_02,57.6,10.116,1.564,46.873,36.3,12,정상
2026-05-13 22:07:37,ROBOT_03,49.97,10.216,1.461,47.378,33.36,12,정상
2026-05-13 22:07:37,ROBOT_04,56.1,10.124,1.944,46.765,36.81,12,정상
2026-05-13 23:00:38,ROBOT_01,53.49,8.724,1.847,47.851,33.31,12,정상
2026-05-13 23:00:38,ROBOT_02,58.08,10.09,1.687,47.74,39.72,12,정상
2026-05-13 23:00:38,ROBOT_03,50.23,10.302,1.399,47.67,38,12,정상
2026-05-13 23:00:38,ROBOT_04,55.73,10.365,2.025,46.895,40.03,12,정상
2026-05-13 23:53:39,ROBOT_01,46.44,9.38,1.815,47.942,34.22,12,정상
2026-05-13 23:53:39,ROBOT_02,49.89,9.73,1.579,47.03,32.93,12,정상
2026-05-13 23:53:39,ROBOT_03,53.61,8.75,1.701,47.382,36.26,12,정상
2026-05-13 23:53:39,ROBOT_04,55.9,11.169,1.971,46.223,39.12,12,정상
2026-05-14 00:46:40,ROBOT_01,48.22,8.427,2.125,47.846,32.4,13,정상
2026-05-14 00:46:40,ROBOT_02,59.61,9.397,2.071,47.251,37.05,13,정상
2026-05-14 00:46:40,ROBOT_03,51.24,9.315,1.925,47.811,35.45,13,정상
2026-05-14 00:46:40,ROBOT_04,58.84,11.421,3.569,45.343,41.19,13,주의
2026-05-14 01:39:41,ROBOT_01,48.97,9.365,1.999,47.538,30.79,13,정상
2026-05-14 01:39:41,ROBOT_02,59.78,10.623,1.802,47.359,37.91,13,정상
2026-05-14 01:39:41,ROBOT_03,48.01,9.525,1.223,48.25,34.55,13,정상
2026-05-14 01:39:41,ROBOT_04,56.49,9.746,1.97,47.112,37.55,13,정상
2026-05-14 02:32:41,ROBOT_01,51.15,9.563,1.887,48.566,31.04,13,정상
2026-05-14 02:32:41,ROBOT_02,47.63,10.301,1.893,47.217,36.52,13,정상
2026-05-14 02:32:41,ROBOT_03,48.22,9.643,1.97,48.271,33.23,13,정상
2026-05-14 02:32:41,ROBOT_04,49.49,8.821,1.871,47.011,34.2,13,정상
2026-05-14 03:25:42,ROBOT_01,50.67,9.57,1.669,48.212,34.47,13,정상
2026-05-14 03:25:42,ROBOT_02,53.63,9.67,2.138,47.368,32.04,13,정상
2026-05-14 03:25:42,ROBOT_03,64.2,12.098,4.552,47.057,37.97,13,주의
2026-05-14 03:25:42,ROBOT_04,51.97,10.526,1.833,46.729,34.02,13,정상
2026-05-14 04:18:43,ROBOT_01,51.06,10.226,1.777,47.496,33.2,13,정상
2026-05-14 04:18:43,ROBOT_02,52.1,9.067,1.602,47.82,34.49,13,정상
2026-05-14 04:18:43,ROBOT_03,50.3,9.106,2.124,48.706,32.76,13,정상
2026-05-14 04:18:43,ROBOT_04,50.42,9.351,1.833,47.65,32.25,13,정상
2026-05-14 05:11:44,ROBOT_01,51.19,7.43,2.094,47.983,34.83,13,정상
2026-05-14 05:11:44,ROBOT_02,50.67,8.475,1.696,47.102,32.62,13,정상
2026-05-14 05:11:44,ROBOT_03,47.5,7.903,1.375,47.806,33.69,13,정상
2026-05-14 05:11:44,ROBOT_04,47.41,8.531,1.553,48.589,32.01,13,정상
2026-05-14 06:04:45,ROBOT_01,54.28,9.001,1.729,47.438,35.27,13,정상
2026-05-14 06:04:45,ROBOT_02,50.01,8.707,1.861,47.819,33.85,13,정상
2026-05-14 06:04:45,ROBOT_03,50.65,9.402,1.707,47.623,32.79,13,정상
2026-05-14 06:04:45,ROBOT_04,52.04,9.023,2.124,47.184,33.96,13,정상
2026-05-14 06:57:45,ROBOT_01,45.15,8.89,2.172,47.349,32.4,13,정상
2026-05-14 06:57:45,ROBOT_02,50.23,8.684,1.375,47.856,28.05,13,정상
2026-05-14 06:57:45,ROBOT_03,47.83,8.512,1.922,48.688,30.34,13,정상
2026-05-14 06:57:45,ROBOT_04,49.23,8.701,1.774,47.033,33.45,13,정상
2026-05-14 07:50:46,ROBOT_01,49.8,9.487,1.8,48.629,33.36,13,정상
2026-05-14 07:50:46,ROBOT_02,48.38,9.051,1.675,46.935,33.27,13,정상
2026-05-14 07:50:46,ROBOT_03,47.76,8.824,2.286,47.728,33.82,13,정상
2026-05-14 07:50:46,ROBOT_04,55.96,8.419,1.485,47.699,37.31,13,정상
2026-05-14 08:43:47,ROBOT_01,50.18,8.492,1.899,48.029,31.76,13,정상
2026-05-14 08:43:47,ROBOT_02,52.07,8.735,1.567,48.154,34.19,13,정상
2026-05-14 08:43:47,ROBOT_03,46.48,8.874,1.905,48.693,33.01,13,정상
2026-05-14 08:43:47,ROBOT_04,55.27,9.252,1.941,47.633,34.9,13,정상
2026-05-14 09:36:48,ROBOT_01,49.26,10.04,1.797,48.065,36.12,13,정상
2026-05-14 09:36:48,ROBOT_02,45.73,8.47,1.957,47.962,32.66,13,정상
2026-05-14 09:36:48,ROBOT_03,49.23,8.662,1.676,47.806,32.7,13,정상
2026-05-14 09:36:48,ROBOT_04,55.23,9.606,1.94,47.703,33.9,13,정상
2026-05-14 10:29:49,ROBOT_01,51.64,8.91,1.703,47.862,32.5,13,정상
2026-05-14 10:29:49,ROBOT_02,50.08,9.409,2.239,47.461,31.55,13,정상
2026-05-14 10:29:49,ROBOT_03,45.36,9.241,2.063,48.48,32.73,13,정상
2026-05-14 10:29:49,ROBOT_04,48.5,7.915,1.848,48.615,35.05,13,정상
2026-05-14 11:22:49,ROBOT_01,55.08,8.222,1.975,47.598,31.4,13,정상
2026-05-14 11:22:49,ROBOT_02,52.71,8.87,2.079,48.235,34.68,13,정상
2026-05-14 11:22:49,ROBOT_03,49.25,8.874,1.532,48.511,35.72,13,정상
2026-05-14 11:22:49,ROBOT_04,48.95,9.448,1.487,47.718,37.29,13,정상
2026-05-14 12:15:50,ROBOT_01,45.3,8.637,1.242,48.439,32.34,13,정상
2026-05-14 12:15:50,ROBOT_02,46.67,8.787,1.567,48.782,34.67,13,정상
2026-05-14 12:15:50,ROBOT_03,46.84,10.241,1.726,48.047,34.36,13,정상
2026-05-14 12:15:50,ROBOT_04,53.06,10.886,1.698,47.01,33.77,13,정상
2026-05-14 13:08:51,ROBOT_01,47.8,8.5,1.797,48.519,31.98,13,정상
2026-05-14 13:08:51,ROBOT_02,50.77,9.579,1.471,46.915,32.05,13,정상
2026-05-14 13:08:51,ROBOT_03,48.95,8.425,1.623,48.646,31.94,13,정상
2026-05-14 13:08:51,ROBOT_04,55.09,10.515,1.944,47.101,38.15,13,정상
2026-05-14 14:01:52,ROBOT_01,48.94,7.845,1.543,47.679,33.86,13,정상
2026-05-14 14:01:52,ROBOT_02,54.47,10.129,1.885,47.345,38.36,13,정상
2026-05-14 14:01:52,ROBOT_03,54.24,8.329,1.975,47.924,35.69,13,정상
2026-05-14 14:01:52,ROBOT_04,52.23,10.373,1.896,47.168,34.71,13,정상
2026-05-14 14:54:53,ROBOT_01,51.37,8.741,1.702,47.461,36.05,13,정상
2026-05-14 14:54:53,ROBOT_02,55.21,8.94,1.667,47.512,40.02,13,정상
2026-05-14 14:54:53,ROBOT_03,57.27,9.225,1.753,47.483,37.65,13,정상
2026-05-14 14:54:53,ROBOT_04,52.22,9.44,2.131,47.693,39.98,13,정상
2026-05-14 15:47:53,ROBOT_01,50.47,8.8,1.932,47.437,35.32,13,정상
2026-05-14 15:47:53,ROBOT_02,54.97,10.25,1.929,47.467,35.68,13,정상
2026-05-14 15:47:53,ROBOT_03,48.71,8.184,1.302,47.898,35.26,13,정상
2026-05-14 15:47:53,ROBOT_04,54.81,10.23,2.028,47.084,34.3,13,정상
2026-05-14 16:40:54,ROBOT_01,50.75,9.139,1.624,47.481,34.5,13,정상
2026-05-14 16:40:54,ROBOT_02,56.39,10.447,2.059,47.527,40.47,13,정상
2026-05-14 16:40:54,ROBOT_03,53.49,9.754,2.243,48.142,37.59,13,정상
2026-05-14 16:40:54,ROBOT_04,60.2,9.587,1.942,46.79,38.78,13,정상
2026-05-14 17:33:55,ROBOT_01,57.39,11.954,2.666,46.641,40.43,13,주의
2026-05-14 17:33:55,ROBOT_02,55.51,10.365,1.972,47.683,40.31,13,정상
2026-05-14 17:33:55,ROBOT_03,54.34,9.447,1.899,47.507,35.53,13,정상
2026-05-14 17:33:55,ROBOT_04,52.75,10.703,2.074,47.577,37.31,13,정상
2026-05-14 18:26:56,ROBOT_01,52.75,8.486,1.617,47.159,34.51,13,정상
2026-05-14 18:26:56,ROBOT_02,59.09,10.12,2.184,46.908,36.54,13,주의
2026-05-14 18:26:56,ROBOT_03,56.41,9.511,2.224,47.929,37.78,13,정상
2026-05-14 18:26:56,ROBOT_04,57.36,9.633,2.147,46.838,35.43,13,정상
2026-05-14 19:19:56,ROBOT_01,56.5,11.327,2.059,46.941,36.86,13,정상
2026-05-14 19:19:56,ROBOT_02,50.59,9.662,1.686,48.5,38.19,13,정상
2026-05-14 19:19:56,ROBOT_03,50.63,9.043,1.662,47.648,33.4,13,정상
2026-05-14 19:19:56,ROBOT_04,57.14,11.236,1.994,46.598,40.09,13,정상
2026-05-14 20:12:57,ROBOT_01,52.78,10.615,2.125,47.604,35.56,13,정상
2026-05-14 20:12:57,ROBOT_02,56.45,10.313,2.321,47.532,37.16,13,정상
2026-05-14 20:12:57,ROBOT_03,53.55,8.963,1.658,47.492,37.52,13,정상
2026-05-14 20:12:57,ROBOT_04,57.58,10.075,1.857,47.075,36.46,13,정상
2026-05-14 21:05:58,ROBOT_01,53.18,9.528,1.674,47.425,35.82,13,정상
2026-05-14 21:05:58,ROBOT_02,57.87,8.915,1.801,46.974,40.19,13,정상
2026-05-14 21:05:58,ROBOT_03,51.68,9.196,2.188,47.148,37.92,13,정상
2026-05-14 21:05:58,ROBOT_04,60.89,8.011,2.05,47.161,34.47,13,정상
2026-05-14 21:58:59,ROBOT_01,53.4,8.545,2.078,48.129,35.95,13,정상
2026-05-14 21:58:59,ROBOT_02,53.5,9.87,2.108,47.834,39.15,13,정상
2026-05-14 21:58:59,ROBOT_03,53.23,10.549,2.149,47.223,34.72,13,정상
2026-05-14 21:58:59,ROBOT_04,53.98,10.231,1.615,47.72,35.83,13,정상
2026-05-14 22:52:00,ROBOT_01,51.98,9.969,2.452,47.822,36.43,13,정상
2026-05-14 22:52:00,ROBOT_02,52.5,9.119,1.926,47.317,34.92,13,정상
2026-05-14 22:52:00,ROBOT_03,53.24,10.02,1.673,47.493,32.8,13,정상
2026-05-14 22:52:00,ROBOT_04,51.22,9.518,2.15,47.085,36.54,13,정상
2026-05-14 23:45:00,ROBOT_01,50.01,9.273,1.537,47.664,31.73,13,정상
2026-05-14 23:45:00,ROBOT_02,46.82,9.472,1.373,47.601,37.24,13,정상
2026-05-14 23:45:00,ROBOT_03,53.01,7.628,1.953,47.68,33.75,13,정상
2026-05-14 23:45:00,ROBOT_04,50.47,7.823,2.219,47.453,35.12,13,정상
2026-05-15 00:38:01,ROBOT_01,49.28,7.986,1.836,47.701,34.38,14,정상
2026-05-15 00:38:01,ROBOT_02,55.81,9.613,1.451,47.582,32.7,14,정상
2026-05-15 00:38:01,ROBOT_03,50.85,8.521,1.72,48.34,36.68,14,정상
2026-05-15 00:38:01,ROBOT_04,56.8,10.034,2.355,47.206,38.41,14,정상
2026-05-15 01:31:02,ROBOT_01,53.53,8.868,1.826,47.204,37.59,14,정상
2026-05-15 01:31:02,ROBOT_02,52.3,8.271,1.657,47.854,32.07,14,정상
2026-05-15 01:31:02,ROBOT_03,48.75,10.163,1.411,48.471,36.17,14,정상
2026-05-15 01:31:02,ROBOT_04,51.06,10.176,1.536,48.001,30.93,14,정상
2026-05-15 02:24:03,ROBOT_01,48.49,7.714,2.125,47.854,34.25,14,정상
2026-05-15 02:24:03,ROBOT_02,51.18,8.392,2.207,47.77,33.64,14,정상
2026-05-15 02:24:03,ROBOT_03,48.94,9.403,1.75,48.235,34.8,14,정상
2026-05-15 02:24:03,ROBOT_04,50.33,8.76,1.931,47.059,35.98,14,정상
2026-05-15 03:17:04,ROBOT_01,45.59,8.55,2.523,48.609,34.06,14,정상
2026-05-15 03:17:04,ROBOT_02,50.32,9.494,1.958,48.019,35.25,14,정상
2026-05-15 03:17:04,ROBOT_03,51.05,8.45,1.554,49.148,32.21,14,정상
2026-05-15 03:17:04,ROBOT_04,53.2,8.927,1.628,47.537,36.88,14,정상
2026-05-15 04:10:04,ROBOT_01,49.14,8.379,2.253,48.324,34.86,14,정상
2026-05-15 04:10:04,ROBOT_02,48.9,9.394,1.48,47.635,34.93,14,정상
2026-05-15 04:10:04,ROBOT_03,52.56,8.779,2.008,47.408,35.17,14,정상
2026-05-15 04:10:04,ROBOT_04,51.31,9.315,1.678,47.371,36.62,14,정상
2026-05-15 05:03:05,ROBOT_01,53.77,9.537,2.324,48.037,35.1,14,정상
2026-05-15 05:03:05,ROBOT_02,47.79,9.378,1.906,47.724,34.8,14,정상
2026-05-15 05:03:05,ROBOT_03,50.17,7.904,1.999,48.516,29.29,14,정상
2026-05-15 05:03:05,ROBOT_04,48.48,8.916,2.047,47.484,36.66,14,정상
2026-05-15 05:56:06,ROBOT_01,50.36,9.416,1.709,48.833,32.23,14,정상
2026-05-15 05:56:06,ROBOT_02,51.58,8.136,2.047,47.873,33.78,14,정상
2026-05-15 05:56:06,ROBOT_03,51.38,8.109,1.68,48.304,33,14,정상
2026-05-15 05:56:06,ROBOT_04,52.11,9.526,1.714,46.854,35.61,14,정상
2026-05-15 06:49:07,ROBOT_01,47.18,10.901,1.685,48.037,34.28,14,정상
2026-05-15 06:49:07,ROBOT_02,50.84,8.085,1.58,47.981,33.89,14,정상
2026-05-15 06:49:07,ROBOT_03,48.69,9.873,1.783,48.778,34.81,14,정상
2026-05-15 06:49:07,ROBOT_04,60,10.642,2.055,47.112,37.39,14,정상
2026-05-15 07:42:08,ROBOT_01,48.64,9.758,1.784,48.199,29.94,14,정상
2026-05-15 07:42:08,ROBOT_02,49.44,8.209,1.905,47.79,33.36,14,정상
2026-05-15 07:42:08,ROBOT_03,48.52,8.565,1.712,48.756,33.33,14,정상
2026-05-15 07:42:08,ROBOT_04,54.29,9.31,1.62,48.049,34.15,14,정상
2026-05-15 08:35:08,ROBOT_01,48.25,8.533,1.397,47.846,33.04,14,정상
2026-05-15 08:35:08,ROBOT_02,48.01,7.507,1.497,47.829,33.2,14,정상
2026-05-15 08:35:08,ROBOT_03,47.29,8.898,1.107,48.593,34.92,14,정상
2026-05-15 08:35:08,ROBOT_04,52.88,8.224,2.02,47.23,32.46,14,정상
2026-05-15 09:28:09,ROBOT_01,44.47,9.335,1.18,48.265,34.64,14,정상
2026-05-15 09:28:09,ROBOT_02,49.4,8.458,2.107,48.141,34.63,14,정상
2026-05-15 09:28:09,ROBOT_03,49.98,7.987,2.04,48.338,34.93,14,정상
2026-05-15 09:28:09,ROBOT_04,48.07,9.548,1.818,47.411,34.54,14,정상
2026-05-15 10:21:10,ROBOT_01,46.65,7.266,1.308,48.404,35.41,14,정상
2026-05-15 10:21:10,ROBOT_02,56.49,9.209,2.121,47.931,32.99,14,정상
2026-05-15 10:21:10,ROBOT_03,51.09,9.216,1.775,47.844,32.83,14,정상
2026-05-15 10:21:10,ROBOT_04,54.9,8.309,1.451,48.186,33.3,14,정상
2026-05-15 11:14:11,ROBOT_01,48.33,10.033,1.58,48.34,32.59,14,정상
2026-05-15 11:14:11,ROBOT_02,52.08,8.791,1.903,47.496,34.52,14,정상
2026-05-15 11:14:11,ROBOT_03,46.27,8.232,2.204,47.322,31.7,14,정상
2026-05-15 11:14:11,ROBOT_04,52.34,9.046,1.343,47.494,36.52,14,정상
2026-05-15 12:07:12,ROBOT_01,48.51,9.75,1.57,48.33,32.24,14,정상
2026-05-15 12:07:12,ROBOT_02,49.91,8.65,1.818,48,34.01,14,정상
2026-05-15 12:07:12,ROBOT_03,46.8,8.06,2.024,48.1,32.91,14,정상
2026-05-15 12:07:12,ROBOT_04,52.45,9.277,1.652,47.338,38.08,14,정상
2026-05-15 13:00:12,ROBOT_01,49.42,10.463,1.681,47.531,35.9,14,정상
2026-05-15 13:00:12,ROBOT_02,55.15,10.241,1.849,47.29,38.31,14,정상
2026-05-15 13:00:12,ROBOT_03,50.65,8.392,1.975,48.287,33.61,14,정상
2026-05-15 13:00:12,ROBOT_04,64.33,11.914,4.161,45.912,43.1,14,주의
2026-05-15 13:53:13,ROBOT_01,50.35,9.081,2.274,48.274,35.79,14,정상
2026-05-15 13:53:13,ROBOT_02,50.05,9.858,2.01,47.158,36.12,14,정상
2026-05-15 13:53:13,ROBOT_03,47.29,8.271,1.707,47.813,32.55,14,정상
2026-05-15 13:53:13,ROBOT_04,55.28,8.972,2.305,47.194,35.58,14,정상
2026-05-15 14:46:14,ROBOT_01,50.29,9.936,2.172,48.248,35.01,14,정상
2026-05-15 14:46:14,ROBOT_02,54.87,10.566,1.955,46.928,37.41,14,정상
2026-05-15 14:46:14,ROBOT_03,49.98,9.058,2.362,47.177,33.6,14,정상
2026-05-15 14:46:14,ROBOT_04,54.81,8.054,1.788,46.731,35.7,14,정상
2026-05-15 15:39:15,ROBOT_01,55.53,11.687,2.182,46.754,37.24,14,정상
2026-05-15 15:39:15,ROBOT_02,59.45,10.628,1.735,47.479,34.52,14,정상
2026-05-15 15:39:15,ROBOT_03,55,10.211,1.708,47.416,36.6,14,정상
2026-05-15 15:39:15,ROBOT_04,54.37,10.695,2.358,47.123,35.47,14,정상
2026-05-15 16:32:15,ROBOT_01,53.26,9.817,1.943,47.588,34.74,14,정상
2026-05-15 16:32:15,ROBOT_02,53.03,10.192,2.199,47.547,35.66,14,정상
2026-05-15 16:32:15,ROBOT_03,51.68,9.654,1.766,46.939,37.53,14,정상
2026-05-15 16:32:15,ROBOT_04,53.92,10.539,2.146,46.789,36.03,14,정상
2026-05-15 17:25:16,ROBOT_01,54.02,9.413,1.684,47.955,36.73,14,정상
2026-05-15 17:25:16,ROBOT_02,56.25,9.447,1.984,47.872,36.81,14,정상
2026-05-15 17:25:16,ROBOT_03,62.79,15.109,4.368,44.904,48.41,14,위험
2026-05-15 17:25:16,ROBOT_04,63.55,10.736,2.248,47.233,36.22,14,정상
2026-05-15 18:18:17,ROBOT_01,55.04,10.896,2.036,47.149,34.42,14,정상
2026-05-15 18:18:17,ROBOT_02,52.87,9.998,1.742,47.5,38.16,14,정상
2026-05-15 18:18:17,ROBOT_03,53.85,10.011,1.59,48.116,36.13,14,정상
2026-05-15 18:18:17,ROBOT_04,55.97,10.066,2.316,47.518,42.64,14,정상
2026-05-15 19:11:18,ROBOT_01,51.4,9.626,2.062,47.236,37.43,14,정상
2026-05-15 19:11:18,ROBOT_02,52.56,8.634,2.208,46.896,34.55,14,정상
2026-05-15 19:11:18,ROBOT_03,51.47,9.457,2.059,48.032,35.17,14,정상
2026-05-15 19:11:18,ROBOT_04,56.01,8.903,1.898,46.683,39.52,14,정상
2026-05-15 20:04:19,ROBOT_01,54.87,9.446,1.931,47.742,36.37,14,정상
2026-05-15 20:04:19,ROBOT_02,54.9,10.245,2.018,47.639,34.34,14,정상
2026-05-15 20:04:19,ROBOT_03,50.33,10.008,2.046,47.87,35.94,14,정상
2026-05-15 20:04:19,ROBOT_04,50.12,9.72,2.436,46.847,39.3,14,정상
2026-05-15 20:57:19,ROBOT_01,49.98,9.638,2.081,47.443,37.08,14,정상
2026-05-15 20:57:19,ROBOT_02,53.57,9.594,2.204,48.057,39.99,14,정상
2026-05-15 20:57:19,ROBOT_03,52.32,9.901,1.928,47.344,39.24,14,정상
2026-05-15 20:57:19,ROBOT_04,55.55,10.41,2.493,46.799,39.18,14,정상
2026-05-15 21:50:20,ROBOT_01,53.65,10.045,1.899,46.891,34.28,14,정상
2026-05-15 21:50:20,ROBOT_02,57.43,9.724,2.091,47.112,35.28,14,정상
2026-05-15 21:50:20,ROBOT_03,48.16,9.835,2.015,48.001,35.34,14,정상
2026-05-15 21:50:20,ROBOT_04,51.37,9.732,1.643,47.573,35.27,14,정상
2026-05-15 22:43:21,ROBOT_01,51.34,9.549,2.336,47.772,35.33,14,정상
2026-05-15 22:43:21,ROBOT_02,50.89,8.993,1.724,47.441,37.48,14,정상
2026-05-15 22:43:21,ROBOT_03,56.08,10.092,1.394,47.063,31.94,14,정상
2026-05-15 22:43:21,ROBOT_04,55.35,9.981,2.002,47.769,38.11,14,정상
2026-05-15 23:36:22,ROBOT_01,53.07,9.473,1.892,47.565,36.19,14,정상
2026-05-15 23:36:22,ROBOT_02,56.48,8.721,2.02,47.272,36.09,14,정상
2026-05-15 23:36:22,ROBOT_03,52.07,9.598,2.086,47.754,35.46,14,정상
2026-05-15 23:36:22,ROBOT_04,58.16,11.326,1.754,46.858,36.87,14,정상
2026-05-16 00:29:23,ROBOT_01,49.54,10.538,2.364,47.695,37.08,15,정상
2026-05-16 00:29:23,ROBOT_02,55.72,9.36,1.842,47.432,34.82,15,정상
2026-05-16 00:29:23,ROBOT_03,49.42,9.996,2.245,47.828,33.62,15,정상
2026-05-16 00:29:23,ROBOT_04,55.84,10.558,1.977,47.071,36.44,15,정상
2026-05-16 01:22:23,ROBOT_01,49.74,9.052,2.449,47.938,32.86,15,정상
2026-05-16 01:22:23,ROBOT_02,50.94,10.457,2.157,46.476,34.88,15,정상
2026-05-16 01:22:23,ROBOT_03,56.09,9.033,2.003,48.419,36.72,15,정상
2026-05-16 01:22:23,ROBOT_04,53.16,9.103,1.752,47.012,36.52,15,정상
2026-05-16 02:15:24,ROBOT_01,50.19,8.902,1.576,47.865,34.18,15,정상
2026-05-16 02:15:24,ROBOT_02,54.38,9.049,1.864,47.731,36.59,15,정상
2026-05-16 02:15:24,ROBOT_03,51.31,8.554,1.649,47.731,31.22,15,정상
2026-05-16 02:15:24,ROBOT_04,47.54,10.113,2.031,47.464,34.34,15,정상
2026-05-16 03:08:25,ROBOT_01,52.69,10.326,1.619,48.235,33.5,15,정상
2026-05-16 03:08:25,ROBOT_02,50.35,8.353,2.796,47.498,36.13,15,정상
2026-05-16 03:08:25,ROBOT_03,54.16,8.595,2.084,47.937,34.92,15,정상
2026-05-16 03:08:25,ROBOT_04,50.17,8.998,2.318,47.887,37.25,15,정상
2026-05-16 04:01:26,ROBOT_01,53.41,9.076,2.385,47.886,36.07,15,정상
2026-05-16 04:01:26,ROBOT_02,50.38,10.777,1.541,46.872,33.31,15,정상
2026-05-16 04:01:26,ROBOT_03,52.58,9.019,1.77,48.523,31.04,15,정상
2026-05-16 04:01:26,ROBOT_04,49.4,10.143,2.264,46.487,31.67,15,정상
2026-05-16 04:54:27,ROBOT_01,53,9.075,1.641,47.665,30.79,15,정상
2026-05-16 04:54:27,ROBOT_02,54.4,9.045,2.342,47.777,34.51,15,정상
2026-05-16 04:54:27,ROBOT_03,47.93,8.306,1.43,47.813,31.4,15,정상
2026-05-16 04:54:27,ROBOT_04,47.88,8.271,1.942,48.252,33.42,15,정상
2026-05-16 05:47:27,ROBOT_01,49.36,8.818,2.582,48.156,35.47,15,정상
2026-05-16 05:47:27,ROBOT_02,54.91,11.996,2.526,46.521,39.66,15,정상
2026-05-16 05:47:27,ROBOT_03,51.83,9.589,1.411,48.212,35.39,15,정상
2026-05-16 05:47:27,ROBOT_04,56.32,7.838,1.526,46.406,33.87,15,정상
2026-05-16 06:40:28,ROBOT_01,53.65,9.594,1.983,47.184,34.47,15,정상
2026-05-16 06:40:28,ROBOT_02,53.13,9.6,2.338,47.804,35.84,15,정상
2026-05-16 06:40:28,ROBOT_03,49.95,9.412,2.332,48.046,32.17,15,정상
2026-05-16 06:40:28,ROBOT_04,52.7,8.879,1.913,47.014,34.45,15,정상
2026-05-16 07:33:29,ROBOT_01,42.38,8.495,1.659,47.692,31.97,15,정상
2026-05-16 07:33:29,ROBOT_02,48.76,8.282,1.845,47.488,34.62,15,정상
2026-05-16 07:33:29,ROBOT_03,48.33,9.8,1.859,48.076,34.62,15,정상
2026-05-16 07:33:29,ROBOT_04,50.84,9.306,1.539,47.78,36.89,15,정상
2026-05-16 08:26:30,ROBOT_01,47.41,7.341,1.352,48.589,32.18,15,정상
2026-05-16 08:26:30,ROBOT_02,48.13,8.732,1.762,48.072,31.63,15,정상
2026-05-16 08:26:30,ROBOT_03,48.9,9.449,3.109,47.757,37.53,15,정상
2026-05-16 08:26:30,ROBOT_04,53.3,8.949,2.182,48.048,36.84,15,정상
2026-05-16 09:19:31,ROBOT_01,50.07,8.983,1.857,48.232,30.97,15,정상
2026-05-16 09:19:31,ROBOT_02,56.36,9.884,1.573,46.844,35.81,15,정상
2026-05-16 09:19:31,ROBOT_03,48.77,9.886,1.225,47.62,32.38,15,정상
2026-05-16 09:19:31,ROBOT_04,54.59,8.62,1.714,46.917,33.97,15,정상
2026-05-16 10:12:31,ROBOT_01,48.21,9.115,1.274,47.555,33.79,15,정상
2026-05-16 10:12:31,ROBOT_02,49.31,8.85,2.032,47.295,33.13,15,정상
2026-05-16 10:12:31,ROBOT_03,53.3,8.898,1.814,47.918,33.71,15,정상
2026-05-16 10:12:31,ROBOT_04,52.51,10.031,2.342,47.531,36.82,15,정상
2026-05-16 11:05:32,ROBOT_01,47.48,9.244,1.862,48.201,28.78,15,정상
2026-05-16 11:05:32,ROBOT_02,52.53,8.443,1.612,47.423,37.18,15,정상
2026-05-16 11:05:32,ROBOT_03,47.79,10.138,1.983,48.481,36.95,15,정상
2026-05-16 11:05:32,ROBOT_04,50.73,8.851,2.287,47.764,33.86,15,정상
2026-05-16 11:58:33,ROBOT_01,53.47,10.495,1.969,47.582,31.88,15,정상
2026-05-16 11:58:33,ROBOT_02,52.66,9.966,1.597,47.242,38.66,15,정상
2026-05-16 11:58:33,ROBOT_03,52.05,11.267,1.742,48.304,35.67,15,정상
2026-05-16 11:58:33,ROBOT_04,61.82,9.948,2.155,47.373,37.97,15,정상
2026-05-16 12:51:34,ROBOT_01,46.88,9.082,1.993,48.603,36.33,15,정상
2026-05-16 12:51:34,ROBOT_02,52.22,10.446,1.558,46.878,36.76,15,정상
2026-05-16 12:51:34,ROBOT_03,53.84,10.092,1.892,46.912,35.87,15,정상
2026-05-16 12:51:34,ROBOT_04,50.47,10.121,1.959,47.743,33.91,15,정상
2026-05-16 13:44:34,ROBOT_01,55.74,12.445,3.537,46.737,35.26,15,정상
2026-05-16 13:44:34,ROBOT_02,54.32,10.497,1.924,46.416,35.52,15,정상
2026-05-16 13:44:34,ROBOT_03,54.8,8.691,1.908,47.943,33.5,15,정상
2026-05-16 13:44:34,ROBOT_04,59.36,10.018,2.961,47.252,38.37,15,정상
2026-05-16 14:37:35,ROBOT_01,56.45,8.927,1.608,47.686,33.68,15,정상
2026-05-16 14:37:35,ROBOT_02,51.78,8.866,1.634,46.865,39.46,15,정상
2026-05-16 14:37:35,ROBOT_03,49.42,10.648,1.838,47.528,31.79,15,정상
2026-05-16 14:37:35,ROBOT_04,51.72,8.804,2.191,47.813,35.17,15,정상
2026-05-16 15:30:36,ROBOT_01,56.82,9.907,1.902,47.202,38.09,15,정상
2026-05-16 15:30:36,ROBOT_02,54.62,7.647,2.149,47.601,34.39,15,정상
2026-05-16 15:30:36,ROBOT_03,47,8.568,1.543,48.028,35.08,15,정상
2026-05-16 15:30:36,ROBOT_04,56.71,9.925,1.815,46.635,41.08,15,정상
2026-05-16 16:23:37,ROBOT_01,54.55,10.611,1.986,47.642,36.68,15,정상
2026-05-16 16:23:37,ROBOT_02,52.21,9.684,1.558,47.63,34.41,15,정상
2026-05-16 16:23:37,ROBOT_03,50.84,11.612,1.735,46.873,36.41,15,정상
2026-05-16 16:23:37,ROBOT_04,51.88,10.085,1.856,46.337,37.5,15,정상
2026-05-16 17:16:38,ROBOT_01,54.78,9.246,1.926,47.633,36.08,15,정상
2026-05-16 17:16:38,ROBOT_02,56.3,10.09,2.239,46.796,34.79,15,정상
2026-05-16 17:16:38,ROBOT_03,54.11,9.429,1.989,47.443,36.74,15,정상
2026-05-16 17:16:38,ROBOT_04,58.45,9.808,1.705,46.519,36.9,15,정상
2026-05-16 18:09:38,ROBOT_01,51.14,10.762,1.734,47.819,38.24,15,정상
2026-05-16 18:09:38,ROBOT_02,52.79,9.4,2.031,47.954,36.33,15,정상
2026-05-16 18:09:38,ROBOT_03,54.09,10.649,1.795,47.174,38.04,15,정상
2026-05-16 18:09:38,ROBOT_04,54.1,10.8,1.737,47.172,37.5,15,정상
2026-05-16 19:02:39,ROBOT_01,55.33,9.12,1.233,47.212,36.6,15,정상
2026-05-16 19:02:39,ROBOT_02,57.5,11.299,2.186,47.325,36.1,15,주의
2026-05-16 19:02:39,ROBOT_03,56.6,9.997,1.978,48.378,38.11,15,정상
2026-05-16 19:02:39,ROBOT_04,53.81,11.45,1.878,46.458,39.62,15,정상
2026-05-16 19:55:40,ROBOT_01,55.04,9.21,1.973,47.489,33.5,15,정상
2026-05-16 19:55:40,ROBOT_02,51.78,9.923,1.785,47.898,34.34,15,정상
2026-05-16 19:55:40,ROBOT_03,56.56,9.885,2.364,47.663,35.03,15,주의
2026-05-16 19:55:40,ROBOT_04,51.95,10.236,1.987,46.904,39.03,15,정상
2026-05-16 20:48:41,ROBOT_01,56.51,9.072,1.809,47.232,34.69,15,정상
2026-05-16 20:48:41,ROBOT_02,53.39,9.108,1.718,46.321,34.9,15,정상
2026-05-16 20:48:41,ROBOT_03,56.13,9.556,1.684,47.88,35.42,15,정상
2026-05-16 20:48:41,ROBOT_04,57.11,11.416,1.981,46.518,39.37,15,정상
2026-05-16 21:41:42,ROBOT_01,57.08,9.162,2.092,47.48,37.29,15,정상
2026-05-16 21:41:42,ROBOT_02,51.12,10.271,2.289,47.758,37.29,15,정상
2026-05-16 21:41:42,ROBOT_03,50.83,9.882,1.568,47.787,36.32,15,정상
2026-05-16 21:41:42,ROBOT_04,55.9,10.813,1.736,47.25,36.55,15,정상
2026-05-16 22:34:42,ROBOT_01,52.13,9.045,2.293,48.64,33.77,15,정상
2026-05-16 22:34:42,ROBOT_02,50.25,10.417,2.012,47.711,39.35,15,정상
2026-05-16 22:34:42,ROBOT_03,50.03,8.759,1.91,47.084,37.96,15,정상
2026-05-16 22:34:42,ROBOT_04,58.22,9.669,2.136,47.542,37.86,15,정상
2026-05-16 23:27:43,ROBOT_01,53.04,9.928,1.886,47.98,35.82,15,정상
2026-05-16 23:27:43,ROBOT_02,52.8,9.161,2.158,46.904,33.79,15,정상
2026-05-16 23:27:43,ROBOT_03,54.38,9.411,1.787,46.915,33.68,15,정상
2026-05-16 23:27:43,ROBOT_04,49.06,8.965,2.647,47.373,37.29,15,정상
2026-05-17 00:20:44,ROBOT_01,49.9,10.153,1.648,48.252,33.98,16,정상
2026-05-17 00:20:44,ROBOT_02,51.87,8.514,2.382,46.943,35.56,16,정상
2026-05-17 00:20:44,ROBOT_03,49.61,8.677,2.343,48.643,34.74,16,정상
2026-05-17 00:20:44,ROBOT_04,56.41,10.035,2.006,47.047,35.18,16,정상
2026-05-17 01:13:45,ROBOT_01,53.12,9.674,1.796,47.914,32.34,16,정상
2026-05-17 01:13:45,ROBOT_02,55.33,9.09,1.735,47.337,33.76,16,정상
2026-05-17 01:13:45,ROBOT_03,45.14,8.963,1.643,47.962,30.68,16,정상
2026-05-17 01:13:45,ROBOT_04,52.98,9.936,1.804,47.574,36.25,16,정상
2026-05-17 02:06:46,ROBOT_01,55.34,9.959,1.694,47.683,35.41,16,정상
2026-05-17 02:06:46,ROBOT_02,52.4,9.863,1.976,47.863,33.51,16,정상
2026-05-17 02:06:46,ROBOT_03,51,9.04,2.142,48.177,34.48,16,정상
2026-05-17 02:06:46,ROBOT_04,51.65,9.58,1.984,46.789,36.01,16,정상
2026-05-17 02:59:46,ROBOT_01,50.22,9.435,1.888,47.429,33.5,16,정상
2026-05-17 02:59:46,ROBOT_02,51.51,8.78,2.059,46.756,34.05,16,정상
2026-05-17 02:59:46,ROBOT_03,51.94,9.129,1.816,48.266,36.31,16,정상
2026-05-17 02:59:46,ROBOT_04,54.57,8.777,2.05,47.283,35.67,16,정상
2026-05-17 03:52:47,ROBOT_01,45.39,9.46,1.929,47.85,35.66,16,정상
2026-05-17 03:52:47,ROBOT_02,52.03,8.091,1.893,46.819,30.33,16,정상
2026-05-17 03:52:47,ROBOT_03,46.05,8.598,2.005,48.233,36.6,16,정상
2026-05-17 03:52:47,ROBOT_04,49.16,7.602,1.776,47.15,34.64,16,정상
2026-05-17 04:45:48,ROBOT_01,49.65,9.292,2.022,47.557,34.52,16,정상
2026-05-17 04:45:48,ROBOT_02,50.16,9.16,1.757,47.483,34.23,16,정상
2026-05-17 04:45:48,ROBOT_03,50.84,10.017,2.209,48.029,32.92,16,정상
2026-05-17 04:45:48,ROBOT_04,52.76,9.548,1.722,47.571,36.61,16,정상
2026-05-17 05:38:49,ROBOT_01,53.47,9.754,1.941,47.495,36.48,16,정상
2026-05-17 05:38:49,ROBOT_02,48.17,8.975,2.028,48.213,33.87,16,정상
2026-05-17 05:38:49,ROBOT_03,54.04,9.027,1.825,48.075,34.39,16,정상
2026-05-17 05:38:49,ROBOT_04,48.87,9.206,1.878,47.267,36.16,16,정상
2026-05-17 06:31:50,ROBOT_01,51.32,9.776,1.769,48.495,33.39,16,정상
2026-05-17 06:31:50,ROBOT_02,50.76,9.519,1.83,47.64,33.49,16,정상
2026-05-17 06:31:50,ROBOT_03,49.41,7.647,1.939,48.438,32.7,16,정상
2026-05-17 06:31:50,ROBOT_04,51.78,10.546,2.332,46.731,36.44,16,정상
2026-05-17 07:24:50,ROBOT_01,50.78,8.021,2.73,48.149,30.11,16,정상
2026-05-17 07:24:50,ROBOT_02,49.03,8.776,1.792,47.199,31.7,16,정상
2026-05-17 07:24:50,ROBOT_03,51.16,10.375,1.97,49.001,31.75,16,정상
2026-05-17 07:24:50,ROBOT_04,49.45,8.757,1.868,48.036,34.09,16,정상
2026-05-17 08:17:51,ROBOT_01,51.23,9.478,1.954,48.573,32.29,16,정상
2026-05-17 08:17:51,ROBOT_02,47.97,9.403,2.259,47.803,34.64,16,정상
2026-05-17 08:17:51,ROBOT_03,47.6,9.585,2.306,48.334,34.11,16,정상
2026-05-17 08:17:51,ROBOT_04,52.05,8.157,1.763,47.733,35.01,16,정상
2026-05-17 09:10:52,ROBOT_01,50.37,8.035,1.48,47.72,33.53,16,정상
2026-05-17 09:10:52,ROBOT_02,47.27,8.823,1.977,46.681,37,16,정상
2026-05-17 09:10:52,ROBOT_03,48.08,9.141,1.359,48.575,32.07,16,정상
2026-05-17 09:10:52,ROBOT_04,48.29,8.177,1.679,47.407,32.03,16,정상
2026-05-17 10:03:53,ROBOT_01,46.22,7.92,1.882,47.519,33.31,16,정상
2026-05-17 10:03:53,ROBOT_02,54.59,9.223,1.51,47.331,34.8,16,정상
2026-05-17 10:03:53,ROBOT_03,52.04,8.246,1.561,48.114,32.29,16,정상
2026-05-17 10:03:53,ROBOT_04,50.65,9.825,1.941,47.678,32.75,16,정상
2026-05-17 10:56:53,ROBOT_01,51.47,8.907,1.559,48.335,33.95,16,정상
2026-05-17 10:56:53,ROBOT_02,49.9,9.382,2.064,47.428,32.55,16,정상
2026-05-17 10:56:53,ROBOT_03,51.91,10.055,1.709,48.682,37.29,16,정상
2026-05-17 10:56:53,ROBOT_04,52.53,8.066,2.377,47.685,34.57,16,정상
2026-05-17 11:49:54,ROBOT_01,52.01,9.715,1.818,47.847,35.64,16,정상
2026-05-17 11:49:54,ROBOT_02,51.39,9.513,1.667,47.096,36.69,16,정상
2026-05-17 11:49:54,ROBOT_03,51.1,8.977,1.48,48.377,34.48,16,정상
2026-05-17 11:49:54,ROBOT_04,55.94,9.952,1.585,46.926,35.6,16,정상
2026-05-17 12:42:55,ROBOT_01,50.58,10.896,1.703,47.529,36.75,16,정상
2026-05-17 12:42:55,ROBOT_02,54.86,9.23,1.941,47.76,32.6,16,정상
2026-05-17 12:42:55,ROBOT_03,48.82,9.296,2.115,48.151,34.22,16,정상
2026-05-17 12:42:55,ROBOT_04,54.18,8.132,2.114,47.65,35.52,16,정상
2026-05-17 13:35:56,ROBOT_01,49.37,9.309,1.497,47.242,34.95,16,정상
2026-05-17 13:35:56,ROBOT_02,53.09,10.772,2.095,47.059,40.83,16,정상
2026-05-17 13:35:56,ROBOT_03,50.41,9.092,1.585,47.919,35.65,16,정상
2026-05-17 13:35:56,ROBOT_04,53.88,8.896,2.125,47.193,34.94,16,정상
2026-05-17 14:28:57,ROBOT_01,52.43,9.694,1.821,47.832,35.83,16,정상
2026-05-17 14:28:57,ROBOT_02,54.54,9.467,1.802,47.082,35.8,16,정상
2026-05-17 14:28:57,ROBOT_03,56.34,9.382,2.107,48.057,35.59,16,정상
2026-05-17 14:28:57,ROBOT_04,59.2,10.399,2.309,46.953,35.47,16,정상
2026-05-17 15:21:57,ROBOT_01,51.55,9.405,2.013,47.031,36.09,16,정상
2026-05-17 15:21:57,ROBOT_02,55.44,10.097,2.081,47.573,35.47,16,정상
2026-05-17 15:21:57,ROBOT_03,47.84,9.358,1.919,47.684,35.6,16,정상
2026-05-17 15:21:57,ROBOT_04,54.32,10.611,1.883,46.326,40.12,16,정상
2026-05-17 16:14:58,ROBOT_01,53.41,10.419,1.984,47.641,34.63,16,정상
2026-05-17 16:14:58,ROBOT_02,52.66,9.143,1.63,47.616,35.48,16,정상
2026-05-17 16:14:58,ROBOT_03,51.08,9.504,2.458,47.951,35.29,16,정상
2026-05-17 16:14:58,ROBOT_04,61.08,10.907,1.972,47.326,35.6,16,정상
2026-05-17 17:07:59,ROBOT_01,53.71,9.345,1.744,47.201,36.68,16,정상
2026-05-17 17:07:59,ROBOT_02,54.27,8.947,2.136,47.756,36.02,16,정상
2026-05-17 17:07:59,ROBOT_03,53.82,10.275,1.984,47.104,34.05,16,정상
2026-05-17 17:07:59,ROBOT_04,57.17,9.492,2.188,47.7,38.8,16,정상
2026-05-17 18:01:00,ROBOT_01,56.36,9.273,2.041,46.938,39.94,16,정상
2026-05-17 18:01:00,ROBOT_02,54,9.452,1.344,47.983,39.21,16,정상
2026-05-17 18:01:00,ROBOT_03,54.4,9.745,1.719,47.532,35.52,16,정상
2026-05-17 18:01:00,ROBOT_04,56.26,10.834,2.29,46.928,39.09,16,정상
2026-05-17 18:54:01,ROBOT_01,57.52,10.849,1.627,47.321,38.24,16,정상
2026-05-17 18:54:01,ROBOT_02,53.24,10.18,1.793,47.047,38.36,16,정상
2026-05-17 18:54:01,ROBOT_03,54.39,10.729,2.05,47.339,35.61,16,정상
2026-05-17 18:54:01,ROBOT_04,55.96,9.307,2.221,47.694,36.23,16,정상
2026-05-17 19:47:01,ROBOT_01,57.36,9.45,1.832,48.243,35.94,16,정상
2026-05-17 19:47:01,ROBOT_02,55.38,10.494,2.142,47.245,38.8,16,정상
2026-05-17 19:47:01,ROBOT_03,57.06,11.06,2.139,47.368,39.63,16,정상
2026-05-17 19:47:01,ROBOT_04,50.26,11.19,2.408,47.949,39.73,16,정상
2026-05-17 20:40:02,ROBOT_01,55.43,9.938,1.826,47.392,36.91,16,정상
2026-05-17 20:40:02,ROBOT_02,55.05,10.107,2.411,47.316,33.92,16,정상
2026-05-17 20:40:02,ROBOT_03,50.36,9.529,1.79,47.783,36.86,16,정상
2026-05-17 20:40:02,ROBOT_04,58.24,10.552,1.969,46.978,40.32,16,정상
2026-05-17 21:33:03,ROBOT_01,53.32,9.599,1.93,47.248,36.77,16,정상
2026-05-17 21:33:03,ROBOT_02,51.88,10.284,1.848,47.331,37.99,16,정상
2026-05-17 21:33:03,ROBOT_03,55.33,10.403,1.799,47.491,35.45,16,정상
2026-05-17 21:33:03,ROBOT_04,52.09,10.782,2.17,46.65,36.41,16,정상
2026-05-17 22:26:04,ROBOT_01,56.2,10.209,1.874,47.313,38.16,16,정상
2026-05-17 22:26:04,ROBOT_02,57.14,10.726,2.195,47.434,34.02,16,정상
2026-05-17 22:26:04,ROBOT_03,53.84,10.577,1.721,47.76,38.42,16,정상
2026-05-17 22:26:04,ROBOT_04,51.02,9.442,2.311,47.192,34.59,16,정상
2026-05-17 23:19:05,ROBOT_01,55.45,9.572,1.605,48.005,37.67,16,정상
2026-05-17 23:19:05,ROBOT_02,52.77,9.078,1.961,47.204,36.96,16,정상
2026-05-17 23:19:05,ROBOT_03,55.04,9.236,2.15,47.819,36.07,16,정상
2026-05-17 23:19:05,ROBOT_04,52.18,10.539,2.038,46.778,35.97,16,정상
2026-05-18 00:12:05,ROBOT_01,56.86,9.994,2.425,47.712,39.14,17,정상
2026-05-18 00:12:05,ROBOT_02,55.37,9.391,1.361,47.59,37.16,17,정상
2026-05-18 00:12:05,ROBOT_03,56.85,9.526,1.784,47.789,36.25,17,정상
2026-05-18 00:12:05,ROBOT_04,54.27,8.652,2.233,46.77,36.16,17,정상
2026-05-18 01:05:06,ROBOT_01,48.54,9.528,1.772,47.45,35.28,17,정상
2026-05-18 01:05:06,ROBOT_02,52.6,8.572,2.277,47.387,31.67,17,정상
2026-05-18 01:05:06,ROBOT_03,55.68,9.736,1.336,48.11,35.02,17,정상
2026-05-18 01:05:06,ROBOT_04,55.82,9.925,2.079,47.59,41.75,17,정상
2026-05-18 01:58:07,ROBOT_01,48.82,7.424,2.227,47.456,30.16,17,정상
2026-05-18 01:58:07,ROBOT_02,50.91,9.036,1.805,47.159,34.86,17,정상
2026-05-18 01:58:07,ROBOT_03,52.19,9.931,2.032,47.851,36.53,17,정상
2026-05-18 01:58:07,ROBOT_04,57.44,9.018,1.855,46.667,38.75,17,정상
2026-05-18 02:51:08,ROBOT_01,53.72,10.148,2.325,47.683,33.75,17,정상
2026-05-18 02:51:08,ROBOT_02,53.37,8.18,1.849,47.823,35.85,17,정상
2026-05-18 02:51:08,ROBOT_03,48.76,9.676,2.325,48.054,33.58,17,정상
2026-05-18 02:51:08,ROBOT_04,51.97,9.734,2.12,46.192,36.16,17,정상
2026-05-18 03:44:09,ROBOT_01,51.66,9.135,1.068,47.675,33.01,17,정상
2026-05-18 03:44:09,ROBOT_02,52.35,8.648,1.784,47.853,31.83,17,정상
2026-05-18 03:44:09,ROBOT_03,47.25,9.84,2.086,47.64,32.12,17,정상
2026-05-18 03:44:09,ROBOT_04,54.26,9.885,1.673,47.294,35.13,17,정상
2026-05-18 04:37:09,ROBOT_01,49.74,8.491,1.57,47.345,37.94,17,정상
2026-05-18 04:37:09,ROBOT_02,52.95,9.888,2.38,47.364,36.42,17,정상
2026-05-18 04:37:09,ROBOT_03,46.59,10.091,1.778,47.863,37.29,17,정상
2026-05-18 04:37:09,ROBOT_04,53.58,9.02,1.769,47.482,36.8,17,정상
2026-05-18 05:30:10,ROBOT_01,51.38,9.353,2.054,48.142,33.54,17,정상
2026-05-18 05:30:10,ROBOT_02,63.2,12.145,4.289,45.432,42.23,17,주의
2026-05-18 05:30:10,ROBOT_03,47.55,8.719,2.128,48.43,35.34,17,정상
2026-05-18 05:30:10,ROBOT_04,56.08,8.578,2.493,47.088,36.46,17,정상
2026-05-18 06:23:11,ROBOT_01,50.34,8.531,2.432,47.688,36.09,17,정상
2026-05-18 06:23:11,ROBOT_02,48.53,8.83,1.471,47.857,31.92,17,정상
2026-05-18 06:23:11,ROBOT_03,47.31,9.058,1.931,48.356,34.45,17,정상
2026-05-18 06:23:11,ROBOT_04,54.68,10.338,1.974,46.244,34.83,17,정상
2026-05-18 07:16:12,ROBOT_01,49.07,9.046,2.362,48.693,36.07,17,정상
2026-05-18 07:16:12,ROBOT_02,48.85,8.156,1.397,46.944,32.83,17,정상
2026-05-18 07:16:12,ROBOT_03,48.43,8.122,1.941,47.732,32.39,17,정상
2026-05-18 07:16:12,ROBOT_04,52.6,7.524,2.372,46.999,33.15,17,정상
2026-05-18 08:09:12,ROBOT_01,51.63,8.149,2.355,48.303,32.99,17,정상
2026-05-18 08:09:12,ROBOT_02,50.22,9.102,1.905,47.57,34.67,17,정상
2026-05-18 08:09:12,ROBOT_03,54.41,9.585,2.549,48.502,32.73,17,정상
2026-05-18 08:09:12,ROBOT_04,54.97,9.761,2.169,46.808,36.53,17,정상
2026-05-18 09:02:13,ROBOT_01,47.51,10.022,2.419,47.42,35.18,17,정상
2026-05-18 09:02:13,ROBOT_02,50.66,8.728,1.873,47.444,32.91,17,정상
2026-05-18 09:02:13,ROBOT_03,48.28,9.526,2.318,47.657,35.33,17,정상
2026-05-18 09:02:13,ROBOT_04,47.98,8.967,1.701,48.132,30.33,17,정상
2026-05-18 09:55:14,ROBOT_01,56.52,8.611,1.798,47.539,36.51,17,정상
2026-05-18 09:55:14,ROBOT_02,48.16,9.834,2.002,47.846,35.92,17,정상
2026-05-18 09:55:14,ROBOT_03,51.53,7.823,1.843,48.035,35.3,17,정상
2026-05-18 09:55:14,ROBOT_04,56.32,9.68,1.899,47.728,35.58,17,정상
2026-05-18 10:48:15,ROBOT_01,53.11,9.645,2,48.576,35.68,17,정상
2026-05-18 10:48:15,ROBOT_02,50.8,10.026,1.711,47.809,37.48,17,정상
2026-05-18 10:48:15,ROBOT_03,47.87,8.25,1.678,48.113,35.91,17,정상
2026-05-18 10:48:15,ROBOT_04,53.82,11.097,1.887,47.546,34.6,17,정상
2026-05-18 11:41:16,ROBOT_01,53.95,9.177,1.654,46.69,35.57,17,정상
2026-05-18 11:41:16,ROBOT_02,47.98,9.416,2.025,47.804,31.38,17,정상
2026-05-18 11:41:16,ROBOT_03,51.57,10.126,1.585,47.345,32.54,17,정상
2026-05-18 11:41:16,ROBOT_04,53.13,9.053,1.506,47.739,37.11,17,정상
2026-05-18 12:34:16,ROBOT_01,55.04,10.54,1.83,47.819,36.05,17,정상
2026-05-18 12:34:16,ROBOT_02,51.78,9.375,1.973,47.063,37.12,17,정상
2026-05-18 12:34:16,ROBOT_03,49.53,9.213,2.406,48.456,31.04,17,정상
2026-05-18 12:34:16,ROBOT_04,51.24,9.867,2.49,46.912,37.68,17,정상
2026-05-18 13:27:17,ROBOT_01,54.58,10.543,1.96,47.259,33.55,17,정상
2026-05-18 13:27:17,ROBOT_02,56.11,9.279,2.194,47.7,37.37,17,정상
2026-05-18 13:27:17,ROBOT_03,55.05,9.386,2.488,47.781,36.92,17,정상
2026-05-18 13:27:17,ROBOT_04,56.12,9.618,2.522,47.414,34.44,17,정상
2026-05-18 14:20:18,ROBOT_01,54.38,10.108,1.69,47.032,32.27,17,정상
2026-05-18 14:20:18,ROBOT_02,59.49,10.584,2.476,47.323,39.73,17,정상
2026-05-18 14:20:18,ROBOT_03,50.69,9.33,2.439,47.362,39.96,17,정상
2026-05-18 14:20:18,ROBOT_04,55.03,9.295,2.042,47.117,33.5,17,정상
2026-05-18 15:13:19,ROBOT_01,54.63,9.197,1.741,47.287,34.75,17,정상
2026-05-18 15:13:19,ROBOT_02,52.23,10.345,2.079,47.218,37.14,17,정상
2026-05-18 15:13:19,ROBOT_03,50.12,9.051,2.085,47.902,31.34,17,정상
2026-05-18 15:13:19,ROBOT_04,53.57,10.192,1.764,47.263,36.67,17,정상
2026-05-18 16:06:20,ROBOT_01,52.99,8.92,1.945,47.998,34.34,17,정상
2026-05-18 16:06:20,ROBOT_02,58.13,10.869,2.201,46.741,39.81,17,정상
2026-05-18 16:06:20,ROBOT_03,51.13,10.907,2.38,47.562,37.16,17,정상
2026-05-18 16:06:20,ROBOT_04,57.19,9.662,2.206,46.989,39.59,17,정상
2026-05-18 16:59:20,ROBOT_01,54.09,9.956,2.43,47.311,36.82,17,정상
2026-05-18 16:59:20,ROBOT_02,55.15,8.666,2.444,47.077,33.62,17,정상
2026-05-18 16:59:20,ROBOT_03,52.41,9.405,2.095,47.587,35.86,17,정상
2026-05-18 16:59:20,ROBOT_04,58.44,11.392,2.6,46.554,38.96,17,주의
2026-05-18 17:52:21,ROBOT_01,56.68,10.153,1.184,47.773,35.88,17,정상
2026-05-18 17:52:21,ROBOT_02,56.98,10.026,2.402,47.894,35.5,17,정상
2026-05-18 17:52:21,ROBOT_03,54.1,9.084,2.471,47.359,37.46,17,정상
2026-05-18 17:52:21,ROBOT_04,57.52,9.375,1.914,46.882,40.1,17,정상
2026-05-18 18:45:22,ROBOT_01,53.93,9.386,1.987,46.482,38.33,17,정상
2026-05-18 18:45:22,ROBOT_02,53.07,11.101,2.452,46.857,37.92,17,정상
2026-05-18 18:45:22,ROBOT_03,53.49,10.359,2.054,47.681,33.77,17,정상
2026-05-18 18:45:22,ROBOT_04,54.63,10.196,1.356,47.126,38.11,17,정상
2026-05-18 19:38:23,ROBOT_01,53.98,10.067,1.76,48.09,35.69,17,정상
2026-05-18 19:38:23,ROBOT_02,56.77,10.187,1.916,47.159,36.04,17,정상
2026-05-18 19:38:23,ROBOT_03,44.37,9.153,2.33,48.442,37.6,17,정상
2026-05-18 19:38:23,ROBOT_04,56.22,11.011,1.806,46.925,34.5,17,정상
2026-05-18 20:31:24,ROBOT_01,50.72,10.857,2.193,47.888,38.8,17,정상
2026-05-18 20:31:24,ROBOT_02,56.24,8.941,1.848,47.345,38.77,17,정상
2026-05-18 20:31:24,ROBOT_03,54.17,9.812,1.645,47.655,38.67,17,정상
2026-05-18 20:31:24,ROBOT_04,59.33,11.245,1.981,46.624,34.58,17,정상
2026-05-18 21:24:24,ROBOT_01,53.55,9.6,2.318,47.483,37.01,17,정상
2026-05-18 21:24:24,ROBOT_02,49.55,10.228,1.89,46.693,33.75,17,정상
2026-05-18 21:24:24,ROBOT_03,57.37,10.328,1.435,47.458,39.4,17,정상
2026-05-18 21:24:24,ROBOT_04,55.46,10.258,2.628,47.146,37.21,17,정상
2026-05-18 22:17:25,ROBOT_01,55.74,9.891,2.225,48.239,33.14,17,정상
2026-05-18 22:17:25,ROBOT_02,55.81,11.385,2.369,46.935,37.42,17,정상
2026-05-18 22:17:25,ROBOT_03,54.96,10.008,2.393,48.079,35.03,17,정상
2026-05-18 22:17:25,ROBOT_04,56.12,10.509,2.453,47.334,39.34,17,정상
2026-05-18 23:10:26,ROBOT_01,54.14,9.962,2.029,47.731,35.5,17,정상
2026-05-18 23:10:26,ROBOT_02,51.13,10.227,2.257,47.414,35.26,17,정상
2026-05-18 23:10:26,ROBOT_03,52.01,8.894,1.68,47.419,33.97,17,정상
2026-05-18 23:10:26,ROBOT_04,57.44,8.903,2.319,46.978,38.37,17,정상
2026-05-19 00:03:27,ROBOT_01,53.96,9.825,2.157,47.467,36.03,18,정상
2026-05-19 00:03:27,ROBOT_02,48.98,9.069,2.418,47.35,35.53,18,정상
2026-05-19 00:03:27,ROBOT_03,54.51,9.24,2.1,47.873,34.24,18,정상
2026-05-19 00:03:27,ROBOT_04,55.82,9.769,2.136,46.411,37.47,18,정상
2026-05-19 00:56:28,ROBOT_01,51.8,9.657,2.053,48.114,34.84,18,정상
2026-05-19 00:56:28,ROBOT_02,56.79,9.214,2.36,47.465,36.61,18,정상
2026-05-19 00:56:28,ROBOT_03,48.98,10.388,2.091,48.382,32.54,18,정상
2026-05-19 00:56:28,ROBOT_04,54.66,9.218,2.084,47.034,35.27,18,정상
2026-05-19 01:49:28,ROBOT_01,53.45,8.637,2.312,47.381,32.32,18,정상
2026-05-19 01:49:28,ROBOT_02,52.29,8.209,2.019,47.937,35.32,18,정상
2026-05-19 01:49:28,ROBOT_03,53.78,10.127,1.703,47.627,34.85,18,정상
2026-05-19 01:49:28,ROBOT_04,53.47,9.951,1.875,47.653,38.19,18,정상
2026-05-19 02:42:29,ROBOT_01,50.26,8.687,1.844,47.617,34.7,18,정상
2026-05-19 02:42:29,ROBOT_02,51.8,9.39,2.177,47.281,36.31,18,정상
2026-05-19 02:42:29,ROBOT_03,50.7,9.748,1.64,48.114,31.9,18,정상
2026-05-19 02:42:29,ROBOT_04,51.61,9.415,1.722,47.421,35.1,18,정상
2026-05-19 03:35:30,ROBOT_01,47.66,10.796,1.827,47.289,38.45,18,정상
2026-05-19 03:35:30,ROBOT_02,52.28,9.039,2.419,47.584,32.26,18,정상
2026-05-19 03:35:30,ROBOT_03,49.64,9.863,2.041,48.328,35.61,18,정상
2026-05-19 03:35:30,ROBOT_04,50.84,9.161,1.896,47.636,34.83,18,정상
2026-05-19 04:28:31,ROBOT_01,56.78,8.538,1.993,48.229,38.88,18,정상
2026-05-19 04:28:31,ROBOT_02,53.74,8.467,1.923,48,34.16,18,정상
2026-05-19 04:28:31,ROBOT_03,49.13,9.209,2.007,47.96,33.72,18,정상
2026-05-19 04:28:31,ROBOT_04,52.21,9.703,1.709,47.931,34.65,18,정상
2026-05-19 05:21:31,ROBOT_01,47.41,9.19,2.002,48.19,34.68,18,정상
2026-05-19 05:21:31,ROBOT_02,51.17,8.686,2.417,47.794,30.64,18,정상
2026-05-19 05:21:31,ROBOT_03,51.19,9.608,1.786,48.032,32.7,18,정상
2026-05-19 05:21:31,ROBOT_04,49.22,9.211,1.634,48.534,34.36,18,정상
2026-05-19 06:14:32,ROBOT_01,49.35,8.694,1.783,49.077,32.68,18,정상
2026-05-19 06:14:32,ROBOT_02,47.36,8.571,2.295,48.391,30.36,18,정상
2026-05-19 06:14:32,ROBOT_03,49.86,7.684,2.317,48.003,32.02,18,정상
2026-05-19 06:14:32,ROBOT_04,52.25,8.833,2.091,47.767,33.17,18,정상
2026-05-19 07:07:33,ROBOT_01,52.37,8.834,2.213,47.713,33.69,18,정상
2026-05-19 07:07:33,ROBOT_02,50.27,7.615,2.01,48.051,33.41,18,정상
2026-05-19 07:07:33,ROBOT_03,50.1,8.344,2.128,48.582,33.51,18,정상
2026-05-19 07:07:33,ROBOT_04,51,9.081,1.681,47.575,35.48,18,정상
2026-05-19 08:00:34,ROBOT_01,48.37,9.4,2.11,48.156,34.02,18,정상
2026-05-19 08:00:34,ROBOT_02,51.54,7.973,2.697,48.556,37.23,18,정상
2026-05-19 08:00:34,ROBOT_03,50.75,8.542,2.037,47.904,35.51,18,정상
2026-05-19 08:00:34,ROBOT_04,56.51,9.102,2.421,47.254,34.59,18,정상
2026-05-19 08:53:35,ROBOT_01,45.76,8.152,1.213,48.385,32.75,18,정상
2026-05-19 08:53:35,ROBOT_02,52.88,9.743,2.261,46.826,36.45,18,정상
2026-05-19 08:53:35,ROBOT_03,47.45,9.663,1.836,48.095,35.1,18,정상
2026-05-19 08:53:35,ROBOT_04,50.76,10.835,1.533,46.617,33.52,18,정상
2026-05-19 09:46:35,ROBOT_01,50.36,9.042,2.159,48.176,34.83,18,정상
2026-05-19 09:46:35,ROBOT_02,50.41,9.274,2.16,47.141,37.73,18,정상
2026-05-19 09:46:35,ROBOT_03,49.73,9.01,2.149,48.577,34.14,18,정상
2026-05-19 09:46:35,ROBOT_04,49.49,8.268,1.65,47.229,37.51,18,정상
2026-05-19 10:39:36,ROBOT_01,47.24,9.939,1.783,47.833,33.88,18,정상
2026-05-19 10:39:36,ROBOT_02,50.98,9.144,1.991,48.425,31.26,18,정상
2026-05-19 10:39:36,ROBOT_03,52.63,10.462,1.741,48.629,31.87,18,정상
2026-05-19 10:39:36,ROBOT_04,55.56,11.024,1.952,47.297,35.4,18,정상
2026-05-19 11:32:37,ROBOT_01,49.33,7.956,2.27,47.513,37.19,18,정상
2026-05-19 11:32:37,ROBOT_02,48.46,9.045,1.864,47.849,33.62,18,정상
2026-05-19 11:32:37,ROBOT_03,46.15,9.509,2.211,47.743,35.79,18,정상
2026-05-19 11:32:37,ROBOT_04,51.08,9.642,2.387,47.342,33.23,18,정상
2026-05-19 12:25:38,ROBOT_01,50.32,9.038,2.591,48.403,36.32,18,정상
2026-05-19 12:25:38,ROBOT_02,44.52,7.808,2.053,47.519,35.98,18,정상
2026-05-19 12:25:38,ROBOT_03,52.97,9.064,1.914,47.466,33.08,18,정상
2026-05-19 12:25:38,ROBOT_04,51.6,10.149,1.857,47.209,30.07,18,정상
2026-05-19 13:18:39,ROBOT_01,53.19,8.311,1.938,48.37,34.78,18,정상
2026-05-19 13:18:39,ROBOT_02,56.51,10.806,1.653,47.023,34.22,18,정상
2026-05-19 13:18:39,ROBOT_03,46.96,9.861,2.541,47.976,34.34,18,정상
2026-05-19 13:18:39,ROBOT_04,49.9,9.01,2.095,46.939,38.12,18,정상
2026-05-19 14:11:39,ROBOT_01,56.2,10.202,2.235,47.811,37.4,18,정상
2026-05-19 14:11:39,ROBOT_02,55.66,9.632,1.957,46.011,38.29,18,정상
2026-05-19 14:11:39,ROBOT_03,53.91,8.596,2.371,47.763,34.96,18,정상
2026-05-19 14:11:39,ROBOT_04,55.01,10.087,1.943,47.086,36.89,18,정상
2026-05-19 15:04:40,ROBOT_01,49.68,8.974,2.069,48.358,38.31,18,정상
2026-05-19 15:04:40,ROBOT_02,55.64,9.607,1.809,47.338,36.39,18,정상
2026-05-19 15:04:40,ROBOT_03,56.06,10.143,2.095,46.859,32.91,18,정상
2026-05-19 15:04:40,ROBOT_04,55.06,8.364,2.144,47.506,34.79,18,정상
2026-05-19 15:57:41,ROBOT_01,56.5,10.85,1.899,47.441,36.18,18,정상
2026-05-19 15:57:41,ROBOT_02,53.07,10.088,2.222,47.142,34.92,18,정상
2026-05-19 15:57:41,ROBOT_03,52.67,8.543,1.955,47.22,35.73,18,정상
2026-05-19 15:57:41,ROBOT_04,56.04,10.717,2.648,47.161,38.92,18,정상
2026-05-19 16:50:42,ROBOT_01,53.89,10.235,1.755,47.191,37.13,18,정상
2026-05-19 16:50:42,ROBOT_02,58.16,8.924,2.345,46.619,35.74,18,정상
2026-05-19 16:50:42,ROBOT_03,53.26,10.652,2.168,47.368,34.71,18,정상
2026-05-19 16:50:42,ROBOT_04,56.06,9.972,2.092,47.935,38.44,18,정상
2026-05-19 17:43:43,ROBOT_01,53.31,10.407,2.545,47.044,41.44,18,정상
2026-05-19 17:43:43,ROBOT_02,57.27,10.815,2.291,46.57,37.38,18,정상
2026-05-19 17:43:43,ROBOT_03,52.86,10.165,1.915,47.54,38.76,18,정상
2026-05-19 17:43:43,ROBOT_04,54.99,9.989,1.8,47.363,36.95,18,정상
2026-05-19 18:36:43,ROBOT_01,55.02,10.908,1.954,47.579,37.63,18,정상
2026-05-19 18:36:43,ROBOT_02,53.82,9.59,1.896,47.149,39.28,18,정상
2026-05-19 18:36:43,ROBOT_03,58.79,10.329,1.722,47.5,36.92,18,정상
2026-05-19 18:36:43,ROBOT_04,54.99,10.265,1.768,47.237,37.83,18,정상
2026-05-19 19:29:44,ROBOT_01,56.95,10.809,2.034,47.426,36.79,18,정상
2026-05-19 19:29:44,ROBOT_02,55.47,9.668,2.324,47,35.1,18,정상
2026-05-19 19:29:44,ROBOT_03,53.62,9.149,2.212,46.541,37.83,18,정상
2026-05-19 19:29:44,ROBOT_04,63.02,11.265,2.342,47.272,41.26,18,주의
2026-05-19 20:22:45,ROBOT_01,58.89,9.957,1.84,48.109,37.81,18,정상
2026-05-19 20:22:45,ROBOT_02,48.97,10.828,1.734,47.12,39.53,18,정상
2026-05-19 20:22:45,ROBOT_03,55.96,10.192,1.735,46.974,34.95,18,정상
2026-05-19 20:22:45,ROBOT_04,59.03,9.523,2.346,46.4,39.8,18,정상
2026-05-19 21:15:46,ROBOT_01,53.97,9.08,1.937,47.826,35.77,18,정상
2026-05-19 21:15:46,ROBOT_02,68.45,12.732,4.675,45.447,46.75,18,주의
2026-05-19 21:15:46,ROBOT_03,53.31,10.265,2.299,47.756,37.9,18,정상
2026-05-19 21:15:46,ROBOT_04,53.87,8.765,1.926,46.778,37.7,18,정상
2026-05-19 22:08:47,ROBOT_01,53.03,9.654,1.913,46.893,37.37,18,정상
2026-05-19 22:08:47,ROBOT_02,53.87,10.092,2.034,47.091,35.48,18,정상
2026-05-19 22:08:47,ROBOT_03,50.3,9.053,2.01,48.19,36.29,18,정상
2026-05-19 22:08:47,ROBOT_04,54.18,9.957,1.988,47.454,35.6,18,정상
2026-05-19 23:01:47,ROBOT_01,51.55,10.108,2.01,48.702,37.86,18,정상
2026-05-19 23:01:47,ROBOT_02,51.39,9.666,2.068,48.23,35.53,18,정상
2026-05-19 23:01:47,ROBOT_03,51.53,9.659,2.448,47.434,36.52,18,정상
2026-05-19 23:01:47,ROBOT_04,59.1,11.739,2.225,46.116,36.58,18,정상
2026-05-19 23:54:48,ROBOT_01,52.64,10.593,1.892,47.787,36.76,18,정상
2026-05-19 23:54:48,ROBOT_02,54.81,9.572,2.007,47.637,35.64,18,정상
2026-05-19 23:54:48,ROBOT_03,53.95,9.456,1.433,46.962,31.24,18,정상
2026-05-19 23:54:48,ROBOT_04,52.69,9.92,1.873,46.801,36.31,18,정상
2026-05-20 00:47:49,ROBOT_01,54.45,10.067,2.111,47.855,33.08,19,정상
2026-05-20 00:47:49,ROBOT_02,53.73,10.038,2.103,47.252,38.13,19,정상
2026-05-20 00:47:49,ROBOT_03,56.47,11.119,1.88,47.974,34.92,19,정상
2026-05-20 00:47:49,ROBOT_04,53.52,10.792,1.878,47.884,34.81,19,정상
2026-05-20 01:40:50,ROBOT_01,50.25,8.908,1.628,47.165,36.1,19,정상
2026-05-20 01:40:50,ROBOT_02,54.09,9.459,2.214,47.443,34.59,19,정상
2026-05-20 01:40:50,ROBOT_03,46.03,9.195,1.792,48.384,31.38,19,정상
2026-05-20 01:40:50,ROBOT_04,58.07,9.173,2.871,45.854,36.65,19,정상
2026-05-20 02:33:51,ROBOT_01,53.34,9.95,2.13,47.409,34.67,19,정상
2026-05-20 02:33:51,ROBOT_02,52.42,8.846,1.865,47.177,31.61,19,정상
2026-05-20 02:33:51,ROBOT_03,51.37,8.408,2.139,47.775,34.59,19,정상
2026-05-20 02:33:51,ROBOT_04,54.35,9.539,2.004,46.845,34.68,19,정상
2026-05-20 03:26:51,ROBOT_01,49.73,9.711,1.979,46.575,34.05,19,정상
2026-05-20 03:26:51,ROBOT_02,54.21,9.824,1.778,47.527,37.05,19,정상
2026-05-20 03:26:51,ROBOT_03,45.85,9.541,2.128,48.677,34.14,19,정상
2026-05-20 03:26:51,ROBOT_04,56.76,9.646,2.291,47.167,37.19,19,정상
2026-05-20 04:19:52,ROBOT_01,54.13,9.789,1.938,47.279,33.96,19,정상
2026-05-20 04:19:52,ROBOT_02,47.34,8.655,2.075,48.894,33.12,19,정상
2026-05-20 04:19:52,ROBOT_03,51.99,8.298,2.442,47.669,35.64,19,정상
2026-05-20 04:19:52,ROBOT_04,55.35,8.899,2.263,47.637,37.71,19,정상
2026-05-20 05:12:53,ROBOT_01,47.85,7.88,1.594,48.642,31.6,19,정상
2026-05-20 05:12:53,ROBOT_02,52.74,8.75,1.502,46.805,33.81,19,정상
2026-05-20 05:12:53,ROBOT_03,52.46,9.35,1.882,47.553,33.97,19,정상
2026-05-20 05:12:53,ROBOT_04,54.08,10.064,2.195,47.908,34.16,19,정상
2026-05-20 06:05:54,ROBOT_01,49.81,8.382,1.844,47.584,31.62,19,정상
2026-05-20 06:05:54,ROBOT_02,51.38,9.62,2.117,47.965,33.3,19,정상
2026-05-20 06:05:54,ROBOT_03,45.3,8.999,1.818,48.862,33.77,19,정상
2026-05-20 06:05:54,ROBOT_04,58.73,9.563,2.071,47.454,34.45,19,정상
2026-05-20 06:58:54,ROBOT_01,52.34,10.036,1.896,47.709,33.28,19,정상
2026-05-20 06:58:54,ROBOT_02,46.83,9.029,1.85,47.783,30.99,19,정상
2026-05-20 06:58:54,ROBOT_03,49.64,8.905,1.522,47.074,30.71,19,정상
2026-05-20 06:58:54,ROBOT_04,54.83,9.273,1.944,47.411,33.59,19,정상
2026-05-20 07:51:55,ROBOT_01,56.13,9.284,1.853,48.059,35.95,19,정상
2026-05-20 07:51:55,ROBOT_02,48.8,8.879,1.985,47.944,32.59,19,정상
2026-05-20 07:51:55,ROBOT_03,48.08,7.753,2.055,47.949,33.74,19,정상
2026-05-20 07:51:55,ROBOT_04,54.07,9.436,2.145,45.622,35.73,19,정상
2026-05-20 08:44:56,ROBOT_01,50.19,8.306,1.986,48.284,35.22,19,정상
2026-05-20 08:44:56,ROBOT_02,50.04,8.861,1.863,47.304,35.45,19,정상
2026-05-20 08:44:56,ROBOT_03,51.87,9.437,1.8,48.252,32,19,정상
2026-05-20 08:44:56,ROBOT_04,52.22,10.192,2.394,47.202,35.52,19,정상
2026-05-20 09:37:57,ROBOT_01,51.27,8.851,2.029,48.589,33.27,19,정상
2026-05-20 09:37:57,ROBOT_02,53.62,8.224,2.006,47.357,34.3,19,정상
2026-05-20 09:37:57,ROBOT_03,49.7,9.549,1.996,47.841,31.66,19,정상
2026-05-20 09:37:57,ROBOT_04,48.27,9.705,2.272,46.831,31.08,19,정상
2026-05-20 10:30:58,ROBOT_01,50.69,9.371,2.118,47.833,33.22,19,정상
2026-05-20 10:30:58,ROBOT_02,53.62,8.218,1.826,47.197,30.86,19,정상
2026-05-20 10:30:58,ROBOT_03,46.45,9.843,1.911,47.913,31.74,19,정상
2026-05-20 10:30:58,ROBOT_04,54.95,8.709,1.728,46.964,35.52,19,정상
2026-05-20 11:23:58,ROBOT_01,49.38,10.219,1.847,47.252,35.23,19,정상
2026-05-20 11:23:58,ROBOT_02,53.62,9.546,2.385,47.129,33.74,19,정상
2026-05-20 11:23:58,ROBOT_03,52.29,8.756,1.924,48.131,35.68,19,정상
2026-05-20 11:23:58,ROBOT_04,58.44,8.713,2.237,47.666,35.28,19,정상
2026-05-20 12:16:59,ROBOT_01,49.9,10.946,2.064,47.042,35.55,19,정상
2026-05-20 12:16:59,ROBOT_02,53.76,9.242,2.074,47.876,35.13,19,정상
2026-05-20 12:16:59,ROBOT_03,49.43,7.947,1.783,47.36,32.45,19,정상
2026-05-20 12:16:59,ROBOT_04,49.03,9.187,2.194,47.897,37.73,19,정상
2026-05-20 13:10:00,ROBOT_01,56.33,8.013,1.808,46.525,37.19,19,정상
2026-05-20 13:10:00,ROBOT_02,52.22,10.039,1.605,47.552,35.92,19,정상
2026-05-20 13:10:00,ROBOT_03,51.76,10.326,2.046,47.606,34.28,19,정상
2026-05-20 13:10:00,ROBOT_04,56.71,10.163,2.03,47.136,37.69,19,정상
2026-05-20 14:03:01,ROBOT_01,54.93,9.47,2.214,46.787,38.84,19,정상
2026-05-20 14:03:01,ROBOT_02,56.46,10.262,1.997,46.953,37.44,19,정상
2026-05-20 14:03:01,ROBOT_03,52.64,9.958,2.045,47.28,35.57,19,정상
2026-05-20 14:03:01,ROBOT_04,53.48,8.967,1.651,47.379,35.03,19,정상
2026-05-20 14:56:02,ROBOT_01,56.11,9.84,2.202,46.794,39.34,19,정상
2026-05-20 14:56:02,ROBOT_02,54.15,10.163,2.457,47.676,37.13,19,정상
2026-05-20 14:56:02,ROBOT_03,53.34,10.515,2.249,48.304,33.37,19,정상
2026-05-20 14:56:02,ROBOT_04,53.23,8.828,2.03,46.511,37.7,19,정상
2026-05-20 15:49:02,ROBOT_01,58.1,9.331,2.475,47.696,34.11,19,정상
2026-05-20 15:49:02,ROBOT_02,58.91,11.704,2.387,46.992,37.98,19,주의
2026-05-20 15:49:02,ROBOT_03,53.99,9.843,1.835,47.241,34.43,19,정상
2026-05-20 15:49:02,ROBOT_04,56.64,10.843,2.119,46.649,35.43,19,정상
2026-05-20 16:42:03,ROBOT_01,53.75,10.367,2.721,47.684,36.53,19,정상
2026-05-20 16:42:03,ROBOT_02,57.13,10.13,1.76,46.51,37.21,19,정상
2026-05-20 16:42:03,ROBOT_03,53.32,8.75,2.351,47.86,39.45,19,정상
2026-05-20 16:42:03,ROBOT_04,52.27,11.632,2.253,47.664,36.35,19,정상
2026-05-20 17:35:04,ROBOT_01,58.41,10.625,2.455,47.045,38.37,19,정상
2026-05-20 17:35:04,ROBOT_02,49.41,9.129,1.566,48.582,33.42,19,정상
2026-05-20 17:35:04,ROBOT_03,55.05,11.899,2.664,47.207,36.15,19,정상
2026-05-20 17:35:04,ROBOT_04,54.42,10.053,1.937,46.525,36.76,19,정상
2026-05-20 18:28:05,ROBOT_01,51.87,10.467,2.434,46.928,35.41,19,정상
2026-05-20 18:28:05,ROBOT_02,56.64,10.28,2.449,47.835,36.36,19,정상
2026-05-20 18:28:05,ROBOT_03,55.02,10.028,2.335,47.224,39.61,19,정상
2026-05-20 18:28:05,ROBOT_04,60.02,11.423,2.145,46.458,37.87,19,정상
2026-05-20 19:21:06,ROBOT_01,56.42,9.844,2.258,46.95,38.91,19,정상
2026-05-20 19:21:06,ROBOT_02,52.96,11.459,2.403,47.231,37.4,19,정상
2026-05-20 19:21:06,ROBOT_03,52.19,9.191,2.145,47.952,36.61,19,정상
2026-05-20 19:21:06,ROBOT_04,53.82,10.326,2.292,46.968,37.73,19,정상
2026-05-20 20:14:06,ROBOT_01,58.48,11.226,2.493,46.988,37.34,19,정상
2026-05-20 20:14:06,ROBOT_02,56.04,11.081,2.2,46.483,39,19,정상
2026-05-20 20:14:06,ROBOT_03,57.95,10.395,1.721,47.209,37.06,19,정상
2026-05-20 20:14:06,ROBOT_04,57.76,9.171,2.326,47.082,39.51,19,정상
2026-05-20 21:07:07,ROBOT_01,59.49,9.792,2.439,47.039,38.95,19,정상
2026-05-20 21:07:07,ROBOT_02,57.35,8.752,2.274,46.917,38.89,19,정상
2026-05-20 21:07:07,ROBOT_03,53.29,9.427,1.772,47.829,34.24,19,정상
2026-05-20 21:07:07,ROBOT_04,52.21,10.125,2.237,46.986,36.04,19,정상
2026-05-20 22:00:08,ROBOT_01,54.5,9.915,1.968,47.613,36.29,19,정상
2026-05-20 22:00:08,ROBOT_02,51.78,8.793,1.942,47.055,36.65,19,정상
2026-05-20 22:00:08,ROBOT_03,50.86,10.118,2.248,46.838,34.43,19,정상
2026-05-20 22:00:08,ROBOT_04,56.73,9.425,1.971,46.556,36.08,19,정상
2026-05-20 22:53:09,ROBOT_01,55.62,10.585,2.131,47.531,37.19,19,정상
2026-05-20 22:53:09,ROBOT_02,54.82,10.074,2.491,47.223,35.2,19,정상
2026-05-20 22:53:09,ROBOT_03,55.89,10.4,1.95,47.096,37.03,19,정상
2026-05-20 22:53:09,ROBOT_04,56.47,9.655,1.996,46.595,37.86,19,정상
2026-05-20 23:46:10,ROBOT_01,52.45,9.995,2.112,46.82,34.72,19,정상
2026-05-20 23:46:10,ROBOT_02,54.27,10.679,1.76,47.479,35,19,정상
2026-05-20 23:46:10,ROBOT_03,54.76,9.812,2.345,47.383,39.27,19,정상
2026-05-20 23:46:10,ROBOT_04,56.79,9.204,2.088,46.768,39.08,19,정상
2026-05-21 00:39:10,ROBOT_01,54.83,10.354,2.304,47.182,36.71,20,정상
2026-05-21 00:39:10,ROBOT_02,53.48,10.263,2.809,47.667,33.91,20,정상
2026-05-21 00:39:10,ROBOT_03,54.88,9.854,1.746,47.897,37.83,20,정상
2026-05-21 00:39:10,ROBOT_04,53.92,10.615,2.345,47.149,37.57,20,정상
2026-05-21 01:32:11,ROBOT_01,53.64,11.512,1.44,46.83,35.64,20,정상
2026-05-21 01:32:11,ROBOT_02,47.54,8.97,1.946,47.885,34.06,20,정상
2026-05-21 01:32:11,ROBOT_03,49.58,7.856,2.047,47.98,37.05,20,정상
2026-05-21 01:32:11,ROBOT_04,48.81,9.712,1.879,47.043,36.26,20,정상
2026-05-21 02:25:12,ROBOT_01,52.29,8.445,2.591,47.544,34.34,20,정상
2026-05-21 02:25:12,ROBOT_02,55.85,8.577,1.769,46.528,36.55,20,정상
2026-05-21 02:25:12,ROBOT_03,51.52,9.301,2.147,47.704,35.69,20,정상
2026-05-21 02:25:12,ROBOT_04,51.13,9.772,2.627,47.323,36.35,20,정상
2026-05-21 03:18:13,ROBOT_01,55.42,9.781,2.7,46.672,35.25,20,정상
2026-05-21 03:18:13,ROBOT_02,52.27,9.168,2.496,46.962,36.92,20,정상
2026-05-21 03:18:13,ROBOT_03,53.24,8.172,1.622,48.437,36.79,20,정상
2026-05-21 03:18:13,ROBOT_04,54.15,9.888,1.832,46.491,37.97,20,정상
2026-05-21 04:11:13,ROBOT_01,54.91,9.409,2.524,47.742,33.34,20,정상
2026-05-21 04:11:13,ROBOT_02,56.83,10.472,2.334,47.196,34.56,20,정상
2026-05-21 04:11:13,ROBOT_03,51.88,7.162,1.953,48.025,31.77,20,정상
2026-05-21 04:11:13,ROBOT_04,53.26,10.279,2.243,47.089,34.94,20,정상
2026-05-21 05:04:14,ROBOT_01,51.83,9.742,2.512,48.124,36.37,20,정상
2026-05-21 05:04:14,ROBOT_02,56,10.472,2.429,47.996,35.91,20,정상
2026-05-21 05:04:14,ROBOT_03,49.94,9.803,1.817,47.978,30.47,20,정상
2026-05-21 05:04:14,ROBOT_04,56.69,10.058,2.031,47.6,35.68,20,정상
2026-05-21 05:57:15,ROBOT_01,57.68,12.539,3.821,46.6,39.85,20,주의
2026-05-21 05:57:15,ROBOT_02,54.46,9.725,1.957,46.991,37.65,20,정상
2026-05-21 05:57:15,ROBOT_03,47.6,8.614,1.9,47.327,34.75,20,정상
2026-05-21 05:57:15,ROBOT_04,55.86,10.622,2.512,46.934,37.53,20,정상
2026-05-21 06:50:16,ROBOT_01,52.93,10.079,2.243,48.356,35.28,20,정상
2026-05-21 06:50:16,ROBOT_02,49.55,8.748,2.099,47.855,34.82,20,정상
2026-05-21 06:50:16,ROBOT_03,48.16,10.024,1.944,47.665,32.29,20,정상
2026-05-21 06:50:16,ROBOT_04,53.06,9.028,2.095,47.787,35.37,20,정상
2026-05-21 07:43:17,ROBOT_01,51.75,9.742,1.866,46.702,34.94,20,정상
2026-05-21 07:43:17,ROBOT_02,51.37,8.49,2.019,47.218,34.33,20,정상
2026-05-21 07:43:17,ROBOT_03,50.88,10.284,2.177,48.091,34.96,20,정상
2026-05-21 07:43:17,ROBOT_04,50.92,8.355,1.841,46.748,35.6,20,정상
2026-05-21 08:36:17,ROBOT_01,55.62,10.183,2.407,47.577,34.92,20,정상
2026-05-21 08:36:17,ROBOT_02,51.43,9.05,1.899,48.194,37.09,20,정상
2026-05-21 08:36:17,ROBOT_03,46.82,9.638,1.419,47.82,33.11,20,정상
2026-05-21 08:36:17,ROBOT_04,55.08,7.987,2.115,47.041,33.89,20,정상
2026-05-21 09:29:18,ROBOT_01,56.37,10.446,2.285,47.394,36.91,20,정상
2026-05-21 09:29:18,ROBOT_02,50.01,9.112,1.763,46.975,35.65,20,정상
2026-05-21 09:29:18,ROBOT_03,48.59,8.415,2.263,48.071,37.49,20,정상
2026-05-21 09:29:18,ROBOT_04,52.24,9.906,2.148,46.643,35.03,20,정상
2026-05-21 10:22:19,ROBOT_01,54.19,8.7,2.627,47.638,37.65,20,정상
2026-05-21 10:22:19,ROBOT_02,57.86,8.829,1.586,47.636,35.99,20,정상
2026-05-21 10:22:19,ROBOT_03,53.58,9.303,2.128,47.563,32.15,20,정상
2026-05-21 10:22:19,ROBOT_04,54.84,8.689,1.61,46.94,34.53,20,정상
2026-05-21 11:15:20,ROBOT_01,51.63,10.702,2.39,47.425,36.84,20,정상
2026-05-21 11:15:20,ROBOT_02,50.44,9.219,2.025,47.754,33.14,20,정상
2026-05-21 11:15:20,ROBOT_03,48.32,9.858,2.372,48.156,34.34,20,정상
2026-05-21 11:15:20,ROBOT_04,57.08,8.856,1.911,47.087,37.11,20,정상
2026-05-21 12:08:21,ROBOT_01,54.94,11.105,2.478,47.066,35.5,20,정상
2026-05-21 12:08:21,ROBOT_02,53.78,10.804,1.941,47.644,38.73,20,정상
2026-05-21 12:08:21,ROBOT_03,53.44,8.949,2.189,48.02,35.01,20,정상
2026-05-21 12:08:21,ROBOT_04,54.32,9.201,2.207,47.664,35.76,20,정상
2026-05-21 13:01:21,ROBOT_01,55.6,9.448,2.721,47.819,36.64,20,정상
2026-05-21 13:01:21,ROBOT_02,49.61,9.209,1.972,47.818,37.4,20,정상
2026-05-21 13:01:21,ROBOT_03,52.95,10.011,1.922,47.554,36.47,20,정상
2026-05-21 13:01:21,ROBOT_04,51.92,10.428,2.365,47.268,34.29,20,정상
2026-05-21 13:54:22,ROBOT_01,52.03,10.549,2.246,46.593,36.56,20,정상
2026-05-21 13:54:22,ROBOT_02,53.83,9.665,2.136,47.06,32.83,20,정상
2026-05-21 13:54:22,ROBOT_03,55.95,10.789,2.231,47.817,35.77,20,정상
2026-05-21 13:54:22,ROBOT_04,51.59,10.514,2.017,47.145,33.33,20,정상
2026-05-21 14:47:23,ROBOT_01,52.08,9.718,2.33,46.657,35.56,20,정상
2026-05-21 14:47:23,ROBOT_02,56.28,9.809,2.119,47.619,34.97,20,정상
2026-05-21 14:47:23,ROBOT_03,54.32,9.199,1.99,47.449,33.32,20,정상
2026-05-21 14:47:23,ROBOT_04,55.27,10.02,2.362,47.16,39.92,20,정상
2026-05-21 15:40:24,ROBOT_01,62.23,10.332,2.957,46.633,38.21,20,정상
2026-05-21 15:40:24,ROBOT_02,57.36,10.207,2.184,46.903,39.24,20,주의
2026-05-21 15:40:24,ROBOT_03,53.3,9.139,1.771,48.723,36.11,20,정상
2026-05-21 15:40:24,ROBOT_04,54.27,11.947,2.1,46.98,37.98,20,주의
2026-05-21 16:33:25,ROBOT_01,57.24,11.811,2.475,46.746,41.68,20,주의
2026-05-21 16:33:25,ROBOT_02,59.98,10.731,2.651,47.16,37.35,20,정상
2026-05-21 16:33:25,ROBOT_03,54.4,9.547,2.052,47.698,40.85,20,정상
2026-05-21 16:33:25,ROBOT_04,59.51,11.173,2.466,46.974,38.67,20,정상
2026-05-21 17:26:25,ROBOT_01,56.04,9.632,2.586,47.171,37.81,20,정상
2026-05-21 17:26:25,ROBOT_02,58.74,11.205,2.573,47.003,40.18,20,정상
2026-05-21 17:26:25,ROBOT_03,55.52,10.952,2.004,47.648,35.03,20,정상
2026-05-21 17:26:25,ROBOT_04,56.37,9.716,1.788,46.826,35.51,20,정상
2026-05-21 18:19:26,ROBOT_01,63.15,12.215,3.097,47.226,37.35,20,정상
2026-05-21 18:19:26,ROBOT_02,54.9,9.345,2.406,47.389,35.65,20,정상
2026-05-21 18:19:26,ROBOT_03,55.11,12.078,1.925,47.783,40,20,정상
2026-05-21 18:19:26,ROBOT_04,51.37,10.014,2.235,47.63,36.12,20,정상
2026-05-21 19:12:27,ROBOT_01,53.62,10.324,2.47,46.857,38.35,20,정상
2026-05-21 19:12:27,ROBOT_02,58,10.763,1.996,47.375,35.43,20,정상
2026-05-21 19:12:27,ROBOT_03,51.83,9.953,2.028,47.129,40.35,20,정상
2026-05-21 19:12:27,ROBOT_04,59.22,8.447,2.216,47.032,38.17,20,정상
2026-05-21 20:05:28,ROBOT_01,60.14,12.349,2.865,46.76,38.45,20,정상
2026-05-21 20:05:28,ROBOT_02,56.23,11.034,1.934,46.807,37.52,20,정상
2026-05-21 20:05:28,ROBOT_03,55.04,10.617,2.385,46.849,38.56,20,정상
2026-05-21 20:05:28,ROBOT_04,56.29,10.728,2.251,46.49,40.84,20,정상
2026-05-21 20:58:29,ROBOT_01,50.81,10.757,2.414,46.671,39.61,20,정상
2026-05-21 20:58:29,ROBOT_02,60.58,11.191,2.166,47.255,37.93,20,정상
2026-05-21 20:58:29,ROBOT_03,53.82,10.919,2.207,47.409,36.6,20,정상
2026-05-21 20:58:29,ROBOT_04,54.98,11.024,2.344,46.474,38.79,20,정상
2026-05-21 21:51:29,ROBOT_01,55.26,10.732,2.353,47.603,36.08,20,정상
2026-05-21 21:51:29,ROBOT_02,53.46,9.571,1.924,47.225,36.01,20,정상
2026-05-21 21:51:29,ROBOT_03,56.77,10.522,1.773,48.051,39.38,20,정상
2026-05-21 21:51:29,ROBOT_04,52.11,10.239,2.468,46.905,37.69,20,정상
2026-05-21 22:44:30,ROBOT_01,60.73,10.449,2.582,47.009,39.62,20,정상
2026-05-21 22:44:30,ROBOT_02,55.77,11.501,2.137,46.742,35.84,20,정상
2026-05-21 22:44:30,ROBOT_03,50.41,10.101,2.042,47.711,37.41,20,정상
2026-05-21 22:44:30,ROBOT_04,52.48,10.551,2.118,46.657,39.29,20,정상
2026-05-21 23:37:31,ROBOT_01,63.35,12.508,3.013,47.058,40.84,20,주의
2026-05-21 23:37:31,ROBOT_02,57.25,9.86,2.123,46.737,39.14,20,정상
2026-05-21 23:37:31,ROBOT_03,55.48,9.982,2.114,47.416,36.67,20,정상
2026-05-21 23:37:31,ROBOT_04,54.27,9.944,2.214,47.512,37.34,20,정상
2026-05-22 00:30:32,ROBOT_01,54.43,9.895,3.219,47.165,37.12,21,정상
2026-05-22 00:30:32,ROBOT_02,58.2,9.982,2.036,47.334,36.12,21,정상
2026-05-22 00:30:32,ROBOT_03,54.22,9.93,2.015,48.097,33.91,21,정상
2026-05-22 00:30:32,ROBOT_04,55.12,7.673,2.252,47.092,38.27,21,정상
2026-05-22 01:23:32,ROBOT_01,60.24,10.744,3.141,46.826,41.98,21,주의
2026-05-22 01:23:32,ROBOT_02,55.08,8.448,2.337,47.874,36.32,21,정상
2026-05-22 01:23:32,ROBOT_03,51.78,10.604,2.081,47.91,38.97,21,정상
2026-05-22 01:23:32,ROBOT_04,57.13,9.039,2.254,46.572,37.65,21,정상
2026-05-22 02:16:33,ROBOT_01,56.07,11.2,2.701,46.638,41.02,21,정상
2026-05-22 02:16:33,ROBOT_02,50.9,9.715,1.741,48.112,33.03,21,정상
2026-05-22 02:16:33,ROBOT_03,50.95,8.253,1.842,47.969,33.5,21,정상
2026-05-22 02:16:33,ROBOT_04,58.12,11.246,2.172,47.184,36.97,21,정상
2026-05-22 03:09:34,ROBOT_01,58.67,11.487,3.083,46.32,39.8,21,정상
2026-05-22 03:09:34,ROBOT_02,52.71,10.801,2.212,46.98,36.01,21,정상
2026-05-22 03:09:34,ROBOT_03,50.97,8.72,1.903,47.699,32.7,21,정상
2026-05-22 03:09:34,ROBOT_04,55.47,10.232,2.713,47.468,36.21,21,정상
2026-05-22 04:02:35,ROBOT_01,53.09,11.284,2.872,46.08,38.28,21,정상
2026-05-22 04:02:35,ROBOT_02,50.39,7.41,1.881,47.606,38.43,21,정상
2026-05-22 04:02:35,ROBOT_03,46.57,9.807,2.302,47.92,33.82,21,정상
2026-05-22 04:02:35,ROBOT_04,50.53,9.093,1.702,47.541,34.11,21,정상
2026-05-22 04:55:36,ROBOT_01,52.17,10.071,2.693,47.432,33.31,21,정상
2026-05-22 04:55:36,ROBOT_02,52.33,10.076,2.464,47.743,34.36,21,정상
2026-05-22 04:55:36,ROBOT_03,46.79,9.201,1.982,48.201,33.44,21,정상
2026-05-22 04:55:36,ROBOT_04,55.29,10.128,1.845,47.678,33.85,21,정상
2026-05-22 05:48:36,ROBOT_01,54.85,11.391,2.835,46.78,37.25,21,정상
2026-05-22 05:48:36,ROBOT_02,53.08,10.312,2.33,47.515,35.28,21,정상
2026-05-22 05:48:36,ROBOT_03,51.87,10.006,1.602,47.412,34.8,21,정상
2026-05-22 05:48:36,ROBOT_04,50.73,9.165,2.186,47.685,34.56,21,정상
2026-05-22 06:41:37,ROBOT_01,57.36,11.428,3.024,47.398,35.43,21,정상
2026-05-22 06:41:37,ROBOT_02,52.35,9.354,2.195,47.625,31.15,21,정상
2026-05-22 06:41:37,ROBOT_03,49.87,9.019,2.437,48.145,35.73,21,정상
2026-05-22 06:41:37,ROBOT_04,51.67,8.196,2.173,47.705,39.91,21,정상
2026-05-22 07:34:38,ROBOT_01,58.47,9.411,3.032,46.789,40.99,21,정상
2026-05-22 07:34:38,ROBOT_02,52.85,10.101,2.623,47.362,37.47,21,정상
2026-05-22 07:34:38,ROBOT_03,50.59,8.37,1.949,47.996,33.22,21,정상
2026-05-22 07:34:38,ROBOT_04,54.18,10.203,1.977,47.263,36.69,21,정상
2026-05-22 08:27:39,ROBOT_01,61.36,11.594,3.104,46.327,38.61,21,주의
2026-05-22 08:27:39,ROBOT_02,50.66,8.625,2.789,47.161,34.66,21,정상
2026-05-22 08:27:39,ROBOT_03,53.83,10.342,1.702,48.514,33.12,21,정상
2026-05-22 08:27:39,ROBOT_04,52.5,10.08,2.108,47.237,37.46,21,정상
2026-05-22 09:20:40,ROBOT_01,51.78,10.76,3.318,46.871,38.58,21,정상
2026-05-22 09:20:40,ROBOT_02,54.34,9.34,2.047,47.21,37.74,21,정상
2026-05-22 09:20:40,ROBOT_03,50.25,9.662,2.262,48.652,31.12,21,정상
2026-05-22 09:20:40,ROBOT_04,49.97,9.491,1.948,47.125,28.94,21,정상
2026-05-22 10:13:40,ROBOT_01,62.06,11.487,3.262,46.999,38.91,21,주의
2026-05-22 10:13:40,ROBOT_02,61.64,10.79,3.243,46.28,40.24,21,주의
2026-05-22 10:13:40,ROBOT_03,47.47,9.494,2.048,47.878,30.21,21,정상
2026-05-22 10:13:40,ROBOT_04,53.26,9.692,2.335,47.615,32.75,21,정상
2026-05-22 11:06:41,ROBOT_01,55.38,9.681,3.322,46.986,38.81,21,정상
2026-05-22 11:06:41,ROBOT_02,49.54,8.819,2.637,46.885,34.65,21,정상
2026-05-22 11:06:41,ROBOT_03,50.02,10.907,2.231,48.202,36.2,21,정상
2026-05-22 11:06:41,ROBOT_04,51.95,9.187,2.052,46.702,36.42,21,정상
2026-05-22 11:59:42,ROBOT_01,64.85,11.278,2.906,46.622,43.36,21,주의
2026-05-22 11:59:42,ROBOT_02,53.14,9.181,1.988,47.211,40.08,21,정상
2026-05-22 11:59:42,ROBOT_03,52.25,9.187,2.094,47.723,35.51,21,정상
2026-05-22 11:59:42,ROBOT_04,55.09,10.889,2.408,47.476,38.85,21,정상
2026-05-22 12:52:43,ROBOT_01,61.77,11.668,3.626,46.692,41.75,21,주의
2026-05-22 12:52:43,ROBOT_02,55.44,10.201,2.093,47.307,34.63,21,정상
2026-05-22 12:52:43,ROBOT_03,53.65,9.931,2.043,47.548,34.84,21,정상
2026-05-22 12:52:43,ROBOT_04,55.8,8.594,2.45,47.53,38.06,21,정상
2026-05-22 13:45:44,ROBOT_01,55.21,10.623,3.153,47.286,40.8,21,정상
2026-05-22 13:45:44,ROBOT_02,58.21,11.246,2.222,47.685,40.13,21,정상
2026-05-22 13:45:44,ROBOT_03,50.21,8.35,2.535,48.179,30.97,21,정상
2026-05-22 13:45:44,ROBOT_04,53.91,9.731,2.012,47.101,34.21,21,정상
2026-05-22 14:38:44,ROBOT_01,64.73,11.911,3.098,47.046,40.54,21,주의
2026-05-22 14:38:44,ROBOT_02,55.34,10.267,2.22,47.656,37.04,21,정상
2026-05-22 14:38:44,ROBOT_03,52.19,9.686,2.039,47.833,35.75,21,정상
2026-05-22 14:38:44,ROBOT_04,58.81,10.231,2.354,46.243,38,21,정상
2026-05-22 15:31:45,ROBOT_01,59.02,11.896,3.143,45.754,40.54,21,주의
2026-05-22 15:31:45,ROBOT_02,54.28,9.929,2.268,47.325,36.42,21,정상
2026-05-22 15:31:45,ROBOT_03,50.67,10.004,2.168,46.865,36.48,21,정상
2026-05-22 15:31:45,ROBOT_04,57.1,10.955,2.317,46.715,40.36,21,정상
2026-05-22 16:24:46,ROBOT_01,63.27,13.148,4.143,45.887,42.24,21,주의
2026-05-22 16:24:46,ROBOT_02,56.51,9.754,1.952,47.881,36.99,21,정상
2026-05-22 16:24:46,ROBOT_03,54.45,12.072,2.001,47.442,34.87,21,정상
2026-05-22 16:24:46,ROBOT_04,55.26,9.324,2.4,46.817,42.01,21,정상
2026-05-22 17:17:47,ROBOT_01,66.01,11.628,3.834,45.708,41.29,21,주의
2026-05-22 17:17:47,ROBOT_02,59.37,10.532,2.206,47.13,42.07,21,정상
2026-05-22 17:17:47,ROBOT_03,52.77,9.585,1.425,47.594,37.89,21,정상
2026-05-22 17:17:47,ROBOT_04,58,9.641,2.091,47.059,40.35,21,정상
2026-05-22 18:10:48,ROBOT_01,60.83,11.11,3.755,45.991,41.1,21,주의
2026-05-22 18:10:48,ROBOT_02,52.71,10.285,1.949,46.172,40.21,21,정상
2026-05-22 18:10:48,ROBOT_03,56.84,10.066,2.218,46.831,39.36,21,주의
2026-05-22 18:10:48,ROBOT_04,51.77,10.611,2.239,46.646,38.19,21,정상
2026-05-22 19:03:48,ROBOT_01,61.2,12.626,4.082,46.611,40.99,21,주의
2026-05-22 19:03:48,ROBOT_02,59.81,9.684,1.994,47.242,39.87,21,정상
2026-05-22 19:03:48,ROBOT_03,54.93,11.237,2.447,47.367,38.3,21,주의
2026-05-22 19:03:48,ROBOT_04,54.73,10.829,2.495,47.726,37.01,21,정상
2026-05-22 19:56:49,ROBOT_01,58.48,12.022,3.492,46.38,42.39,21,주의
2026-05-22 19:56:49,ROBOT_02,56.69,10.132,1.952,46.817,36.9,21,정상
2026-05-22 19:56:49,ROBOT_03,55.69,10.48,2.131,47.542,39.06,21,정상
2026-05-22 19:56:49,ROBOT_04,53.98,9.149,1.748,47.121,34.37,21,정상
2026-05-22 20:49:50,ROBOT_01,59,11.946,3.451,46.494,44.14,21,주의
2026-05-22 20:49:50,ROBOT_02,52.55,9.843,2.173,46.917,35.92,21,정상
2026-05-22 20:49:50,ROBOT_03,54.84,10.205,2.246,46.928,36.11,21,정상
2026-05-22 20:49:50,ROBOT_04,54.85,9.539,2.473,47.094,34.61,21,정상
2026-05-22 21:42:51,ROBOT_01,59.84,12.293,3.941,46.291,43.89,21,주의
2026-05-22 21:42:51,ROBOT_02,55.63,9.652,2.507,46.903,39.8,21,정상
2026-05-22 21:42:51,ROBOT_03,52.79,9.778,2.511,47.342,36.61,21,정상
2026-05-22 21:42:51,ROBOT_04,52.32,10.083,2.423,46.659,39.61,21,정상
2026-05-22 22:35:51,ROBOT_01,62.27,12.595,3.318,46.469,41.33,21,주의
2026-05-22 22:35:51,ROBOT_02,57.17,10.473,2.201,47.307,36.62,21,정상
2026-05-22 22:35:51,ROBOT_03,68.03,13.065,4.345,45.964,46.93,21,주의
2026-05-22 22:35:51,ROBOT_04,55.32,9.338,2.395,46.355,35.55,21,정상
2026-05-22 23:28:52,ROBOT_01,61.03,12.201,3.88,46.15,43.56,21,주의
2026-05-22 23:28:52,ROBOT_02,50.98,8.531,2.27,46.951,37.94,21,정상
2026-05-22 23:28:52,ROBOT_03,52.24,10.21,2.101,47.921,39.06,21,정상
2026-05-22 23:28:52,ROBOT_04,52.97,9.917,1.545,48.268,36.51,21,정상
2026-05-23 00:21:53,ROBOT_01,59.68,12.516,3.66,46.848,44.94,22,주의
2026-05-23 00:21:53,ROBOT_02,57.27,8.895,2.295,47.292,37.81,22,정상
2026-05-23 00:21:53,ROBOT_03,52,10.465,2.277,48.161,37.88,22,정상
2026-05-23 00:21:53,ROBOT_04,53.93,10.945,2.444,46.966,36.23,22,정상
2026-05-23 01:14:54,ROBOT_01,54.42,12.499,3.954,46.587,41.6,22,정상
2026-05-23 01:14:54,ROBOT_02,52.42,9.451,2.575,47.288,35.99,22,정상
2026-05-23 01:14:54,ROBOT_03,55.16,10.02,2.245,47.216,35.59,22,정상
2026-05-23 01:14:54,ROBOT_04,55.42,9.362,2.067,47.449,35.4,22,정상
2026-05-23 02:07:55,ROBOT_01,59.3,12.973,3.819,46.268,43.16,22,주의
2026-05-23 02:07:55,ROBOT_02,60.24,10.415,2.273,47.464,35.92,22,정상
2026-05-23 02:07:55,ROBOT_03,48.62,9.478,2.022,46.623,33.56,22,정상
2026-05-23 02:07:55,ROBOT_04,51.99,9.556,2.3,46.472,36.17,22,정상
2026-05-23 03:00:55,ROBOT_01,63.32,12.476,3.487,45.465,44.66,22,주의
2026-05-23 03:00:55,ROBOT_02,53.34,10.611,2.802,46.56,40.17,22,정상
2026-05-23 03:00:55,ROBOT_03,53.47,9.902,1.692,47.529,38.79,22,정상
2026-05-23 03:00:55,ROBOT_04,58.4,10.313,2.011,46.799,35.22,22,정상
2026-05-23 03:53:56,ROBOT_01,60.41,12.776,3.798,46.023,41.56,22,주의
2026-05-23 03:53:56,ROBOT_02,49.27,9.871,2.593,47.204,35.36,22,정상
2026-05-23 03:53:56,ROBOT_03,49.55,8.36,2.158,47.638,36.26,22,정상
2026-05-23 03:53:56,ROBOT_04,55.88,9.304,2.255,47.239,35.2,22,정상
2026-05-23 04:46:57,ROBOT_01,61.65,12.317,3.65,46.596,39.57,22,주의
2026-05-23 04:46:57,ROBOT_02,51.35,10.148,2.16,47.764,36.93,22,정상
2026-05-23 04:46:57,ROBOT_03,53.77,8.066,1.855,48.019,33.51,22,정상
2026-05-23 04:46:57,ROBOT_04,64.06,13.723,5.447,44.494,48.68,22,위험
2026-05-23 05:39:58,ROBOT_01,62.3,11.068,3.938,45.992,41.15,22,주의
2026-05-23 05:39:58,ROBOT_02,55.26,9.755,2.318,47.296,34.38,22,정상
2026-05-23 05:39:58,ROBOT_03,51.86,8.801,2.591,48.245,32.86,22,정상
2026-05-23 05:39:58,ROBOT_04,54.08,10.284,2.297,47.488,34.57,22,정상
2026-05-23 06:32:59,ROBOT_01,58.71,12.895,4.436,45.932,45.35,22,주의
2026-05-23 06:32:59,ROBOT_02,48.44,8.924,1.95,47.495,32.73,22,정상
2026-05-23 06:32:59,ROBOT_03,47.59,7.966,2.452,47.683,32.28,22,정상
2026-05-23 06:32:59,ROBOT_04,49.67,10.523,2.073,47.339,36.07,22,정상
2026-05-23 07:25:59,ROBOT_01,61.65,13.202,4.077,45.175,42.05,22,주의
2026-05-23 07:25:59,ROBOT_02,52.39,10.361,2.536,47.495,39.4,22,정상
2026-05-23 07:25:59,ROBOT_03,52.48,9.052,2.919,48.087,32.06,22,정상
2026-05-23 07:25:59,ROBOT_04,56.63,9.859,2.075,46.717,37.31,22,정상
2026-05-23 08:19:00,ROBOT_01,63.16,11.931,4.025,46.894,43.45,22,주의
2026-05-23 08:19:00,ROBOT_02,49.92,9.845,2.05,46.981,36.47,22,정상
2026-05-23 08:19:00,ROBOT_03,49.79,9.072,1.854,47.561,36.54,22,정상
2026-05-23 08:19:00,ROBOT_04,54.59,8.619,2.578,46.535,35.22,22,정상
2026-05-23 09:12:01,ROBOT_01,57.38,10.993,3.783,46.052,42.89,22,주의
2026-05-23 09:12:01,ROBOT_02,52.48,9.454,2.38,47.322,34.22,22,정상
2026-05-23 09:12:01,ROBOT_03,48.41,8.949,1.996,47.463,34.77,22,정상
2026-05-23 09:12:01,ROBOT_04,51.18,9.055,2.57,47.405,33.76,22,정상
2026-05-23 10:05:02,ROBOT_01,60.26,12.623,4.259,46.444,43.41,22,주의
2026-05-23 10:05:02,ROBOT_02,49.85,8.476,2.046,47.563,36.08,22,정상
2026-05-23 10:05:02,ROBOT_03,52.86,9.457,1.682,47.203,35.57,22,정상
2026-05-23 10:05:02,ROBOT_04,54.01,9.172,1.769,47.476,36.13,22,정상
2026-05-23 10:58:03,ROBOT_01,62.66,11.503,4.211,45.607,39.26,22,주의
2026-05-23 10:58:03,ROBOT_02,50.58,9.186,1.846,46.801,34.98,22,정상
2026-05-23 10:58:03,ROBOT_03,51.91,9.673,2.355,48.233,34.76,22,정상
2026-05-23 10:58:03,ROBOT_04,50.82,9.394,1.886,46.868,37.24,22,정상
2026-05-23 11:51:03,ROBOT_01,64.45,13.697,4.426,45.989,45.13,22,주의
2026-05-23 11:51:03,ROBOT_02,50.64,10.059,2.107,47.727,34.16,22,정상
2026-05-23 11:51:03,ROBOT_03,51.29,9.123,1.891,47.816,36.2,22,정상
2026-05-23 11:51:03,ROBOT_04,52.3,9.02,2.207,47.103,34.26,22,정상
2026-05-23 12:44:04,ROBOT_01,61.28,12.972,4.424,46.56,44.87,22,주의
2026-05-23 12:44:04,ROBOT_02,52.79,10.091,2.443,46.763,37.13,22,정상
2026-05-23 12:44:04,ROBOT_03,54.8,10.093,1.703,47.281,34.16,22,정상
2026-05-23 12:44:04,ROBOT_04,54.53,9.731,2.167,47.021,36.75,22,정상
2026-05-23 13:37:05,ROBOT_01,66.72,13.195,5.028,45.189,42.88,22,주의
2026-05-23 13:37:05,ROBOT_02,53.36,9.855,2.644,47.688,35.53,22,정상
2026-05-23 13:37:05,ROBOT_03,56.99,8.298,1.693,47.719,37.73,22,정상
2026-05-23 13:37:05,ROBOT_04,55.59,9.188,2.429,46.655,37.5,22,정상
2026-05-23 14:30:06,ROBOT_01,64.72,13.745,4.213,46.008,47.24,22,주의
2026-05-23 14:30:06,ROBOT_02,59.27,9.372,2.156,46.928,34.57,22,정상
2026-05-23 14:30:06,ROBOT_03,47.84,9.898,2.281,47.118,33.81,22,정상
2026-05-23 14:30:06,ROBOT_04,51.77,10.51,2.278,46.628,40.42,22,정상
2026-05-23 15:23:07,ROBOT_01,66.07,13.759,4.419,46.053,47.29,22,주의
2026-05-23 15:23:07,ROBOT_02,55,11.579,1.829,46.934,36.33,22,정상
2026-05-23 15:23:07,ROBOT_03,54.29,8.991,2.108,48.126,39.33,22,정상
2026-05-23 15:23:07,ROBOT_04,53.85,9.51,2.932,46.761,40,22,정상
2026-05-23 16:16:07,ROBOT_01,68.92,13.248,4.449,46.101,45.59,22,주의
2026-05-23 16:16:07,ROBOT_02,55.75,10.764,2.625,46.496,36.88,22,정상
2026-05-23 16:16:07,ROBOT_03,55.51,10.172,2.065,47.249,35.58,22,정상
2026-05-23 16:16:07,ROBOT_04,56.39,10.603,2.488,46.601,39.83,22,정상
2026-05-23 17:09:08,ROBOT_01,70.31,14.164,4.519,45.437,46.98,22,주의
2026-05-23 17:09:08,ROBOT_02,55.22,9.567,2.328,47.008,40.59,22,정상
2026-05-23 17:09:08,ROBOT_03,58.42,9.708,2.012,47.141,33.6,22,정상
2026-05-23 17:09:08,ROBOT_04,53.42,9.197,2.189,46.857,34.04,22,정상
2026-05-23 18:02:09,ROBOT_01,65.86,15.066,4.894,45.321,47.04,22,위험
2026-05-23 18:02:09,ROBOT_02,53.73,10.023,2.304,46.598,36.17,22,정상
2026-05-23 18:02:09,ROBOT_03,58.31,10.775,2.427,47.264,34.06,22,정상
2026-05-23 18:02:09,ROBOT_04,53.79,10.519,2.284,46.494,37.32,22,정상
2026-05-23 18:55:10,ROBOT_01,69.66,13.867,4.595,44.753,48.59,22,위험
2026-05-23 18:55:10,ROBOT_02,58.41,10.374,2.536,47.14,38,22,정상
2026-05-23 18:55:10,ROBOT_03,51.5,10.114,2.405,48.413,37.27,22,정상
2026-05-23 18:55:10,ROBOT_04,57.48,9.836,2.475,46.758,40.12,22,정상
2026-05-23 19:48:10,ROBOT_01,69.13,12.949,4.86,45.372,44.94,22,주의
2026-05-23 19:48:10,ROBOT_02,56.02,11.312,1.995,46.328,38.76,22,정상
2026-05-23 19:48:10,ROBOT_03,50.18,9.661,2.316,47.85,35.25,22,정상
2026-05-23 19:48:10,ROBOT_04,54.32,10.833,1.846,46.883,38.85,22,정상
2026-05-23 20:41:11,ROBOT_01,62.73,13.306,4.832,45.259,41.37,22,주의
2026-05-23 20:41:11,ROBOT_02,58.96,10.943,2.57,46.468,40.42,22,주의
2026-05-23 20:41:11,ROBOT_03,57.84,10.102,1.678,47.615,38.27,22,정상
2026-05-23 20:41:11,ROBOT_04,52.23,11.145,1.652,47.602,38.52,22,정상
2026-05-23 21:34:12,ROBOT_01,70.17,13.444,4.964,45.03,44.27,22,위험
2026-05-23 21:34:12,ROBOT_02,50.1,8.604,1.976,47.538,33.9,22,정상
2026-05-23 21:34:12,ROBOT_03,56.44,10.214,2.486,47.715,37.14,22,정상
2026-05-23 21:34:12,ROBOT_04,63.04,10.93,2.27,46.748,38.39,22,정상
2026-05-23 22:27:13,ROBOT_01,66.66,14.263,4.763,44.927,50.37,22,위험
2026-05-23 22:27:13,ROBOT_02,51.86,10.476,2.002,47.226,36.93,22,정상
2026-05-23 22:27:13,ROBOT_03,49.42,8.333,1.792,47.967,33.52,22,정상
2026-05-23 22:27:13,ROBOT_04,57.8,9.936,1.863,46.769,35.92,22,정상
2026-05-23 23:20:14,ROBOT_01,61.81,13.68,5.092,45.715,44.2,22,주의
2026-05-23 23:20:14,ROBOT_02,55.53,10.041,2.24,47.209,37.49,22,정상
2026-05-23 23:20:14,ROBOT_03,54.96,9.404,2.724,47.248,35.46,22,정상
2026-05-23 23:20:14,ROBOT_04,56,10.578,2.318,46.402,38.33,22,정상
2026-05-24 00:13:14,ROBOT_01,67.91,14.584,4.669,44.815,47.94,23,주의
2026-05-24 00:13:14,ROBOT_02,56.37,9.847,2.112,47.264,35.95,23,정상
2026-05-24 00:13:14,ROBOT_03,55.58,9.192,2.496,48.022,35.27,23,정상
2026-05-24 00:13:14,ROBOT_04,53.03,10.591,2.473,47.379,38.25,23,정상
2026-05-24 01:06:15,ROBOT_01,67.88,14.693,5.168,44.87,47.92,23,위험
2026-05-24 01:06:15,ROBOT_02,60.21,9.684,2.238,46.954,38.49,23,정상
2026-05-24 01:06:15,ROBOT_03,55.85,10.647,1.663,48.017,38.68,23,정상
2026-05-24 01:06:15,ROBOT_04,51.73,10.183,2.172,46.716,36.76,23,정상
2026-05-24 01:59:16,ROBOT_01,63.66,13.974,4.763,45.472,42.24,23,주의
2026-05-24 01:59:16,ROBOT_02,53.39,9.792,2.05,46.682,35.36,23,정상
2026-05-24 01:59:16,ROBOT_03,50.22,9.976,2.285,47.097,39.29,23,정상
2026-05-24 01:59:16,ROBOT_04,54.66,9.184,2.284,46.723,37.04,23,정상
2026-05-24 02:52:17,ROBOT_01,67.22,13.891,4.561,45.009,46.09,23,주의
2026-05-24 02:52:17,ROBOT_02,52.36,9.185,1.895,47.388,36,23,정상
2026-05-24 02:52:17,ROBOT_03,45.67,9.905,1.758,47.84,37.15,23,정상
2026-05-24 02:52:17,ROBOT_04,55.06,9.949,1.717,46.35,35.86,23,정상
2026-05-24 03:45:18,ROBOT_01,66.78,13.887,5.181,45.359,43.11,23,주의
2026-05-24 03:45:18,ROBOT_02,50.91,9.178,2.147,47.609,34.21,23,정상
2026-05-24 03:45:18,ROBOT_03,51.15,9.648,2.072,47.914,33.74,23,정상
2026-05-24 03:45:18,ROBOT_04,55.85,7.815,2.526,47.778,38.65,23,정상
2026-05-24 04:38:18,ROBOT_01,66.85,14.718,4.856,45.381,46.92,23,주의
2026-05-24 04:38:18,ROBOT_02,52.75,9.499,2.693,46.925,36.68,23,정상
2026-05-24 04:38:18,ROBOT_03,53.41,10.733,3.436,46.422,40.13,23,주의
2026-05-24 04:38:18,ROBOT_04,49.34,9.655,2.151,47.296,34.02,23,정상
2026-05-24 05:31:19,ROBOT_01,67.06,12.826,5.15,44.992,41.96,23,위험
2026-05-24 05:31:19,ROBOT_02,56.43,8.767,1.835,47.541,38.6,23,정상
2026-05-24 05:31:19,ROBOT_03,48.91,8.856,2.36,48.106,37.85,23,정상
2026-05-24 05:31:19,ROBOT_04,52.88,8.776,1.643,47.865,37.69,23,정상
2026-05-24 06:24:20,ROBOT_01,67.2,14.922,5.29,45.666,45.46,23,위험
2026-05-24 06:24:20,ROBOT_02,54.63,10.169,2.425,47.095,33.32,23,정상
2026-05-24 06:24:20,ROBOT_03,53.24,9.258,1.721,47.26,33.55,23,정상
2026-05-24 06:24:20,ROBOT_04,54.42,8.399,2.605,47.25,37.84,23,정상
2026-05-24 07:17:21,ROBOT_01,61.26,13.375,4.82,45.473,46.02,23,위험
2026-05-24 07:17:21,ROBOT_02,50.36,10.025,1.67,47.413,34.76,23,정상
2026-05-24 07:17:21,ROBOT_03,50.53,9.713,1.923,48.088,35.92,23,정상
2026-05-24 07:17:21,ROBOT_04,52.42,10.091,1.978,47.223,35.5,23,정상
2026-05-24 08:10:22,ROBOT_01,68.22,13.654,5.112,45.744,44.26,23,위험
2026-05-24 08:10:22,ROBOT_02,51.87,10.155,2.137,47.28,37.64,23,정상
2026-05-24 08:10:22,ROBOT_03,51.63,8.35,2.317,47.472,32.73,23,정상
2026-05-24 08:10:22,ROBOT_04,51.64,8.813,2.311,47.028,34.8,23,정상
2026-05-24 09:03:22,ROBOT_01,65.71,12.113,5.415,45.435,47.3,23,주의
2026-05-24 09:03:22,ROBOT_02,46.64,9.213,2.318,48.561,33.57,23,정상
2026-05-24 09:03:22,ROBOT_03,49.59,8.459,2.06,48.248,35.21,23,정상
2026-05-24 09:03:22,ROBOT_04,49.6,8.368,2.189,47.749,32.02,23,정상
2026-05-24 09:56:23,ROBOT_01,64.33,12.877,4.721,45.362,48.82,23,위험
2026-05-24 09:56:23,ROBOT_02,50.76,10.043,2.65,47.356,38.13,23,정상
2026-05-24 09:56:23,ROBOT_03,56.02,9.902,1.805,48.452,36.8,23,정상
2026-05-24 09:56:23,ROBOT_04,54.24,10.781,2.227,47.332,37.78,23,정상
2026-05-24 10:49:24,ROBOT_01,72.06,13.855,5.024,45.459,49.02,23,주의
2026-05-24 10:49:24,ROBOT_02,49.18,8.316,1.953,47.388,34,23,정상
2026-05-24 10:49:24,ROBOT_03,50.48,9.304,1.856,48.047,31.49,23,정상
2026-05-24 10:49:24,ROBOT_04,53.1,10.347,2.246,46.921,38.16,23,정상
2026-05-24 11:42:25,ROBOT_01,69.74,13.427,4.995,45.211,47.19,23,주의
2026-05-24 11:42:25,ROBOT_02,55.89,9.914,2.21,46.685,38.8,23,정상
2026-05-24 11:42:25,ROBOT_03,50.15,7.399,2.148,47.479,32.93,23,정상
2026-05-24 11:42:25,ROBOT_04,56.86,10.668,1.921,46.887,35.22,23,정상
2026-05-24 12:35:26,ROBOT_01,66.97,14.885,5.581,44.967,49,23,위험
2026-05-24 12:35:26,ROBOT_02,56.7,10.561,2.562,46.91,34.99,23,정상
2026-05-24 12:35:26,ROBOT_03,49.23,9.721,1.772,48.169,37.67,23,정상
2026-05-24 12:35:26,ROBOT_04,53.19,8.717,2.458,47.572,35.01,23,정상
2026-05-24 13:28:26,ROBOT_01,70.18,15.13,5.259,44.91,48.88,23,위험
2026-05-24 13:28:26,ROBOT_02,53.93,9.504,1.903,47.028,36.22,23,정상
2026-05-24 13:28:26,ROBOT_03,50.92,9.964,1.884,48,32.71,23,정상
2026-05-24 13:28:26,ROBOT_04,53.86,10.282,2.256,47.759,33.85,23,정상
2026-05-24 14:21:27,ROBOT_01,70.79,15.987,5.377,45.242,50.08,23,위험
2026-05-24 14:21:27,ROBOT_02,55.7,10.13,2.164,46.527,38.1,23,정상
2026-05-24 14:21:27,ROBOT_03,49.67,9.935,2.077,46.529,36.48,23,정상
2026-05-24 14:21:27,ROBOT_04,56.72,9.95,2.18,46.537,35.12,23,정상
2026-05-24 15:14:28,ROBOT_01,71.85,13.98,5.709,45.216,47.78,23,위험
2026-05-24 15:14:28,ROBOT_02,54.69,10.81,1.778,47.283,38.11,23,정상
2026-05-24 15:14:28,ROBOT_03,59.47,11.023,2.276,47.679,39.39,23,정상
2026-05-24 15:14:28,ROBOT_04,56.86,11.727,1.777,47.04,38.82,23,정상
2026-05-24 16:07:29,ROBOT_01,71.55,15.498,5.184,44.712,46.29,23,위험
2026-05-24 16:07:29,ROBOT_02,58.41,10.841,2.678,46.763,40.79,23,정상
2026-05-24 16:07:29,ROBOT_03,52.38,9.95,2.091,47.997,34.38,23,정상
2026-05-24 16:07:29,ROBOT_04,56.17,12.147,2.113,46.997,36.13,23,정상
2026-05-24 17:00:29,ROBOT_01,70.96,16.098,4.917,44.655,47.32,23,위험
2026-05-24 17:00:29,ROBOT_02,55.96,10.248,1.861,47.262,37.83,23,정상
2026-05-24 17:00:29,ROBOT_03,55.16,9.555,2.026,47.611,38.88,23,정상
2026-05-24 17:00:29,ROBOT_04,56.08,10.862,2.414,45.17,35.63,23,정상
2026-05-24 17:53:30,ROBOT_01,70.45,14.016,5.471,45.179,46.65,23,위험
2026-05-24 17:53:30,ROBOT_02,57.04,10.141,2.375,46.947,39.19,23,정상
2026-05-24 17:53:30,ROBOT_03,55.51,10.165,2.911,47.184,34.98,23,정상
2026-05-24 17:53:30,ROBOT_04,56.77,9.617,2.521,46.793,37.15,23,정상
2026-05-24 18:46:31,ROBOT_01,71.87,14.86,4.782,45.214,49.95,23,위험
2026-05-24 18:46:31,ROBOT_02,56.36,10.56,1.976,46.993,37.91,23,정상
2026-05-24 18:46:31,ROBOT_03,54.12,9.056,1.493,46.858,38.5,23,정상
2026-05-24 18:46:31,ROBOT_04,62.51,11.417,2.417,47.017,40.47,23,정상
2026-05-24 19:39:32,ROBOT_01,73.38,15.685,5.949,45.283,52.11,23,위험
2026-05-24 19:39:32,ROBOT_02,61.36,10.872,2.406,46.887,39.93,23,정상
2026-05-24 19:39:32,ROBOT_03,52.06,10.93,1.943,46.918,36.57,23,정상
2026-05-24 19:39:32,ROBOT_04,60.71,10.842,2.421,46.291,38.93,23,정상
2026-05-24 20:32:33,ROBOT_01,71.54,13.972,5.509,44.664,47.6,23,위험
2026-05-24 20:32:33,ROBOT_02,55.14,10.877,2.635,47.379,36.28,23,정상
2026-05-24 20:32:33,ROBOT_03,55.9,11.823,2.557,47.589,36.22,23,정상
2026-05-24 20:32:33,ROBOT_04,55.6,10.901,2.401,46.401,35.47,23,정상
2026-05-24 21:25:33,ROBOT_01,73.19,15.256,6.009,44.452,50.27,23,위험
2026-05-24 21:25:33,ROBOT_02,55.62,10.483,1.762,46.961,37.52,23,정상
2026-05-24 21:25:33,ROBOT_03,54.21,11.084,1.925,46.687,35.81,23,정상
2026-05-24 21:25:33,ROBOT_04,53.59,9.511,1.848,46.89,36.79,23,정상
2026-05-24 22:18:34,ROBOT_01,72.41,15.099,4.916,44.737,49.31,23,위험
2026-05-24 22:18:34,ROBOT_02,52.87,10.282,2.253,47.818,34.83,23,정상
2026-05-24 22:18:34,ROBOT_03,53.94,9.885,2.195,47.741,35.09,23,정상
2026-05-24 22:18:34,ROBOT_04,58.84,11.739,2.142,46.573,35.96,23,정상
2026-05-24 23:11:35,ROBOT_01,72.36,15.673,5.074,44.494,48.95,23,위험
2026-05-24 23:11:35,ROBOT_02,54.28,10.712,2.168,46.468,36.42,23,정상
2026-05-24 23:11:35,ROBOT_03,56.2,10.32,2.311,47.272,36.94,23,정상
2026-05-24 23:11:35,ROBOT_04,58.05,9.232,2.575,46.859,39.32,23,정상
2026-05-25 00:04:36,ROBOT_01,73.86,15.806,5.601,44.884,50.06,24,위험
2026-05-25 00:04:36,ROBOT_02,52.78,9.417,2.324,47.357,35.47,24,정상
2026-05-25 00:04:36,ROBOT_03,56.23,10.769,2.141,48.071,35.12,24,정상
2026-05-25 00:04:36,ROBOT_04,53.54,11.447,2.903,47.005,38.15,24,정상
2026-05-25 00:57:37,ROBOT_01,64.62,15.378,5.469,45.227,49.1,24,위험
2026-05-25 00:57:37,ROBOT_02,55.08,10.151,2.482,46.057,37.99,24,정상
2026-05-25 00:57:37,ROBOT_03,49.76,9.237,2.184,47.489,34.29,24,정상
2026-05-25 00:57:37,ROBOT_04,59.44,9.743,2.093,47.299,35.35,24,정상
2026-05-25 01:50:37,ROBOT_01,70.97,14.535,5.941,44.418,47.09,24,위험
2026-05-25 01:50:37,ROBOT_02,56.25,10.033,2.337,47.226,39.14,24,정상
2026-05-25 01:50:37,ROBOT_03,55.8,10.01,2.896,47.751,36.88,24,정상
2026-05-25 01:50:37,ROBOT_04,57.06,8.088,3.012,47.216,32.21,24,정상
2026-05-25 02:43:38,ROBOT_01,68.48,15.667,5.846,44.809,48.26,24,위험
2026-05-25 02:43:38,ROBOT_02,55.04,9.928,2.34,47.474,37.64,24,정상
2026-05-25 02:43:38,ROBOT_03,49.71,10.191,2.365,47.269,35.2,24,정상
2026-05-25 02:43:38,ROBOT_04,56.6,9.189,1.618,46.599,36.77,24,정상
2026-05-25 03:36:39,ROBOT_01,73.15,15.585,5.587,44.555,49.27,24,위험
2026-05-25 03:36:39,ROBOT_02,59.51,10.751,2.067,47.098,40.05,24,정상
2026-05-25 03:36:39,ROBOT_03,50.21,10.197,2.412,47.552,32.6,24,정상
2026-05-25 03:36:39,ROBOT_04,55.36,9.523,2.495,47.26,35.11,24,정상
2026-05-25 04:29:40,ROBOT_01,75.36,16.833,6.46,44.425,54.71,24,위험
2026-05-25 04:29:40,ROBOT_02,59.54,11.052,2.138,47.067,39.58,24,정상
2026-05-25 04:29:40,ROBOT_03,49.55,9.475,2.547,47.1,36.8,24,정상
2026-05-25 04:29:40,ROBOT_04,53.85,9.894,1.433,47.36,38.06,24,정상
2026-05-25 05:22:41,ROBOT_01,65.66,15.134,5.033,45.098,45.68,24,위험
2026-05-25 05:22:41,ROBOT_02,52.7,8.637,1.855,47.52,32.42,24,정상
2026-05-25 05:22:41,ROBOT_03,53.2,8.71,2.516,47.394,33.13,24,정상
2026-05-25 05:22:41,ROBOT_04,50.79,9.165,2.06,47.796,35.89,24,정상
2026-05-25 06:15:41,ROBOT_01,68.53,13.639,4.91,44.995,44.76,24,주의
2026-05-25 06:15:41,ROBOT_02,51.41,8.491,2.556,46.975,34.4,24,정상
2026-05-25 06:15:41,ROBOT_03,49,8.152,1.895,47.932,29.61,24,정상
2026-05-25 06:15:41,ROBOT_04,52.69,8.865,2.016,47.714,34.9,24,정상
2026-05-25 07:08:42,ROBOT_01,68.19,13.971,4.963,45.142,45.35,24,위험
2026-05-25 07:08:42,ROBOT_02,58.95,11.63,3.326,46.374,39.54,24,주의
2026-05-25 07:08:42,ROBOT_03,48.92,8.091,1.008,48.14,34.44,24,정상
2026-05-25 07:08:42,ROBOT_04,52.87,9.553,2.085,47.071,35.07,24,정상
2026-05-25 08:01:43,ROBOT_01,67.9,14.936,4.875,45.341,46.7,24,위험
2026-05-25 08:01:43,ROBOT_02,54.11,10.439,2.582,47.207,36.07,24,정상
2026-05-25 08:01:43,ROBOT_03,51.84,9.106,2.466,48.57,34.56,24,정상
2026-05-25 08:01:43,ROBOT_04,57.32,10.119,2.389,47.088,34.53,24,정상
2026-05-25 08:54:44,ROBOT_01,70.23,13.987,5.512,45.497,44.03,24,위험
2026-05-25 08:54:44,ROBOT_02,50.72,8.507,1.891,47.727,33.63,24,정상
2026-05-25 08:54:44,ROBOT_03,52.43,9.365,1.904,47.894,32.78,24,정상
2026-05-25 08:54:44,ROBOT_04,52.34,10.37,1.992,47.182,37.9,24,정상
2026-05-25 09:47:45,ROBOT_01,67.36,14.019,4.909,45.751,46.2,24,주의
2026-05-25 09:47:45,ROBOT_02,56.46,10.126,2.339,47.205,36.7,24,정상
2026-05-25 09:47:45,ROBOT_03,51.88,9.462,2.086,48.019,34.91,24,정상
2026-05-25 09:47:45,ROBOT_04,54.7,10.663,2.294,47.289,35.35,24,정상
2026-05-25 10:40:45,ROBOT_01,66.95,13.384,4.996,45.532,44.19,24,주의
2026-05-25 10:40:45,ROBOT_02,51.21,9.095,1.835,46.778,35.45,24,정상
2026-05-25 10:40:45,ROBOT_03,48.53,8.943,2.105,47.921,32.88,24,정상
2026-05-25 10:40:45,ROBOT_04,54.53,9.012,1.909,46.915,36.03,24,정상
2026-05-25 11:33:46,ROBOT_01,66.95,14.137,5.426,45.677,47.34,24,주의
2026-05-25 11:33:46,ROBOT_02,53.85,10.204,1.787,47.48,35.84,24,정상
2026-05-25 11:33:46,ROBOT_03,50.17,8.903,2.324,47.614,33.65,24,정상
2026-05-25 11:33:46,ROBOT_04,54.24,9.604,2.285,47.98,35.6,24,정상
2026-05-25 12:26:47,ROBOT_01,72.32,15.17,5.541,44.478,51.25,24,위험
2026-05-25 12:26:47,ROBOT_02,55.15,8.88,1.731,47.114,36.26,24,정상
2026-05-25 12:26:47,ROBOT_03,53.47,9.439,2.17,47.606,36.64,24,정상
2026-05-25 12:26:47,ROBOT_04,55.55,9.955,2.26,46.599,39.69,24,정상
2026-05-25 13:19:48,ROBOT_01,71.21,14.913,5.501,45.548,47.74,24,위험
2026-05-25 13:19:48,ROBOT_02,56.72,10.353,2.171,47.121,35.71,24,정상
2026-05-25 13:19:48,ROBOT_03,56.21,9.384,2.335,47.341,39.47,24,정상
2026-05-25 13:19:48,ROBOT_04,54.26,10.879,2.47,46.854,34.65,24,정상
2026-05-25 14:12:49,ROBOT_01,71.63,14.183,4.973,45.161,46.78,24,위험
2026-05-25 14:12:49,ROBOT_02,55.88,10.93,2.718,46.869,35.92,24,정상
2026-05-25 14:12:49,ROBOT_03,51.01,8.911,1.799,46.952,34.36,24,정상
2026-05-25 14:12:49,ROBOT_04,55.95,11.037,2.482,46.42,39.31,24,정상
2026-05-25 15:05:49,ROBOT_01,66.17,14.419,5.327,44.857,47.55,24,위험
2026-05-25 15:05:49,ROBOT_02,55.06,11.532,2.109,46.845,38.74,24,정상
2026-05-25 15:05:49,ROBOT_03,51.3,11.09,2.348,47.502,35.56,24,정상
2026-05-25 15:05:49,ROBOT_04,55.82,11.521,2.153,46.702,38.24,24,정상
2026-05-25 15:58:50,ROBOT_01,70.79,14.167,5.234,44.588,49.16,24,위험
2026-05-25 15:58:50,ROBOT_02,58.6,11.566,2.999,46.004,33.82,24,정상
2026-05-25 15:58:50,ROBOT_03,53.76,9.927,2.146,47.905,37.89,24,정상
2026-05-25 15:58:50,ROBOT_04,58.11,10.244,2.005,47.017,35.11,24,정상
2026-05-25 16:51:51,ROBOT_01,70.1,14.757,5.442,44.407,49.44,24,주의
2026-05-25 16:51:51,ROBOT_02,53.97,12.003,2.575,46.777,40.68,24,정상
2026-05-25 16:51:51,ROBOT_03,56.04,10.345,2.003,47.21,37.36,24,정상
2026-05-25 16:51:51,ROBOT_04,54.77,10.887,1.886,46.817,36.39,24,정상
2026-05-25 17:44:52,ROBOT_01,74.29,15.577,5.256,45.223,49.94,24,위험
2026-05-25 17:44:52,ROBOT_02,59.73,10.153,2.379,46.824,37.42,24,정상
2026-05-25 17:44:52,ROBOT_03,54.1,10.117,1.979,47.843,38.83,24,정상
2026-05-25 17:44:52,ROBOT_04,62.1,12.086,2.037,46.364,39.56,24,정상
2026-05-25 18:37:52,ROBOT_01,69.49,14.215,5.237,45.256,47.59,24,위험
2026-05-25 18:37:52,ROBOT_02,57.55,9.841,2.166,47.46,39.34,24,정상
2026-05-25 18:37:52,ROBOT_03,59.93,11.785,2.265,47.829,40.13,24,정상
2026-05-25 18:37:52,ROBOT_04,55.63,9.811,2.436,47.882,35.93,24,정상
2026-05-25 19:30:53,ROBOT_01,68.7,16.369,5.362,46.01,48.45,24,위험
2026-05-25 19:30:53,ROBOT_02,56.88,10.493,2.409,47.446,40.07,24,정상
2026-05-25 19:30:53,ROBOT_03,51.9,10.465,1.982,47.444,36.2,24,정상
2026-05-25 19:30:53,ROBOT_04,54.14,9.81,2.333,46.611,40.27,24,정상
2026-05-25 20:23:54,ROBOT_01,73.05,14.751,5.191,45.171,53.17,24,위험
2026-05-25 20:23:54,ROBOT_02,51.78,11.044,2.448,46.955,36.62,24,정상
2026-05-25 20:23:54,ROBOT_03,56.08,10.068,2.184,47.373,39.74,24,정상
2026-05-25 20:23:54,ROBOT_04,60.72,11.994,2.487,46.627,38.6,24,주의
2026-05-25 21:16:55,ROBOT_01,69.17,13.294,5.532,45.589,49.57,24,주의
2026-05-25 21:16:55,ROBOT_02,54.34,9.648,3.094,46.392,37.36,24,정상
2026-05-25 21:16:55,ROBOT_03,55.62,9.43,2.413,47.295,35.68,24,정상
2026-05-25 21:16:55,ROBOT_04,62.24,10.952,2.477,46.819,40.76,24,정상
2026-05-25 22:09:56,ROBOT_01,67.89,15.195,5.075,44.951,47,24,위험
2026-05-25 22:09:56,ROBOT_02,55.25,9.536,1.931,47.484,37.15,24,정상
2026-05-25 22:09:56,ROBOT_03,56.97,10.8,2.448,48.17,38.34,24,정상
2026-05-25 22:09:56,ROBOT_04,54.04,10.952,1.889,46.603,41.5,24,정상
2026-05-25 23:02:56,ROBOT_01,67.82,14.652,4.812,45.622,48.86,24,주의
2026-05-25 23:02:56,ROBOT_02,55.57,9.896,2.583,47.167,35.92,24,정상
2026-05-25 23:02:56,ROBOT_03,58.11,9.432,1.897,46.553,38.57,24,정상
2026-05-25 23:02:56,ROBOT_04,53.59,9.554,2.452,46.661,38.37,24,정상
2026-05-25 23:55:57,ROBOT_01,67.71,13.08,5.028,45.032,45.8,24,주의
2026-05-25 23:55:57,ROBOT_02,54.05,9.633,2.806,47.503,35.8,24,정상
2026-05-25 23:55:57,ROBOT_03,52.97,11.122,2.508,48.591,33.39,24,정상
2026-05-25 23:55:57,ROBOT_04,54.35,10.451,1.959,46.793,34.74,24,정상
2026-05-26 00:48:58,ROBOT_01,68.38,13.759,4.77,44.93,45.44,25,주의
2026-05-26 00:48:58,ROBOT_02,57.81,9.885,2.263,47.049,38.34,25,정상
2026-05-26 00:48:58,ROBOT_03,54.1,9.775,2.812,47.407,38.77,25,정상
2026-05-26 00:48:58,ROBOT_04,55.24,9.114,2.463,46.964,38.55,25,정상
2026-05-26 01:41:59,ROBOT_01,68.66,13.911,4.522,45.536,43.19,25,주의
2026-05-26 01:41:59,ROBOT_02,54.67,10.922,1.512,46.761,37.15,25,정상
2026-05-26 01:41:59,ROBOT_03,57.54,10.028,2.149,47.692,37.84,25,정상
2026-05-26 01:41:59,ROBOT_04,54.74,9.528,2.925,47.04,38,25,정상
2026-05-26 02:35:00,ROBOT_01,66.02,13.396,4.794,45.508,42.73,25,주의
2026-05-26 02:35:00,ROBOT_02,52.85,8.931,2.304,47.751,35.65,25,정상
2026-05-26 02:35:00,ROBOT_03,52.77,10.257,2.577,48.135,38.08,25,정상
2026-05-26 02:35:00,ROBOT_04,55.45,9.499,2.367,48.222,34.2,25,정상
2026-05-26 03:28:00,ROBOT_01,68.23,15.071,4.951,45.064,43.47,25,위험
2026-05-26 03:28:00,ROBOT_02,53.43,9.516,2.715,46.303,35.79,25,정상
2026-05-26 03:28:00,ROBOT_03,52.49,8.832,2.326,48.657,32.21,25,정상
2026-05-26 03:28:00,ROBOT_04,54.33,10.687,2.429,47.905,36.79,25,정상
2026-05-26 04:21:01,ROBOT_01,61.72,12.332,4.596,46.325,45.18,25,주의
2026-05-26 04:21:01,ROBOT_02,51.97,9.19,1.848,46.472,34.6,25,정상
2026-05-26 04:21:01,ROBOT_03,51.26,9.102,2.344,48.061,36.22,25,정상
2026-05-26 04:21:01,ROBOT_04,56.32,10.273,2.608,47.325,36.39,25,정상
2026-05-26 05:14:02,ROBOT_01,64.3,12.743,5.005,46.003,44.96,25,위험
2026-05-26 05:14:02,ROBOT_02,53.9,9.595,2.59,46.671,39.48,25,정상
2026-05-26 05:14:02,ROBOT_03,53.07,8.93,2.086,48.576,34.13,25,정상
2026-05-26 05:14:02,ROBOT_04,58.29,9.72,1.769,47.734,34.68,25,정상
2026-05-26 06:07:03,ROBOT_01,64.76,12.447,4.688,45.888,40.27,25,주의
2026-05-26 06:07:03,ROBOT_02,54.38,10.561,2.199,47.397,35.02,25,주의
2026-05-26 06:07:03,ROBOT_03,47.55,9.658,2.039,48.347,34.05,25,정상
2026-05-26 06:07:03,ROBOT_04,57.64,9.356,2.628,47.157,37,25,정상
2026-05-26 07:00:04,ROBOT_01,64.62,13.226,4.787,45.307,43.41,25,주의
2026-05-26 07:00:04,ROBOT_02,53.01,9.423,2.207,47.33,34.79,25,정상
2026-05-26 07:00:04,ROBOT_03,45.67,8.681,1.662,47.959,32.82,25,정상
2026-05-26 07:00:04,ROBOT_04,59.27,9.947,2.907,47.014,36.75,25,정상
2026-05-26 07:53:04,ROBOT_01,57.77,11.132,4.263,46.077,42.28,25,주의
2026-05-26 07:53:04,ROBOT_02,56.64,10.549,2.408,47.2,34.84,25,정상
2026-05-26 07:53:04,ROBOT_03,48.04,9.217,1.602,48.122,33.07,25,정상
2026-05-26 07:53:04,ROBOT_04,51.38,9.828,2.79,47.798,33.75,25,정상
2026-05-26 08:46:05,ROBOT_01,64.86,13.852,4.874,45.868,44.34,25,주의
2026-05-26 08:46:05,ROBOT_02,52.65,10.215,2.676,47.547,37.13,25,정상
2026-05-26 08:46:05,ROBOT_03,52.09,10.012,1.807,47.849,33.79,25,정상
2026-05-26 08:46:05,ROBOT_04,54.84,9.461,2.183,46.309,39.72,25,정상
2026-05-26 09:39:06,ROBOT_01,61.23,12.978,4.164,45.481,42.24,25,주의
2026-05-26 09:39:06,ROBOT_02,53.41,8.509,2.127,47.386,34.35,25,정상
2026-05-26 09:39:06,ROBOT_03,51.28,9.618,2.154,47.203,35.61,25,정상
2026-05-26 09:39:06,ROBOT_04,51.64,10.614,2.732,47.743,38.25,25,정상
2026-05-26 10:32:07,ROBOT_01,59.74,12.31,4.367,46.745,42.33,25,주의
2026-05-26 10:32:07,ROBOT_02,52.47,9.241,2.385,47.852,37.8,25,정상
2026-05-26 10:32:07,ROBOT_03,50.33,8.667,2.251,48.295,31.16,25,정상
2026-05-26 10:32:07,ROBOT_04,54.02,9.152,2.184,46.95,36.99,25,정상
2026-05-26 11:25:08,ROBOT_01,66.26,13.125,4.668,45.666,45.99,25,주의
2026-05-26 11:25:08,ROBOT_02,51.51,9.61,2.342,47.016,34.53,25,정상
2026-05-26 11:25:08,ROBOT_03,52.11,9.031,2.094,47.007,37.01,25,정상
2026-05-26 11:25:08,ROBOT_04,49.92,9.699,2.164,46.779,35.58,25,정상
2026-05-26 12:18:08,ROBOT_01,65.9,13.184,4.761,45.138,43.44,25,주의
2026-05-26 12:18:08,ROBOT_02,58.63,10.509,2.2,46.914,36.17,25,정상
2026-05-26 12:18:08,ROBOT_03,52.76,9.191,1.994,48.295,36.61,25,정상
2026-05-26 12:18:08,ROBOT_04,53.89,10.279,2.226,47.002,37.79,25,정상
2026-05-26 13:11:09,ROBOT_01,62.36,13.949,4.378,45.685,45,25,주의
2026-05-26 13:11:09,ROBOT_02,56.49,10.442,2.215,47.331,38.63,25,정상
2026-05-26 13:11:09,ROBOT_03,51.82,9.971,2.458,48.167,38.29,25,정상
2026-05-26 13:11:09,ROBOT_04,52.56,9.005,2.289,46.725,37.09,25,정상
2026-05-26 14:04:10,ROBOT_01,69.13,13.638,4.139,46.402,43,25,주의
2026-05-26 14:04:10,ROBOT_02,55.58,9.918,2.502,47.463,39.49,25,정상
2026-05-26 14:04:10,ROBOT_03,54.46,9.787,2.696,47.701,36.41,25,정상
2026-05-26 14:04:10,ROBOT_04,55.77,9.784,2.415,46.882,35.6,25,정상
2026-05-26 14:57:11,ROBOT_01,68.72,12.715,4.055,45.899,44.38,25,주의
2026-05-26 14:57:11,ROBOT_02,55.35,10.164,2.323,47.255,36.71,25,정상
2026-05-26 14:57:11,ROBOT_03,55.21,10.779,1.988,47.234,36.53,25,정상
2026-05-26 14:57:11,ROBOT_04,55.75,11.678,2.317,46.819,36.58,25,정상
2026-05-26 15:50:11,ROBOT_01,61.94,12.29,4.661,45.391,41.45,25,주의
2026-05-26 15:50:11,ROBOT_02,57.3,9.892,2.362,46.767,39.81,25,정상
2026-05-26 15:50:11,ROBOT_03,53.79,8.914,2.23,47.459,37.34,25,정상
2026-05-26 15:50:11,ROBOT_04,53.33,11.145,2.363,46.899,38.04,25,정상
2026-05-26 16:43:12,ROBOT_01,65.06,14.025,4.417,46.136,47.56,25,주의
2026-05-26 16:43:12,ROBOT_02,59.77,11.03,2.715,46.674,39.76,25,주의
2026-05-26 16:43:12,ROBOT_03,55.75,9.679,2.595,47.27,38.18,25,정상
2026-05-26 16:43:12,ROBOT_04,60.89,10.272,2.671,46.684,39.87,25,정상
2026-05-26 17:36:13,ROBOT_01,66.14,13.647,4.224,45.841,48.09,25,위험
2026-05-26 17:36:13,ROBOT_02,56.16,10.512,2.975,47.118,34.68,25,정상
2026-05-26 17:36:13,ROBOT_03,55.92,10.698,1.477,46.672,39.39,25,정상
2026-05-26 17:36:13,ROBOT_04,54.06,9.568,2.557,46.717,36.59,25,정상
2026-05-26 18:29:14,ROBOT_01,68.57,11.926,4.185,45.47,45.43,25,주의
2026-05-26 18:29:14,ROBOT_02,51.61,10.401,2.479,47.007,39.39,25,정상
2026-05-26 18:29:14,ROBOT_03,55.14,10.31,1.926,47.562,36.38,25,정상
2026-05-26 18:29:14,ROBOT_04,54.32,11.279,2.452,46.904,37.57,25,정상
2026-05-26 19:22:15,ROBOT_01,65.04,12.364,4.085,45.072,43.15,25,주의
2026-05-26 19:22:15,ROBOT_02,55.44,10.643,2.869,46.536,37.79,25,정상
2026-05-26 19:22:15,ROBOT_03,55.33,11.06,2.107,47.169,41.02,25,정상
2026-05-26 19:22:15,ROBOT_04,61.02,10.347,2.194,47.14,35.64,25,정상
2026-05-26 20:15:15,ROBOT_01,67.63,13.244,4.431,45.788,45.12,25,주의
2026-05-26 20:15:15,ROBOT_02,58.92,10.692,2.189,46.399,37.75,25,정상
2026-05-26 20:15:15,ROBOT_03,53.87,9.51,2.464,47.652,40.05,25,정상
2026-05-26 20:15:15,ROBOT_04,63.31,11.039,2.618,46.213,38.89,25,주의
2026-05-26 21:08:16,ROBOT_01,64.37,12.785,4.243,45.095,45.44,25,정상
2026-05-26 21:08:16,ROBOT_02,58.47,10.627,1.945,47.076,41.38,25,정상
2026-05-26 21:08:16,ROBOT_03,53.64,10.719,2.249,47.773,36.99,25,정상
2026-05-26 21:08:16,ROBOT_04,55.15,9.459,2.759,46.36,37.47,25,정상
2026-05-26 22:01:17,ROBOT_01,61.64,12.192,4.095,46.471,45.3,25,주의
2026-05-26 22:01:17,ROBOT_02,60.23,10.621,2.037,47.41,36.83,25,정상
2026-05-26 22:01:17,ROBOT_03,55.01,8.705,2.318,47.222,33.48,25,정상
2026-05-26 22:01:17,ROBOT_04,58.44,9.597,2.856,46.616,39.32,25,정상
2026-05-26 22:54:18,ROBOT_01,64.33,13.523,3.94,45.769,45.26,25,주의
2026-05-26 22:54:18,ROBOT_02,57.75,11.02,2.13,47.072,37.8,25,정상
2026-05-26 22:54:18,ROBOT_03,52.98,9.729,2.028,47.618,37.9,25,정상
2026-05-26 22:54:18,ROBOT_04,62.13,10.176,2.709,46.27,39.69,25,정상
2026-05-26 23:47:19,ROBOT_01,59.29,12.625,3.957,46.055,42.1,25,위험
2026-05-26 23:47:19,ROBOT_02,59.24,11.383,2.349,46.583,37.22,25,정상
2026-05-26 23:47:19,ROBOT_03,54.46,10.409,2.16,46.492,39.97,25,정상
2026-05-26 23:47:19,ROBOT_04,56.2,10.124,2.425,45.973,36.73,25,정상
2026-05-27 00:40:19,ROBOT_01,66.32,13.534,3.69,45.834,42.04,26,주의
2026-05-27 00:40:19,ROBOT_02,56.35,10.557,2.58,47.503,37.21,26,정상
2026-05-27 00:40:19,ROBOT_03,56.48,10.381,2.19,47.876,36.65,26,정상
2026-05-27 00:40:19,ROBOT_04,57.56,10.936,2.161,46.482,35.67,26,정상
2026-05-27 01:33:20,ROBOT_01,63.33,13.614,3.92,45.401,43.3,26,주의
2026-05-27 01:33:20,ROBOT_02,57.25,11.032,2.386,47.431,37.85,26,정상
2026-05-27 01:33:20,ROBOT_03,52.03,10.894,2.784,47.259,33.76,26,정상
2026-05-27 01:33:20,ROBOT_04,54.37,10.094,2.462,46.984,32.89,26,정상
2026-05-27 02:26:21,ROBOT_01,64.63,11.806,4.012,46.459,43.56,26,주의
2026-05-27 02:26:21,ROBOT_02,56.11,8.883,2.23,48.399,33.85,26,정상
2026-05-27 02:26:21,ROBOT_03,52.58,8.511,2.002,46.783,35.23,26,정상
2026-05-27 02:26:21,ROBOT_04,54.72,10.744,2.374,47.144,38.64,26,정상
2026-05-27 03:19:22,ROBOT_01,63.96,11.066,4.141,45.594,39.59,26,주의
2026-05-27 03:19:22,ROBOT_02,51.98,10.53,2.357,47.118,36.67,26,정상
2026-05-27 03:19:22,ROBOT_03,51.02,9.388,2.037,48.109,31.96,26,정상
2026-05-27 03:19:22,ROBOT_04,51.4,8.822,2.005,47.221,35.73,26,정상
2026-05-27 04:12:23,ROBOT_01,65.04,11.221,3.674,46.937,43.29,26,주의
2026-05-27 04:12:23,ROBOT_02,50.59,8.7,1.837,47.216,35.87,26,정상
2026-05-27 04:12:23,ROBOT_03,49.4,9.654,2.091,48.068,35.21,26,정상
2026-05-27 04:12:23,ROBOT_04,55.53,9.127,2.528,47.773,35.62,26,정상
2026-05-27 05:05:23,ROBOT_01,58.79,12.612,3.414,46.209,41.28,26,정상
2026-05-27 05:05:23,ROBOT_02,54.19,9.189,2.402,48.012,38.76,26,정상
2026-05-27 05:05:23,ROBOT_03,46.95,9.149,2.363,47.676,36.08,26,정상
2026-05-27 05:05:23,ROBOT_04,51.62,10.071,2.155,47.036,33.93,26,정상
2026-05-27 05:58:24,ROBOT_01,62.96,10.823,3.417,46.596,43.34,26,주의
2026-05-27 05:58:24,ROBOT_02,53.42,10.081,2.961,47.614,32.87,26,정상
2026-05-27 05:58:24,ROBOT_03,53.81,8.843,1.65,48.406,36.36,26,정상
2026-05-27 05:58:24,ROBOT_04,55.86,9.991,2.046,47.525,36.48,26,정상
2026-05-27 06:51:25,ROBOT_01,57.74,12.161,3.555,47.159,40.63,26,주의
2026-05-27 06:51:25,ROBOT_02,51.35,10.063,2.12,47.382,35.94,26,정상
2026-05-27 06:51:25,ROBOT_03,50.99,9.073,2.017,47.791,36.79,26,정상
2026-05-27 06:51:25,ROBOT_04,51.95,9.475,2.408,47.176,34.78,26,정상
2026-05-27 07:44:26,ROBOT_01,55.86,11.623,3.549,46.384,39.49,26,정상
2026-05-27 07:44:26,ROBOT_02,51.1,10.68,2.813,47.139,35.13,26,정상
2026-05-27 07:44:26,ROBOT_03,52.8,8.733,2.181,47.647,34.1,26,정상
2026-05-27 07:44:26,ROBOT_04,53.79,10.18,2.075,46.46,34.41,26,정상
2026-05-27 08:37:27,ROBOT_01,58.41,13.179,3.648,46.492,41.54,26,주의
2026-05-27 08:37:27,ROBOT_02,55.4,10.196,2.375,47.384,36.33,26,정상
2026-05-27 08:37:27,ROBOT_03,51.22,8.641,1.948,47.866,35.78,26,정상
2026-05-27 08:37:27,ROBOT_04,54.67,10.275,2.686,46.907,36.46,26,정상
2026-05-27 09:30:27,ROBOT_01,59.72,11.747,3.372,46.389,41.18,26,정상
2026-05-27 09:30:27,ROBOT_02,55.51,9.954,2.599,47.386,34.95,26,정상
2026-05-27 09:30:27,ROBOT_03,55.02,8.898,1.87,48.11,34.53,26,정상
2026-05-27 09:30:27,ROBOT_04,49.39,7.764,2.418,46.65,36.06,26,정상
2026-05-27 10:23:28,ROBOT_01,57.74,12.024,3.44,46.901,40.16,26,주의
2026-05-27 10:23:28,ROBOT_02,56.25,9.859,2.084,47.127,38.06,26,정상
2026-05-27 10:23:28,ROBOT_03,52.44,9.536,2.038,48.427,35.98,26,정상
2026-05-27 10:23:28,ROBOT_04,52.43,8.146,2.382,47.245,33.62,26,정상
2026-05-27 11:16:29,ROBOT_01,62.66,11.673,3.792,46.166,40.08,26,주의
2026-05-27 11:16:29,ROBOT_02,57.74,10.311,2.274,47.061,37.71,26,정상
2026-05-27 11:16:29,ROBOT_03,51.48,9.657,1.88,48.083,35.9,26,정상
2026-05-27 11:16:29,ROBOT_04,56.4,10.996,2.345,46.791,36.01,26,정상
2026-05-27 12:09:30,ROBOT_01,58.36,12.238,3.161,46.572,42.26,26,주의
2026-05-27 12:09:30,ROBOT_02,53.7,10.407,2.437,46.208,40.77,26,정상
2026-05-27 12:09:30,ROBOT_03,51.43,11.598,1.873,46.994,33.37,26,정상
2026-05-27 12:09:30,ROBOT_04,58.05,10.4,2.668,47.391,37.06,26,정상
2026-05-27 13:02:30,ROBOT_01,58.42,11.811,3.004,46.842,39.25,26,주의
2026-05-27 13:02:30,ROBOT_02,57.01,9.695,2.506,48.209,37.5,26,정상
2026-05-27 13:02:30,ROBOT_03,51.04,9.548,2.571,46.719,34.81,26,정상
2026-05-27 13:02:30,ROBOT_04,57.35,11.438,1.956,47.329,36.89,26,정상
2026-05-27 13:55:31,ROBOT_01,56.89,12.07,3.505,46.831,38.67,26,정상
2026-05-27 13:55:31,ROBOT_02,54.19,9.984,2.68,46.915,36.34,26,정상
2026-05-27 13:55:31,ROBOT_03,54.89,10.394,2.221,47.315,37.49,26,정상
2026-05-27 13:55:31,ROBOT_04,57.41,11.469,2.384,45.633,37.61,26,정상
2026-05-27 14:48:32,ROBOT_01,61.88,12.555,3.466,46.27,45.46,26,주의
2026-05-27 14:48:32,ROBOT_02,54.19,10.548,2.513,47.782,40.07,26,정상
2026-05-27 14:48:32,ROBOT_03,55,10.364,2.187,48.008,35.37,26,정상
2026-05-27 14:48:32,ROBOT_04,58.45,10.094,1.911,47.305,37.19,26,정상
2026-05-27 15:41:33,ROBOT_01,61.51,12.267,3.23,46.96,42.62,26,주의
2026-05-27 15:41:33,ROBOT_02,55.78,12.006,2.239,47.172,38.6,26,정상
2026-05-27 15:41:33,ROBOT_03,54.96,9.861,1.886,46.638,35.81,26,정상
2026-05-27 15:41:33,ROBOT_04,57.84,10.223,2.446,46.647,39.92,26,정상
2026-05-27 16:34:34,ROBOT_01,58.18,11.491,3.217,46.403,44.01,26,정상
2026-05-27 16:34:34,ROBOT_02,56.98,10.579,2.213,46.179,41.41,26,정상
2026-05-27 16:34:34,ROBOT_03,52.89,10.093,1.892,46.769,40.8,26,정상
2026-05-27 16:34:34,ROBOT_04,54.55,10.537,2.688,46.588,37.28,26,정상
2026-05-27 17:27:34,ROBOT_01,61.37,12.314,3.206,46.5,39.65,26,정상
2026-05-27 17:27:34,ROBOT_02,59.06,11.953,2.502,46.049,38.63,26,정상
2026-05-27 17:27:34,ROBOT_03,58.57,12.129,2.538,47.47,36.39,26,정상
2026-05-27 17:27:34,ROBOT_04,56.47,11.035,2.411,47.237,39.69,26,정상
2026-05-27 18:20:35,ROBOT_01,60.05,11.475,3.356,46.611,41.36,26,주의
2026-05-27 18:20:35,ROBOT_02,57.58,12.263,2.59,46.279,37.54,26,주의
2026-05-27 18:20:35,ROBOT_03,52.82,10.5,1.935,47.711,38.48,26,정상
2026-05-27 18:20:35,ROBOT_04,60.02,11.114,2.603,45.715,43.59,26,정상
2026-05-27 19:13:36,ROBOT_01,65.87,12.308,3.161,45.972,42.77,26,주의
2026-05-27 19:13:36,ROBOT_02,61.27,11.27,3.121,47.253,37.51,26,정상
2026-05-27 19:13:36,ROBOT_03,58.46,10.9,2.628,46.654,37.78,26,정상
2026-05-27 19:13:36,ROBOT_04,61.56,10.085,2.563,47.177,37.56,26,정상
2026-05-27 20:06:37,ROBOT_01,61.1,12.063,3.19,45.776,44.27,26,주의
2026-05-27 20:06:37,ROBOT_02,58.46,10.859,3.239,47.087,37.63,26,정상
2026-05-27 20:06:37,ROBOT_03,54.22,10.319,2.061,47.637,42.95,26,정상
2026-05-27 20:06:37,ROBOT_04,56.58,9.812,2.198,47.166,36.65,26,정상
2026-05-27 20:59:38,ROBOT_01,60,12.289,3.166,46.874,42.15,26,주의
2026-05-27 20:59:38,ROBOT_02,55.91,10.838,3.003,47.061,39.75,26,정상
2026-05-27 20:59:38,ROBOT_03,50.13,9.475,2.544,47.149,36.22,26,정상
2026-05-27 20:59:38,ROBOT_04,58.24,9.676,2.337,46.768,38.3,26,정상
2026-05-27 21:52:38,ROBOT_01,56.23,11.45,2.252,46.667,40.35,26,정상
2026-05-27 21:52:38,ROBOT_02,58.46,11.162,2.772,47.865,39.61,26,정상
2026-05-27 21:52:38,ROBOT_03,54.72,10.473,2.267,47.236,35.71,26,정상
2026-05-27 21:52:38,ROBOT_04,58.18,10.969,2.137,46.957,40.85,26,정상
2026-05-27 22:45:39,ROBOT_01,59.92,11.057,3.509,45.712,40.82,26,주의
2026-05-27 22:45:39,ROBOT_02,57.9,11.06,2.912,47.044,41.26,26,주의
2026-05-27 22:45:39,ROBOT_03,53.58,8.845,2.606,47.435,36.19,26,정상
2026-05-27 22:45:39,ROBOT_04,59.57,9.941,2.363,47.232,33.75,26,정상
2026-05-27 23:38:40,ROBOT_01,57.69,11.748,2.822,46.279,39.4,26,주의
2026-05-27 23:38:40,ROBOT_02,62.48,10.358,3.064,46.275,40.51,26,정상
2026-05-27 23:38:40,ROBOT_03,54.42,9.754,2.072,48.736,32.99,26,정상
2026-05-27 23:38:40,ROBOT_04,57.24,9.119,2.645,47.315,35.65,26,정상
2026-05-28 00:31:41,ROBOT_01,55.59,10.992,3.046,47.179,35.5,27,정상
2026-05-28 00:31:41,ROBOT_02,61.79,11.677,2.724,46.988,41.06,27,주의
2026-05-28 00:31:41,ROBOT_03,57.34,9.079,1.859,47.652,36.12,27,정상
2026-05-28 00:31:41,ROBOT_04,55.75,10.641,2.865,46.234,34.2,27,정상
2026-05-28 01:24:42,ROBOT_01,60.51,10.719,2.664,47.23,39.36,27,정상
2026-05-28 01:24:42,ROBOT_02,59.45,9.867,2.811,46.258,40.9,27,정상
2026-05-28 01:24:42,ROBOT_03,58.46,9.387,2.161,48.076,36.4,27,정상
2026-05-28 01:24:42,ROBOT_04,50.94,10.582,2.018,47.367,35.22,27,정상
2026-05-28 02:17:42,ROBOT_01,57.46,11.314,3.231,45.909,41.23,27,주의
2026-05-28 02:17:42,ROBOT_02,60.36,11.412,2.46,46.697,38.76,27,주의
2026-05-28 02:17:42,ROBOT_03,54.46,9.782,2.641,47.156,37.03,27,정상
2026-05-28 02:17:42,ROBOT_04,56.55,9.796,2.613,46.494,37.18,27,정상
2026-05-28 03:10:43,ROBOT_01,57.71,11.016,3.142,46.667,36.55,27,정상
2026-05-28 03:10:43,ROBOT_02,53.78,10.778,2.133,47.036,38.07,27,정상
2026-05-28 03:10:43,ROBOT_03,52.2,9.89,2.572,48.218,31.27,27,정상
2026-05-28 03:10:43,ROBOT_04,52.88,9.66,2.352,46.975,36.92,27,정상
2026-05-28 04:03:44,ROBOT_01,57.83,10.676,2.773,47.276,40.08,27,정상
2026-05-28 04:03:44,ROBOT_02,55.84,11.481,2.551,47.582,36.05,27,정상
2026-05-28 04:03:44,ROBOT_03,54.56,10.219,2.278,48.267,35.53,27,정상
2026-05-28 04:03:44,ROBOT_04,56.96,9.912,2.136,47.032,37.54,27,정상
2026-05-28 04:56:45,ROBOT_01,56.46,11.151,2.964,47.292,35.1,27,정상
2026-05-28 04:56:45,ROBOT_02,56.03,10.306,2.445,47.185,36.18,27,정상
2026-05-28 04:56:45,ROBOT_03,51.12,10.291,2.055,47.655,29.28,27,정상
2026-05-28 04:56:45,ROBOT_04,54.59,10.095,2.547,46.56,35.11,27,정상
2026-05-28 05:49:46,ROBOT_01,55.94,9.96,2.683,47.013,37.81,27,정상
2026-05-28 05:49:46,ROBOT_02,53.67,11.316,3.071,46.777,33.3,27,정상
2026-05-28 05:49:46,ROBOT_03,49.21,9.174,2.501,48.446,31.68,27,정상
2026-05-28 05:49:46,ROBOT_04,52.87,11.122,2.415,46.876,38.12,27,정상
2026-05-28 06:42:46,ROBOT_01,54.89,10.216,2.482,47.417,37.33,27,정상
2026-05-28 06:42:46,ROBOT_02,50.34,10.389,2.968,46.861,34.8,27,정상
2026-05-28 06:42:46,ROBOT_03,53.42,10.164,2.104,47.304,37.99,27,정상
2026-05-28 06:42:46,ROBOT_04,49.69,9.706,1.817,47.889,33.51,27,정상
2026-05-28 07:35:47,ROBOT_01,56.03,10.926,2.805,46.599,36.19,27,정상
2026-05-28 07:35:47,ROBOT_02,54.74,10.231,2.392,47.078,37.93,27,정상
2026-05-28 07:35:47,ROBOT_03,52.93,9.054,2.083,47.865,34.32,27,정상
2026-05-28 07:35:47,ROBOT_04,51.95,9.429,2.354,47.332,36.49,27,정상
2026-05-28 08:28:48,ROBOT_01,55.89,11.016,2.297,47.212,34.69,27,정상
2026-05-28 08:28:48,ROBOT_02,52.43,9.141,2.45,46.961,34.95,27,정상
2026-05-28 08:28:48,ROBOT_03,49.58,9.984,1.959,47.85,33.2,27,정상
2026-05-28 08:28:48,ROBOT_04,51.87,10.011,2.547,47.777,35.12,27,정상
2026-05-28 09:21:49,ROBOT_01,52.88,11.805,2.355,47.029,35.28,27,정상
2026-05-28 09:21:49,ROBOT_02,56.89,11.396,2.804,46.782,39.22,27,정상
2026-05-28 09:21:49,ROBOT_03,50.67,10.424,2.345,47.745,36.26,27,정상
2026-05-28 09:21:49,ROBOT_04,53.93,9.458,2.398,46.819,38.15,27,정상
2026-05-28 10:14:49,ROBOT_01,57.91,11.67,2.588,47.253,40.9,27,정상
2026-05-28 10:14:49,ROBOT_02,55.1,9.955,2.543,47.194,33.41,27,정상
2026-05-28 10:14:49,ROBOT_03,50.24,9.069,2.821,47.322,33.99,27,정상
2026-05-28 10:14:49,ROBOT_04,56.86,9.438,2.298,47.649,35.8,27,정상
2026-05-28 11:07:50,ROBOT_01,55.03,9.094,3.283,46.609,38.95,27,정상
2026-05-28 11:07:50,ROBOT_02,56.87,11.076,2.652,46.652,37.13,27,정상
2026-05-28 11:07:50,ROBOT_03,52.6,9.778,2.502,47.364,36.59,27,정상
2026-05-28 11:07:50,ROBOT_04,66.43,13.547,5.027,44.288,46.59,27,위험
2026-05-28 12:00:51,ROBOT_01,57.67,10.756,2.612,47.438,37.36,27,정상
2026-05-28 12:00:51,ROBOT_02,56.55,9.456,2.527,47.135,37.72,27,정상
2026-05-28 12:00:51,ROBOT_03,54.76,10.037,1.911,48.307,37.31,27,정상
2026-05-28 12:00:51,ROBOT_04,57.03,10.409,2.346,46.945,34.62,27,정상
2026-05-28 12:53:52,ROBOT_01,56.19,9.83,2.841,47.276,37.45,27,정상
2026-05-28 12:53:52,ROBOT_02,54.79,10.672,2.711,46.749,38.41,27,정상
2026-05-28 12:53:52,ROBOT_03,56.56,10.062,2.262,47.684,34.85,27,정상
2026-05-28 12:53:52,ROBOT_04,54.23,10.191,2.593,47.102,33.56,27,정상
2026-05-28 13:46:53,ROBOT_01,54.47,10.136,2.502,48.257,37.33,27,정상
2026-05-28 13:46:53,ROBOT_02,59.89,10.273,2.188,46.501,38.37,27,정상
2026-05-28 13:46:53,ROBOT_03,54.53,9.535,2.414,48.306,34.16,27,정상
2026-05-28 13:46:53,ROBOT_04,53.97,9.871,2.957,46.567,37.49,27,정상
2026-05-28 14:39:53,ROBOT_01,58.36,11.897,2.808,46.824,36.13,27,주의
2026-05-28 14:39:53,ROBOT_02,56.73,11.221,2.635,46.154,37.86,27,정상
2026-05-28 14:39:53,ROBOT_03,54.66,10.197,2.459,47.184,36.2,27,정상
2026-05-28 14:39:53,ROBOT_04,54.14,10.712,2.545,46.774,38.42,27,정상
2026-05-28 15:32:54,ROBOT_01,50.69,11.112,2.734,46.732,41.94,27,정상
2026-05-28 15:32:54,ROBOT_02,61.73,11.762,2.95,46.597,42.59,27,주의
2026-05-28 15:32:54,ROBOT_03,52.67,10.084,2.322,47,38.71,27,정상
2026-05-28 15:32:54,ROBOT_04,57.74,10.971,2.311,47.359,39.38,27,정상
2026-05-28 16:25:55,ROBOT_01,57.4,11.32,2.593,47.035,38.78,27,주의
2026-05-28 16:25:55,ROBOT_02,56.97,11.868,3.084,46.656,42.29,27,정상
2026-05-28 16:25:55,ROBOT_03,55.21,9.133,2.465,47.28,36.08,27,정상
2026-05-28 16:25:55,ROBOT_04,55.06,10.201,2.653,46.02,36.76,27,정상
2026-05-28 17:18:56,ROBOT_01,57.38,12.1,3.098,46.948,38.74,27,정상
2026-05-28 17:18:56,ROBOT_02,58.84,10.803,2.583,46.594,40.82,27,주의
2026-05-28 17:18:56,ROBOT_03,55.37,10.692,2.623,47.149,39.62,27,주의
2026-05-28 17:18:56,ROBOT_04,60.82,10.845,2.049,46.032,37.9,27,정상
2026-05-28 18:11:57,ROBOT_01,57.64,11.953,2.51,47.446,38.68,27,정상
2026-05-28 18:11:57,ROBOT_02,61.95,11.376,2.692,45.929,41.65,27,주의
2026-05-28 18:11:57,ROBOT_03,58.68,10.908,2.4,46.91,36.01,27,정상
2026-05-28 18:11:57,ROBOT_04,55.67,9.45,2.47,46.173,36.4,27,정상
2026-05-28 19:04:57,ROBOT_01,57.26,11.119,3.139,47.177,40.41,27,정상
2026-05-28 19:04:57,ROBOT_02,58.83,10.741,3.492,46.277,39.67,27,정상
2026-05-28 19:04:57,ROBOT_03,52.92,10.344,2.167,47.243,37.35,27,정상
2026-05-28 19:04:57,ROBOT_04,57.51,9.966,2.678,46.625,39.3,27,정상
2026-05-28 19:57:58,ROBOT_01,62.35,11.571,2.54,46.749,39.84,27,주의
2026-05-28 19:57:58,ROBOT_02,61.01,10.427,3.611,46.114,39.29,27,정상
2026-05-28 19:57:58,ROBOT_03,53.77,11.041,2.457,46.618,40.28,27,정상
2026-05-28 19:57:58,ROBOT_04,58.98,11.959,2.068,46.53,41.24,27,정상
2026-05-28 20:50:59,ROBOT_01,61.4,11.696,2.856,45.901,40.36,27,정상
2026-05-28 20:50:59,ROBOT_02,61.35,11.059,3.597,46.277,39.85,27,주의
2026-05-28 20:50:59,ROBOT_03,58.1,9.63,2.421,47.072,37.6,27,정상
2026-05-28 20:50:59,ROBOT_04,57.28,10.168,2.388,45.985,39.12,27,정상
2026-05-28 21:44:00,ROBOT_01,55.93,11.162,2.254,46.919,37.16,27,정상
2026-05-28 21:44:00,ROBOT_02,58.45,11.333,3.209,46.231,39.71,27,정상
2026-05-28 21:44:00,ROBOT_03,50.22,11.454,1.897,47.27,35.48,27,정상
2026-05-28 21:44:00,ROBOT_04,55.42,10.118,2.61,45.891,38.05,27,정상
2026-05-28 22:37:01,ROBOT_01,58.34,10.728,2.404,46.993,38.14,27,정상
2026-05-28 22:37:01,ROBOT_02,58.32,12.204,2.975,46.387,40.69,27,주의
2026-05-28 22:37:01,ROBOT_03,55.65,10.282,2.194,47.529,37.42,27,정상
2026-05-28 22:37:01,ROBOT_04,61.08,10.551,2.388,47.023,37.56,27,정상
2026-05-28 23:30:01,ROBOT_01,57.83,10.551,3.086,46.861,38.85,27,정상
2026-05-28 23:30:01,ROBOT_02,52.63,11.432,3.468,46.123,37.98,27,주의
2026-05-28 23:30:01,ROBOT_03,56.78,10.928,2.647,47.903,36.24,27,정상
2026-05-28 23:30:01,ROBOT_04,60.04,10.595,2.898,47.28,34.97,27,주의
2026-05-29 00:23:02,ROBOT_01,57.69,10.166,3,47.863,36.31,28,정상
2026-05-29 00:23:02,ROBOT_02,61.36,13.021,3.708,45.992,42.15,28,주의
2026-05-29 00:23:02,ROBOT_03,47.26,8.619,2.088,47.345,35.47,28,정상
2026-05-29 00:23:02,ROBOT_04,56.24,9.163,2.45,47.045,40.12,28,정상
2026-05-29 01:16:03,ROBOT_01,52.2,10.674,2.636,46.629,39.01,28,정상
2026-05-29 01:16:03,ROBOT_02,61.62,12.913,3.156,47.06,39.35,28,정상
2026-05-29 01:16:03,ROBOT_03,53.33,10.668,2.563,47.125,37.14,28,정상
2026-05-29 01:16:03,ROBOT_04,58.42,10.872,2.475,46.85,36.77,28,정상
2026-05-29 02:09:04,ROBOT_01,55.8,9.251,2.61,47.84,38.26,28,정상
2026-05-29 02:09:04,ROBOT_02,54.83,10.742,3.234,47.05,37.25,28,정상
2026-05-29 02:09:04,ROBOT_03,54.9,10.647,2.335,46.965,36.17,28,정상
2026-05-29 02:09:04,ROBOT_04,56.51,11.008,2.362,46.827,38.89,28,정상
2026-05-29 03:02:05,ROBOT_01,53.32,9.295,2.591,46.836,36.33,28,정상
2026-05-29 03:02:05,ROBOT_02,58.43,11.023,3.265,45.94,42.45,28,주의
2026-05-29 03:02:05,ROBOT_03,52.31,9.135,1.944,47.728,35.32,28,정상
2026-05-29 03:02:05,ROBOT_04,50.11,10.394,2.1,47.665,35.28,28,정상
2026-05-29 03:55:05,ROBOT_01,54.39,11.049,2.203,46.163,38.19,28,정상
2026-05-29 03:55:05,ROBOT_02,60.15,12.277,3.422,46.658,40.18,28,주의
2026-05-29 03:55:05,ROBOT_03,53.81,9.633,1.885,47.154,32.14,28,정상
2026-05-29 03:55:05,ROBOT_04,53.25,9.172,2.658,47.622,36.96,28,정상
2026-05-29 04:48:06,ROBOT_01,51.97,9.511,2.604,46.7,36.83,28,정상
2026-05-29 04:48:06,ROBOT_02,62.13,10.941,3.751,46.268,41.01,28,주의
2026-05-29 04:48:06,ROBOT_03,50.53,9.157,1.917,46.848,38.21,28,정상
2026-05-29 04:48:06,ROBOT_04,52.13,10.182,2.331,47.404,40.13,28,정상
2026-05-29 05:41:07,ROBOT_01,54.15,9.936,2.268,47.47,37.97,28,정상
2026-05-29 05:41:07,ROBOT_02,63.45,11.659,2.95,46.599,39.03,28,정상
2026-05-29 05:41:07,ROBOT_03,47.38,8.028,2.293,49.112,29.37,28,정상
2026-05-29 05:41:07,ROBOT_04,58.24,10.24,2.456,47.001,37.38,28,정상
2026-05-29 06:34:08,ROBOT_01,51.77,8.738,2.721,48.096,34.17,28,정상
2026-05-29 06:34:08,ROBOT_02,71.43,15.702,5.644,45.06,48.41,28,위험
2026-05-29 06:34:08,ROBOT_03,47.82,9.065,1.989,47.902,35.26,28,정상
2026-05-29 06:34:08,ROBOT_04,52.92,9.961,2.704,47.077,37.01,28,정상
2026-05-29 07:27:08,ROBOT_01,51.68,8.694,2.31,47.284,33.1,28,정상
2026-05-29 07:27:08,ROBOT_02,56.96,12.04,3.499,45.921,38.21,28,주의
2026-05-29 07:27:08,ROBOT_03,69.34,14.197,5.127,45.843,45.28,28,위험
2026-05-29 07:27:08,ROBOT_04,50,9.058,2.16,46.934,32.23,28,정상
2026-05-29 08:20:09,ROBOT_01,57.25,10.449,2.599,46.848,39.05,28,정상
2026-05-29 08:20:09,ROBOT_02,57.27,10.559,3.765,46.819,41.54,28,정상
2026-05-29 08:20:09,ROBOT_03,47.37,9.254,2.19,47.685,33.72,28,정상
2026-05-29 08:20:09,ROBOT_04,54.44,9.455,2.305,47.513,38.64,28,정상
2026-05-29 09:13:10,ROBOT_01,51.33,10.049,2.49,46.761,35.74,28,정상
2026-05-29 09:13:10,ROBOT_02,60.22,12.031,3.452,46.732,39.76,28,주의
2026-05-29 09:13:10,ROBOT_03,50.62,8.599,2.189,48.311,32.49,28,정상
2026-05-29 09:13:10,ROBOT_04,55.07,8.71,1.96,47.568,34.26,28,정상
2026-05-29 10:06:11,ROBOT_01,50.37,8.87,2.073,47.426,36.88,28,정상
2026-05-29 10:06:11,ROBOT_02,59.8,10.61,3.125,46.446,39.7,28,주의
2026-05-29 10:06:11,ROBOT_03,52.84,9.342,2.456,47.757,36.43,28,정상
2026-05-29 10:06:11,ROBOT_04,57.38,10.571,2.561,47.158,38,28,정상
2026-05-29 10:59:12,ROBOT_01,52.91,9.564,2.406,47.003,33.07,28,정상
2026-05-29 10:59:12,ROBOT_02,62.77,12.62,3.564,45.807,41.64,28,주의
2026-05-29 10:59:12,ROBOT_03,48.98,8.843,2.483,47.507,35.94,28,정상
2026-05-29 10:59:12,ROBOT_04,53.76,10.456,2.137,47.7,38.08,28,정상
2026-05-29 11:52:12,ROBOT_01,53.38,10.544,2.701,47.465,37.2,28,정상
2026-05-29 11:52:12,ROBOT_02,61.82,11.734,3.243,45.836,43.36,28,정상
2026-05-29 11:52:12,ROBOT_03,53.16,9.88,2.369,47.365,33.87,28,정상
2026-05-29 11:52:12,ROBOT_04,53.59,9.448,2.54,47.025,34.7,28,정상
2026-05-29 12:45:13,ROBOT_01,59.21,10.672,2.681,47.01,37.4,28,주의
2026-05-29 12:45:13,ROBOT_02,66.61,13.34,3.943,45.963,43.87,28,주의
2026-05-29 12:45:13,ROBOT_03,55.01,10.135,2.385,47.512,39.5,28,정상
2026-05-29 12:45:13,ROBOT_04,55.07,10.505,2.908,46.857,39.26,28,정상
2026-05-29 13:38:14,ROBOT_01,49.53,8.833,2.116,48.057,36.65,28,정상
2026-05-29 13:38:14,ROBOT_02,63.28,11.747,3.543,47.031,43.94,28,주의
2026-05-29 13:38:14,ROBOT_03,52.89,10.545,2.101,46.996,36.03,28,정상
2026-05-29 13:38:14,ROBOT_04,62.61,9.4,2.455,46.737,39.75,28,정상
2026-05-29 14:31:15,ROBOT_01,54.78,10.419,2.449,46.71,37.45,28,정상
2026-05-29 14:31:15,ROBOT_02,55.19,12.17,4.023,45.92,41.41,28,정상
2026-05-29 14:31:15,ROBOT_03,55.81,9.954,2.575,47.695,35.76,28,정상
2026-05-29 14:31:15,ROBOT_04,60.88,10.965,2.99,47.058,39.94,28,주의
2026-05-29 15:24:16,ROBOT_01,57.1,10.098,2.53,46.954,38.42,28,정상
2026-05-29 15:24:16,ROBOT_02,62.43,12.389,3.931,45.803,46.29,28,주의
2026-05-29 15:24:16,ROBOT_03,52.54,11.063,2.004,46.53,38.65,28,정상
2026-05-29 15:24:16,ROBOT_04,54.35,10.692,1.711,46.388,37.91,28,정상
2026-05-29 16:17:16,ROBOT_01,53.74,10.241,2.244,46.451,41.82,28,정상
2026-05-29 16:17:16,ROBOT_02,74.9,15.651,5.702,44.069,51.72,28,위험
2026-05-29 16:17:16,ROBOT_03,57.04,9.821,2.137,47.311,35.8,28,정상
2026-05-29 16:17:16,ROBOT_04,60.07,10.457,2.868,47.016,36.69,28,정상
2026-05-29 17:10:17,ROBOT_01,57,11.255,2.659,47.257,39.53,28,정상
2026-05-29 17:10:17,ROBOT_02,66.35,12.792,2.703,45.47,40.53,28,주의
2026-05-29 17:10:17,ROBOT_03,57.86,11.207,2.784,46.1,38.81,28,정상
2026-05-29 17:10:17,ROBOT_04,60.02,11.121,2.547,46.72,39.21,28,정상
2026-05-29 18:03:18,ROBOT_01,62.04,10.956,2.476,45.905,39.61,28,주의
2026-05-29 18:03:18,ROBOT_02,65.68,13.242,4.183,45.794,45.07,28,주의
2026-05-29 18:03:18,ROBOT_03,53.15,9.572,2.52,47.017,37.95,28,정상
2026-05-29 18:03:18,ROBOT_04,56.13,10.286,3.086,46.354,40.01,28,정상
2026-05-29 18:56:19,ROBOT_01,57.29,10.32,1.955,47.175,44.1,28,정상
2026-05-29 18:56:19,ROBOT_02,66.66,14.069,3.875,45.608,41.98,28,주의
2026-05-29 18:56:19,ROBOT_03,55.13,10.933,2.141,47.242,38.84,28,정상
2026-05-29 18:56:19,ROBOT_04,58.62,11.042,2.56,46.47,37.9,28,정상
2026-05-29 19:49:20,ROBOT_01,60.31,10.613,1.93,47.566,40.35,28,정상
2026-05-29 19:49:20,ROBOT_02,63.51,12.914,3.738,46.302,44.77,28,주의
2026-05-29 19:49:20,ROBOT_03,57.16,10.553,2.141,47.735,37.31,28,정상
2026-05-29 19:49:20,ROBOT_04,57.15,11.766,2.576,46.59,39.52,28,정상
2026-05-29 20:42:20,ROBOT_01,60.29,11.245,3.035,47.642,35.5,28,주의
2026-05-29 20:42:20,ROBOT_02,67.33,13.276,4.136,44.989,44.01,28,주의
2026-05-29 20:42:20,ROBOT_03,51.99,9.592,2.314,47.076,36.1,28,정상
2026-05-29 20:42:20,ROBOT_04,59.58,10.39,2.864,46.617,39.46,28,정상
2026-05-29 21:35:21,ROBOT_01,59.88,12.502,2.608,47.39,39.46,28,주의
2026-05-29 21:35:21,ROBOT_02,64.07,13.116,4.001,45.594,41.21,28,주의
2026-05-29 21:35:21,ROBOT_03,55.02,9.943,2.136,47.906,35.7,28,정상
2026-05-29 21:35:21,ROBOT_04,56.44,10.107,1.828,46.921,41.62,28,정상
2026-05-29 22:28:22,ROBOT_01,54.8,10.274,2.178,48.352,39.48,28,정상
2026-05-29 22:28:22,ROBOT_02,64.1,13.469,3.657,45.361,45.38,28,주의
2026-05-29 22:28:22,ROBOT_03,56.94,9.677,2.313,47.421,36.63,28,정상
2026-05-29 22:28:22,ROBOT_04,56.84,11.558,2.92,45.773,35.78,28,주의
2026-05-29 23:21:23,ROBOT_01,57.13,11.476,2.275,46.203,37.71,28,정상
2026-05-29 23:21:23,ROBOT_02,68.97,12.971,4.332,45.319,43.48,28,주의
2026-05-29 23:21:23,ROBOT_03,51.98,9.718,1.754,47.704,33.71,28,정상
2026-05-29 23:21:23,ROBOT_04,55.97,10.968,2.203,46.029,36.04,28,정상
2026-05-30 00:14:24,ROBOT_01,55.39,9.918,2.326,47.095,39.57,29,정상
2026-05-30 00:14:24,ROBOT_02,64.36,13.814,4.024,45.222,43.81,29,주의
2026-05-30 00:14:24,ROBOT_03,54.96,10.371,2.508,47.555,34.2,29,정상
2026-05-30 00:14:24,ROBOT_04,55.81,11.478,2.638,46.708,40.97,29,주의
2026-05-30 01:07:24,ROBOT_01,52.28,9.35,2.761,47.199,35.27,29,정상
2026-05-30 01:07:24,ROBOT_02,65.69,12.617,4.424,45.486,44.25,29,주의
2026-05-30 01:07:24,ROBOT_03,56.67,11.741,2.343,47.37,36.08,29,정상
2026-05-30 01:07:24,ROBOT_04,55.94,10.912,2.32,47.348,38.37,29,정상
2026-05-30 02:00:25,ROBOT_01,55.7,10.612,2.559,47.001,39.72,29,정상
2026-05-30 02:00:25,ROBOT_02,67.53,13.079,3.97,45.113,45.28,29,주의
2026-05-30 02:00:25,ROBOT_03,50.14,9.915,2.127,47.591,34.11,29,정상
2026-05-30 02:00:25,ROBOT_04,54.48,11.27,2.76,46.748,38.23,29,정상
2026-05-30 02:53:26,ROBOT_01,56.19,8.97,2.237,47.926,37.56,29,정상
2026-05-30 02:53:26,ROBOT_02,64.35,12.945,3.895,46.007,40.7,29,주의
2026-05-30 02:53:26,ROBOT_03,53.87,9.196,2.465,47.116,35.87,29,정상
2026-05-30 02:53:26,ROBOT_04,52.14,10.987,2.512,46.863,38.33,29,정상
2026-05-30 03:46:27,ROBOT_01,51.08,8.476,2.652,48.304,36.93,29,정상
2026-05-30 03:46:27,ROBOT_02,67.47,13.664,3.986,45.839,46,29,위험
2026-05-30 03:46:27,ROBOT_03,56.9,9.7,2.73,48.327,36.51,29,정상
2026-05-30 03:46:27,ROBOT_04,57.3,10.246,2.763,47.021,34.48,29,정상
2026-05-30 04:39:27,ROBOT_01,52.97,9.641,3.077,47.343,33,29,정상
2026-05-30 04:39:27,ROBOT_02,61.19,13.324,4.473,45.639,44.25,29,주의
2026-05-30 04:39:27,ROBOT_03,53.55,10.786,2.29,47.803,34.16,29,정상
2026-05-30 04:39:27,ROBOT_04,58.03,9.859,2.786,46.985,37.28,29,정상
2026-05-30 05:32:28,ROBOT_01,55.96,10.122,2.226,47.441,34.11,29,정상
2026-05-30 05:32:28,ROBOT_02,65.6,11.976,4.016,46.277,42.31,29,주의
2026-05-30 05:32:28,ROBOT_03,51.65,9.891,2.299,48.482,33.62,29,정상
2026-05-30 05:32:28,ROBOT_04,53.23,9.524,2.211,46.749,38.89,29,정상
2026-05-30 06:25:29,ROBOT_01,52.79,9.233,2.438,47.866,35.83,29,정상
2026-05-30 06:25:29,ROBOT_02,62.89,13.174,4.05,45.989,44.46,29,위험
2026-05-30 06:25:29,ROBOT_03,50.92,10.339,2.158,48.006,33.37,29,정상
2026-05-30 06:25:29,ROBOT_04,54.51,10.05,2.071,47.284,37.25,29,정상
2026-05-30 07:18:30,ROBOT_01,54.8,8.456,2.384,47.807,35.79,29,정상
2026-05-30 07:18:30,ROBOT_02,60.72,12.469,4.124,45.222,41.23,29,주의
2026-05-30 07:18:30,ROBOT_03,50.96,8.662,2.38,47.934,32.98,29,정상
2026-05-30 07:18:30,ROBOT_04,52.35,10.391,2.517,46.896,36.24,29,정상
2026-05-30 08:11:31,ROBOT_01,53.63,9.269,2.27,47.504,33.66,29,정상
2026-05-30 08:11:31,ROBOT_02,67.4,13.119,4.22,45.841,42.41,29,주의
2026-05-30 08:11:31,ROBOT_03,48.95,9.635,2.556,47.923,34.34,29,정상
2026-05-30 08:11:31,ROBOT_04,54.77,9.554,2.647,47.721,36.56,29,정상
2026-05-30 09:04:31,ROBOT_01,51.44,10.909,2.914,46.87,37.22,29,정상
2026-05-30 09:04:31,ROBOT_02,66.13,12.006,4.32,45.732,40.55,29,주의
2026-05-30 09:04:31,ROBOT_03,48.31,10.272,2.073,47.366,30.35,29,정상
2026-05-30 09:04:31,ROBOT_04,54.76,9.667,2.604,47.401,33.57,29,정상
2026-05-30 09:57:32,ROBOT_01,56.08,11.399,2.103,48.499,39.74,29,정상
2026-05-30 09:57:32,ROBOT_02,64.98,13.467,4.32,45.573,45.67,29,위험
2026-05-30 09:57:32,ROBOT_03,52.69,9.259,2.374,47.694,37.34,29,정상
2026-05-30 09:57:32,ROBOT_04,54.62,8.655,2.636,47.6,36.48,29,정상
2026-05-30 10:50:33,ROBOT_01,59.06,10.091,2.83,47.458,40.14,29,정상
2026-05-30 10:50:33,ROBOT_02,65.77,14.091,5.171,44.184,50.67,29,위험
2026-05-30 10:50:33,ROBOT_03,49.35,8.635,1.942,48.059,33.68,29,정상
2026-05-30 10:50:33,ROBOT_04,53.13,9.155,2.42,47.376,38.28,29,정상
2026-05-30 11:43:34,ROBOT_01,56.16,9.57,2.229,47.052,40.51,29,정상
2026-05-30 11:43:34,ROBOT_02,67.07,13.254,4.676,45.403,46,29,주의
2026-05-30 11:43:34,ROBOT_03,55.51,10.185,2.542,47.31,37.17,29,정상
2026-05-30 11:43:34,ROBOT_04,55.51,10.685,2.127,45.713,37.61,29,정상
2026-05-30 12:36:35,ROBOT_01,53.25,9.561,1.861,47.298,36.36,29,정상
2026-05-30 12:36:35,ROBOT_02,72.1,13.333,4.661,45.138,45.41,29,위험
2026-05-30 12:36:35,ROBOT_03,54.01,9.528,2.565,47.506,37.55,29,정상
2026-05-30 12:36:35,ROBOT_04,50,10.475,2.576,47.29,36.64,29,정상
2026-05-30 13:29:35,ROBOT_01,50.98,9.88,2.195,47.749,38.68,29,정상
2026-05-30 13:29:35,ROBOT_02,64.58,13.767,4.274,44.54,46.16,29,위험
2026-05-30 13:29:35,ROBOT_03,53.69,9.93,1.889,47.794,38.21,29,정상
2026-05-30 13:29:35,ROBOT_04,57.36,9.226,2.451,47.066,37.93,29,정상
2026-05-30 14:22:36,ROBOT_01,54.78,9.349,2.633,46.652,38.11,29,정상
2026-05-30 14:22:36,ROBOT_02,68.21,14.033,4.81,44.961,47.04,29,위험
2026-05-30 14:22:36,ROBOT_03,56.44,10.5,2.517,47.285,36.96,29,정상
2026-05-30 14:22:36,ROBOT_04,55.43,10.527,2.526,47.555,38.31,29,정상
2026-05-30 15:15:37,ROBOT_01,58.69,12.407,2.66,47.791,39.79,29,정상
2026-05-30 15:15:37,ROBOT_02,70.8,12.522,5.337,45.122,46.33,29,위험
2026-05-30 15:15:37,ROBOT_03,57.93,11.089,2.341,47.434,36.5,29,주의
2026-05-30 15:15:37,ROBOT_04,50.07,10.515,2.318,47.22,37.13,29,정상
2026-05-30 16:08:38,ROBOT_01,59.18,11.587,1.831,46.886,38.27,29,정상
2026-05-30 16:08:38,ROBOT_02,67.52,13.488,4.625,44.862,46.48,29,주의
2026-05-30 16:08:38,ROBOT_03,54.49,10.396,2.203,47.429,37.51,29,정상
2026-05-30 16:08:38,ROBOT_04,55.6,12.263,2.982,46.661,40.41,29,정상
2026-05-30 17:01:39,ROBOT_01,54.58,9.947,2.507,47.379,38.47,29,정상
2026-05-30 17:01:39,ROBOT_02,69.47,14.501,5.199,45.273,47.63,29,위험
2026-05-30 17:01:39,ROBOT_03,59.96,11.275,2.303,46.906,38.56,29,정상
2026-05-30 17:01:39,ROBOT_04,60.85,10.377,2.562,47.364,35.93,29,정상
2026-05-30 17:54:39,ROBOT_01,48.31,9.225,2.36,46.652,38.65,29,정상
2026-05-30 17:54:39,ROBOT_02,70.93,15.031,5.107,45.708,47.59,29,위험
2026-05-30 17:54:39,ROBOT_03,54.43,11.097,2.248,47.172,37.42,29,정상
2026-05-30 17:54:39,ROBOT_04,60.99,11.07,2.707,47.49,41.49,29,정상
2026-05-30 18:47:40,ROBOT_01,54.62,10.614,2.604,46.845,39.84,29,정상
2026-05-30 18:47:40,ROBOT_02,67.71,13.201,5.377,44.554,50.66,29,주의
2026-05-30 18:47:40,ROBOT_03,60.16,11.097,1.8,47.211,40.25,29,정상
2026-05-30 18:47:40,ROBOT_04,58.03,10.898,2.652,45.479,37.29,29,주의
2026-05-30 19:40:41,ROBOT_01,49.44,10.507,2.082,47.821,37.15,29,정상
2026-05-30 19:40:41,ROBOT_02,70.53,14.369,5.435,43.946,46.79,29,위험
2026-05-30 19:40:41,ROBOT_03,58.3,10.373,2.524,47.972,37.64,29,정상
2026-05-30 19:40:41,ROBOT_04,58.9,10.937,2.297,46.405,39.67,29,정상
2026-05-30 20:33:42,ROBOT_01,53.79,11.459,2.061,47.524,35.87,29,정상
2026-05-30 20:33:42,ROBOT_02,73.82,14.94,5.298,45.689,47.09,29,위험
2026-05-30 20:33:42,ROBOT_03,52.23,10.792,2.338,47.159,39.5,29,정상
2026-05-30 20:33:42,ROBOT_04,59.25,10.104,2.878,46.288,39.88,29,정상
2026-05-30 21:26:43,ROBOT_01,57.53,10.741,2.474,47.43,40.87,29,정상
2026-05-30 21:26:43,ROBOT_02,68.82,16.02,5.495,44.51,50.78,29,위험
2026-05-30 21:26:43,ROBOT_03,52.96,9.638,2.359,48.409,36.8,29,정상
2026-05-30 21:26:43,ROBOT_04,57.66,11.44,2.446,45.811,40.94,29,주의
2026-05-30 22:19:43,ROBOT_01,56.13,11.338,2.163,46.937,36.23,29,정상
2026-05-30 22:19:43,ROBOT_02,75.34,15.2,5.629,44.593,52.26,29,위험
2026-05-30 22:19:43,ROBOT_03,55.18,10.568,2.23,47.273,36.57,29,정상
2026-05-30 22:19:43,ROBOT_04,60.99,9.71,2.566,47.162,36.34,29,정상
2026-05-30 23:12:44,ROBOT_01,58.43,11.051,2.468,46.721,35.85,29,정상
2026-05-30 23:12:44,ROBOT_02,69.53,14.737,5.115,44.628,48.35,29,위험
2026-05-30 23:12:44,ROBOT_03,51.56,10.151,2.403,47.517,33.96,29,정상
2026-05-30 23:12:44,ROBOT_04,55.7,9.875,2.449,47.022,35.66,29,정상
2026-05-31 00:05:45,ROBOT_01,56.93,11.33,2.203,47.505,40.55,30,정상
2026-05-31 00:05:45,ROBOT_02,70.53,15.719,5.039,45.455,49.19,30,주의
2026-05-31 00:05:45,ROBOT_03,59.19,10.963,1.835,47.273,37.58,30,정상
2026-05-31 00:05:45,ROBOT_04,56.37,10.287,2.231,47.446,36.48,30,정상
2026-05-31 00:58:46,ROBOT_01,57.33,11.538,2.764,46.671,38.21,30,정상
2026-05-31 00:58:46,ROBOT_02,76.8,14.704,5.399,44.226,51.22,30,위험
2026-05-31 00:58:46,ROBOT_03,53.5,9.382,2.665,48.794,38.07,30,정상
2026-05-31 00:58:46,ROBOT_04,56.48,10.252,2.224,47.158,35.37,30,정상
2026-05-31 01:51:46,ROBOT_01,56.82,10.065,2.73,47.568,37.93,30,정상
2026-05-31 01:51:46,ROBOT_02,69.9,13.253,5.041,44.56,44.04,30,위험
2026-05-31 01:51:46,ROBOT_03,50.77,10.322,2.199,47.427,31.1,30,정상
2026-05-31 01:51:46,ROBOT_04,57.5,10.817,2.57,46.395,39.41,30,정상
2026-05-31 02:44:47,ROBOT_01,50.27,9.4,2.475,47.292,34.55,30,정상
2026-05-31 02:44:47,ROBOT_02,67.97,14.582,5.356,45.158,48.36,30,위험
2026-05-31 02:44:47,ROBOT_03,53.65,9.613,2.814,47.087,34.24,30,정상
2026-05-31 02:44:47,ROBOT_04,56.66,10.822,2.535,47.487,35.57,30,정상
2026-05-31 03:37:48,ROBOT_01,57.85,10.398,2.267,47.341,37.72,30,정상
2026-05-31 03:37:48,ROBOT_02,72.08,13.883,4.899,44.715,49.64,30,위험
2026-05-31 03:37:48,ROBOT_03,51.77,9.432,2.216,47.444,39.36,30,정상
2026-05-31 03:37:48,ROBOT_04,56.48,11.168,2.939,47.202,35.93,30,정상
2026-05-31 04:30:49,ROBOT_01,54.7,10.651,2.647,47.261,34.4,30,정상
2026-05-31 04:30:49,ROBOT_02,68.34,13.919,5.481,45.26,46.39,30,위험
2026-05-31 04:30:49,ROBOT_03,51.19,9.63,2.544,48.209,37.92,30,정상
2026-05-31 04:30:49,ROBOT_04,51.61,9.03,2.745,46.991,32.93,30,정상
2026-05-31 05:23:50,ROBOT_01,52.27,9.622,2.302,48.36,36.32,30,정상
2026-05-31 05:23:50,ROBOT_02,65.17,13.959,5.467,45.447,43.67,30,위험
2026-05-31 05:23:50,ROBOT_03,52.65,11.113,2.498,47.719,32.71,30,정상
2026-05-31 05:23:50,ROBOT_04,51.64,8.627,2.262,46.79,38.02,30,정상
2026-05-31 06:16:50,ROBOT_01,51.44,10.626,2.167,47.313,38.28,30,정상
2026-05-31 06:16:50,ROBOT_02,63.12,13.044,5.503,44.507,49.08,30,위험
2026-05-31 06:16:50,ROBOT_03,51.63,8.38,2.275,48.088,33.75,30,정상
2026-05-31 06:16:50,ROBOT_04,53.7,8.224,2.587,47.331,35.88,30,정상
2026-05-31 07:09:51,ROBOT_01,52.51,9.942,2.609,47.863,36.29,30,정상
2026-05-31 07:09:51,ROBOT_02,68.69,13.654,5.16,44.854,44.78,30,위험
2026-05-31 07:09:51,ROBOT_03,51.55,9.839,2.185,47.495,31.55,30,정상
2026-05-31 07:09:51,ROBOT_04,53.21,10.226,2.368,47.08,38.68,30,정상
2026-05-31 08:02:52,ROBOT_01,56.47,10.778,2.155,47,34.62,30,정상
2026-05-31 08:02:52,ROBOT_02,71.58,15.199,4.931,44.686,45.01,30,위험
2026-05-31 08:02:52,ROBOT_03,53.69,9.788,2.216,47.894,33,30,정상
2026-05-31 08:02:52,ROBOT_04,50.87,9.073,2.733,47.393,37.02,30,정상
2026-05-31 08:55:53,ROBOT_01,51.6,10.235,2.199,47.609,30.6,30,정상
2026-05-31 08:55:53,ROBOT_02,69.15,14.579,5.434,44.883,50.69,30,위험
2026-05-31 08:55:53,ROBOT_03,50.9,9.759,2.348,47.438,32.82,30,정상
2026-05-31 08:55:53,ROBOT_04,54.13,9.421,2.284,47.555,34.54,30,정상
2026-05-31 09:48:54,ROBOT_01,54.58,10.117,2.053,46.644,37.03,30,정상
2026-05-31 09:48:54,ROBOT_02,71.01,14.459,5.504,45.105,49.73,30,위험
2026-05-31 09:48:54,ROBOT_03,54.5,9.632,2.111,48.03,34.93,30,정상
2026-05-31 09:48:54,ROBOT_04,57.58,9.44,2.714,47.89,39.24,30,정상
2026-05-31 10:41:54,ROBOT_01,54.57,9.305,2.657,48.075,35.28,30,정상
2026-05-31 10:41:54,ROBOT_02,68.99,14.259,5.78,44.514,46.28,30,주의
2026-05-31 10:41:54,ROBOT_03,55.87,10.152,2.294,48.056,36.57,30,정상
2026-05-31 10:41:54,ROBOT_04,52.58,11.17,2.975,46.711,38.21,30,정상
2026-05-31 11:34:55,ROBOT_01,52.99,9.445,2.607,47.573,36.58,30,정상
2026-05-31 11:34:55,ROBOT_02,70.3,14.867,5.022,44.748,46.76,30,위험
2026-05-31 11:34:55,ROBOT_03,54.44,10.639,2.627,46.892,38.51,30,정상
2026-05-31 11:34:55,ROBOT_04,59.85,11.883,2.63,46.469,39.32,30,정상
2026-05-31 12:27:56,ROBOT_01,51.87,10.498,2.583,47.249,37.29,30,정상
2026-05-31 12:27:56,ROBOT_02,70.33,13.734,5.244,44.163,49.94,30,위험
2026-05-31 12:27:56,ROBOT_03,50.97,10.662,2.5,47.588,37.32,30,정상
2026-05-31 12:27:56,ROBOT_04,56.13,11.08,2.921,47.011,40.07,30,정상
2026-05-31 13:20:57,ROBOT_01,56.23,10.535,2.142,47.447,35.38,30,정상
2026-05-31 13:20:57,ROBOT_02,73.41,14.615,5.583,44.444,49.91,30,위험
2026-05-31 13:20:57,ROBOT_03,52.88,10.315,2.454,47.946,35.99,30,정상
2026-05-31 13:20:57,ROBOT_04,55.07,10.318,2.556,47.769,37.36,30,정상
2026-05-31 14:13:58,ROBOT_01,56.36,10.023,2.666,46.734,38.24,30,정상
2026-05-31 14:13:58,ROBOT_02,75.23,15.602,5.372,43.761,50.89,30,위험
2026-05-31 14:13:58,ROBOT_03,52.95,9.128,2.479,47.299,34.17,30,정상
2026-05-31 14:13:58,ROBOT_04,55.9,10.294,2.614,45.734,41.6,30,정상
2026-05-31 15:06:58,ROBOT_01,58.94,10.754,2.695,47.092,39.03,30,정상
2026-05-31 15:06:58,ROBOT_02,75.54,16.464,5.896,44.158,50.83,30,위험
2026-05-31 15:06:58,ROBOT_03,57.7,11.108,1.917,46.579,37.92,30,정상
2026-05-31 15:06:58,ROBOT_04,60.22,9.608,2.206,46.601,38.18,30,정상
2026-05-31 15:59:59,ROBOT_01,58.74,10.868,2.616,46.64,38.71,30,정상
2026-05-31 15:59:59,ROBOT_02,73.84,14.894,5.87,44.993,49.93,30,위험
2026-05-31 15:59:59,ROBOT_03,55.02,10.274,2.351,47.041,37.33,30,정상
2026-05-31 15:59:59,ROBOT_04,58.23,9.974,2.656,46.402,37.22,30,정상
2026-05-31 16:53:00,ROBOT_01,57.59,11.678,2.117,46.95,38.51,30,정상
2026-05-31 16:53:00,ROBOT_02,76.32,15.35,5.752,44.162,52.88,30,위험
2026-05-31 16:53:00,ROBOT_03,56.43,11.548,1.999,47.873,38.85,30,정상
2026-05-31 16:53:00,ROBOT_04,59.58,10.87,2.265,46.486,39.85,30,정상
2026-05-31 17:46:01,ROBOT_01,57.45,11.451,2.432,47.104,42.14,30,정상
2026-05-31 17:46:01,ROBOT_02,72.54,15.632,5.637,44.171,50.23,30,위험
2026-05-31 17:46:01,ROBOT_03,58.29,10.769,2.154,47.539,33.59,30,정상
2026-05-31 17:46:01,ROBOT_04,57.92,9.024,2.545,46.935,38.03,30,정상
2026-05-31 18:39:02,ROBOT_01,55.58,9.964,2.425,47.278,35.55,30,정상
2026-05-31 18:39:02,ROBOT_02,77.17,15.319,6.043,44.565,52.38,30,위험
2026-05-31 18:39:02,ROBOT_03,55.6,11.508,1.977,46.875,39.49,30,정상
2026-05-31 18:39:02,ROBOT_04,56.92,10.194,2.24,46.503,38.04,30,정상
2026-05-31 19:32:02,ROBOT_01,58,11.013,2.423,47.252,38.09,30,정상
2026-05-31 19:32:02,ROBOT_02,73.9,15.184,5.918,44.281,50.35,30,위험
2026-05-31 19:32:02,ROBOT_03,62.17,10.761,2.631,47.319,41.15,30,정상
2026-05-31 19:32:02,ROBOT_04,55.56,11.168,2.542,47.803,38.54,30,정상
2026-05-31 20:25:03,ROBOT_01,57.96,9.814,3.019,46.533,37.37,30,주의
2026-05-31 20:25:03,ROBOT_02,77.47,14.344,5.925,44.349,51.08,30,위험
2026-05-31 20:25:03,ROBOT_03,60.02,11.396,2.478,47.757,40.8,30,정상
2026-05-31 20:25:03,ROBOT_04,58.25,11.524,2.749,47.098,39.05,30,정상
2026-05-31 21:18:04,ROBOT_01,55.57,11.306,2.579,46.422,39.89,30,정상
2026-05-31 21:18:04,ROBOT_02,73.32,15.159,5.954,44.775,51.12,30,위험
2026-05-31 21:18:04,ROBOT_03,53.26,11.64,2.463,47.532,37.39,30,정상
2026-05-31 21:18:04,ROBOT_04,57.37,11.944,2.376,46.655,40.39,30,정상
2026-05-31 22:11:05,ROBOT_01,57.05,10.953,2.112,46.465,38.18,30,정상
2026-05-31 22:11:05,ROBOT_02,77.02,15.122,5.428,43.363,52.08,30,위험
2026-05-31 22:11:05,ROBOT_03,54.94,11.13,2.385,47.301,38.72,30,정상
2026-05-31 22:11:05,ROBOT_04,57.3,9.665,2.576,45.949,38.69,30,정상
2026-05-31 23:04:06,ROBOT_01,59.17,11.926,2.765,46.911,42.5,30,정상
2026-05-31 23:04:06,ROBOT_02,74.59,15.231,5.435,44.113,51.35,30,위험
2026-05-31 23:04:06,ROBOT_03,59.84,11.03,3.095,47.133,39.43,30,정상
2026-05-31 23:04:06,ROBOT_04,56.64,11.701,2.584,46.426,42.22,30,정상
2026-05-31 23:57:06,ROBOT_01,58.27,10.147,2.247,47.285,38.04,30,정상
2026-05-31 23:57:06,ROBOT_02,79.85,16.132,6.035,44.446,52.33,30,위험
2026-05-31 23:57:06,ROBOT_03,54.83,9.293,2.13,47.473,35.7,30,정상
2026-05-31 23:57:06,ROBOT_04,56.21,11.425,2.433,46.529,41.42,30,정상
2026-06-01 00:50:07,ROBOT_01,52.84,9.665,2.667,47.513,36.9,31,정상
2026-06-01 00:50:07,ROBOT_02,67.93,14.207,5.581,45.109,50.8,31,위험
2026-06-01 00:50:07,ROBOT_03,58.21,9.72,2.746,46.978,35.1,31,정상
2026-06-01 00:50:07,ROBOT_04,57.81,11.109,2.117,46.536,37,31,정상
2026-06-01 01:43:08,ROBOT_01,56.18,10.253,2.134,46.699,36.27,31,주의
2026-06-01 01:43:08,ROBOT_02,72.56,15.405,5.746,44.786,51.14,31,위험
2026-06-01 01:43:08,ROBOT_03,50.25,9.468,2.098,47.039,36.98,31,정상
2026-06-01 01:43:08,ROBOT_04,55.59,8.295,2.572,47.449,38.56,31,정상
2026-06-01 02:36:09,ROBOT_01,60.73,10.311,2.3,47.034,37.01,31,정상
2026-06-01 02:36:09,ROBOT_02,74.43,15.011,6.304,44.387,52.26,31,위험
2026-06-01 02:36:09,ROBOT_03,55.91,10.335,2.56,47.373,36.83,31,정상
2026-06-01 02:36:09,ROBOT_04,54.78,10.18,2.513,47.306,37.74,31,정상
2026-06-01 03:29:09,ROBOT_01,57.25,8.969,2.578,48.222,34.13,31,정상
2026-06-01 03:29:09,ROBOT_02,70.29,15.136,5.658,44.128,46.84,31,위험
2026-06-01 03:29:09,ROBOT_03,53.37,10.578,2.448,47.059,38.03,31,정상
2026-06-01 03:29:09,ROBOT_04,59.95,12.223,2.44,46.924,38.56,31,정상
2026-06-01 04:22:10,ROBOT_01,55.37,10.996,2.115,46.855,36.34,31,정상
2026-06-01 04:22:10,ROBOT_02,65.99,14.974,5.673,44.875,48.57,31,위험
2026-06-01 04:22:10,ROBOT_03,54.28,11.231,2.45,47.031,34.93,31,정상
2026-06-01 04:22:10,ROBOT_04,57.27,9.618,2.143,46.554,37.34,31,정상
2026-06-01 05:15:11,ROBOT_01,51.82,8.939,2.756,48.049,35.94,31,정상
2026-06-01 05:15:11,ROBOT_02,70.1,14.961,5.618,44.672,48.76,31,위험
2026-06-01 05:15:11,ROBOT_03,49.75,9.874,1.805,47.852,33.7,31,정상
2026-06-01 05:15:11,ROBOT_04,54.34,10.111,2.531,47.041,35.91,31,정상
2026-06-01 06:08:12,ROBOT_01,54.76,10.457,2.077,47.735,31.71,31,정상
2026-06-01 06:08:12,ROBOT_02,67.14,14.991,5.778,44.778,49.92,31,위험
2026-06-01 06:08:12,ROBOT_03,55.81,9.634,2.309,47.493,38.79,31,정상
2026-06-01 06:08:12,ROBOT_04,54.79,9.699,2.613,48.119,35.21,31,정상
2026-06-01 07:01:13,ROBOT_01,48.77,8.865,2.334,48.034,36.04,31,정상
2026-06-01 07:01:13,ROBOT_02,65.91,15.17,6.035,44.267,49.92,31,위험
2026-06-01 07:01:13,ROBOT_03,49.19,10.309,1.69,48.048,36.2,31,정상
2026-06-01 07:01:13,ROBOT_04,49.63,9.332,1.949,47.182,38.56,31,정상
2026-06-01 07:54:13,ROBOT_01,55.33,9.304,2.406,47.6,37.42,31,정상
2026-06-01 07:54:13,ROBOT_02,69.09,12.877,5.628,44.974,51.91,31,위험
2026-06-01 07:54:13,ROBOT_03,53.5,9.762,2.349,47.745,36.74,31,정상
2026-06-01 07:54:13,ROBOT_04,57.14,8.815,2.964,46.374,37.31,31,정상
2026-06-01 08:47:14,ROBOT_01,56.42,8.953,2.067,47.587,35.66,31,정상
2026-06-01 08:47:14,ROBOT_02,69.55,13.439,5.864,44.588,48.7,31,위험
2026-06-01 08:47:14,ROBOT_03,51.47,8.996,2.741,47.774,34.11,31,정상
2026-06-01 08:47:14,ROBOT_04,56.12,9.374,2.766,46.861,34.31,31,정상
2026-06-01 09:40:15,ROBOT_01,55.16,8.788,2.493,47.688,35.37,31,정상
2026-06-01 09:40:15,ROBOT_02,67.79,13.555,5.411,44.804,48.18,31,위험
2026-06-01 09:40:15,ROBOT_03,54.04,10.252,2.735,48.215,37.92,31,정상
2026-06-01 09:40:15,ROBOT_04,56.49,9.447,2.294,47.019,36.79,31,정상
2026-06-01 10:33:16,ROBOT_01,52.29,8.305,2.578,47.336,37.11,31,정상
2026-06-01 10:33:16,ROBOT_02,67.27,13.147,4.77,44.728,46.28,31,위험
2026-06-01 10:33:16,ROBOT_03,52.19,9.032,2.397,47.446,36.45,31,정상
2026-06-01 10:33:16,ROBOT_04,52.17,10.444,2.772,47.191,35.68,31,정상
2026-06-01 11:26:17,ROBOT_01,51.24,10.157,2.698,47.263,36.79,31,정상
2026-06-01 11:26:17,ROBOT_02,74.5,16.444,5.496,44.144,50.86,31,위험
2026-06-01 11:26:17,ROBOT_03,49.8,9.418,1.955,47.854,36.62,31,정상
2026-06-01 11:26:17,ROBOT_04,56.68,9.117,2.094,46.542,36.13,31,정상
2026-06-01 12:19:17,ROBOT_01,55.74,9.855,2.393,46.833,35.8,31,정상
2026-06-01 12:19:17,ROBOT_02,71.79,16.314,6.018,44.649,51.03,31,위험
2026-06-01 12:19:17,ROBOT_03,51.12,10.881,2.387,48.37,35.81,31,정상
2026-06-01 12:19:17,ROBOT_04,56.81,10.241,2.173,46.203,38.38,31,정상
2026-06-01 13:12:18,ROBOT_01,50.85,10.449,2.588,47.322,36.29,31,정상
2026-06-01 13:12:18,ROBOT_02,70.62,14.078,5.782,44.909,47.57,31,위험
2026-06-01 13:12:18,ROBOT_03,47.98,8.858,2.715,46.876,37.05,31,정상
2026-06-01 13:12:18,ROBOT_04,58.44,11.647,2.935,47.318,37.85,31,주의
2026-06-01 14:05:19,ROBOT_01,62.3,11.113,1.907,47.495,35.79,31,정상
2026-06-01 14:05:19,ROBOT_02,73.84,15.604,5.586,44.092,50.71,31,위험
2026-06-01 14:05:19,ROBOT_03,58.86,11.156,2.259,47.405,37.96,31,정상
2026-06-01 14:05:19,ROBOT_04,60.34,10.755,2.755,46.137,37.9,31,정상
2026-06-01 14:58:20,ROBOT_01,52.14,9.813,2.379,47.434,36.17,31,정상
2026-06-01 14:58:20,ROBOT_02,69.9,15.894,4.943,44.815,50.43,31,주의
2026-06-01 14:58:20,ROBOT_03,58.47,10.363,2.654,46.937,39.74,31,주의
2026-06-01 14:58:20,ROBOT_04,56.05,11.14,2.655,46.551,41.6,31,주의
2026-06-01 15:51:21,ROBOT_01,55.1,11.487,2.353,47.173,39.89,31,정상
2026-06-01 15:51:21,ROBOT_02,74.46,15.654,5.619,43.927,46.87,31,위험
2026-06-01 15:51:21,ROBOT_03,51.67,11.443,1.898,47.774,36.13,31,정상
2026-06-01 15:51:21,ROBOT_04,56.44,10.804,2.845,46.311,41.14,31,정상
2026-06-01 16:44:21,ROBOT_01,55.09,10.399,2.833,47.059,40.08,31,정상
2026-06-01 16:44:21,ROBOT_02,75.26,14.351,5.169,44.882,49.15,31,위험
2026-06-01 16:44:21,ROBOT_03,54.18,10.571,2.277,47.172,36.09,31,정상
2026-06-01 16:44:21,ROBOT_04,59.48,10.907,2.485,46.567,41.73,31,정상
2026-06-01 17:37:22,ROBOT_01,57.14,8.575,2.41,46.423,35.01,31,정상
2026-06-01 17:37:22,ROBOT_02,72.96,16.01,5.336,44.684,49.75,31,위험
2026-06-01 17:37:22,ROBOT_03,55.7,11.505,2.278,47.214,42.47,31,정상
2026-06-01 17:37:22,ROBOT_04,61.64,10.689,2.08,46.537,39.39,31,정상
2026-06-01 18:30:23,ROBOT_01,56.37,10.987,2.27,47.706,40.22,31,정상
2026-06-01 18:30:23,ROBOT_02,70.42,14.819,5.461,44.511,51.27,31,위험
2026-06-01 18:30:23,ROBOT_03,57.73,10.817,2.694,47.687,37.93,31,정상
2026-06-01 18:30:23,ROBOT_04,60.51,10.376,2.811,45.885,39.94,31,정상
2026-06-01 19:23:24,ROBOT_01,58.06,9.906,2.58,47.635,37.28,31,정상
2026-06-01 19:23:24,ROBOT_02,72.7,16.198,5.356,44.283,49.28,31,위험
2026-06-01 19:23:24,ROBOT_03,56.43,10.676,2.516,47.046,39.69,31,정상
2026-06-01 19:23:24,ROBOT_04,59.86,10.862,2.336,46.026,37.8,31,정상
2026-06-01 20:16:25,ROBOT_01,55.7,10.67,2.191,47.782,37.59,31,정상
2026-06-01 20:16:25,ROBOT_02,69.79,15.937,6.036,44.83,49.86,31,위험
2026-06-01 20:16:25,ROBOT_03,55.66,11.249,2.71,47.106,36.49,31,주의
2026-06-01 20:16:25,ROBOT_04,58.96,11.753,2.921,46.655,43.67,31,주의
2026-06-01 21:09:25,ROBOT_01,58.39,10.721,1.996,47.857,39.53,31,정상
2026-06-01 21:09:25,ROBOT_02,73.2,14.809,5.209,44.678,50.83,31,위험
2026-06-01 21:09:25,ROBOT_03,55.84,10.768,1.933,46.851,36.56,31,정상
2026-06-01 21:09:25,ROBOT_04,55.76,10.853,2.725,46.434,38.88,31,정상
2026-06-01 22:02:26,ROBOT_01,58.01,11.786,2.513,47.267,37.53,31,정상
2026-06-01 22:02:26,ROBOT_02,71.94,14.984,5.25,43.778,49.61,31,위험
2026-06-01 22:02:26,ROBOT_03,59.49,11.365,2.139,46.865,40.87,31,정상
2026-06-01 22:02:26,ROBOT_04,57.47,11.402,3.288,47.177,39.15,31,정상
2026-06-01 22:55:27,ROBOT_01,56.23,10.943,2.402,47.438,34.01,31,정상
2026-06-01 22:55:27,ROBOT_02,71.19,14.667,5.729,44.591,46.9,31,위험
2026-06-01 22:55:27,ROBOT_03,56.73,9.081,2.64,46.879,37.04,31,정상
2026-06-01 22:55:27,ROBOT_04,56.7,10.653,2.574,46.179,39.4,31,정상
2026-06-01 23:48:28,ROBOT_01,56.72,10.866,3.005,47.541,34.71,31,정상
2026-06-01 23:48:28,ROBOT_02,71.18,14.933,4.596,44.926,51.09,31,위험
2026-06-01 23:48:28,ROBOT_03,54.52,10.364,2.232,46.698,36.46,31,정상
2026-06-01 23:48:28,ROBOT_04,55.03,10.779,2.584,46.789,37.84,31,정상
2026-06-02 00:41:28,ROBOT_01,55.99,10.53,2.533,47.311,36.26,32,정상
2026-06-02 00:41:28,ROBOT_02,70.98,15.044,4.939,44.369,50.36,32,주의
2026-06-02 00:41:28,ROBOT_03,53.11,9.729,2.512,47.359,33.77,32,정상
2026-06-02 00:41:28,ROBOT_04,60.22,11.47,2.658,47.01,39.38,32,주의
2026-06-02 01:34:29,ROBOT_01,54.23,10.244,2.215,47.215,34.94,32,정상
2026-06-02 01:34:29,ROBOT_02,67.58,14.486,5.016,45.179,47.6,32,위험
2026-06-02 01:34:29,ROBOT_03,53.67,10.539,1.843,48.036,32.35,32,정상
2026-06-02 01:34:29,ROBOT_04,57.5,10.819,2.244,47.506,36.89,32,정상
2026-06-02 02:27:30,ROBOT_01,49.72,9.903,2.459,47.623,38.14,32,정상
2026-06-02 02:27:30,ROBOT_02,68.91,13.772,4.949,44.609,43.14,32,주의
2026-06-02 02:27:30,ROBOT_03,53.13,9.793,2.797,47.906,35.45,32,정상
2026-06-02 02:27:30,ROBOT_04,49.93,9.219,2.689,47.136,38.07,32,정상
2026-06-02 03:20:31,ROBOT_01,58.09,10.325,2.309,46.76,35.19,32,정상
2026-06-02 03:20:31,ROBOT_02,72.67,14.347,4.826,45.745,46.25,32,위험
2026-06-02 03:20:31,ROBOT_03,56.87,9.223,2.325,47.616,35.61,32,정상
2026-06-02 03:20:31,ROBOT_04,56.58,9.997,2.538,46.506,38.61,32,정상
2026-06-02 04:13:32,ROBOT_01,54.83,9.741,2.158,47.747,37.33,32,정상
2026-06-02 04:13:32,ROBOT_02,67.14,12.99,4.858,45.106,46.09,32,위험
2026-06-02 04:13:32,ROBOT_03,50.86,9.943,2.361,46.991,36.42,32,정상
2026-06-02 04:13:32,ROBOT_04,57.15,10.474,2.255,45.967,37.48,32,정상
2026-06-02 05:06:32,ROBOT_01,55.12,9.943,2.462,47.279,39.67,32,정상
2026-06-02 05:06:32,ROBOT_02,71.15,15.494,4.314,44.352,47.23,32,위험
2026-06-02 05:06:32,ROBOT_03,57.94,10.044,2.464,48.163,37.75,32,정상
2026-06-02 05:06:32,ROBOT_04,52.72,9.645,2.278,47.607,35.6,32,정상
2026-06-02 05:59:33,ROBOT_01,53.07,10.269,2.561,47.326,36.75,32,정상
2026-06-02 05:59:33,ROBOT_02,66.31,13.818,4.554,45.095,45.67,32,주의
2026-06-02 05:59:33,ROBOT_03,49.84,10.099,1.839,47.251,36,32,정상
2026-06-02 05:59:33,ROBOT_04,54.11,9.423,2.483,45.84,36.7,32,정상
2026-06-02 06:52:34,ROBOT_01,52.77,9.118,2.416,47.847,35.89,32,정상
2026-06-02 06:52:34,ROBOT_02,68.59,14.516,4.607,45.185,43.18,32,위험
2026-06-02 06:52:34,ROBOT_03,50.44,10.097,2.41,46.895,32.18,32,정상
2026-06-02 06:52:34,ROBOT_04,50.39,8.813,2.508,46.91,34.09,32,정상
2026-06-02 07:45:35,ROBOT_01,57.41,10.017,2.743,47.279,35.75,32,정상
2026-06-02 07:45:35,ROBOT_02,64.38,12.876,4.316,45.571,45.05,32,주의
2026-06-02 07:45:35,ROBOT_03,54.59,11.009,2.548,46.877,39.36,32,정상
2026-06-02 07:45:35,ROBOT_04,54.25,10.22,2.223,47.048,39.4,32,정상
2026-06-02 08:38:36,ROBOT_01,57.85,10.277,2.442,47.365,36,32,정상
2026-06-02 08:38:36,ROBOT_02,66.33,13.093,4.894,45.163,46.71,32,위험
2026-06-02 08:38:36,ROBOT_03,53.79,11.207,2.507,47.457,36.62,32,정상
2026-06-02 08:38:36,ROBOT_04,55.82,9.419,2.074,47.173,37.49,32,정상
2026-06-02 09:31:36,ROBOT_01,53.5,9.554,2.53,47.621,36.83,32,정상
2026-06-02 09:31:36,ROBOT_02,69.35,13.489,4.784,44.521,49.72,32,위험
2026-06-02 09:31:36,ROBOT_03,51.16,9.822,1.852,48.3,35.4,32,정상
2026-06-02 09:31:36,ROBOT_04,57.23,9.981,1.964,46.944,34.33,32,정상
2026-06-02 10:24:37,ROBOT_01,54.53,9.433,1.923,47.465,35.95,32,정상
2026-06-02 10:24:37,ROBOT_02,61.41,13.022,5.171,45.083,43.32,32,주의
2026-06-02 10:24:37,ROBOT_03,49.84,9.342,2.6,47.641,34.92,32,정상
2026-06-02 10:24:37,ROBOT_04,59.25,9.627,2.817,46.23,37.16,32,정상
2026-06-02 11:17:38,ROBOT_01,51.02,10.506,2.298,46.448,35.66,32,정상
2026-06-02 11:17:38,ROBOT_02,67.58,13.335,4.623,44.663,45.1,32,주의
2026-06-02 11:17:38,ROBOT_03,56.41,10.623,2.916,48.267,36.95,32,정상
2026-06-02 11:17:38,ROBOT_04,53.67,9.285,2.747,46.888,36.17,32,정상
2026-06-02 12:10:39,ROBOT_01,57.24,11.571,2.421,48.172,37.93,32,정상
2026-06-02 12:10:39,ROBOT_02,67.21,12.571,4.891,45.603,47.62,32,위험
2026-06-02 12:10:39,ROBOT_03,52.83,12.044,2.476,47.012,39.04,32,정상
2026-06-02 12:10:39,ROBOT_04,56.52,10.451,2.731,46.681,34,32,정상
2026-06-02 13:03:40,ROBOT_01,57.37,9.984,2.869,46.896,39.65,32,정상
2026-06-02 13:03:40,ROBOT_02,67.11,13.472,4.442,44.869,46.05,32,주의
2026-06-02 13:03:40,ROBOT_03,55,9.638,2.137,47.32,35.53,32,정상
2026-06-02 13:03:40,ROBOT_04,58.03,10.081,2.487,46.943,37.71,32,정상
2026-06-02 13:56:40,ROBOT_01,56.77,9.869,1.939,46.722,38.08,32,정상
2026-06-02 13:56:40,ROBOT_02,71.83,14.303,4.647,45.331,46.23,32,위험
2026-06-02 13:56:40,ROBOT_03,50.83,9.192,2.178,47.941,36.98,32,정상
2026-06-02 13:56:40,ROBOT_04,58.23,12.031,2.8,46.483,40.19,32,정상
2026-06-02 14:49:41,ROBOT_01,56.75,9.67,2.797,47.209,36.61,32,정상
2026-06-02 14:49:41,ROBOT_02,67.38,14.08,4.589,45.744,44.71,32,주의
2026-06-02 14:49:41,ROBOT_03,54.75,9.743,2.379,47.753,34.56,32,정상
2026-06-02 14:49:41,ROBOT_04,61.33,10.624,2.529,46.134,44,32,정상
2026-06-02 15:42:42,ROBOT_01,56.91,10.427,2.813,47.153,38.72,32,정상
2026-06-02 15:42:42,ROBOT_02,66.2,13.365,4.768,45.442,48.6,32,주의
2026-06-02 15:42:42,ROBOT_03,60.43,11.398,2.287,47.334,37.92,32,정상
2026-06-02 15:42:42,ROBOT_04,56.57,11.06,2.349,46.535,38.47,32,정상
2026-06-02 16:35:43,ROBOT_01,56.65,10.094,2.371,47.183,38.31,32,정상
2026-06-02 16:35:43,ROBOT_02,64.27,13.544,4.585,45.165,47.04,32,위험
2026-06-02 16:35:43,ROBOT_03,55.21,10.951,2.416,46.199,39.02,32,정상
2026-06-02 16:35:43,ROBOT_04,58.36,11.103,2.402,46.85,39.53,32,주의
2026-06-02 17:28:44,ROBOT_01,54.36,10.441,2.65,46.455,37.65,32,정상
2026-06-02 17:28:44,ROBOT_02,67.85,13.687,4.438,44.981,47.76,32,주의
2026-06-02 17:28:44,ROBOT_03,54.62,11.179,2.285,46.762,38.53,32,정상
2026-06-02 17:28:44,ROBOT_04,63.06,10.506,2.604,46.797,38.57,32,주의
2026-06-02 18:21:44,ROBOT_01,57.24,11.442,2.269,46.971,37.14,32,정상
2026-06-02 18:21:44,ROBOT_02,67.66,14.588,4.177,44.593,50.72,32,위험
2026-06-02 18:21:44,ROBOT_03,58.26,10.769,2.819,47.486,39.56,32,정상
2026-06-02 18:21:44,ROBOT_04,61.09,11.389,2.895,47.113,39.48,32,정상
2026-06-02 19:14:45,ROBOT_01,55.23,10.594,2.193,46.362,38.37,32,정상
2026-06-02 19:14:45,ROBOT_02,64.41,13.379,4.486,45.353,45.2,32,주의
2026-06-02 19:14:45,ROBOT_03,62.17,11.025,2.604,46.613,40.9,32,정상
2026-06-02 19:14:45,ROBOT_04,55.61,11.931,3,45.879,36.23,32,정상
2026-06-02 20:07:46,ROBOT_01,57.3,9.945,2.77,47.209,38.2,32,정상
2026-06-02 20:07:46,ROBOT_02,70.98,13.605,4.325,44.904,49.88,32,주의
2026-06-02 20:07:46,ROBOT_03,56.65,11.532,2.413,46.84,38.89,32,정상
2026-06-02 20:07:46,ROBOT_04,64.46,11.774,2.761,46.276,40.97,32,주의
2026-06-02 21:00:47,ROBOT_01,54.05,10.099,2.778,47.503,39.1,32,정상
2026-06-02 21:00:47,ROBOT_02,65.22,14.798,4.228,44.961,48.53,32,위험
2026-06-02 21:00:47,ROBOT_03,59.83,11.277,2.464,46.863,39.21,32,정상
2026-06-02 21:00:47,ROBOT_04,63.28,9.314,2.438,46.758,37.77,32,정상
2026-06-02 21:53:47,ROBOT_01,61.06,11.18,2.444,47.46,40.23,32,정상
2026-06-02 21:53:47,ROBOT_02,67.85,13.304,3.998,45.439,45.2,32,위험
2026-06-02 21:53:47,ROBOT_03,56.08,10.218,2.367,47.162,36.25,32,정상
2026-06-02 21:53:47,ROBOT_04,57.93,9.914,2.532,47.394,40.3,32,정상
2026-06-02 22:46:48,ROBOT_01,62.01,11.338,2.251,46.497,38.73,32,정상
2026-06-02 22:46:48,ROBOT_02,65.89,13.908,4.691,45.717,44.02,32,주의
2026-06-02 22:46:48,ROBOT_03,56.53,11.289,3.009,46.676,40.39,32,주의
2026-06-02 22:46:48,ROBOT_04,58.86,10.162,3.049,47.249,38.51,32,주의
2026-06-02 23:39:49,ROBOT_01,54.51,10.64,2.753,46.98,35.83,32,정상
2026-06-02 23:39:49,ROBOT_02,69.49,13.581,4.172,45.461,47.33,32,주의
2026-06-02 23:39:49,ROBOT_03,53.59,9.818,2.584,47.935,39.5,32,정상
2026-06-02 23:39:49,ROBOT_04,57.89,10.595,2.247,46.866,40.64,32,주의
2026-06-03 00:32:50,ROBOT_01,60.74,11.515,2.713,47.4,37.36,33,정상
2026-06-03 00:32:50,ROBOT_02,63.15,13.479,4.236,45.158,44.75,33,위험
2026-06-03 00:32:50,ROBOT_03,56.99,10.635,2.536,47.419,40.11,33,정상
2026-06-03 00:32:50,ROBOT_04,56.35,11.066,3.275,46.234,40,33,주의
2026-06-03 01:25:51,ROBOT_01,55.21,10.427,2.738,47.518,41.63,33,정상
2026-06-03 01:25:51,ROBOT_02,65.71,12.145,4.158,45.781,45.55,33,위험
2026-06-03 01:25:51,ROBOT_03,57.99,11.62,3.618,47.017,43.99,33,정상
2026-06-03 01:25:51,ROBOT_04,54.77,10.782,2.492,46.646,39.25,33,정상
2026-06-03 02:18:51,ROBOT_01,49.69,11.17,2.486,47.442,35.68,33,정상
2026-06-03 02:18:51,ROBOT_02,64.11,12.831,4.357,44.953,43.59,33,주의
2026-06-03 02:18:51,ROBOT_03,53.67,9.885,2.845,47.862,37.19,33,정상
2026-06-03 02:18:51,ROBOT_04,56.97,9.147,3.029,46.793,36.09,33,정상
2026-06-03 03:11:52,ROBOT_01,49.48,9.26,2.673,47.69,36.59,33,정상
2026-06-03 03:11:52,ROBOT_02,65.78,13.346,4.402,44.968,45,33,주의
2026-06-03 03:11:52,ROBOT_03,55.22,9.868,3.181,47.433,40.33,33,정상
2026-06-03 03:11:52,ROBOT_04,51.55,10.105,2.749,46.862,37.99,33,정상
2026-06-03 04:04:53,ROBOT_01,53.35,8.846,2.29,48.188,34.24,33,정상
2026-06-03 04:04:53,ROBOT_02,63.98,12.617,3.897,45.818,42.43,33,주의
2026-06-03 04:04:53,ROBOT_03,48.61,10.076,2.382,47.774,36.55,33,정상
2026-06-03 04:04:53,ROBOT_04,57.35,10.154,2.402,46.991,36.5,33,정상
2026-06-03 04:57:54,ROBOT_01,56.69,10.404,2.241,47.143,40.11,33,정상
2026-06-03 04:57:54,ROBOT_02,60.27,11.016,4.235,46.138,40.39,33,주의
2026-06-03 04:57:54,ROBOT_03,53.76,10.03,2.425,47.43,34.04,33,정상
2026-06-03 04:57:54,ROBOT_04,53.95,10.251,2.559,47.681,34.58,33,정상
2026-06-03 05:50:55,ROBOT_01,55.29,10.358,2.908,47.544,35.95,33,정상
2026-06-03 05:50:55,ROBOT_02,60.06,11.49,3.873,45.995,42.87,33,주의
2026-06-03 05:50:55,ROBOT_03,55.94,9.646,2.195,47.619,40.67,33,정상
2026-06-03 05:50:55,ROBOT_04,52.54,10.655,2.2,48.149,35.36,33,정상
2026-06-03 06:43:55,ROBOT_01,56.2,10.131,2.577,47.966,34.52,33,정상
2026-06-03 06:43:55,ROBOT_02,62.21,11.114,3.722,46.189,41.41,33,주의
2026-06-03 06:43:55,ROBOT_03,52.2,10.191,2.427,47.919,34.11,33,정상
2026-06-03 06:43:55,ROBOT_04,50.09,9.29,2.442,46.869,36.12,33,정상
2026-06-03 07:36:56,ROBOT_01,58.37,10.827,2.687,46.423,37.65,33,정상
2026-06-03 07:36:56,ROBOT_02,58.84,12.642,4.074,46.502,41.07,33,주의
2026-06-03 07:36:56,ROBOT_03,52.6,10.003,2.073,47.225,36,33,정상
2026-06-03 07:36:56,ROBOT_04,56.35,10.506,3.049,47.232,36.84,33,정상
2026-06-03 08:29:57,ROBOT_01,53.06,10.096,2.534,47.137,38.04,33,정상
2026-06-03 08:29:57,ROBOT_02,61.05,12.39,3.646,46.285,41.31,33,정상
2026-06-03 08:29:57,ROBOT_03,47.7,10.826,2.33,47.523,33.44,33,정상
2026-06-03 08:29:57,ROBOT_04,56.6,10.829,2.236,46.474,38.59,33,정상
2026-06-03 09:22:58,ROBOT_01,50.47,10.864,2.751,47.636,37.74,33,정상
2026-06-03 09:22:58,ROBOT_02,59.26,13.137,4.1,46.37,42.06,33,주의
2026-06-03 09:22:58,ROBOT_03,49.74,10.484,2.442,47.575,30.62,33,정상
2026-06-03 09:22:58,ROBOT_04,52.26,9.078,2.612,47.287,35.4,33,정상
2026-06-03 10:15:59,ROBOT_01,55.18,10.748,2.982,47.514,38.07,33,정상
2026-06-03 10:15:59,ROBOT_02,61.03,12.036,3.759,46.433,44,33,주의
2026-06-03 10:15:59,ROBOT_03,50.25,9.305,2.642,47.39,35.84,33,정상
2026-06-03 10:15:59,ROBOT_04,50.92,8.769,2.615,46.953,40.35,33,정상
2026-06-03 11:08:59,ROBOT_01,67.23,12.52,4.563,46.085,45.51,33,주의
2026-06-03 11:08:59,ROBOT_02,62.89,12.628,4.255,45.897,39.22,33,정상
2026-06-03 11:08:59,ROBOT_03,58.54,10.474,2.375,46.43,42.64,33,정상
2026-06-03 11:08:59,ROBOT_04,59.91,9.632,2.923,47.117,37.31,33,정상
2026-06-03 12:02:00,ROBOT_01,53.54,10.408,2.848,47.05,37.66,33,정상
2026-06-03 12:02:00,ROBOT_02,61.94,12.159,3.487,46.573,42.45,33,정상
2026-06-03 12:02:00,ROBOT_03,53.9,9.766,2.686,47.347,36.22,33,정상
2026-06-03 12:02:00,ROBOT_04,54.85,9.994,2.735,46.776,39.1,33,정상
2026-06-03 12:55:01,ROBOT_01,56.44,9.022,2.55,47.504,36.77,33,정상
2026-06-03 12:55:01,ROBOT_02,63.1,12.07,3.673,45.509,42.87,33,주의
2026-06-03 12:55:01,ROBOT_03,51.92,10.519,2.42,46.817,36.06,33,정상
2026-06-03 12:55:01,ROBOT_04,55.79,10.028,2.479,47.292,39.66,33,정상
2026-06-03 13:48:02,ROBOT_01,57.6,10.915,2.43,47.045,37.97,33,정상
2026-06-03 13:48:02,ROBOT_02,63.26,12.894,3.512,46.277,46.18,33,정상
2026-06-03 13:48:02,ROBOT_03,60.18,10.935,2.701,48.189,38.21,33,주의
2026-06-03 13:48:02,ROBOT_04,57.64,10.558,3.009,46.593,39.45,33,정상
2026-06-03 14:41:03,ROBOT_01,59.56,11.421,2.377,46.347,38.07,33,주의
2026-06-03 14:41:03,ROBOT_02,63.79,12.01,3.396,45.124,44.8,33,주의
2026-06-03 14:41:03,ROBOT_03,65.43,13.258,4.632,45.026,48.45,33,위험
2026-06-03 14:41:03,ROBOT_04,58.35,10.502,2.62,46.486,37.7,33,정상
2026-06-03 15:34:03,ROBOT_01,54.91,10.68,2.312,47.237,34.18,33,정상
2026-06-03 15:34:03,ROBOT_02,65.53,11.388,3.802,45.733,44.29,33,주의
2026-06-03 15:34:03,ROBOT_03,58.28,11.266,2.501,47.37,33.45,33,정상
2026-06-03 15:34:03,ROBOT_04,56.36,10.614,2.766,45.384,40.05,33,정상
2026-06-03 16:27:04,ROBOT_01,55.78,10.136,2.745,47.021,37.91,33,정상
2026-06-03 16:27:04,ROBOT_02,67.71,12.443,3.702,45.511,44.26,33,주의
2026-06-03 16:27:04,ROBOT_03,57.54,10.15,2.7,46.753,40.61,33,정상
2026-06-03 16:27:04,ROBOT_04,64.8,10.86,2.816,46.352,39.44,33,정상
2026-06-03 17:20:05,ROBOT_01,56.86,10.253,3.5,46.963,39.37,33,정상
2026-06-03 17:20:05,ROBOT_02,65.28,12.874,3.543,45.738,40.35,33,주의
2026-06-03 17:20:05,ROBOT_03,56,12.219,2.687,46.976,42.96,33,정상
2026-06-03 17:20:05,ROBOT_04,58.2,10.007,3.066,45.967,40.91,33,주의
2026-06-03 18:13:06,ROBOT_01,54.09,10.616,2.183,47.401,36.49,33,정상
2026-06-03 18:13:06,ROBOT_02,76.35,16.586,5.868,44.415,51.85,33,위험
2026-06-03 18:13:06,ROBOT_03,60.48,11.567,3.045,45.935,40.57,33,정상
2026-06-03 18:13:06,ROBOT_04,63.87,11.36,2.286,46.809,36.74,33,정상
2026-06-03 19:06:06,ROBOT_01,56.84,10.709,2.065,47.373,39.11,33,정상
2026-06-03 19:06:06,ROBOT_02,70.26,13.676,3.47,45.649,41.8,33,주의
2026-06-03 19:06:06,ROBOT_03,58.89,11.801,2.405,47.251,42.87,33,정상
2026-06-03 19:06:06,ROBOT_04,61.57,11.623,2.672,46.624,41.68,33,정상
2026-06-03 19:59:07,ROBOT_01,60.52,10.832,2.745,47.082,39.11,33,정상
2026-06-03 19:59:07,ROBOT_02,65.24,12.639,2.89,45.593,47.83,33,주의
2026-06-03 19:59:07,ROBOT_03,54.6,9.345,2.748,47.061,39.34,33,정상
2026-06-03 19:59:07,ROBOT_04,58.75,8.997,2.416,46.813,40.49,33,정상
2026-06-03 20:52:08,ROBOT_01,58.2,10.307,2.438,47.057,38.17,33,정상
2026-06-03 20:52:08,ROBOT_02,67.34,12.413,3.041,46.284,41.8,33,주의
2026-06-03 20:52:08,ROBOT_03,59.03,11.528,2.869,47.513,37.25,33,정상
2026-06-03 20:52:08,ROBOT_04,57.8,11.434,2.779,46.32,39.78,33,정상
2026-06-03 21:45:09,ROBOT_01,54.86,10.129,1.911,46.661,36.59,33,정상
2026-06-03 21:45:09,ROBOT_02,63.75,10.482,3.536,45.857,42.15,33,주의
2026-06-03 21:45:09,ROBOT_03,54,10.445,2.548,48.007,39.71,33,정상
2026-06-03 21:45:09,ROBOT_04,58.34,11.849,2.675,46.411,41.91,33,정상
2026-06-03 22:38:10,ROBOT_01,54.33,9.263,2.115,47.766,36.12,33,정상
2026-06-03 22:38:10,ROBOT_02,65.02,12.225,3.199,46.712,41.2,33,주의
2026-06-03 22:38:10,ROBOT_03,55.4,11.133,2.486,47.252,38.43,33,정상
2026-06-03 22:38:10,ROBOT_04,60.67,10.434,2.686,47.253,40.37,33,정상
2026-06-03 23:31:10,ROBOT_01,57.29,10.029,2.601,47.637,38.71,33,정상
2026-06-03 23:31:10,ROBOT_02,59.59,11.613,3.561,46.127,43.51,33,주의
2026-06-03 23:31:10,ROBOT_03,55.49,10.741,2.604,47.63,34.83,33,정상
2026-06-03 23:31:10,ROBOT_04,59.85,10.816,2.852,47.248,36.99,33,정상
2026-06-04 00:24:11,ROBOT_01,56.5,10.233,2.655,46.338,37.75,34,정상
2026-06-04 00:24:11,ROBOT_02,57.03,12.527,3.077,46.028,41.55,34,주의
2026-06-04 00:24:11,ROBOT_03,52.87,10.966,2.814,47.686,34.9,34,정상
2026-06-04 00:24:11,ROBOT_04,56.64,11.251,2.875,46.442,37.75,34,정상
2026-06-04 01:17:12,ROBOT_01,53.44,8.925,2.33,48.296,36.48,34,정상
2026-06-04 01:17:12,ROBOT_02,63.08,11.561,3.279,46.002,44.71,34,주의
2026-06-04 01:17:12,ROBOT_03,53.59,10.86,2.485,46.576,37.97,34,정상
2026-06-04 01:17:12,ROBOT_04,55.77,10.525,3.137,47.004,36.57,34,정상
2026-06-04 02:10:13,ROBOT_01,52.92,8.582,2.813,47.471,35.53,34,정상
2026-06-04 02:10:13,ROBOT_02,57.39,10.899,3.444,46.639,35.12,34,주의
2026-06-04 02:10:13,ROBOT_03,50.65,9.662,2.683,47.795,36.32,34,정상
2026-06-04 02:10:13,ROBOT_04,58.9,10.203,2.796,47.039,34.72,34,정상
2026-06-04 03:03:14,ROBOT_01,54.54,11.528,2.379,47.508,37.62,34,정상
2026-06-04 03:03:14,ROBOT_02,57.43,11.237,3.467,46.585,38.26,34,정상
2026-06-04 03:03:14,ROBOT_03,52.12,9.167,1.748,47.261,34.92,34,정상
2026-06-04 03:03:14,ROBOT_04,55.89,9.817,3.127,46.829,38.11,34,정상
2026-06-04 03:56:14,ROBOT_01,51.23,11.012,2.547,47.152,35.94,34,정상
2026-06-04 03:56:14,ROBOT_02,60.27,10.075,3.139,46.222,42.06,34,정상
2026-06-04 03:56:14,ROBOT_03,61.68,10.231,2.64,47.671,37.76,34,정상
2026-06-04 03:56:14,ROBOT_04,55.54,10.575,2.168,47.151,36.92,34,정상
2026-06-04 04:49:15,ROBOT_01,49.81,10.172,2.25,47.264,33.77,34,정상
2026-06-04 04:49:15,ROBOT_02,56.97,10.912,2.806,46.963,38.44,34,정상
2026-06-04 04:49:15,ROBOT_03,56.23,10.481,3.063,47.758,36.22,34,정상
2026-06-04 04:49:15,ROBOT_04,53.19,10.485,2.175,47.397,35.07,34,정상
2026-06-04 05:42:16,ROBOT_01,52.98,9.339,2.02,47.029,35.96,34,정상
2026-06-04 05:42:16,ROBOT_02,60.81,11.967,2.795,46.732,36.91,34,주의
2026-06-04 05:42:16,ROBOT_03,56.11,10.961,2.649,47.194,38.47,34,정상
2026-06-04 05:42:16,ROBOT_04,54.1,9.671,2.825,46.415,38.61,34,정상
2026-06-04 06:35:17,ROBOT_01,54.56,10.433,2.853,47.438,37.08,34,정상
2026-06-04 06:35:17,ROBOT_02,53.94,10.568,3.129,46.324,37.12,34,정상
2026-06-04 06:35:17,ROBOT_03,49.97,10.577,3.024,47.898,38,34,정상
2026-06-04 06:35:17,ROBOT_04,54.74,10.789,2.313,46.639,38.67,34,정상
2026-06-04 07:28:18,ROBOT_01,57.39,9.385,2.693,46.632,35.75,34,정상
2026-06-04 07:28:18,ROBOT_02,53.57,9.435,3.268,46.801,38.54,34,정상
2026-06-04 07:28:18,ROBOT_03,56.15,10.472,2.521,46.781,38.06,34,정상
2026-06-04 07:28:18,ROBOT_04,59.6,10.45,2.489,46.205,36.63,34,정상
2026-06-04 08:21:18,ROBOT_01,50.95,9.993,2.262,47.778,34.93,34,정상
2026-06-04 08:21:18,ROBOT_02,59.79,11.73,2.915,46.635,40.23,34,주의
2026-06-04 08:21:18,ROBOT_03,58.76,9.847,2.57,47.206,35.13,34,정상
2026-06-04 08:21:18,ROBOT_04,58.84,9.351,2.82,47.3,35.33,34,정상
2026-06-04 09:14:19,ROBOT_01,55.33,10.184,2.015,48.339,35.39,34,정상
2026-06-04 09:14:19,ROBOT_02,57.73,10.827,2.699,46.24,40.64,34,정상
2026-06-04 09:14:19,ROBOT_03,56.18,10.561,2.849,46.747,37.07,34,정상
2026-06-04 09:14:19,ROBOT_04,56.5,9.818,2.342,47.177,38.4,34,정상
2026-06-04 10:07:20,ROBOT_01,51.84,9.709,2.273,47.829,36.62,34,정상
2026-06-04 10:07:20,ROBOT_02,55.53,10.677,2.841,46.86,38.15,34,정상
2026-06-04 10:07:20,ROBOT_03,54.79,10.607,2.758,47.188,35.96,34,정상
2026-06-04 10:07:20,ROBOT_04,58.48,9.87,2.415,46.868,36.22,34,정상
2026-06-04 11:00:21,ROBOT_01,55.15,11.064,2.791,47.064,34.97,34,정상
2026-06-04 11:00:21,ROBOT_02,58.08,10.878,3.452,46.613,37.32,34,정상
2026-06-04 11:00:21,ROBOT_03,53.92,12.313,3.134,47.007,35.87,34,주의
2026-06-04 11:00:21,ROBOT_04,55.66,10.213,2.562,46.347,38.39,34,정상
2026-06-04 11:53:22,ROBOT_01,51.32,9.658,1.972,46.617,36.15,34,정상
2026-06-04 11:53:22,ROBOT_02,55.1,10.896,3.119,47.345,38.21,34,정상
2026-06-04 11:53:22,ROBOT_03,55.15,10.286,2.648,46.883,37.35,34,주의
2026-06-04 11:53:22,ROBOT_04,56.3,8.557,2.732,46.892,35.64,34,정상
2026-06-04 12:46:22,ROBOT_01,55.11,10.893,2.061,48.035,37.95,34,정상
2026-06-04 12:46:22,ROBOT_02,59.25,9.603,2.874,46.591,39.81,34,주의
2026-06-04 12:46:22,ROBOT_03,56.8,10.137,3.188,47.069,38.46,34,정상
2026-06-04 12:46:22,ROBOT_04,58.53,9.758,3.145,47.199,37.02,34,정상
2026-06-04 13:39:23,ROBOT_01,57.01,11.504,2.941,46.801,41.39,34,정상
2026-06-04 13:39:23,ROBOT_02,58.99,11.647,3.178,45.626,39.76,34,정상
2026-06-04 13:39:23,ROBOT_03,62.49,10.837,3.096,46.391,36.96,34,정상
2026-06-04 13:39:23,ROBOT_04,59.27,9.988,2.894,46.209,38.35,34,정상
2026-06-04 14:32:24,ROBOT_01,58.33,9.57,2.18,47.305,37.92,34,정상
2026-06-04 14:32:24,ROBOT_02,61.24,11.893,3.101,46.529,42.42,34,주의
2026-06-04 14:32:24,ROBOT_03,56.19,12.1,3.207,46.986,41.72,34,정상
2026-06-04 14:32:24,ROBOT_04,62.89,11.026,2.865,45.967,39.9,34,주의
2026-06-04 15:25:25,ROBOT_01,56.41,10.137,2.498,47.434,38.46,34,정상
2026-06-04 15:25:25,ROBOT_02,60.11,10.785,3.398,47.073,37.86,34,정상
2026-06-04 15:25:25,ROBOT_03,58.86,11.648,2.996,46.304,40.4,34,주의
2026-06-04 15:25:25,ROBOT_04,59.36,11.619,2.835,46.521,40.28,34,주의
2026-06-04 16:18:25,ROBOT_01,61.85,9.925,2.494,46.921,39.58,34,정상
2026-06-04 16:18:25,ROBOT_02,61.52,10.764,2.515,45.504,43.41,34,주의
2026-06-04 16:18:25,ROBOT_03,53.5,10.02,2.991,47.374,38.72,34,정상
2026-06-04 16:18:25,ROBOT_04,60.69,11.23,2.485,47.498,42.27,34,정상
2026-06-04 17:11:26,ROBOT_01,58.75,10.172,2.602,46.81,38.67,34,정상
2026-06-04 17:11:26,ROBOT_02,64.88,12.245,3.343,45.668,42.47,34,주의
2026-06-04 17:11:26,ROBOT_03,76.27,16.333,6.154,43.951,53.61,34,위험
2026-06-04 17:11:26,ROBOT_04,60.38,11.341,2.788,46.093,45.67,34,주의
2026-06-04 18:04:27,ROBOT_01,61.24,11.72,3.101,46.555,37.24,34,주의
2026-06-04 18:04:27,ROBOT_02,63.16,12.28,2.712,46.146,40.57,34,주의
2026-06-04 18:04:27,ROBOT_03,63.17,11.973,3.17,46.678,40.55,34,주의
2026-06-04 18:04:27,ROBOT_04,61.74,10.986,2.972,45.937,39.71,34,정상
2026-06-04 18:57:28,ROBOT_01,58.63,10.753,2.862,47.129,39.69,34,정상
2026-06-04 18:57:28,ROBOT_02,61.68,12.006,3.024,46.257,41.5,34,주의
2026-06-04 18:57:28,ROBOT_03,67.23,12.467,3.081,46.195,46.24,34,주의
2026-06-04 18:57:28,ROBOT_04,59.4,12.507,2.467,46.947,38.13,34,정상
2026-06-04 19:50:29,ROBOT_01,54.21,12.168,2.787,46.915,35.72,34,정상
2026-06-04 19:50:29,ROBOT_02,60.98,11.094,3.192,46.258,39.64,34,정상
2026-06-04 19:50:29,ROBOT_03,60.82,11.264,2.984,47.615,41.76,34,정상
2026-06-04 19:50:29,ROBOT_04,57.84,11.163,2.941,46.849,40.95,34,정상
2026-06-04 20:43:29,ROBOT_01,58.26,11.674,2.093,47.351,40.15,34,정상
2026-06-04 20:43:29,ROBOT_02,64.08,12.724,2.948,46.678,39.6,34,주의
2026-06-04 20:43:29,ROBOT_03,64.17,11.382,3.554,46.534,44.48,34,주의
2026-06-04 20:43:29,ROBOT_04,64.18,10.909,2.376,46.105,38.25,34,주의
2026-06-04 21:36:30,ROBOT_01,58.21,10.339,2.7,46.822,41.56,34,정상
2026-06-04 21:36:30,ROBOT_02,55.83,9.456,2.811,46.499,40.77,34,정상
2026-06-04 21:36:30,ROBOT_03,58.97,12.383,2.844,46.408,40.33,34,정상
2026-06-04 21:36:30,ROBOT_04,61.49,12.405,2.577,46.733,42.67,34,주의
2026-06-04 22:29:31,ROBOT_01,59.43,10.309,2.01,46.997,41.46,34,정상
2026-06-04 22:29:31,ROBOT_02,58.83,10.243,2.507,47.124,35.61,34,정상
2026-06-04 22:29:31,ROBOT_03,58.53,11.166,3.697,46.463,40.21,34,정상
2026-06-04 22:29:31,ROBOT_04,59.86,11.432,2.756,46.668,38.44,34,정상
2026-06-04 23:22:32,ROBOT_01,59.78,11.665,3.773,46.669,40.96,34,주의
2026-06-04 23:22:32,ROBOT_02,62.03,10.06,2.689,46.056,39.38,34,정상
2026-06-04 23:22:32,ROBOT_03,53.93,10.833,3.129,46.664,40.21,34,정상
2026-06-04 23:22:32,ROBOT_04,74.53,14.992,5.438,44.399,49.66,34,위험
2026-06-05 00:15:33,ROBOT_01,50.83,11.244,2.427,47.458,34.78,35,정상
2026-06-05 00:15:33,ROBOT_02,58.37,10.468,3.234,47.326,41.75,35,정상
2026-06-05 00:15:33,ROBOT_03,59.31,11.497,3.486,46.394,38.95,35,정상
2026-06-05 00:15:33,ROBOT_04,57.23,10.596,2.39,47.061,36.89,35,정상
2026-06-05 01:08:33,ROBOT_01,57.38,10.089,2.267,46.742,35.07,35,정상
2026-06-05 01:08:33,ROBOT_02,57.45,11.82,3.078,46.47,39.96,35,주의
2026-06-05 01:08:33,ROBOT_03,59.05,11.278,3.206,47.777,39.08,35,정상
2026-06-05 01:08:33,ROBOT_04,57.45,9.743,1.769,46.483,40.39,35,정상
2026-06-05 02:01:34,ROBOT_01,50.96,9.975,2.519,47.408,37.13,35,정상
2026-06-05 02:01:34,ROBOT_02,58.15,11.771,2.777,46.501,36.26,35,정상
2026-06-05 02:01:34,ROBOT_03,54.03,10.527,3.801,47.252,40.06,35,정상
2026-06-05 02:01:34,ROBOT_04,56.76,10.687,2.657,46.984,37.24,35,정상
2026-06-05 02:54:35,ROBOT_01,58.93,9.807,2.571,47.213,39.54,35,정상
2026-06-05 02:54:35,ROBOT_02,51.51,10.537,2.626,47.73,40.09,35,정상
2026-06-05 02:54:35,ROBOT_03,60.02,11.857,3.456,46.436,42.89,35,주의
2026-06-05 02:54:35,ROBOT_04,53.97,9.436,2.366,47.377,37.49,35,정상
2026-06-05 03:47:36,ROBOT_01,51.88,9.794,2.535,48.076,35.1,35,정상
2026-06-05 03:47:36,ROBOT_02,54.4,9.568,2.425,46.882,37.32,35,정상
2026-06-05 03:47:36,ROBOT_03,58.62,11.314,3.181,47.07,38.54,35,정상
2026-06-05 03:47:36,ROBOT_04,58.29,9.205,2.846,46.75,35.42,35,정상
2026-06-05 04:40:37,ROBOT_01,50.56,9.226,2.17,48.089,33.23,35,정상
2026-06-05 04:40:37,ROBOT_02,56.11,10.652,2.858,46.568,37.69,35,주의
2026-06-05 04:40:37,ROBOT_03,56.35,10.699,3.221,47.09,41.67,35,정상
2026-06-05 04:40:37,ROBOT_04,54.55,9.658,2.162,47.152,35.43,35,정상
2026-06-05 05:33:37,ROBOT_01,51.55,9.04,2.457,47.389,37.8,35,정상
2026-06-05 05:33:37,ROBOT_02,59.51,10.374,2.372,46.262,36.79,35,주의
2026-06-05 05:33:37,ROBOT_03,57.35,10.81,3.954,46.607,37.26,35,정상
2026-06-05 05:33:37,ROBOT_04,59.13,10.147,2.445,46.643,36.72,35,정상
2026-06-05 06:26:38,ROBOT_01,55.55,8.881,2.238,48.072,37.18,35,정상
2026-06-05 06:26:38,ROBOT_02,55.15,9.823,3.134,46.669,36.11,35,정상
2026-06-05 06:26:38,ROBOT_03,57.94,11.915,4.06,47.845,38.26,35,정상
2026-06-05 06:26:38,ROBOT_04,56.25,10.125,2.389,46.966,40.3,35,정상
2026-06-05 07:19:39,ROBOT_01,51.05,9.873,2.706,47.492,39.14,35,정상
2026-06-05 07:19:39,ROBOT_02,55.29,10.39,3.047,47.295,39.61,35,정상
2026-06-05 07:19:39,ROBOT_03,61.28,11.207,3.555,46.45,42.41,35,정상
2026-06-05 07:19:39,ROBOT_04,53.41,8.575,2.449,46.546,33.58,35,정상
2026-06-05 08:12:40,ROBOT_01,56.35,9.541,2.536,48.117,34.38,35,정상
2026-06-05 08:12:40,ROBOT_02,56.8,10.823,2.669,47.724,35.24,35,정상
2026-06-05 08:12:40,ROBOT_03,57.14,12.008,3.225,46.823,38.15,35,주의
2026-06-05 08:12:40,ROBOT_04,56.16,10.271,2.949,46.703,39.62,35,정상
2026-06-05 09:05:41,ROBOT_01,53.29,9.557,2.486,47.985,37.04,35,정상
2026-06-05 09:05:41,ROBOT_02,63.92,11.937,3.103,46.931,40.58,35,주의
2026-06-05 09:05:41,ROBOT_03,56.46,11.758,3.81,46.564,37.54,35,주의
2026-06-05 09:05:41,ROBOT_04,58.31,10.968,2.52,47.614,37.6,35,정상
2026-06-05 09:58:41,ROBOT_01,49.8,10.126,2.561,47.135,33.19,35,정상
2026-06-05 09:58:41,ROBOT_02,51.7,10.177,2.759,48.264,38.94,35,정상
2026-06-05 09:58:41,ROBOT_03,57.7,10.232,3.133,47.093,37.39,35,주의
2026-06-05 09:58:41,ROBOT_04,58.71,9.783,2.772,46.444,38.78,35,정상
2026-06-05 10:51:42,ROBOT_01,51.66,9.028,2.603,47.756,34.98,35,정상
2026-06-05 10:51:42,ROBOT_02,57.61,10.393,2.715,47.218,38.05,35,주의
2026-06-05 10:51:42,ROBOT_03,57.18,12.129,3.171,47.065,39.99,35,정상
2026-06-05 10:51:42,ROBOT_04,58.3,9.615,3.14,46.355,38.12,35,정상
2026-06-05 11:44:43,ROBOT_01,54.73,10.91,2.801,47.23,35.08,35,정상
2026-06-05 11:44:43,ROBOT_02,56.47,9.989,3.273,46.724,36.92,35,정상
2026-06-05 11:44:43,ROBOT_03,61.22,12.251,3.637,45.949,45.31,35,주의
2026-06-05 11:44:43,ROBOT_04,59,11.066,2.527,46.552,34.89,35,정상
2026-06-05 12:37:44,ROBOT_01,47.52,10.708,2.617,47.565,37.97,35,정상
2026-06-05 12:37:44,ROBOT_02,62,11.245,3.086,45.944,39.75,35,주의
2026-06-05 12:37:44,ROBOT_03,62.86,12.472,3.906,45.927,44.65,35,주의
2026-06-05 12:37:44,ROBOT_04,57.23,11.14,2.208,47.234,36.04,35,정상
2026-06-05 13:30:44,ROBOT_01,50.97,11.554,2.444,46.869,38.73,35,정상
2026-06-05 13:30:44,ROBOT_02,57.99,10.703,2.561,45.889,37.79,35,정상
2026-06-05 13:30:44,ROBOT_03,60.71,12.227,4.077,46.585,39.32,35,주의
2026-06-05 13:30:44,ROBOT_04,58.5,10.334,2.627,47.679,36.01,35,정상
2026-06-05 14:23:45,ROBOT_01,57.83,11.099,2.285,46.488,37.77,35,주의
2026-06-05 14:23:45,ROBOT_02,57.39,11.733,3.064,46.632,40.54,35,주의
2026-06-05 14:23:45,ROBOT_03,65.62,11.659,3.889,46.146,41.13,35,주의
2026-06-05 14:23:45,ROBOT_04,69.44,14.161,4.244,45.228,40.65,35,위험
2026-06-05 15:16:46,ROBOT_01,54.9,10.063,2.407,46.661,37.43,35,정상
2026-06-05 15:16:46,ROBOT_02,54.04,10.216,2.7,46.57,37.75,35,정상
2026-06-05 15:16:46,ROBOT_03,66.72,12.737,3.288,45.544,41.16,35,주의
2026-06-05 15:16:46,ROBOT_04,62.4,11.988,2.922,46.152,41.94,35,주의
2026-06-05 16:09:47,ROBOT_01,57.26,10.258,2.936,47.866,35.93,35,정상
2026-06-05 16:09:47,ROBOT_02,57.45,11.365,2.491,46.265,39.37,35,정상
2026-06-05 16:09:47,ROBOT_03,61.02,12.608,3.911,45.674,44.19,35,주의
2026-06-05 16:09:47,ROBOT_04,58.2,9.793,2.678,46.117,38.62,35,주의
2026-06-05 17:02:48,ROBOT_01,56.9,10.94,2.258,46.744,38.08,35,정상
2026-06-05 17:02:48,ROBOT_02,56.54,10.257,2.56,47.287,39.72,35,정상
2026-06-05 17:02:48,ROBOT_03,68.81,14.53,4.11,45.238,44.78,35,위험
2026-06-05 17:02:48,ROBOT_04,60.67,11.039,2.912,46.475,40.65,35,정상
2026-06-05 17:55:48,ROBOT_01,58.84,11.556,2.065,46.422,40.15,35,정상
2026-06-05 17:55:48,ROBOT_02,62.64,10.658,2.705,47.268,40,35,정상
2026-06-05 17:55:48,ROBOT_03,67.92,13.153,4.117,45.795,45.37,35,주의
2026-06-05 17:55:48,ROBOT_04,55.31,11.812,2.59,46.561,40.5,35,주의
2026-06-05 18:48:49,ROBOT_01,55.08,10.621,2.673,46.902,38.8,35,정상
2026-06-05 18:48:49,ROBOT_02,61.59,11.528,2.978,46.805,40.38,35,정상
2026-06-05 18:48:49,ROBOT_03,63.75,13.254,3.91,46.054,48.2,35,주의
2026-06-05 18:48:49,ROBOT_04,56.41,10.156,1.933,46.852,38.03,35,정상
2026-06-05 19:41:50,ROBOT_01,58.69,11.407,2.302,46.581,40.05,35,정상
2026-06-05 19:41:50,ROBOT_02,61.73,11.216,2.919,46.753,38.57,35,주의
2026-06-05 19:41:50,ROBOT_03,64.29,14.545,3.818,45.901,45.57,35,주의
2026-06-05 19:41:50,ROBOT_04,64.4,11.865,2.887,46.709,43.08,35,주의
2026-06-05 20:34:51,ROBOT_01,57.31,10.571,2.921,46.552,39.32,35,정상
2026-06-05 20:34:51,ROBOT_02,59.77,10.706,2.996,46.086,41.7,35,정상
2026-06-05 20:34:51,ROBOT_03,64.27,13.074,4.534,46.035,43.27,35,주의
2026-06-05 20:34:51,ROBOT_04,57.23,10.564,2.69,47.27,38.43,35,주의
2026-06-05 21:27:52,ROBOT_01,54.69,10.582,2.476,47.266,35.48,35,정상
2026-06-05 21:27:52,ROBOT_02,59.18,10.107,2.327,46.913,39.52,35,정상
2026-06-05 21:27:52,ROBOT_03,63.39,12.561,4.168,46.42,44.58,35,주의
2026-06-05 21:27:52,ROBOT_04,58.71,10.827,2.865,46.545,39.77,35,정상
2026-06-05 22:20:52,ROBOT_01,55.06,11.712,2.731,46.471,38.7,35,정상
2026-06-05 22:20:52,ROBOT_02,64.44,11.749,2.5,46.215,43.9,35,정상
2026-06-05 22:20:52,ROBOT_03,64.33,12.742,4.151,46.029,43.16,35,주의
2026-06-05 22:20:52,ROBOT_04,59.59,11.251,3.091,46.262,42.82,35,정상
2026-06-05 23:13:53,ROBOT_01,60.95,10.145,2.322,47.327,42.16,35,정상
2026-06-05 23:13:53,ROBOT_02,56.87,10.284,2.831,46.684,39.36,35,정상
2026-06-05 23:13:53,ROBOT_03,63.74,12.298,4.388,46.326,40.23,35,주의
2026-06-05 23:13:53,ROBOT_04,60.89,11.049,2.478,46.165,38.74,35,정상
2026-06-06 00:06:54,ROBOT_01,56.86,11.759,2.939,47.462,35.72,36,정상
2026-06-06 00:06:54,ROBOT_02,59.12,11.095,2.728,46.029,35.65,36,정상
2026-06-06 00:06:54,ROBOT_03,61.49,12.96,4.248,45.794,41.31,36,주의
2026-06-06 00:06:54,ROBOT_04,59.71,10.535,3.04,46.461,41.55,36,정상
2026-06-06 00:59:55,ROBOT_01,55.11,11,2.559,47.015,35.02,36,정상
2026-06-06 00:59:55,ROBOT_02,53.48,9.111,2.256,46.88,41.01,36,정상
2026-06-06 00:59:55,ROBOT_03,64.58,13.372,3.938,45.498,42.63,36,주의
2026-06-06 00:59:55,ROBOT_04,59.89,10.527,2.764,45.941,39.99,36,정상
2026-06-06 01:52:56,ROBOT_01,53.01,9.679,2.58,47.18,35.92,36,정상
2026-06-06 01:52:56,ROBOT_02,55.16,10.895,2.263,47.081,38.35,36,정상
2026-06-06 01:52:56,ROBOT_03,61.03,13.995,4.699,46.206,44.57,36,주의
2026-06-06 01:52:56,ROBOT_04,54.14,10.399,2.633,45.768,36.92,36,정상
2026-06-06 02:45:56,ROBOT_01,54.32,9.684,2.596,46.303,35.92,36,정상
2026-06-06 02:45:56,ROBOT_02,53.32,10.872,2.614,47.61,36.73,36,정상
2026-06-06 02:45:56,ROBOT_03,63.71,12.41,4.108,45.69,44.81,36,주의
2026-06-06 02:45:56,ROBOT_04,57.29,10.784,2.793,46.67,36.04,36,정상
2026-06-06 03:38:57,ROBOT_01,54.75,10.365,2.26,47.693,38.52,36,정상
2026-06-06 03:38:57,ROBOT_02,51.8,11.813,3.027,46.785,38.28,36,정상
2026-06-06 03:38:57,ROBOT_03,64.4,11.762,4.465,46.174,46.26,36,주의
2026-06-06 03:38:57,ROBOT_04,59.13,11.686,2.636,46.201,40.81,36,정상
2026-06-06 04:31:58,ROBOT_01,52.44,10.481,2.51,46.139,40.91,36,정상
2026-06-06 04:31:58,ROBOT_02,55.38,9.922,3.085,46.82,36.52,36,정상
2026-06-06 04:31:58,ROBOT_03,64.11,12.117,5.031,46.097,47.25,36,주의
2026-06-06 04:31:58,ROBOT_04,60.65,10.727,1.979,46.89,33.3,36,정상
2026-06-06 05:24:59,ROBOT_01,59.4,9.866,2.25,47.355,34.75,36,정상
2026-06-06 05:24:59,ROBOT_02,56.33,10.681,2.656,46.75,37.75,36,정상
2026-06-06 05:24:59,ROBOT_03,62.42,13.284,4.269,45.857,47.38,36,주의
2026-06-06 05:24:59,ROBOT_04,53.72,9.776,2.393,46.912,35.96,36,정상
2026-06-06 06:18:00,ROBOT_01,53.71,9.642,2.178,47.446,33.25,36,정상
2026-06-06 06:18:00,ROBOT_02,52.26,10.047,1.987,47.767,34.38,36,정상
2026-06-06 06:18:00,ROBOT_03,64.92,14.229,4.156,45.318,44.02,36,주의
2026-06-06 06:18:00,ROBOT_04,56.75,8.619,2.512,47.198,37.91,36,정상
2026-06-06 07:11:00,ROBOT_01,53.33,10.529,2.427,47.349,35.52,36,정상
2026-06-06 07:11:00,ROBOT_02,50.53,10.972,2.42,46.884,33.67,36,정상
2026-06-06 07:11:00,ROBOT_03,60.76,12.193,4.466,45.839,41.31,36,주의
2026-06-06 07:11:00,ROBOT_04,53.02,10.623,2.273,47.768,36.06,36,정상
2026-06-06 08:04:01,ROBOT_01,54.04,8.911,2.222,47.816,36.59,36,정상
2026-06-06 08:04:01,ROBOT_02,56.2,8.911,2.677,47.621,35.65,36,정상
2026-06-06 08:04:01,ROBOT_03,63.57,13.656,5.152,45.179,44.09,36,위험
2026-06-06 08:04:01,ROBOT_04,62.88,10.897,2.762,46.712,36.73,36,주의
2026-06-06 08:57:02,ROBOT_01,53.45,9.849,2.345,47.102,34.39,36,정상
2026-06-06 08:57:02,ROBOT_02,53.32,9.799,2.655,46.792,36.14,36,정상
2026-06-06 08:57:02,ROBOT_03,60.82,13.357,4.661,45.52,42.45,36,주의
2026-06-06 08:57:02,ROBOT_04,57.55,10.288,2.9,46.296,38.6,36,정상
2026-06-06 09:50:03,ROBOT_01,59.64,8.744,2.751,47.97,37.21,36,정상
2026-06-06 09:50:03,ROBOT_02,54.09,10.475,2.96,47.058,38.26,36,정상
2026-06-06 09:50:03,ROBOT_03,62.11,14.112,4.724,45.306,44.9,36,위험
2026-06-06 09:50:03,ROBOT_04,56.17,10.491,3.199,45.888,40.8,36,주의
2026-06-06 10:43:03,ROBOT_01,55.39,10.549,2.398,47.179,38.65,36,정상
2026-06-06 10:43:03,ROBOT_02,56.51,11.207,2.492,46.276,36.51,36,정상
2026-06-06 10:43:03,ROBOT_03,64.27,13.753,4.54,45.597,43.92,36,주의
2026-06-06 10:43:03,ROBOT_04,52.52,11.26,2.757,47.336,37.59,36,정상
2026-06-06 11:36:04,ROBOT_01,56.86,11.632,2.734,46.715,36.82,36,정상
2026-06-06 11:36:04,ROBOT_02,54.4,9.212,2.444,47.097,38.23,36,정상
2026-06-06 11:36:04,ROBOT_03,64.46,12.452,4.52,46.051,44.83,36,주의
2026-06-06 11:36:04,ROBOT_04,58.2,9.931,2.684,46.21,39.09,36,정상
2026-06-06 12:29:05,ROBOT_01,51.77,11.358,2.621,47.126,38.04,36,정상
2026-06-06 12:29:05,ROBOT_02,55.92,11.217,2.918,47.224,38.83,36,정상
2026-06-06 12:29:05,ROBOT_03,63.75,12.57,4.838,45.518,40.71,36,주의
2026-06-06 12:29:05,ROBOT_04,57.01,10.859,3.001,46.182,36.84,36,정상
2026-06-06 13:22:06,ROBOT_01,56.64,11.322,2.078,47.409,36.55,36,정상
2026-06-06 13:22:06,ROBOT_02,57.44,11.254,2.323,47.556,38.69,36,정상
2026-06-06 13:22:06,ROBOT_03,65.87,14.541,4.717,44.642,46.34,36,위험
2026-06-06 13:22:06,ROBOT_04,54.29,10.714,2.985,47.155,35.89,36,정상
2026-06-06 14:15:07,ROBOT_01,56.37,11.497,2.568,46.597,36.79,36,정상
2026-06-06 14:15:07,ROBOT_02,55.64,11.473,2.834,46.534,39.33,36,정상
2026-06-06 14:15:07,ROBOT_03,65.24,13.798,4.996,45.913,47.08,36,주의
2026-06-06 14:15:07,ROBOT_04,60.95,12.148,2.544,45.955,43.54,36,주의
2026-06-06 15:08:07,ROBOT_01,61.96,11.902,3.008,46.733,41.26,36,주의
2026-06-06 15:08:07,ROBOT_02,62.36,11.836,2.469,46.605,38.46,36,정상
2026-06-06 15:08:07,ROBOT_03,66.16,13.946,5.014,45.423,46.45,36,위험
2026-06-06 15:08:07,ROBOT_04,62.83,12.011,2.752,46.843,40.76,36,정상
2026-06-06 16:01:08,ROBOT_01,61.83,11.153,2.182,46.713,38.29,36,정상
2026-06-06 16:01:08,ROBOT_02,57.89,10.377,2.182,46.37,38.48,36,정상
2026-06-06 16:01:08,ROBOT_03,65.15,13.694,5.052,45.92,44.64,36,위험
2026-06-06 16:01:08,ROBOT_04,62.01,10.913,3.066,46.27,41,36,정상
2026-06-06 16:54:09,ROBOT_01,54.3,9.474,2.882,45.584,41.08,36,정상
2026-06-06 16:54:09,ROBOT_02,60.79,11.085,2.965,46.018,42.93,36,정상
2026-06-06 16:54:09,ROBOT_03,73.37,15.125,5.562,45.213,51.03,36,위험
2026-06-06 16:54:09,ROBOT_04,57.45,10.99,2.448,46.295,37.69,36,정상
2026-06-06 17:47:10,ROBOT_01,61.8,12.128,2.414,46.156,39.71,36,주의
2026-06-06 17:47:10,ROBOT_02,57.86,12.273,2.882,45.736,41.62,36,주의
2026-06-06 17:47:10,ROBOT_03,69.67,15.899,4.885,45.041,48.55,36,위험
2026-06-06 17:47:10,ROBOT_04,62.36,12.106,3.079,46.045,40.06,36,주의
2026-06-06 18:40:11,ROBOT_01,57.86,10.62,2.46,47.444,42.43,36,정상
2026-06-06 18:40:11,ROBOT_02,57.77,10.922,2.66,46.503,44.15,36,주의
2026-06-06 18:40:11,ROBOT_03,71.09,14.184,4.782,44.647,48.19,36,위험
2026-06-06 18:40:11,ROBOT_04,59.6,10.915,2.461,46.592,38.11,36,정상
2026-06-06 19:33:11,ROBOT_01,53.27,10.931,2.559,46.772,38.71,36,정상
2026-06-06 19:33:11,ROBOT_02,60.95,11.611,2.641,46.666,40.93,36,정상
2026-06-06 19:33:11,ROBOT_03,69.72,14.524,5.263,45.22,49.38,36,위험
2026-06-06 19:33:11,ROBOT_04,67.3,11.472,2.724,45.74,44.48,36,주의
2026-06-06 20:26:12,ROBOT_01,54.8,10.306,2.807,47.027,38.7,36,정상
2026-06-06 20:26:12,ROBOT_02,62.32,11.008,2.8,46.136,39.08,36,주의
2026-06-06 20:26:12,ROBOT_03,73.74,14.937,5.433,44.768,47.52,36,위험
2026-06-06 20:26:12,ROBOT_04,62.15,10.769,3.124,45.306,41.66,36,정상
2026-06-06 21:19:13,ROBOT_01,60.75,12.061,2.919,46.629,39.92,36,정상
2026-06-06 21:19:13,ROBOT_02,62.11,11.258,2.863,46.084,40.18,36,정상
2026-06-06 21:19:13,ROBOT_03,68,15.467,5.656,45.807,46.32,36,위험
2026-06-06 21:19:13,ROBOT_04,59.25,12.048,2.865,46.003,42.09,36,정상
2026-06-06 22:12:14,ROBOT_01,55.16,10.774,2.625,46.699,36.1,36,정상
2026-06-06 22:12:14,ROBOT_02,57.11,10.771,2.561,46.005,36.66,36,정상
2026-06-06 22:12:14,ROBOT_03,67.75,15.314,5.201,45.224,46.97,36,위험
2026-06-06 22:12:14,ROBOT_04,59.22,10.53,2.685,45.76,39.65,36,주의
2026-06-06 23:05:15,ROBOT_01,57.51,11.352,2.794,47.521,41.83,36,주의
2026-06-06 23:05:15,ROBOT_02,60.18,10.418,2.872,47.114,39.92,36,정상
2026-06-06 23:05:15,ROBOT_03,67.92,13.879,5.22,44.972,47.59,36,위험
2026-06-06 23:05:15,ROBOT_04,61.23,10.947,2.686,46.608,40.13,36,정상
2026-06-06 23:58:15,ROBOT_01,54.05,10.647,2.383,46.936,37.79,36,정상
2026-06-06 23:58:15,ROBOT_02,56.43,10.849,2.997,46.741,41.42,36,정상
2026-06-06 23:58:15,ROBOT_03,71.51,14.76,5.609,45.439,45.65,36,위험
2026-06-06 23:58:15,ROBOT_04,59.24,11.426,2.895,47.098,39.96,36,정상
2026-06-07 00:51:16,ROBOT_01,62.73,11.443,2.777,46.74,38.57,37,주의
2026-06-07 00:51:16,ROBOT_02,57.24,9.775,3.368,46.551,39.64,37,정상
2026-06-07 00:51:16,ROBOT_03,69.02,14.583,5.028,45.484,45.23,37,위험
2026-06-07 00:51:16,ROBOT_04,57.55,11.748,2.855,46.21,38.21,37,주의
2026-06-07 01:44:17,ROBOT_01,53.63,9.863,2.364,47.883,35.23,37,정상
2026-06-07 01:44:17,ROBOT_02,60.14,10.49,2.853,46.55,35.54,37,정상
2026-06-07 01:44:17,ROBOT_03,73.31,13.871,5.182,44.984,49.18,37,위험
2026-06-07 01:44:17,ROBOT_04,57.25,11.024,2.551,46.19,39.11,37,정상
2026-06-07 02:37:18,ROBOT_01,56.23,10.757,2.868,46.879,38.87,37,정상
2026-06-07 02:37:18,ROBOT_02,55.8,11.182,2.971,46.452,38.73,37,정상
2026-06-07 02:37:18,ROBOT_03,69.85,15.405,5.363,45.053,47.71,37,위험
2026-06-07 02:37:18,ROBOT_04,57.57,9.479,2.08,46.825,38.95,37,정상
2026-06-07 03:30:19,ROBOT_01,55.74,10.804,2.578,47.059,36.07,37,정상
2026-06-07 03:30:19,ROBOT_02,54.65,10.885,2.655,47.018,36.58,37,주의
2026-06-07 03:30:19,ROBOT_03,72.29,14.606,6.014,45.038,49.45,37,위험
2026-06-07 03:30:19,ROBOT_04,62.46,10.534,2.816,46.543,38.83,37,정상
2026-06-07 04:23:19,ROBOT_01,53.96,9.423,2.424,47.227,38.08,37,정상
2026-06-07 04:23:19,ROBOT_02,56.15,9.879,2.348,47.188,35.76,37,정상
2026-06-07 04:23:19,ROBOT_03,67.4,13.633,5.833,45.063,49.63,37,위험
2026-06-07 04:23:19,ROBOT_04,53.94,10.449,2.644,46.991,36.89,37,정상
2026-06-07 05:16:20,ROBOT_01,51.75,9.847,2.38,47.719,34.36,37,정상
2026-06-07 05:16:20,ROBOT_02,53.48,9.383,2.178,47.154,36.71,37,정상
2026-06-07 05:16:20,ROBOT_03,65.92,14.86,6.014,45.276,46.87,37,위험
2026-06-07 05:16:20,ROBOT_04,54.2,9.986,2.613,47.66,35.22,37,정상
2026-06-07 06:09:21,ROBOT_01,51.75,9.211,2.63,47.517,35.16,37,정상
2026-06-07 06:09:21,ROBOT_02,56.01,9.958,2.541,46.76,38.04,37,정상
2026-06-07 06:09:21,ROBOT_03,67.26,15.019,5.161,45.539,46.43,37,주의
2026-06-07 06:09:21,ROBOT_04,59.38,12.463,2.933,46.843,38.73,37,정상
2026-06-07 07:02:22,ROBOT_01,54.44,9.561,2.045,47.453,38.55,37,정상
2026-06-07 07:02:22,ROBOT_02,55.28,10.943,2.335,46.705,38.99,37,정상
2026-06-07 07:02:22,ROBOT_03,67.31,14.412,6.048,45.09,47.85,37,위험
2026-06-07 07:02:22,ROBOT_04,57.71,10.643,2.91,46.569,40.12,37,정상
2026-06-07 07:55:23,ROBOT_01,52.68,10.381,2.737,47.671,36.56,37,정상
2026-06-07 07:55:23,ROBOT_02,57.77,9.914,2.847,47.525,41.6,37,정상
2026-06-07 07:55:23,ROBOT_03,70.75,16.074,5.689,44.761,45.94,37,위험
2026-06-07 07:55:23,ROBOT_04,53.08,9.439,2.891,46.553,39.82,37,정상
2026-06-07 08:48:23,ROBOT_01,51.18,9.333,2.529,48.34,35.43,37,정상
2026-06-07 08:48:23,ROBOT_02,53.64,10.122,2.848,47.719,37.24,37,정상
2026-06-07 08:48:23,ROBOT_03,65.16,14.049,5.715,45.257,47.57,37,위험
2026-06-07 08:48:23,ROBOT_04,57.35,11.431,2.136,46.847,39.46,37,정상
2026-06-07 09:41:24,ROBOT_01,55.26,9.677,1.977,47.179,37.02,37,정상
2026-06-07 09:41:24,ROBOT_02,60.44,11.708,2.334,47.183,39.73,37,정상
2026-06-07 09:41:24,ROBOT_03,72.92,14.897,6.022,44.819,46.56,37,위험
2026-06-07 09:41:24,ROBOT_04,56.34,10.812,2.794,46.032,37.73,37,정상
2026-06-07 10:34:25,ROBOT_01,64.22,11.057,2.503,46.741,35.31,37,정상
2026-06-07 10:34:25,ROBOT_02,54.66,10.477,2.655,47.961,38.31,37,정상
2026-06-07 10:34:25,ROBOT_03,72.29,15.231,5.622,44.924,45.81,37,위험
2026-06-07 10:34:25,ROBOT_04,54.35,10.148,2.501,47.255,34.06,37,정상
2026-06-07 11:27:26,ROBOT_01,54.58,10.619,1.951,47.658,35.82,37,정상
2026-06-07 11:27:26,ROBOT_02,58.45,11.113,2.718,46.731,40.15,37,주의
2026-06-07 11:27:26,ROBOT_03,69.94,14.907,5.18,44.843,49.98,37,위험
2026-06-07 11:27:26,ROBOT_04,55.33,9.07,2.468,47.424,39.29,37,정상
2026-06-07 12:20:26,ROBOT_01,59.97,9.424,2.681,46.946,37.44,37,정상
2026-06-07 12:20:26,ROBOT_02,58.59,9.945,2.659,46.71,40.05,37,주의
2026-06-07 12:20:26,ROBOT_03,70.8,15.398,5.335,45.546,47.66,37,위험
2026-06-07 12:20:26,ROBOT_04,63.34,9.642,2.45,46.213,40.19,37,정상
2026-06-07 13:13:27,ROBOT_01,59.37,10.468,2.602,47.223,35.87,37,정상
2026-06-07 13:13:27,ROBOT_02,56.69,10.092,2.609,46.629,38.96,37,정상
2026-06-07 13:13:27,ROBOT_03,70.59,14.932,5.668,44.288,50.75,37,위험
2026-06-07 13:13:27,ROBOT_04,60.71,10.734,2.713,46.248,39.76,37,주의
2026-06-07 14:06:28,ROBOT_01,58.88,10.638,3.049,46.978,39.7,37,정상
2026-06-07 14:06:28,ROBOT_02,57.85,10.309,2.56,46.131,38.12,37,정상
2026-06-07 14:06:28,ROBOT_03,74.06,15.275,5.565,44.208,48.32,37,위험
2026-06-07 14:06:28,ROBOT_04,60.14,12.041,2.965,46.772,37.77,37,정상
2026-06-07 14:59:29,ROBOT_01,58.1,11.762,2.589,47.513,39.93,37,정상
2026-06-07 14:59:29,ROBOT_02,58.84,10.803,2.736,46.25,39.38,37,정상
2026-06-07 14:59:29,ROBOT_03,71.86,15.485,5.407,44.739,47.52,37,위험
2026-06-07 14:59:29,ROBOT_04,58.3,10.549,2.482,46.337,40.25,37,정상
2026-06-07 15:52:30,ROBOT_01,59.21,11.498,3.543,46.703,40.09,37,주의
2026-06-07 15:52:30,ROBOT_02,56.61,10.631,2.985,46.753,40.02,37,정상
2026-06-07 15:52:30,ROBOT_03,75.3,15.698,5.902,44.672,48.64,37,위험
2026-06-07 15:52:30,ROBOT_04,54.32,11.75,2.607,45.811,40.61,37,정상
2026-06-07 16:45:30,ROBOT_01,60.72,10.689,2.47,46.883,39.88,37,정상
2026-06-07 16:45:30,ROBOT_02,62.78,12.334,3.404,46,42.9,37,주의
2026-06-07 16:45:30,ROBOT_03,71.93,14.88,5.965,44.25,49.96,37,위험
2026-06-07 16:45:30,ROBOT_04,63.12,12.207,2.654,46.501,39.77,37,주의
2026-06-07 17:38:31,ROBOT_01,59.18,10.815,2.733,46.679,41.4,37,정상
2026-06-07 17:38:31,ROBOT_02,62.85,11.4,2.89,45.676,42.42,37,정상
2026-06-07 17:38:31,ROBOT_03,75.75,15.486,6.172,44.705,51.83,37,위험
2026-06-07 17:38:31,ROBOT_04,63.9,11.311,2.751,46.798,41.24,37,정상
2026-06-07 18:31:32,ROBOT_01,62.87,11.015,2.735,47.105,42.32,37,정상
2026-06-07 18:31:32,ROBOT_02,57.37,11.609,3.041,47.235,40.52,37,정상
2026-06-07 18:31:32,ROBOT_03,80.77,16.003,6.264,43.614,52.55,37,위험
2026-06-07 18:31:32,ROBOT_04,63.1,11.324,2.987,46.557,41.55,37,주의
2026-06-07 19:24:33,ROBOT_01,57.53,10.973,3.124,47.326,39.79,37,주의
2026-06-07 19:24:33,ROBOT_02,61.69,11.532,2.576,46.882,38.95,37,주의
2026-06-07 19:24:33,ROBOT_03,74.16,16.243,6.115,43.917,50.93,37,위험
2026-06-07 19:24:33,ROBOT_04,61.04,11.912,3.453,46.136,38.31,37,주의
2026-06-07 20:17:34,ROBOT_01,64.97,10.248,2.426,46.301,39.04,37,정상
2026-06-07 20:17:34,ROBOT_02,60.45,11.608,3.003,47.37,41.72,37,주의
2026-06-07 20:17:34,ROBOT_03,72.92,14.863,5.532,44.217,51.37,37,위험
2026-06-07 20:17:34,ROBOT_04,58.35,11.232,2.795,46.545,39.44,37,주의
2026-06-07 21:10:34,ROBOT_01,59.46,10.326,2.339,46.109,38.55,37,정상
2026-06-07 21:10:34,ROBOT_02,60.37,11.091,3.185,46.562,38.6,37,정상
2026-06-07 21:10:34,ROBOT_03,69.06,15.832,5.406,44.371,49.92,37,위험
2026-06-07 21:10:34,ROBOT_04,55.35,10.694,2.854,47.12,38.89,37,정상
2026-06-07 22:03:35,ROBOT_01,60.4,10.462,2.581,47.114,37.34,37,정상
2026-06-07 22:03:35,ROBOT_02,60.52,12.382,2.715,46.774,43.63,37,주의
2026-06-07 22:03:35,ROBOT_03,76.81,14.704,5.891,43.793,53.46,37,위험
2026-06-07 22:03:35,ROBOT_04,56.85,10.705,2.225,47.355,40.7,37,정상
2026-06-07 22:56:36,ROBOT_01,54.05,10.401,2.601,47.096,37.29,37,정상
2026-06-07 22:56:36,ROBOT_02,58.89,11.042,2.282,45.838,39.05,37,정상
2026-06-07 22:56:36,ROBOT_03,74.77,15.486,5.818,43.911,48.77,37,위험
2026-06-07 22:56:36,ROBOT_04,56.56,10.945,2.656,46.675,36.79,37,정상
2026-06-07 23:49:37,ROBOT_01,51.18,9.922,2.912,47.154,34.51,37,정상
2026-06-07 23:49:37,ROBOT_02,60.37,12.194,2.812,46.266,38.75,37,주의
2026-06-07 23:49:37,ROBOT_03,69.49,14.723,6.27,45.145,48.24,37,위험
2026-06-07 23:49:37,ROBOT_04,62.83,11.529,2.474,46.856,35.48,37,정상
2026-06-08 00:42:38,ROBOT_01,53.73,10.805,2.699,46.52,38.18,38,정상
2026-06-08 00:42:38,ROBOT_02,59.82,10.771,2.827,46.642,36.17,38,주의
2026-06-08 00:42:38,ROBOT_03,74.58,14.719,5.869,45.327,49.92,38,위험
2026-06-08 00:42:38,ROBOT_04,55.57,11.231,2.704,46.317,37.05,38,정상
2026-06-08 01:35:38,ROBOT_01,57.83,9.109,2.285,47.084,38.19,38,정상
2026-06-08 01:35:38,ROBOT_02,59.74,10.84,2.745,46.741,36.02,38,정상
2026-06-08 01:35:38,ROBOT_03,71.16,14.816,5.903,45.144,52.29,38,위험
2026-06-08 01:35:38,ROBOT_04,60.33,11.88,2.495,47.322,40.36,38,정상
2026-06-08 02:28:39,ROBOT_01,53.11,11.515,2.296,47.315,34.58,38,정상
2026-06-08 02:28:39,ROBOT_02,58.42,11.832,2.231,46.214,40.63,38,정상
2026-06-08 02:28:39,ROBOT_03,67.09,14.408,6.104,45.104,48.45,38,위험
2026-06-08 02:28:39,ROBOT_04,55.61,10.062,3.002,45.989,37.02,38,정상
2026-06-08 03:21:40,ROBOT_01,51.79,11.196,2.683,47.392,36.91,38,정상
2026-06-08 03:21:40,ROBOT_02,53.36,10.65,2.438,46.71,36.2,38,정상
2026-06-08 03:21:40,ROBOT_03,67.4,14.601,5.784,44.452,47.79,38,위험
2026-06-08 03:21:40,ROBOT_04,60.97,10.639,2.643,46.427,39.06,38,정상
2026-06-08 04:14:41,ROBOT_01,59.47,10.748,2.655,47.431,36.25,38,정상
2026-06-08 04:14:41,ROBOT_02,58.97,11.129,2.492,46.433,40.07,38,정상
2026-06-08 04:14:41,ROBOT_03,69.57,14.129,5.489,45.53,50.8,38,위험
2026-06-08 04:14:41,ROBOT_04,58.25,10.708,3.546,47.071,40.47,38,정상
2026-06-08 05:07:42,ROBOT_01,61.28,9.977,2.668,47.854,38.78,38,정상
2026-06-08 05:07:42,ROBOT_02,50.99,11.124,2.751,47.156,39.02,38,정상
2026-06-08 05:07:42,ROBOT_03,70.65,16.1,5.792,44.24,48.68,38,위험
2026-06-08 05:07:42,ROBOT_04,55.74,10.166,3.502,46.809,38.52,38,주의
2026-06-08 06:00:42,ROBOT_01,50.39,9.194,2.697,47.461,36.9,38,정상
2026-06-08 06:00:42,ROBOT_02,54.12,9.567,2.723,46.088,34.3,38,정상
2026-06-08 06:00:42,ROBOT_03,73.9,15.473,5.715,44.471,48.17,38,위험
2026-06-08 06:00:42,ROBOT_04,52.74,10.611,2.276,47.596,37.62,38,정상
2026-06-08 06:53:43,ROBOT_01,54.49,9.528,2.312,47.396,32.36,38,정상
2026-06-08 06:53:43,ROBOT_02,57.08,9.828,2.745,46.688,39.97,38,정상
2026-06-08 06:53:43,ROBOT_03,71.61,15.228,5.609,44.387,48.12,38,위험
2026-06-08 06:53:43,ROBOT_04,54.29,10.536,3.163,47.017,38.51,38,주의
2026-06-08 07:46:44,ROBOT_01,52.11,10.199,2.342,47.175,34.81,38,정상
2026-06-08 07:46:44,ROBOT_02,53.94,10.262,2.467,46.756,38.98,38,정상
2026-06-08 07:46:44,ROBOT_03,70,15.549,5.243,45.135,49.94,38,위험
2026-06-08 07:46:44,ROBOT_04,58.7,9.436,2.239,47.105,38.86,38,정상
2026-06-08 08:39:45,ROBOT_01,51.63,9.92,2.574,47.514,35.41,38,정상
2026-06-08 08:39:45,ROBOT_02,55.59,9.561,2.378,47.091,37.35,38,정상
2026-06-08 08:39:45,ROBOT_03,69.45,14.658,5.953,44.633,50.07,38,위험
2026-06-08 08:39:45,ROBOT_04,57.79,10.1,2.823,46.578,37.39,38,정상
2026-06-08 09:32:45,ROBOT_01,53.07,9.119,2.987,47.07,35.52,38,정상
2026-06-08 09:32:45,ROBOT_02,53.14,10.151,2.996,47.989,37.11,38,정상
2026-06-08 09:32:45,ROBOT_03,69.41,14.105,6.041,45.339,48.11,38,위험
2026-06-08 09:32:45,ROBOT_04,56.97,9.738,3.109,47.494,38.19,38,주의
2026-06-08 10:25:46,ROBOT_01,55.61,10.351,2.631,46.964,34.06,38,정상
2026-06-08 10:25:46,ROBOT_02,56.97,10.06,2.586,46.655,37.87,38,정상
2026-06-08 10:25:46,ROBOT_03,70.29,14.213,5.633,45.061,49.03,38,위험
2026-06-08 10:25:46,ROBOT_04,54.85,11.138,2.63,46.519,40.23,38,정상
2026-06-08 11:18:47,ROBOT_01,56.9,9.872,2.145,48.037,38.93,38,정상
2026-06-08 11:18:47,ROBOT_02,60.32,9.844,2.495,46.916,37.3,38,정상
2026-06-08 11:18:47,ROBOT_03,72.4,14.996,5.543,45.472,45.82,38,위험
2026-06-08 11:18:47,ROBOT_04,53.72,11.495,2.663,47.157,38.34,38,정상
2026-06-08 12:11:48,ROBOT_01,57.98,11.312,2.598,46.558,36.38,38,정상
2026-06-08 12:11:48,ROBOT_02,63.28,9.506,2.163,46.319,38.55,38,정상
2026-06-08 12:11:48,ROBOT_03,70.03,15.649,5.455,44.806,47.69,38,위험
2026-06-08 12:11:48,ROBOT_04,58.71,10.266,3.287,46.172,42.58,38,정상
2026-06-08 13:04:49,ROBOT_01,60.59,11.409,3.147,47.055,40.05,38,정상
2026-06-08 13:04:49,ROBOT_02,61.41,11.039,2.515,47.467,39.65,38,정상
2026-06-08 13:04:49,ROBOT_03,66.73,14.795,5.655,44.586,47.98,38,위험
2026-06-08 13:04:49,ROBOT_04,55.62,10.567,2.374,46.782,41.55,38,정상
2026-06-08 13:57:49,ROBOT_01,65.64,12.495,3.326,45.798,43.13,38,주의
2026-06-08 13:57:49,ROBOT_02,62.12,11.577,2.68,46.288,38.74,38,정상
2026-06-08 13:57:49,ROBOT_03,72.87,16.202,5.964,45.86,50.44,38,위험
2026-06-08 13:57:49,ROBOT_04,59.71,9.934,2.919,46.136,42.04,38,정상
2026-06-08 14:50:50,ROBOT_01,65.49,14.375,5.249,45.391,47.12,38,위험
2026-06-08 14:50:50,ROBOT_02,60.8,11.005,2.266,47.025,42.57,38,정상
2026-06-08 14:50:50,ROBOT_03,73.88,14.677,5.72,44.4,53.51,38,위험
2026-06-08 14:50:50,ROBOT_04,60.81,10.783,2.838,46.423,43.91,38,주의
2026-06-08 15:43:51,ROBOT_01,53.41,9.405,2.597,47.08,36.94,38,정상
2026-06-08 15:43:51,ROBOT_02,60.5,12.102,2.282,46.677,39.02,38,정상
2026-06-08 15:43:51,ROBOT_03,68.64,15.22,5.36,44.677,51.45,38,위험
2026-06-08 15:43:51,ROBOT_04,60.25,11.148,2.231,46.46,39.21,38,정상
2026-06-08 16:36:52,ROBOT_01,53.96,10.33,2.713,47.102,38.32,38,정상
2026-06-08 16:36:52,ROBOT_02,56.6,10.176,2.459,46.473,36.38,38,정상
2026-06-08 16:36:52,ROBOT_03,70.22,15.66,6.101,44.7,52.11,38,위험
2026-06-08 16:36:52,ROBOT_04,58.88,11.042,2.678,46.222,38.89,38,정상
2026-06-08 17:29:53,ROBOT_01,56.61,10.518,2.411,46.927,40.06,38,주의
2026-06-08 17:29:53,ROBOT_02,61.84,10.227,2.596,46.997,36.81,38,정상
2026-06-08 17:29:53,ROBOT_03,70.26,15.088,5.576,44.339,48.95,38,위험
2026-06-08 17:29:53,ROBOT_04,58.25,11.637,3.131,46.167,41.15,38,주의
2026-06-08 18:22:53,ROBOT_01,58.55,11.336,2.336,47.473,41.82,38,정상
2026-06-08 18:22:53,ROBOT_02,56.86,11.083,2.713,46.299,42.92,38,주의
2026-06-08 18:22:53,ROBOT_03,70,15.097,6.021,44.706,47.55,38,위험
2026-06-08 18:22:53,ROBOT_04,63.87,11.353,3.292,46.393,43.31,38,정상
2026-06-08 19:15:54,ROBOT_01,54.53,10.834,3.16,46.651,36.57,38,정상
2026-06-08 19:15:54,ROBOT_02,54.78,11.229,2.664,47.22,39.62,38,정상
2026-06-08 19:15:54,ROBOT_03,70.91,15.437,4.821,45.369,50.36,38,위험
2026-06-08 19:15:54,ROBOT_04,59.61,11.217,2.885,46.363,40.73,38,정상
2026-06-08 20:08:55,ROBOT_01,59,10.478,2.173,46.532,40.61,38,주의
2026-06-08 20:08:55,ROBOT_02,66.25,11.552,3.001,46.546,42.27,38,주의
2026-06-08 20:08:55,ROBOT_03,72.85,15.231,5.1,44.533,49.73,38,위험
2026-06-08 20:08:55,ROBOT_04,62.02,11.714,2.343,46.507,44.32,38,정상
2026-06-08 21:01:56,ROBOT_01,62.62,11.156,2.746,47.236,40.67,38,정상
2026-06-08 21:01:56,ROBOT_02,64.99,11.467,2.913,46.789,43.37,38,주의
2026-06-08 21:01:56,ROBOT_03,76.57,16.48,5.599,44.734,51.17,38,위험
2026-06-08 21:01:56,ROBOT_04,61.55,11.384,3.074,47.158,37.08,38,정상
2026-06-08 21:54:57,ROBOT_01,59.87,11.129,2.823,46.792,36.9,38,정상
2026-06-08 21:54:57,ROBOT_02,62.95,11.98,3.057,46.252,39.03,38,정상
2026-06-08 21:54:57,ROBOT_03,66.29,13.684,5.781,45.613,46.81,38,위험
2026-06-08 21:54:57,ROBOT_04,61.27,11.004,2.999,45.89,39.35,38,주의
2026-06-08 22:47:57,ROBOT_01,52.82,10.514,2.465,47.537,38.57,38,정상
2026-06-08 22:47:57,ROBOT_02,57.56,11.405,3.036,47.104,39.17,38,정상
2026-06-08 22:47:57,ROBOT_03,74.38,15.836,5.127,45.24,49.84,38,위험
2026-06-08 22:47:57,ROBOT_04,60.42,12.598,2.36,45.914,42.9,38,주의
2026-06-08 23:40:58,ROBOT_01,55.49,10.467,2.378,47.3,37.62,38,정상
2026-06-08 23:40:58,ROBOT_02,57.82,10.788,2.65,46.321,38.85,38,주의
2026-06-08 23:40:58,ROBOT_03,69.38,14.047,4.998,45.382,49.37,38,위험
2026-06-08 23:40:58,ROBOT_04,57.9,11.595,2.79,46.119,39.94,38,주의
2026-06-09 00:33:59,ROBOT_01,54.66,10.911,2.523,46.595,37,39,정상
2026-06-09 00:33:59,ROBOT_02,58.07,11.562,2.903,47.075,42.84,39,주의
2026-06-09 00:33:59,ROBOT_03,73.33,14.775,5.359,45.332,48.85,39,주의
2026-06-09 00:33:59,ROBOT_04,60.12,10.041,3.055,46.698,39.3,39,주의
2026-06-09 01:27:00,ROBOT_01,54.73,10.628,2.947,46.761,37.34,39,정상
2026-06-09 01:27:00,ROBOT_02,58.22,10.801,2.798,45.789,38.11,39,정상
2026-06-09 01:27:00,ROBOT_03,71.67,14.687,5.35,44.488,48.44,39,위험
2026-06-09 01:27:00,ROBOT_04,63.92,11.113,2.611,46.306,38.34,39,정상
2026-06-09 02:20:01,ROBOT_01,58.68,9.928,2.71,46.74,38.24,39,주의
2026-06-09 02:20:01,ROBOT_02,60.08,10.863,2.592,46.179,40.64,39,정상
2026-06-09 02:20:01,ROBOT_03,67.79,15.082,5.397,45.535,45.47,39,위험
2026-06-09 02:20:01,ROBOT_04,63.1,11.423,3.155,46.018,40.3,39,정상
2026-06-09 03:13:01,ROBOT_01,56.49,9.257,2.327,47.171,39.22,39,정상
2026-06-09 03:13:01,ROBOT_02,56.29,10.166,3.281,46.677,37.17,39,정상
2026-06-09 03:13:01,ROBOT_03,66.58,14.144,5.258,44.99,47.25,39,주의
2026-06-09 03:13:01,ROBOT_04,55.36,9.264,2.879,46.21,36.15,39,정상
2026-06-09 04:06:02,ROBOT_01,55.07,9.92,3.042,47.664,35.6,39,정상
2026-06-09 04:06:02,ROBOT_02,52.61,10.153,2.765,46.627,38.5,39,정상
2026-06-09 04:06:02,ROBOT_03,68.05,14.274,4.906,45.158,46.59,39,위험
2026-06-09 04:06:02,ROBOT_04,57.83,11.802,2.843,46.364,38.76,39,주의
2026-06-09 04:59:03,ROBOT_01,53.69,9.652,2.554,47.335,39.08,39,정상
2026-06-09 04:59:03,ROBOT_02,58.3,9.808,2.616,47.448,38.1,39,정상
2026-06-09 04:59:03,ROBOT_03,61.55,13.976,5.033,46.643,44.88,39,주의
2026-06-09 04:59:03,ROBOT_04,57.15,10.3,2.768,47.006,36.15,39,정상
2026-06-09 05:52:04,ROBOT_01,51.49,9.628,2.482,47.995,34.51,39,정상
2026-06-09 05:52:04,ROBOT_02,57.22,9.115,1.929,47.506,36.31,39,정상
2026-06-09 05:52:04,ROBOT_03,67.48,15.266,4.631,45.382,46.73,39,위험
2026-06-09 05:52:04,ROBOT_04,58.18,10.939,2.326,46.483,39.05,39,정상
2026-06-09 06:45:04,ROBOT_01,53.18,10.313,2.759,47.721,33.05,39,정상
2026-06-09 06:45:04,ROBOT_02,54.72,10.218,3.018,47.182,37.77,39,정상
2026-06-09 06:45:04,ROBOT_03,67.8,13.614,5.409,45.083,43.77,39,위험
2026-06-09 06:45:04,ROBOT_04,59.31,11.493,2.298,46.041,38.23,39,주의
2026-06-09 07:38:05,ROBOT_01,55.57,11.294,2.744,47.153,40.09,39,정상
2026-06-09 07:38:05,ROBOT_02,55.95,10.244,2.819,46.895,34.5,39,정상
2026-06-09 07:38:05,ROBOT_03,65.26,14.067,4.944,46.284,43.82,39,위험
2026-06-09 07:38:05,ROBOT_04,57,9.194,2.511,46.44,39.54,39,정상
2026-06-09 08:31:06,ROBOT_01,57.37,11.601,2.394,46.689,40.25,39,정상
2026-06-09 08:31:06,ROBOT_02,58.96,10.88,2.581,46.391,40.41,39,정상
2026-06-09 08:31:06,ROBOT_03,64.39,14.936,4.768,45.006,45.25,39,위험
2026-06-09 08:31:06,ROBOT_04,55.26,10.165,2.954,47.954,36.2,39,정상
2026-06-09 09:24:07,ROBOT_01,56.34,10.441,2.419,47.126,39.58,39,정상
2026-06-09 09:24:07,ROBOT_02,60.56,9.378,2.96,46.565,38.78,39,주의
2026-06-09 09:24:07,ROBOT_03,65.83,12.46,5.473,45.908,44.53,39,위험
2026-06-09 09:24:07,ROBOT_04,55.5,11.259,2.838,47.4,39.33,39,정상
2026-06-09 10:17:08,ROBOT_01,55.6,9.525,2.192,47.299,36.06,39,정상
2026-06-09 10:17:08,ROBOT_02,56.65,11.333,2.829,46.865,36.63,39,정상
2026-06-09 10:17:08,ROBOT_03,61.56,13.385,5.009,46.057,43.73,39,주의
2026-06-09 10:17:08,ROBOT_04,56.51,10.713,2.598,46.449,40.03,39,정상
2026-06-09 11:10:08,ROBOT_01,57.55,9.928,2.356,47.416,37.19,39,정상
2026-06-09 11:10:08,ROBOT_02,58.19,10.794,2.716,46.958,37.86,39,주의
2026-06-09 11:10:08,ROBOT_03,65.3,14.299,5.068,45.799,45.06,39,위험
2026-06-09 11:10:08,ROBOT_04,61.55,10.99,2.839,46.7,40.87,39,주의
2026-06-09 12:03:09,ROBOT_01,54.51,10.355,2.788,47.236,38.22,39,정상
2026-06-09 12:03:09,ROBOT_02,59.49,10.927,2.799,47.47,38.59,39,정상
2026-06-09 12:03:09,ROBOT_03,67.48,13.691,5.162,45.364,48.98,39,위험
2026-06-09 12:03:09,ROBOT_04,61.44,11.26,2.402,47.096,41.86,39,주의
2026-06-09 12:56:10,ROBOT_01,57.67,10.525,2.657,46.086,36.5,39,정상
2026-06-09 12:56:10,ROBOT_02,54.26,11.368,2.57,46.541,39.13,39,정상
2026-06-09 12:56:10,ROBOT_03,65.29,14.888,5.038,45.403,43.97,39,주의
2026-06-09 12:56:10,ROBOT_04,62.49,11.333,2.813,47.076,41.79,39,정상
2026-06-09 13:49:11,ROBOT_01,53,8.794,2.679,46.933,33.87,39,정상
2026-06-09 13:49:11,ROBOT_02,59.01,12.173,2.866,46.318,37.43,39,정상
2026-06-09 13:49:11,ROBOT_03,69.09,14.112,4.633,45.911,45.78,39,주의
2026-06-09 13:49:11,ROBOT_04,56.15,10.415,2.733,46.429,40.23,39,정상
2026-06-09 14:42:12,ROBOT_01,58.06,10.573,2.51,47.052,38.16,39,정상
2026-06-09 14:42:12,ROBOT_02,63.1,11.742,2.746,47.06,41.83,39,주의
2026-06-09 14:42:12,ROBOT_03,66.09,15.312,4.909,45.083,45.54,39,위험
2026-06-09 14:42:12,ROBOT_04,61.5,11.003,2.657,46.659,41.51,39,정상
2026-06-09 15:35:12,ROBOT_01,52.71,12.298,2.663,46.695,39.05,39,정상
2026-06-09 15:35:12,ROBOT_02,63.5,11.097,2.573,47.835,39.38,39,정상
2026-06-09 15:35:12,ROBOT_03,68.62,13.937,4.822,44.925,43.95,39,위험
2026-06-09 15:35:12,ROBOT_04,60.75,11.113,2.567,45.8,37.63,39,주의
2026-06-09 16:28:13,ROBOT_01,59.03,11.299,2.673,46.989,39.4,39,정상
2026-06-09 16:28:13,ROBOT_02,60.34,11.012,2.776,46.703,39.11,39,주의
2026-06-09 16:28:13,ROBOT_03,72.19,15.794,5.11,45.714,51.03,39,위험
2026-06-09 16:28:13,ROBOT_04,60.3,12.503,2.724,46.604,43.77,39,주의
2026-06-09 17:21:14,ROBOT_01,59.89,10.731,2.329,47.169,39.47,39,정상
2026-06-09 17:21:14,ROBOT_02,58.27,10.57,3.108,45.712,39,39,정상
2026-06-09 17:21:14,ROBOT_03,71.98,13.822,4.19,45.064,48.43,39,주의
2026-06-09 17:21:14,ROBOT_04,62.67,11.935,2.333,46.341,41.45,39,정상
2026-06-09 18:14:15,ROBOT_01,59.84,10.969,2.879,46.636,34.85,39,정상
2026-06-09 18:14:15,ROBOT_02,61.92,11.911,3.25,46.801,39.59,39,주의
2026-06-09 18:14:15,ROBOT_03,64.99,14.23,4.423,45.297,47.46,39,주의
2026-06-09 18:14:15,ROBOT_04,61.23,10.934,3.029,45.782,38.92,39,정상
2026-06-09 19:07:16,ROBOT_01,60.32,11.703,2.935,47.165,38.93,39,주의
2026-06-09 19:07:16,ROBOT_02,60.69,11.65,2.907,45.894,37.72,39,주의
2026-06-09 19:07:16,ROBOT_03,66.1,14.745,5.032,45.977,47.21,39,위험
2026-06-09 19:07:16,ROBOT_04,63.25,12.346,3.335,45.634,41.21,39,주의
2026-06-09 20:00:16,ROBOT_01,59.61,10.456,2.575,46.551,37.88,39,정상
2026-06-09 20:00:16,ROBOT_02,57.32,11.999,2.958,46.226,38.35,39,정상
2026-06-09 20:00:16,ROBOT_03,64.11,13.834,4.512,46.335,47.02,39,주의
2026-06-09 20:00:16,ROBOT_04,62.09,11.03,3.14,45.582,41.93,39,주의
2026-06-09 20:53:17,ROBOT_01,60.06,11.235,2.733,46.122,40.62,39,정상
2026-06-09 20:53:17,ROBOT_02,60.69,11.935,2.653,46.279,41.55,39,주의
2026-06-09 20:53:17,ROBOT_03,68.86,13.639,4.603,46.368,47.46,39,위험
2026-06-09 20:53:17,ROBOT_04,55.12,10.892,2.865,45.814,43.11,39,정상
2026-06-09 21:46:18,ROBOT_01,57.25,12.19,2.77,46.657,37.93,39,정상
2026-06-09 21:46:18,ROBOT_02,61.2,11.426,2.732,45.977,42.2,39,주의
2026-06-09 21:46:18,ROBOT_03,69.43,12.942,4.379,44.997,48.16,39,주의
2026-06-09 21:46:18,ROBOT_04,62.23,10.842,3.004,45.608,39.94,39,정상
2026-06-09 22:39:19,ROBOT_01,56.33,10.976,2.633,47.273,37.94,39,정상
2026-06-09 22:39:19,ROBOT_02,66.38,13.211,4.01,45.238,44.69,39,주의
2026-06-09 22:39:19,ROBOT_03,67.86,13.821,4.185,45.448,44.01,39,주의
2026-06-09 22:39:19,ROBOT_04,55.87,11.619,3.099,45.827,38.8,39,주의
2026-06-09 23:32:20,ROBOT_01,56.7,11.359,2.705,46.445,33.3,39,정상
2026-06-09 23:32:20,ROBOT_02,58.65,11.124,2.941,47.074,40.78,39,정상
2026-06-09 23:32:20,ROBOT_03,63.49,13.037,3.864,46.168,46.83,39,주의
2026-06-09 23:32:20,ROBOT_04,55.52,10.845,3.122,46.502,38.67,39,정상
2026-06-10 00:25:20,ROBOT_01,55.9,12.179,2.95,46.774,37.37,40,정상
2026-06-10 00:25:20,ROBOT_02,62.61,11.589,2.407,46.702,41.47,40,정상
2026-06-10 00:25:20,ROBOT_03,66.19,14.66,4.354,45.247,48.02,40,위험
2026-06-10 00:25:20,ROBOT_04,54.21,10.397,2.514,45.803,41.1,40,정상
2026-06-10 01:18:21,ROBOT_01,62.72,9.343,2.96,46.584,39.84,40,주의
2026-06-10 01:18:21,ROBOT_02,62.63,11.799,3.061,46.415,43.28,40,정상
2026-06-10 01:18:21,ROBOT_03,63.6,11.978,3.811,45.447,39.07,40,주의
2026-06-10 01:18:21,ROBOT_04,60.23,10.442,2.91,45.824,40,40,주의
2026-06-10 02:11:22,ROBOT_01,60,12.402,3.172,46.559,38.32,40,주의
2026-06-10 02:11:22,ROBOT_02,63.72,10.989,2.748,46.581,37.22,40,주의
2026-06-10 02:11:22,ROBOT_03,66.08,13.645,4.624,45.694,42.91,40,주의
2026-06-10 02:11:22,ROBOT_04,60.43,10.565,2.241,46.56,39.78,40,주의
2026-06-10 03:04:23,ROBOT_01,58.39,10.427,3.053,47.844,35.7,40,정상
2026-06-10 03:04:23,ROBOT_02,60.81,11.564,2.976,46.601,40.07,40,정상
2026-06-10 03:04:23,ROBOT_03,64.07,12.481,4.086,46.512,43.43,40,주의
2026-06-10 03:04:23,ROBOT_04,61.1,11.918,2.768,47.104,41.72,40,주의
2026-06-10 03:57:23,ROBOT_01,55.28,8.942,2.66,47.504,39.64,40,정상
2026-06-10 03:57:23,ROBOT_02,58.38,10.269,2.667,47.278,37.95,40,정상
2026-06-10 03:57:23,ROBOT_03,64.52,12.186,4.181,45.98,41.93,40,주의
2026-06-10 03:57:23,ROBOT_04,56.64,9.712,3.2,46.843,36.18,40,정상
2026-06-10 04:50:24,ROBOT_01,55.21,10.752,2.852,46.892,33.93,40,정상
2026-06-10 04:50:24,ROBOT_02,54.62,9.735,3.084,46.329,38.15,40,정상
2026-06-10 04:50:24,ROBOT_03,63.96,12.292,4.207,45.947,41.73,40,주의
2026-06-10 04:50:24,ROBOT_04,56.6,11.643,3.358,46.429,38.2,40,정상
2026-06-10 05:43:25,ROBOT_01,52.27,10.339,2.395,46.937,34.57,40,정상
2026-06-10 05:43:25,ROBOT_02,59.2,11.301,3.02,46.514,36.93,40,정상
2026-06-10 05:43:25,ROBOT_03,59.13,12.187,3.907,46.643,41.34,40,주의
2026-06-10 05:43:25,ROBOT_04,58.26,10.299,2.479,46.653,39.91,40,정상
2026-06-10 06:36:26,ROBOT_01,54.81,9.716,2.759,47.876,34.58,40,정상
2026-06-10 06:36:26,ROBOT_02,53.68,9.53,2.742,46.634,35.11,40,정상
2026-06-10 06:36:26,ROBOT_03,59.27,12.608,4.352,46.634,41.39,40,주의
2026-06-10 06:36:26,ROBOT_04,55.45,9.342,2.809,47.227,36.98,40,정상
2026-06-10 07:29:27,ROBOT_01,56.45,10.31,2.563,47.115,35.55,40,정상
2026-06-10 07:29:27,ROBOT_02,57.19,10.378,2.231,46.653,38.28,40,정상
2026-06-10 07:29:27,ROBOT_03,63.31,11.883,3.867,47.044,40,40,정상
2026-06-10 07:29:27,ROBOT_04,55.88,8.937,2.896,46.505,39.65,40,주의
2026-06-10 08:22:27,ROBOT_01,61.04,11.707,4.042,45.725,39.07,40,주의
2026-06-10 08:22:27,ROBOT_02,55.19,9.913,2.505,47.03,37.38,40,정상
2026-06-10 08:22:27,ROBOT_03,59.73,12.238,3.787,46.502,38.29,40,주의
2026-06-10 08:22:27,ROBOT_04,52.66,10.066,2.921,46.2,38.75,40,정상
2026-06-10 09:15:28,ROBOT_01,62.56,10.848,2.708,46.498,38.22,40,주의
2026-06-10 09:15:28,ROBOT_02,54.33,9.851,2.771,46.939,39.83,40,정상
2026-06-10 09:15:28,ROBOT_03,55.09,11.539,3.367,46.294,42.24,40,주의
2026-06-10 09:15:28,ROBOT_04,58.68,11.895,2.375,46.712,39.16,40,정상
2026-06-10 10:08:29,ROBOT_01,53.22,9.549,2.31,47.291,41.62,40,정상
2026-06-10 10:08:29,ROBOT_02,56.88,10.286,2.541,47.296,36.47,40,정상
2026-06-10 10:08:29,ROBOT_03,64.03,13.975,4.044,46.863,44.72,40,주의
2026-06-10 10:08:29,ROBOT_04,54.96,10.265,3.057,46.844,40.85,40,정상
2026-06-10 11:01:30,ROBOT_01,57.46,10.899,2.415,47.195,39.34,40,정상
2026-06-10 11:01:30,ROBOT_02,56.42,11.052,2.977,46.587,37.54,40,정상
2026-06-10 11:01:30,ROBOT_03,60.79,12.894,3.665,46.038,43.15,40,주의
2026-06-10 11:01:30,ROBOT_04,60.1,12.44,2.999,45.309,39.61,40,주의
2026-06-10 11:54:31,ROBOT_01,57.45,10.602,2.262,47.259,37.09,40,정상
2026-06-10 11:54:31,ROBOT_02,59.36,10.643,2.584,46.534,40.07,40,정상
2026-06-10 11:54:31,ROBOT_03,61.03,11.507,3.924,46.65,41.92,40,주의
2026-06-10 11:54:31,ROBOT_04,62.72,11.254,2.594,46.31,39.63,40,정상
2026-06-10 12:47:31,ROBOT_01,55.28,10.864,2.844,46.537,40.75,40,주의
2026-06-10 12:47:31,ROBOT_02,62.3,11.808,2.763,46.365,41.76,40,주의
2026-06-10 12:47:31,ROBOT_03,62.05,11.916,4.12,46.414,42.84,40,주의
2026-06-10 12:47:31,ROBOT_04,59.9,10.683,2.869,46.698,37.74,40,정상
2026-06-10 13:40:32,ROBOT_01,59.12,9.828,2.477,47.675,37.1,40,정상
2026-06-10 13:40:32,ROBOT_02,59.79,11.704,2.508,46.325,35.67,40,정상
2026-06-10 13:40:32,ROBOT_03,59.45,12.668,3.64,46.574,41.07,40,주의
2026-06-10 13:40:32,ROBOT_04,58.17,10.322,3.074,46.376,42.28,40,정상
2026-06-10 14:33:33,ROBOT_01,55.36,9.729,2.93,47.209,38.09,40,정상
2026-06-10 14:33:33,ROBOT_02,55.95,11.539,2.847,45.827,39.55,40,주의
2026-06-10 14:33:33,ROBOT_03,61.75,12.63,3.845,46.156,42.31,40,주의
2026-06-10 14:33:33,ROBOT_04,58.41,11.381,3.037,46.214,40.09,40,정상
2026-06-10 15:26:34,ROBOT_01,59.07,12.771,3.48,46.393,39.03,40,주의
2026-06-10 15:26:34,ROBOT_02,57.9,11.566,3.382,46.993,42.06,40,주의
2026-06-10 15:26:34,ROBOT_03,65.74,12.883,3.93,46.276,42.26,40,주의
2026-06-10 15:26:34,ROBOT_04,58.69,9.915,3.088,46.925,39.76,40,정상
2026-06-10 16:19:35,ROBOT_01,63.19,11.84,2.787,46.44,38.21,40,주의
2026-06-10 16:19:35,ROBOT_02,53.73,10.992,2.529,46.9,39.86,40,정상
2026-06-10 16:19:35,ROBOT_03,63.21,12.03,4.042,45.595,42.84,40,주의
2026-06-10 16:19:35,ROBOT_04,59.89,11.674,2.676,46.577,37.67,40,주의
2026-06-10 17:12:35,ROBOT_01,59.98,10.475,2.937,46.368,40.6,40,정상
2026-06-10 17:12:35,ROBOT_02,57.52,11.191,2.608,45.161,38.18,40,정상
2026-06-10 17:12:35,ROBOT_03,64.65,13.914,3.773,45.358,47.27,40,위험
2026-06-10 17:12:35,ROBOT_04,62.2,12.442,3.455,45.703,42.74,40,주의
2026-06-10 18:05:36,ROBOT_01,55.28,10.81,2.602,46.773,40.91,40,정상
2026-06-10 18:05:36,ROBOT_02,60.87,11.295,2.82,46.332,41.59,40,주의
2026-06-10 18:05:36,ROBOT_03,58.47,12.683,3.704,46.907,44.22,40,정상
2026-06-10 18:05:36,ROBOT_04,58.24,11.256,3.311,46.367,42,40,주의
2026-06-10 18:58:37,ROBOT_01,55.94,11.962,3.026,46.876,40.16,40,정상
2026-06-10 18:58:37,ROBOT_02,56.67,9.965,3.029,46.357,37.23,40,정상
2026-06-10 18:58:37,ROBOT_03,57.06,12.581,3.989,46.595,44.05,40,주의
2026-06-10 18:58:37,ROBOT_04,55.13,10.612,2.743,46.63,38.49,40,정상
2026-06-10 19:51:38,ROBOT_01,59.82,10.991,2.913,47.101,39.59,40,주의
2026-06-10 19:51:38,ROBOT_02,61.12,11.849,2.834,46.529,39.47,40,주의
2026-06-10 19:51:38,ROBOT_03,64.11,13.302,3.179,46.486,46.49,40,주의
2026-06-10 19:51:38,ROBOT_04,61,10.983,3.149,46.396,39.65,40,정상
2026-06-10 20:44:39,ROBOT_01,59.74,10.631,2.589,46.909,40.75,40,정상
2026-06-10 20:44:39,ROBOT_02,56.32,11.164,3.149,47.299,41.15,40,정상
2026-06-10 20:44:39,ROBOT_03,64.76,13.565,3.815,45.54,45.05,40,주의
2026-06-10 20:44:39,ROBOT_04,64.13,10.958,2.943,46.215,41.36,40,정상
2026-06-10 21:37:39,ROBOT_01,63.84,11.492,2.888,46.493,43.57,40,주의
2026-06-10 21:37:39,ROBOT_02,62.83,11.778,2.658,46.462,42.12,40,주의
2026-06-10 21:37:39,ROBOT_03,62.17,11.249,3.208,46.804,42.57,40,주의
2026-06-10 21:37:39,ROBOT_04,65.81,11.789,3.018,46.7,40.41,40,주의
2026-06-10 22:30:40,ROBOT_01,57.5,10.247,3.117,46.274,37.19,40,주의
2026-06-10 22:30:40,ROBOT_02,60.9,12.079,2.964,46.281,37.56,40,정상
2026-06-10 22:30:40,ROBOT_03,63.62,13.097,3.734,46.66,43.99,40,주의
2026-06-10 22:30:40,ROBOT_04,62.21,11.673,3.132,45.293,41.68,40,주의
2026-06-10 23:23:41,ROBOT_01,56.67,11.186,3.116,46.946,35.2,40,정상
2026-06-10 23:23:41,ROBOT_02,60.23,10.37,3.02,45.78,39.99,40,정상
2026-06-10 23:23:41,ROBOT_03,64.04,11.73,3.309,46.122,40.64,40,주의
2026-06-10 23:23:41,ROBOT_04,62.71,10.767,2.961,46.429,40.85,40,정상
2026-06-11 00:16:42,ROBOT_01,60.86,11.815,2.855,46.965,40.25,41,주의
2026-06-11 00:16:42,ROBOT_02,58.18,10.672,2.795,47.084,38.8,41,정상
2026-06-11 00:16:42,ROBOT_03,58.62,12.105,3.136,47.048,39,41,정상
2026-06-11 00:16:42,ROBOT_04,61.7,11.435,3.068,46.052,42.36,41,주의
2026-06-11 01:09:42,ROBOT_01,62.48,10.615,2.572,46.667,41.08,41,정상
2026-06-11 01:09:42,ROBOT_02,59.25,10.854,2.645,46.124,38.18,41,정상
2026-06-11 01:09:42,ROBOT_03,62.19,12.355,3.596,46.377,41.2,41,주의
2026-06-11 01:09:42,ROBOT_04,60.26,11.598,3.278,46.731,39.23,41,정상
2026-06-11 02:02:43,ROBOT_01,56.06,11.43,2.827,47.178,38.85,41,정상
2026-06-11 02:02:43,ROBOT_02,59.93,11.171,3.065,46.725,41.89,41,정상
2026-06-11 02:02:43,ROBOT_03,60.24,12.214,3.847,46.604,41.09,41,주의
2026-06-11 02:02:43,ROBOT_04,58.56,10.27,3.197,46.915,40.85,41,정상
2026-06-11 02:55:44,ROBOT_01,59.2,10.34,2.616,47.144,37.46,41,정상
2026-06-11 02:55:44,ROBOT_02,57.18,9.236,2.716,46.233,40.83,41,정상
2026-06-11 02:55:44,ROBOT_03,56.61,10.823,3.41,47.283,38.95,41,정상
2026-06-11 02:55:44,ROBOT_04,62.14,11.986,2.858,46.621,38.4,41,정상
2026-06-11 03:48:45,ROBOT_01,58.33,11.541,2.667,46.59,39.54,41,주의
2026-06-11 03:48:45,ROBOT_02,55.47,10.35,2.777,47.19,42.1,41,정상
2026-06-11 03:48:45,ROBOT_03,57.59,11.344,2.701,47.164,34.62,41,정상
2026-06-11 03:48:45,ROBOT_04,61.13,11.269,3.07,46.539,38.76,41,정상
2026-06-11 04:41:46,ROBOT_01,61.72,13.045,4.243,46.518,41.53,41,주의
2026-06-11 04:41:46,ROBOT_02,56.83,10.367,2.713,46.917,38.1,41,주의
2026-06-11 04:41:46,ROBOT_03,58.64,11.291,3.264,47.286,35.11,41,정상
2026-06-11 04:41:46,ROBOT_04,61.38,10.976,3.188,46.476,37.09,41,주의
2026-06-11 05:34:46,ROBOT_01,55.96,10.828,2.211,46.793,39.78,41,정상
2026-06-11 05:34:46,ROBOT_02,60.66,10.237,2.977,45.781,39.3,41,정상
2026-06-11 05:34:46,ROBOT_03,61.84,10.975,3.216,47.783,35.73,41,정상
2026-06-11 05:34:46,ROBOT_04,61.88,10.155,3.01,46.624,39.49,41,정상
2026-06-11 06:27:47,ROBOT_01,51,10.862,2.449,46.407,35.68,41,정상
2026-06-11 06:27:47,ROBOT_02,55.17,10.273,2.467,46.814,38.62,41,정상
2026-06-11 06:27:47,ROBOT_03,54.79,10.605,3.192,47.227,41.11,41,주의
2026-06-11 06:27:47,ROBOT_04,60.06,10.289,3.568,46.122,41.36,41,주의
2026-06-11 07:20:48,ROBOT_01,54.57,10.237,2.969,47.568,37.32,41,정상
2026-06-11 07:20:48,ROBOT_02,56.92,10.635,2.601,46.241,35.64,41,정상
2026-06-11 07:20:48,ROBOT_03,56.96,11.122,3.094,47.588,36.93,41,주의
2026-06-11 07:20:48,ROBOT_04,56.86,9.703,3.176,47.126,38.24,41,정상
2026-06-11 08:13:49,ROBOT_01,52.82,9.438,2.571,47.728,34.58,41,정상
2026-06-11 08:13:49,ROBOT_02,52.75,11.581,2.406,47.155,39.19,41,정상
2026-06-11 08:13:49,ROBOT_03,59.11,10.724,3.037,47.294,39.97,41,주의
2026-06-11 08:13:49,ROBOT_04,60.23,11.251,2.908,46.164,38.69,41,정상
2026-06-11 09:06:50,ROBOT_01,57.73,10.492,2.584,46.654,37.78,41,정상
2026-06-11 09:06:50,ROBOT_02,53.22,11.188,3.051,47.306,38.81,41,정상
2026-06-11 09:06:50,ROBOT_03,57.52,10.261,2.985,46.898,36.74,41,정상
2026-06-11 09:06:50,ROBOT_04,59.48,11.641,3.384,45.313,39.95,41,주의
2026-06-11 09:59:50,ROBOT_01,52.91,10.043,2.478,47.333,36.54,41,정상
2026-06-11 09:59:50,ROBOT_02,56.74,10.597,2.592,46.521,41.34,41,정상
2026-06-11 09:59:50,ROBOT_03,59.24,10.71,3.124,47.084,37.34,41,정상
2026-06-11 09:59:50,ROBOT_04,63.11,10.738,3.041,45.709,40.08,41,정상
2026-06-11 10:52:51,ROBOT_01,51.69,9.762,3.041,46.965,37.48,41,주의
2026-06-11 10:52:51,ROBOT_02,54.01,10.123,3.092,46.976,34.89,41,정상
2026-06-11 10:52:51,ROBOT_03,58.24,11.287,3.367,47.159,37.22,41,주의
2026-06-11 10:52:51,ROBOT_04,58.76,9.831,3.102,46.137,38.78,41,정상
2026-06-11 11:45:52,ROBOT_01,57.76,10.67,2.823,46.714,37.59,41,정상
2026-06-11 11:45:52,ROBOT_02,59.56,10.498,2.388,45.976,38,41,주의
2026-06-11 11:45:52,ROBOT_03,62.61,12.615,3.193,46.325,44.25,41,주의
2026-06-11 11:45:52,ROBOT_04,60.53,12.258,3.423,46.336,42.01,41,주의
2026-06-11 12:38:53,ROBOT_01,58.04,10.251,2.709,46.02,41.79,41,정상
2026-06-11 12:38:53,ROBOT_02,60.01,10.125,3.037,46.828,38.94,41,정상
2026-06-11 12:38:53,ROBOT_03,60.44,11.325,3.192,46.908,40.57,41,주의
2026-06-11 12:38:53,ROBOT_04,54.99,11.715,3.199,46.296,40.17,41,정상
2026-06-11 13:31:54,ROBOT_01,55.48,10.212,2.763,47.144,38.57,41,정상
2026-06-11 13:31:54,ROBOT_02,57.86,11.43,3.3,47.191,38.49,41,주의
2026-06-11 13:31:54,ROBOT_03,60.3,11.267,3.386,46.946,42.27,41,정상
2026-06-11 13:31:54,ROBOT_04,63.39,10.115,3.144,46.645,43.09,41,정상
2026-06-11 14:24:54,ROBOT_01,58.8,10.923,2.715,46.962,38.88,41,정상
2026-06-11 14:24:54,ROBOT_02,63.54,11.452,2.275,47.018,37.82,41,주의
2026-06-11 14:24:54,ROBOT_03,58.19,12.346,3.474,47.264,41.39,41,주의
2026-06-11 14:24:54,ROBOT_04,58.8,10.795,3.574,45.756,41.2,41,주의
2026-06-11 15:17:55,ROBOT_01,63.56,11.116,2.73,46.816,39.32,41,주의
2026-06-11 15:17:55,ROBOT_02,60.75,10.126,2.46,47.34,40.19,41,주의
2026-06-11 15:17:55,ROBOT_03,59.84,12.065,3.257,46.454,43.49,41,주의
2026-06-11 15:17:55,ROBOT_04,64.53,12.476,3.302,45.717,46.07,41,주의
2026-06-11 16:10:56,ROBOT_01,57.73,10.204,2.612,47.031,41.69,41,정상
2026-06-11 16:10:56,ROBOT_02,62.38,12.402,3.005,46.822,38.61,41,정상
2026-06-11 16:10:56,ROBOT_03,56.54,9.077,3.071,46.804,40.2,41,정상
2026-06-11 16:10:56,ROBOT_04,63.49,11.878,3.441,46.217,46.87,41,주의
2026-06-11 17:03:57,ROBOT_01,60.05,12.457,2.717,46.655,38.89,41,정상
2026-06-11 17:03:57,ROBOT_02,59.61,10.004,2.685,47.312,38.88,41,정상
2026-06-11 17:03:57,ROBOT_03,60.7,10.335,2.554,46.434,40.93,41,주의
2026-06-11 17:03:57,ROBOT_04,64.62,12.997,3.746,45.578,45.35,41,주의
2026-06-11 17:56:58,ROBOT_01,54.53,10.735,2.943,47.055,37.02,41,정상
2026-06-11 17:56:58,ROBOT_02,58.19,11.674,3.401,45.965,43.47,41,정상
2026-06-11 17:56:58,ROBOT_03,63.26,10.497,3.876,46.624,43.19,41,주의
2026-06-11 17:56:58,ROBOT_04,65.18,12.443,3.434,44.434,44.52,41,주의
2026-06-11 18:49:58,ROBOT_01,60.09,10.88,2.929,46.355,44.49,41,주의
2026-06-11 18:49:58,ROBOT_02,61.39,13.197,2.907,46.213,41.56,41,주의
2026-06-11 18:49:58,ROBOT_03,62.17,11.583,3.055,46.434,39.1,41,정상
2026-06-11 18:49:58,ROBOT_04,66.43,13.753,3.446,45.553,46.27,41,주의
2026-06-11 19:42:59,ROBOT_01,58.05,9.675,2.314,46.745,38.41,41,정상
2026-06-11 19:42:59,ROBOT_02,60.4,11.209,2.632,46.362,41.31,41,정상
2026-06-11 19:42:59,ROBOT_03,57.73,9.908,2.785,47.051,38.86,41,정상
2026-06-11 19:42:59,ROBOT_04,64.83,13.553,3.272,45.961,44.52,41,주의
2026-06-11 20:36:00,ROBOT_01,61.68,11.798,2.651,46.953,37.79,41,정상
2026-06-11 20:36:00,ROBOT_02,63.09,11.333,2.446,46.715,41.18,41,정상
2026-06-11 20:36:00,ROBOT_03,60.96,10.715,3.464,46.6,39.75,41,주의
2026-06-11 20:36:00,ROBOT_04,67.59,12.405,3.794,45.663,45.26,41,주의
2026-06-11 21:29:01,ROBOT_01,59.09,11.109,2.618,47.063,40.9,41,정상
2026-06-11 21:29:01,ROBOT_02,63.01,11.573,3.09,46.86,40.47,41,주의
2026-06-11 21:29:01,ROBOT_03,57.3,10.886,2.617,46.807,41.76,41,정상
2026-06-11 21:29:01,ROBOT_04,61.83,13.091,3.469,45.437,44.49,41,정상
2026-06-11 22:22:01,ROBOT_01,60.35,12.038,2.4,47.74,40,41,정상
2026-06-11 22:22:01,ROBOT_02,59.79,11.609,3.109,46.868,42.25,41,주의
2026-06-11 22:22:01,ROBOT_03,60.2,11.429,3.04,46.774,36.94,41,정상
2026-06-11 22:22:01,ROBOT_04,62.13,11.288,2.955,46.175,41.9,41,정상
2026-06-11 23:15:02,ROBOT_01,60.51,11.848,2.687,46.714,40.29,41,정상
2026-06-11 23:15:02,ROBOT_02,61.42,11.203,2.962,46.486,40.43,41,정상
2026-06-11 23:15:02,ROBOT_03,55.69,11.411,2.657,47.22,38.7,41,정상
2026-06-11 23:15:02,ROBOT_04,62.66,11.846,3.536,46.436,44.49,41,정상
2026-06-12 00:08:03,ROBOT_01,51.24,11.806,2.643,46.411,38.12,42,정상
2026-06-12 00:08:03,ROBOT_02,53.08,9.749,2.852,46.739,37.05,42,정상
2026-06-12 00:08:03,ROBOT_03,47.39,9.12,1.258,49.017,31.1,0,정상
2026-06-12 00:08:03,ROBOT_04,61.75,11.374,3.149,45.297,41.93,42,주의
2026-06-12 01:01:04,ROBOT_01,57.7,10.92,3.061,46.992,38.65,42,정상
2026-06-12 01:01:04,ROBOT_02,60.92,9.546,2.74,46.952,37.31,42,정상
2026-06-12 01:01:04,ROBOT_03,44.58,8.626,1.234,48.172,30.87,0,정상
2026-06-12 01:01:04,ROBOT_04,67.17,12.903,3.939,46.463,41.21,42,주의
2026-06-12 01:54:05,ROBOT_01,60.3,11.127,2.819,47.076,38.39,42,정상
2026-06-12 01:54:05,ROBOT_02,61.53,11.815,3.148,46.125,40.5,42,주의
2026-06-12 01:54:05,ROBOT_03,46.13,8.064,1.623,48.098,30.39,0,정상
2026-06-12 01:54:05,ROBOT_04,63.26,12.562,3.707,45.566,42.54,42,주의
2026-06-12 02:47:05,ROBOT_01,54.7,10.197,2.663,47.392,36.61,42,정상
2026-06-12 02:47:05,ROBOT_02,57.22,10.791,3.301,46.612,41.84,42,주의
2026-06-12 02:47:05,ROBOT_03,49.05,8.865,1.487,48.795,31.58,0,정상
2026-06-12 02:47:05,ROBOT_04,63.06,11.259,4.127,46.075,43.9,42,주의
2026-06-12 03:40:06,ROBOT_01,57.51,11.404,2.464,47.976,38.48,42,정상
2026-06-12 03:40:06,ROBOT_02,57.6,11.415,2.408,47.367,39.93,42,정상
2026-06-12 03:40:06,ROBOT_03,43.88,9.284,1.224,48.312,32.68,0,정상
2026-06-12 03:40:06,ROBOT_04,61.61,12.674,3.792,45.186,40.34,42,주의
2026-06-12 04:33:07,ROBOT_01,54.24,10.802,2.353,46.96,38.46,42,정상
2026-06-12 04:33:07,ROBOT_02,56.21,10.609,2.353,46.936,36.69,42,정상
2026-06-12 04:33:07,ROBOT_03,48.67,8.142,1.443,48.93,32.39,0,정상
2026-06-12 04:33:07,ROBOT_04,61.12,11.378,3.695,46.185,43.04,42,주의
2026-06-12 05:26:08,ROBOT_01,54.37,9.286,2.311,47.966,36.7,42,정상
2026-06-12 05:26:08,ROBOT_02,60.77,11.313,3.672,46.124,38.03,42,주의
2026-06-12 05:26:08,ROBOT_03,47.1,8.111,1.774,48.521,31.6,0,정상
2026-06-12 05:26:08,ROBOT_04,62.22,12.268,4.295,46.233,40.15,42,주의
2026-06-12 06:19:09,ROBOT_01,57.66,10.417,2.459,47.575,36.96,42,정상
2026-06-12 06:19:09,ROBOT_02,54.02,9.615,2.411,46.67,34.31,42,정상
2026-06-12 06:19:09,ROBOT_03,42.04,7.936,1.22,48.686,33.63,0,정상
2026-06-12 06:19:09,ROBOT_04,60.98,11.871,3.721,45.806,43.05,42,정상
2026-06-12 07:12:09,ROBOT_01,56.6,11.266,2.864,47.085,39.57,42,정상
2026-06-12 07:12:09,ROBOT_02,56.97,8.666,2.445,46.247,37.73,42,정상
2026-06-12 07:12:09,ROBOT_03,42.64,8.6,1.654,48.883,32.14,0,정상
2026-06-12 07:12:09,ROBOT_04,71.21,14.735,4.985,43.959,44.41,42,위험
2026-06-12 08:05:10,ROBOT_01,52.24,10.264,2.261,47.26,34.86,42,정상
2026-06-12 08:05:10,ROBOT_02,54.48,9.112,2.825,47.378,38.04,42,정상
2026-06-12 08:05:10,ROBOT_03,49.94,8.835,1.69,48.51,30.3,0,정상
2026-06-12 08:05:10,ROBOT_04,61.88,11.487,3.777,46.376,39.22,42,주의
2026-06-12 08:58:11,ROBOT_01,51.38,9.634,2.554,47.709,38.72,42,정상
2026-06-12 08:58:11,ROBOT_02,55.16,10.004,2.88,46.796,34.08,42,정상
2026-06-12 08:58:11,ROBOT_03,43.17,7.385,1.919,48.173,32.09,0,정상
2026-06-12 08:58:11,ROBOT_04,63.28,11.797,4.223,44.909,43.4,42,주의
2026-06-12 09:51:12,ROBOT_01,57.25,10.637,3.428,47.166,38.41,42,주의
2026-06-12 09:51:12,ROBOT_02,55.67,10.732,2.441,46.397,39.39,42,정상
2026-06-12 09:51:12,ROBOT_03,47.62,8.671,1.735,48.367,33.98,0,정상
2026-06-12 09:51:12,ROBOT_04,69.21,12.178,4.092,45.489,43.02,42,정상
2026-06-12 10:44:13,ROBOT_01,55.56,10.375,2.846,46.257,42.29,42,정상
2026-06-12 10:44:13,ROBOT_02,58.28,10.225,2.624,46.602,38.55,42,정상
2026-06-12 10:44:13,ROBOT_03,46.81,7.868,1.289,48.667,29.85,0,정상
2026-06-12 10:44:13,ROBOT_04,68.77,12.7,4.481,45.02,46.83,42,주의
2026-06-12 11:37:13,ROBOT_01,56.52,10.165,2.369,47.459,35.03,42,정상
2026-06-12 11:37:13,ROBOT_02,55.44,10.549,3.039,46.195,38.67,42,주의
2026-06-12 11:37:13,ROBOT_03,45.97,8.938,1.211,47.287,32.24,0,정상
2026-06-12 11:37:13,ROBOT_04,67.45,12.115,4.163,45.027,42.46,42,주의
2026-06-12 12:30:14,ROBOT_01,57.86,12.391,3.172,47.139,39.25,42,정상
2026-06-12 12:30:14,ROBOT_02,58.37,11.022,2.678,46.471,39.1,42,정상
2026-06-12 12:30:14,ROBOT_03,50.45,8.506,1.638,48.519,30.72,0,정상
2026-06-12 12:30:14,ROBOT_04,68.55,12.219,3.65,45.137,42.94,42,주의
2026-06-12 13:23:15,ROBOT_01,55.45,11.341,3.129,46.53,37.37,42,정상
2026-06-12 13:23:15,ROBOT_02,61.31,11.705,2.503,46.417,35.73,42,정상
2026-06-12 13:23:15,ROBOT_03,50.53,8.701,1.543,48.188,31.83,0,정상
2026-06-12 13:23:15,ROBOT_04,66.94,14.2,3.823,45.603,44.15,42,주의
2026-06-12 14:16:16,ROBOT_01,57.17,10.15,2.891,47.339,36.54,42,정상
2026-06-12 14:16:16,ROBOT_02,61.94,10.817,2.804,46.155,40.12,42,주의
2026-06-12 14:16:16,ROBOT_03,44.98,8.959,1.423,48.405,32.15,0,정상
2026-06-12 14:16:16,ROBOT_04,68.02,13.028,4.416,45.361,45.29,42,주의
2026-06-12 15:09:17,ROBOT_01,58.7,12.858,3.174,45.94,41.55,42,주의
2026-06-12 15:09:17,ROBOT_02,61.85,12.415,2.903,46.938,39.21,42,주의
2026-06-12 15:09:17,ROBOT_03,48.68,8.331,1.617,48.034,31.93,0,정상
2026-06-12 15:09:17,ROBOT_04,72.28,13.764,3.889,43.828,48.32,42,위험
2026-06-12 16:02:17,ROBOT_01,61.08,11.514,2.943,46.555,39.77,42,정상
2026-06-12 16:02:17,ROBOT_02,59.82,11.398,3.202,46.674,36.25,42,주의
2026-06-12 16:02:17,ROBOT_03,49.67,9.068,1.477,47.82,33.41,0,정상
2026-06-12 16:02:17,ROBOT_04,70.61,13.465,3.967,45.833,45.81,42,주의
2026-06-12 16:55:18,ROBOT_01,58.6,11.942,3.048,46.139,39.73,42,주의
2026-06-12 16:55:18,ROBOT_02,61.1,10.958,3.106,46.704,40.77,42,정상
2026-06-12 16:55:18,ROBOT_03,52.89,9.167,1.952,47.897,34.24,0,정상
2026-06-12 16:55:18,ROBOT_04,79.59,14.864,5.831,44.094,53.1,42,위험
2026-06-12 17:48:19,ROBOT_01,55.93,10.775,3.087,47.108,39.75,42,주의
2026-06-12 17:48:19,ROBOT_02,56.76,9.798,3.122,47.519,40.87,42,주의
2026-06-12 17:48:19,ROBOT_03,52.37,9.133,2.07,47.498,35.17,0,정상
2026-06-12 17:48:19,ROBOT_04,69.84,14.226,4.166,44.824,45.36,42,위험
2026-06-12 18:41:20,ROBOT_01,64.08,11.54,3.195,46.183,40.98,42,주의
2026-06-12 18:41:20,ROBOT_02,58.14,11.872,2.501,46.834,41.56,42,정상
2026-06-12 18:41:20,ROBOT_03,50.1,8.437,1.894,47.642,36.68,0,정상
2026-06-12 18:41:20,ROBOT_04,69.19,12.726,4.499,45.416,47.17,42,주의
2026-06-12 19:34:20,ROBOT_01,62.64,11.818,3.187,46.869,41.83,42,정상
2026-06-12 19:34:20,ROBOT_02,59.42,10.848,2.529,46.536,43.02,42,정상
2026-06-12 19:34:20,ROBOT_03,47.31,9.255,1.482,47.565,35.31,0,정상
2026-06-12 19:34:20,ROBOT_04,65.85,14.53,4.419,45.679,47.08,42,위험
2026-06-12 20:27:21,ROBOT_01,55.57,12.072,2.355,47.426,38.91,42,정상
2026-06-12 20:27:21,ROBOT_02,61.97,11.734,2.668,47.14,40.76,42,정상
2026-06-12 20:27:21,ROBOT_03,48.04,9.994,1.684,47.105,32.91,0,정상
2026-06-12 20:27:21,ROBOT_04,70.9,13.165,4.149,44.25,47.21,42,위험
2026-06-12 21:20:22,ROBOT_01,63.28,11.927,3.307,46.385,44.49,42,주의
2026-06-12 21:20:22,ROBOT_02,56.23,11.647,3.059,46.465,42.48,42,주의
2026-06-12 21:20:22,ROBOT_03,49,8.763,1.568,48.291,35.98,0,정상
2026-06-12 21:20:22,ROBOT_04,70.21,15.362,4.167,44.822,48.5,42,주의
2026-06-12 22:13:23,ROBOT_01,62.45,10.526,2.583,45.952,39.7,42,정상
2026-06-12 22:13:23,ROBOT_02,55.35,10.831,3.093,46.354,42.94,42,정상
2026-06-12 22:13:23,ROBOT_03,51.4,9.186,1.535,47.784,35.12,0,정상
2026-06-12 22:13:23,ROBOT_04,65.05,12.64,4.708,45.588,44.55,42,주의
2026-06-12 23:06:24,ROBOT_01,59.73,10.51,3.474,46.763,39.26,42,주의
2026-06-12 23:06:24,ROBOT_02,59.68,11.076,3.37,46.422,39.84,42,주의
2026-06-12 23:06:24,ROBOT_03,48.84,6.839,1.296,47.524,30.91,0,정상
2026-06-12 23:06:24,ROBOT_04,70.16,12.919,4.635,44.89,47.57,42,주의
2026-06-12 23:59:24,ROBOT_01,56.22,11.793,2.953,46.996,41.61,42,주의
2026-06-12 23:59:24,ROBOT_02,57.64,10.701,3.122,46.384,40.52,42,정상
2026-06-12 23:59:24,ROBOT_03,45.8,8.924,1.079,49.191,32.9,0,정상
2026-06-12 23:59:24,ROBOT_04,67.16,12.741,4.651,45.876,44.23,42,주의
2026-06-13 00:52:25,ROBOT_01,56.34,9.828,2.859,47.039,35.12,43,정상
2026-06-13 00:52:25,ROBOT_02,59.92,11.857,3.519,46.182,39.73,43,주의
2026-06-13 00:52:25,ROBOT_03,46.72,8.488,1.519,48.684,32.06,1,정상
2026-06-13 00:52:25,ROBOT_04,73.49,14.022,4.646,44.905,43.31,43,위험
2026-06-13 01:45:26,ROBOT_01,56.41,11.009,2.406,46.296,38.26,43,정상
2026-06-13 01:45:26,ROBOT_02,59.78,11.244,3.097,47.55,37.47,43,주의
2026-06-13 01:45:26,ROBOT_03,43.63,7.889,1.199,48.848,29.81,1,정상
2026-06-13 01:45:26,ROBOT_04,68.58,12.321,4.575,46.308,43.64,43,주의
2026-06-13 02:38:27,ROBOT_01,59.42,12.463,2.847,46.365,38.54,43,주의
2026-06-13 02:38:27,ROBOT_02,60.55,11.517,2.788,46.842,43.35,43,정상
2026-06-13 02:38:27,ROBOT_03,45.41,7.356,1.313,48.621,32.8,1,정상
2026-06-13 02:38:27,ROBOT_04,69.18,14.452,5.097,44.929,51.85,43,위험
2026-06-13 03:31:28,ROBOT_01,55.7,11.031,2.761,47.218,36.67,43,주의
2026-06-13 03:31:28,ROBOT_02,57.49,10.391,2.525,46.375,38.1,43,정상
2026-06-13 03:31:28,ROBOT_03,43.85,8.968,1.313,48.811,32.72,1,정상
2026-06-13 03:31:28,ROBOT_04,68.15,14.521,4.81,45.296,45.53,43,위험
2026-06-13 04:24:28,ROBOT_01,55.39,10.103,2.587,47.85,34.9,43,정상
2026-06-13 04:24:28,ROBOT_02,59.35,10.268,3.183,46.72,38.88,43,정상
2026-06-13 04:24:28,ROBOT_03,45.7,7.249,1.59,48.137,32.68,1,정상
2026-06-13 04:24:28,ROBOT_04,69.77,13.651,4.512,44.351,46.13,43,주의
2026-06-13 05:17:29,ROBOT_01,53.99,10.035,2.304,46.763,35.83,43,정상
2026-06-13 05:17:29,ROBOT_02,52.94,10.886,2.482,46.133,38.55,43,정상
2026-06-13 05:17:29,ROBOT_03,42.1,6.905,1.376,48.558,31.6,1,정상
2026-06-13 05:17:29,ROBOT_04,70.81,13.025,4.775,45.735,48.58,43,위험
2026-06-13 06:10:30,ROBOT_01,55.58,10.464,2.733,47.67,35.53,43,정상
2026-06-13 06:10:30,ROBOT_02,55.59,9.321,2.809,46.937,34.01,43,정상
2026-06-13 06:10:30,ROBOT_03,48.21,7.248,1.222,48.127,32.56,1,정상
2026-06-13 06:10:30,ROBOT_04,66.96,13.191,4.944,45.034,43.5,43,주의
2026-06-13 07:03:31,ROBOT_01,57.5,11.222,2.729,46.697,35.16,43,주의
2026-06-13 07:03:31,ROBOT_02,54.02,10.668,2.821,47.763,34.15,43,정상
2026-06-13 07:03:31,ROBOT_03,43.38,7.891,0.704,48.156,29.91,1,정상
2026-06-13 07:03:31,ROBOT_04,67.79,12.87,4.853,45.174,44.27,43,주의
2026-06-13 07:56:32,ROBOT_01,52.37,9.489,2.609,47.353,39.11,43,정상
2026-06-13 07:56:32,ROBOT_02,54.38,9.358,3.08,46.8,38.06,43,정상
2026-06-13 07:56:32,ROBOT_03,47.36,7.335,1.389,48.792,27.57,1,정상
2026-06-13 07:56:32,ROBOT_04,70.19,15.576,5.114,44.392,45.76,43,위험
2026-06-13 08:49:32,ROBOT_01,54.68,10.824,3.167,46.981,37.64,43,정상
2026-06-13 08:49:32,ROBOT_02,56.3,9.881,2.594,47.786,36.93,43,정상
2026-06-13 08:49:32,ROBOT_03,49.56,7.31,1.015,48.47,30.35,1,정상
2026-06-13 08:49:32,ROBOT_04,68.87,14.499,4.952,45.325,46.72,43,주의
2026-06-13 09:42:33,ROBOT_01,56.38,10.557,2.357,47.512,36.92,43,정상
2026-06-13 09:42:33,ROBOT_02,58.5,10.32,2.067,46.769,38.93,43,정상
2026-06-13 09:42:33,ROBOT_03,50.4,8.401,1.301,48.906,33.11,1,정상
2026-06-13 09:42:33,ROBOT_04,66.36,14.273,4.624,44.733,44.16,43,위험
2026-06-13 10:35:34,ROBOT_01,55.52,10.433,2.327,47.217,35.64,43,정상
2026-06-13 10:35:34,ROBOT_02,53.58,10.653,2.448,46.936,36.62,43,정상
2026-06-13 10:35:34,ROBOT_03,42.69,8.038,1.362,48.953,34.17,1,정상
2026-06-13 10:35:34,ROBOT_04,73.2,13.017,5.118,44.427,47.45,43,주의
2026-06-13 11:28:35,ROBOT_01,56.81,11.031,2.8,46.098,37.11,43,정상
2026-06-13 11:28:35,ROBOT_02,56.64,9.938,2.427,47.503,35.8,43,주의
2026-06-13 11:28:35,ROBOT_03,47.33,9.396,1.436,48.356,33.17,1,정상
2026-06-13 11:28:35,ROBOT_04,69.66,14.356,5.084,44.244,47.29,43,위험
2026-06-13 12:21:36,ROBOT_01,56.02,10.56,2.669,47.205,37.92,43,정상
2026-06-13 12:21:36,ROBOT_02,57.91,9.37,2.547,47.115,39.45,43,정상
2026-06-13 12:21:36,ROBOT_03,44.34,8.875,1.539,47.842,33.86,1,정상
2026-06-13 12:21:36,ROBOT_04,73.17,13.773,5.204,44.831,48.74,43,위험
2026-06-13 13:14:36,ROBOT_01,59.64,11.144,3.217,46.132,35.96,43,정상
2026-06-13 13:14:36,ROBOT_02,59.02,12.226,3.155,46.531,40.17,43,주의
2026-06-13 13:14:36,ROBOT_03,40.78,7.058,1.711,48.377,31.14,1,정상
2026-06-13 13:14:36,ROBOT_04,71.46,13.29,4.689,44.434,47.21,43,위험
2026-06-13 14:07:37,ROBOT_01,57.56,11.105,2.007,46.509,38.74,43,정상
2026-06-13 14:07:37,ROBOT_02,59,11.915,3.104,46.517,39.88,43,주의
2026-06-13 14:07:37,ROBOT_03,47.56,9.106,0.871,48.826,32.12,1,정상
2026-06-13 14:07:37,ROBOT_04,76.04,15.587,5.003,44.609,49.75,43,위험
2026-06-13 15:00:38,ROBOT_01,63.03,12.088,2.664,46.527,43.62,43,주의
2026-06-13 15:00:38,ROBOT_02,58.03,11.747,1.941,46.755,37.93,43,정상
2026-06-13 15:00:38,ROBOT_03,48.63,7.714,1.647,48.311,33.46,1,정상
2026-06-13 15:00:38,ROBOT_04,73.38,15.457,5.854,44.694,45.2,43,위험
2026-06-13 15:53:39,ROBOT_01,58.27,11.993,3.028,46.563,39.49,43,주의
2026-06-13 15:53:39,ROBOT_02,62.3,11.863,3.068,46.26,43.59,43,정상
2026-06-13 15:53:39,ROBOT_03,46.4,9.594,1.394,48.136,34.05,1,정상
2026-06-13 15:53:39,ROBOT_04,68.17,14.496,5.489,44.948,45.36,43,위험
2026-06-13 16:46:40,ROBOT_01,60.08,11.353,2.578,46.555,44.05,43,정상
2026-06-13 16:46:40,ROBOT_02,57.67,11.337,3.157,46.587,43.34,43,주의
2026-06-13 16:46:40,ROBOT_03,48.77,8.3,1.393,48.496,35.14,1,정상
2026-06-13 16:46:40,ROBOT_04,72.52,15.591,5.651,44.777,50.72,43,위험
2026-06-13 17:39:40,ROBOT_01,59.36,11.348,2.928,47.188,39.73,43,정상
2026-06-13 17:39:40,ROBOT_02,62.47,13.081,2.796,46.483,40.13,43,정상
2026-06-13 17:39:40,ROBOT_03,55.08,9.218,1.382,48.074,38.38,1,정상
2026-06-13 17:39:40,ROBOT_04,72.13,14.062,5.15,44.72,50.39,43,위험
2026-06-13 18:32:41,ROBOT_01,63.16,11.831,2.388,46.831,42.59,43,정상
2026-06-13 18:32:41,ROBOT_02,56,11.251,2.908,46.079,41.28,43,정상
2026-06-13 18:32:41,ROBOT_03,52.26,8.775,1.713,48.603,32.62,1,정상
2026-06-13 18:32:41,ROBOT_04,71.19,16.582,5.42,44.575,50.23,43,위험
2026-06-13 19:25:42,ROBOT_01,57.26,11.375,2.981,46.845,40.01,43,주의
2026-06-13 19:25:42,ROBOT_02,61.87,12.13,2.756,45.832,41.54,43,주의
2026-06-13 19:25:42,ROBOT_03,51.76,10.185,1.55,47.669,32.29,1,정상
2026-06-13 19:25:42,ROBOT_04,72.32,15.833,4.897,44.244,47.54,43,위험
2026-06-13 20:18:43,ROBOT_01,62.06,11.771,2.986,46.826,40,43,정상
2026-06-13 20:18:43,ROBOT_02,62.72,10.169,2.741,46.453,45.37,43,정상
2026-06-13 20:18:43,ROBOT_03,51.88,9.568,1.52,47.736,34.29,1,정상
2026-06-13 20:18:43,ROBOT_04,76.27,16.879,5.847,44.254,50.03,43,위험
2026-06-13 21:11:43,ROBOT_01,57.43,11.211,2.592,47.072,40.95,43,정상
2026-06-13 21:11:43,ROBOT_02,61,12.02,2.889,46.315,42.51,43,주의
2026-06-13 21:11:43,ROBOT_03,52.16,10.176,1.6,48.068,35.14,1,정상
2026-06-13 21:11:43,ROBOT_04,76.6,17.288,5.702,44.729,52.59,43,위험
2026-06-13 22:04:44,ROBOT_01,57.2,11.53,2.984,46.597,37.97,43,정상
2026-06-13 22:04:44,ROBOT_02,60.1,10.937,3.071,46.494,40.57,43,주의
2026-06-13 22:04:44,ROBOT_03,51.85,9.705,1.776,47.885,31.02,1,정상
2026-06-13 22:04:44,ROBOT_04,74.43,15.611,5.729,44.818,49.07,43,위험
2026-06-13 22:57:45,ROBOT_01,60.12,11.359,2.797,47.477,35.83,43,정상
2026-06-13 22:57:45,ROBOT_02,60.76,10.789,3.048,46.752,39.36,43,주의
2026-06-13 22:57:45,ROBOT_03,46.33,6.624,1.474,48.069,36.5,1,정상
2026-06-13 22:57:45,ROBOT_04,74.04,16.746,5.71,44.347,49.77,43,위험
2026-06-13 23:50:46,ROBOT_01,60.49,11.075,3.544,47.067,39.2,43,주의
2026-06-13 23:50:46,ROBOT_02,55.35,11.175,2.816,46.546,37.69,43,정상
2026-06-13 23:50:46,ROBOT_03,49.27,9.051,1.484,47.884,31.31,1,정상
2026-06-13 23:50:46,ROBOT_04,68.99,14.515,5.859,44.199,50.23,43,위험
2026-06-14 00:43:47,ROBOT_01,54.39,11.771,2.855,46.761,34.86,44,정상
2026-06-14 00:43:47,ROBOT_02,61.34,11.939,2.933,45.759,41.34,44,정상
2026-06-14 00:43:47,ROBOT_03,47.45,7.878,1.388,48.474,31.84,2,정상
2026-06-14 00:43:47,ROBOT_04,72.76,14.893,5.14,45.085,48.44,44,위험
2026-06-14 01:36:47,ROBOT_01,56.75,10.542,3.095,47.156,38.18,44,정상
2026-06-14 01:36:47,ROBOT_02,56.48,10.868,2.532,47.343,38.59,44,정상
2026-06-14 01:36:47,ROBOT_03,50.21,7.906,0.943,48.617,30.49,2,정상
2026-06-14 01:36:47,ROBOT_04,76.15,14.997,5.4,44.103,49.72,44,위험
2026-06-14 02:29:48,ROBOT_01,51.15,10.784,2.305,47.53,36.05,44,정상
2026-06-14 02:29:48,ROBOT_02,53.44,11.344,3.148,46.6,39.24,44,정상
2026-06-14 02:29:48,ROBOT_03,46.07,8.459,1.583,48.613,31,2,정상
2026-06-14 02:29:48,ROBOT_04,70.49,15.909,5.472,44.083,48.3,44,위험
2026-06-14 03:22:49,ROBOT_01,60.37,11.36,2.641,45.992,41.81,44,주의
2026-06-14 03:22:49,ROBOT_02,58.56,10.209,3.23,46.92,38.35,44,정상
2026-06-14 03:22:49,ROBOT_03,41.35,7.152,1.612,48.563,30.66,2,정상
2026-06-14 03:22:49,ROBOT_04,71.26,15.132,5.849,44.474,53.61,44,위험
2026-06-14 04:15:50,ROBOT_01,55.53,10.459,2.939,46.972,38.13,44,정상
2026-06-14 04:15:50,ROBOT_02,59.03,10.754,2.327,47.252,39.48,44,정상
2026-06-14 04:15:50,ROBOT_03,53.46,10.647,3.735,46.976,37.47,2,정상
2026-06-14 04:15:50,ROBOT_04,68.96,16.109,6.114,44.183,49.48,44,위험
2026-06-14 05:08:51,ROBOT_01,54.95,10.229,2.7,46.781,37.44,44,정상
2026-06-14 05:08:51,ROBOT_02,59.78,10.463,2.811,46.532,42.01,44,정상
2026-06-14 05:08:51,ROBOT_03,42.62,7.379,1.177,49.088,27.22,2,정상
2026-06-14 05:08:51,ROBOT_04,72.79,14.062,5.702,44.045,50.42,44,위험
2026-06-14 06:01:51,ROBOT_01,53.89,8.827,2.827,47.475,36.54,44,정상
2026-06-14 06:01:51,ROBOT_02,56.41,11.319,2.507,46.574,40.69,44,정상
2026-06-14 06:01:51,ROBOT_03,49.88,8.104,1.196,49.571,28.92,2,정상
2026-06-14 06:01:51,ROBOT_04,72.16,15.569,6.122,44.479,51.47,44,위험
2026-06-14 06:54:52,ROBOT_01,52.99,10.207,2.963,47.14,34.97,44,정상
2026-06-14 06:54:52,ROBOT_02,52.99,11.172,2.815,47.456,34.95,44,정상
2026-06-14 06:54:52,ROBOT_03,49.22,8.243,1.862,48.69,30.33,2,정상
2026-06-14 06:54:52,ROBOT_04,69.06,14.846,6.072,44.638,51.2,44,위험
2026-06-14 07:47:53,ROBOT_01,53.57,10.141,2.909,46.721,37.97,44,정상
2026-06-14 07:47:53,ROBOT_02,59.16,10.727,3.101,46.482,36.1,44,정상
2026-06-14 07:47:53,ROBOT_03,47.77,8.304,1.452,48.337,31.31,2,정상
2026-06-14 07:47:53,ROBOT_04,69.92,15.002,5.93,44.152,50.74,44,위험
2026-06-14 08:40:54,ROBOT_01,53.49,10.618,2.897,47.217,35.87,44,정상
2026-06-14 08:40:54,ROBOT_02,54.09,10.903,2.822,46.719,35.53,44,정상
2026-06-14 08:40:54,ROBOT_03,50.32,7.63,1.408,48.647,34.86,2,정상
2026-06-14 08:40:54,ROBOT_04,77.19,14.718,6.002,43.589,49.82,44,위험
2026-06-14 09:33:55,ROBOT_01,58.38,10.422,2.901,46.626,39.7,44,정상
2026-06-14 09:33:55,ROBOT_02,55.35,10.494,2.614,47.043,37.43,44,정상
2026-06-14 09:33:55,ROBOT_03,47.47,9.787,1.741,48.299,31.62,2,정상
2026-06-14 09:33:55,ROBOT_04,71.18,15.217,5.446,43.671,45.83,44,위험
2026-06-14 10:26:55,ROBOT_01,58.75,10.787,3.162,47.143,39.91,44,주의
2026-06-14 10:26:55,ROBOT_02,56.5,10.162,2.589,47.185,36.49,44,정상
2026-06-14 10:26:55,ROBOT_03,44.25,7.665,1.529,48.488,32.42,2,정상
2026-06-14 10:26:55,ROBOT_04,77.66,16.108,5.794,44.444,50.17,44,위험
2026-06-14 11:19:56,ROBOT_01,56.05,9.907,2.81,46.599,40.72,44,정상
2026-06-14 11:19:56,ROBOT_02,62.09,10.865,2.968,46.21,40.68,44,주의
2026-06-14 11:19:56,ROBOT_03,44.83,8.098,1.327,47.833,30.46,2,정상
2026-06-14 11:19:56,ROBOT_04,72.28,14.575,5.346,44.274,49.66,44,위험
2026-06-14 12:12:57,ROBOT_01,58.92,10.449,2.713,46.576,39.84,44,정상
2026-06-14 12:12:57,ROBOT_02,54.72,10.351,2.602,46.707,37.27,44,정상
2026-06-14 12:12:57,ROBOT_03,55.13,7.684,1.473,48.78,34.71,2,정상
2026-06-14 12:12:57,ROBOT_04,72.47,14.569,6.014,43.96,53.2,44,위험
2026-06-14 13:05:58,ROBOT_01,58.94,11.072,2.897,46.515,42.16,44,주의
2026-06-14 13:05:58,ROBOT_02,53.43,9.953,3.447,47.533,37.37,44,정상
2026-06-14 13:05:58,ROBOT_03,52.26,8.913,1.851,47.409,32.54,2,정상
2026-06-14 13:05:58,ROBOT_04,74.06,16.064,5.996,44.08,53.13,44,위험
2026-06-14 13:58:59,ROBOT_01,59.87,11.745,2.635,46.263,43.64,44,주의
2026-06-14 13:58:59,ROBOT_02,58.37,11.869,2.939,46.773,38.41,44,주의
2026-06-14 13:58:59,ROBOT_03,50.84,9.235,1.548,48.418,32.96,2,정상
2026-06-14 13:58:59,ROBOT_04,75.09,15.392,6.286,43.953,52.91,44,위험
2026-06-14 14:51:59,ROBOT_01,59.67,11.45,2.891,46.25,38.27,44,정상
2026-06-14 14:51:59,ROBOT_02,60.23,11.691,3.246,46.441,39.71,44,주의
2026-06-14 14:51:59,ROBOT_03,48.31,8.903,1.687,47.272,35.7,2,정상
2026-06-14 14:51:59,ROBOT_04,78.83,16.963,6.529,43.448,52.97,44,위험
2026-06-14 15:45:00,ROBOT_01,54.82,12.137,3.11,46.67,41.8,44,정상
2026-06-14 15:45:00,ROBOT_02,66.39,11.995,2.975,46.091,44.23,44,주의
2026-06-14 15:45:00,ROBOT_03,46.97,7.98,1.37,47.953,32.09,2,정상
2026-06-14 15:45:00,ROBOT_04,73.34,14.558,5.749,44.13,50.72,44,위험
2026-06-14 16:38:01,ROBOT_01,63.46,11.493,3.142,45.778,41.65,44,주의
2026-06-14 16:38:01,ROBOT_02,65.11,11.569,3.285,46.32,41.44,44,주의
2026-06-14 16:38:01,ROBOT_03,41.77,9.324,1.309,48.395,30.03,2,정상
2026-06-14 16:38:01,ROBOT_04,76.23,16.208,6.144,43.726,51.13,44,위험
2026-06-14 17:31:02,ROBOT_01,60.28,10.651,2.565,47.111,38.01,44,정상
2026-06-14 17:31:02,ROBOT_02,57.63,10.856,2.604,46.597,40.22,44,정상
2026-06-14 17:31:02,ROBOT_03,52.4,8.8,1.714,48.45,34.93,2,정상
2026-06-14 17:31:02,ROBOT_04,78.19,16.52,6.008,43.445,54.08,44,위험
2026-06-14 18:24:02,ROBOT_01,54.81,11.193,2.879,46.521,41.6,44,정상
2026-06-14 18:24:02,ROBOT_02,64.25,12.66,2.718,46.254,43.69,44,주의
2026-06-14 18:24:02,ROBOT_03,46.18,8.959,1.468,48.302,34.45,2,정상
2026-06-14 18:24:02,ROBOT_04,74.27,16.563,6.154,43.512,53.26,44,위험
2026-06-14 19:17:03,ROBOT_01,57.89,11.094,3.047,46.233,39.08,44,정상
2026-06-14 19:17:03,ROBOT_02,65.88,11.854,2.553,46.741,44.28,44,정상
2026-06-14 19:17:03,ROBOT_03,49.3,8.426,1.803,47.88,36.12,2,정상
2026-06-14 19:17:03,ROBOT_04,81.85,17.123,6.891,43.012,54.22,44,위험
2026-06-14 20:10:04,ROBOT_01,57.31,11.926,2.766,46.444,40,44,정상
2026-06-14 20:10:04,ROBOT_02,60.03,11.818,2.774,46.483,40.48,44,주의
2026-06-14 20:10:04,ROBOT_03,54.06,9.619,1.379,48.964,37.85,2,정상
2026-06-14 20:10:04,ROBOT_04,76.14,17.861,6.457,43.217,55.3,44,위험
2026-06-14 21:03:05,ROBOT_01,58.77,10.973,2.902,46.159,39.25,44,주의
2026-06-14 21:03:05,ROBOT_02,59.29,11.235,2.679,46.296,41.04,44,정상
2026-06-14 21:03:05,ROBOT_03,53.21,8.035,1.269,47.7,33.16,2,정상
2026-06-14 21:03:05,ROBOT_04,80.29,17.673,5.858,43.044,53.26,44,위험
2026-06-14 21:56:06,ROBOT_01,61.19,11.371,2.765,47.491,40.26,44,주의
2026-06-14 21:56:06,ROBOT_02,64.98,13.098,2.63,46.042,40.94,44,주의
2026-06-14 21:56:06,ROBOT_03,55.11,9.274,1.205,48.607,35.22,2,정상
2026-06-14 21:56:06,ROBOT_04,79.7,16.261,5.94,44.615,53.32,44,위험
2026-06-14 22:49:06,ROBOT_01,58.82,11.748,2.927,47.221,41.23,44,정상
2026-06-14 22:49:06,ROBOT_02,64.63,10.975,2.687,46.344,37.33,44,주의
2026-06-14 22:49:06,ROBOT_03,52.06,8.434,1.875,48.46,34.38,2,정상
2026-06-14 22:49:06,ROBOT_04,77.03,16.31,6.132,44.035,53.54,44,위험
2026-06-14 23:42:07,ROBOT_01,60.36,10.569,2.806,47.255,38.14,44,정상
2026-06-14 23:42:07,ROBOT_02,61.19,11.664,2.923,45.907,40.71,44,주의
2026-06-14 23:42:07,ROBOT_03,51.5,8.622,1.622,48.225,35.24,2,정상
2026-06-14 23:42:07,ROBOT_04,74.7,16.463,6.535,43.763,53.46,44,위험
2026-06-15 00:35:08,ROBOT_01,62.04,11.02,2.985,46.217,39.06,45,주의
2026-06-15 00:35:08,ROBOT_02,58.4,11.06,3.019,46.451,38.65,45,정상
2026-06-15 00:35:08,ROBOT_03,52.25,8.323,1.586,47.906,36.6,3,정상
2026-06-15 00:35:08,ROBOT_04,77.66,16.202,6.039,43.88,54.53,45,위험
2026-06-15 01:28:09,ROBOT_01,62.84,10.741,2.984,47.236,38.04,45,주의
2026-06-15 01:28:09,ROBOT_02,60.92,10.917,2.926,46.823,38.2,45,주의
2026-06-15 01:28:09,ROBOT_03,47.71,8.722,0.983,47.728,31.09,3,정상
2026-06-15 01:28:09,ROBOT_04,78.87,15.231,6.386,44.355,49.91,45,위험
2026-06-15 02:21:10,ROBOT_01,57.2,11.297,2.799,46.392,40.83,45,주의
2026-06-15 02:21:10,ROBOT_02,60.32,9.721,2.628,46.676,36.75,45,정상
2026-06-15 02:21:10,ROBOT_03,50,7.578,1.558,48.395,35.39,3,정상
2026-06-15 02:21:10,ROBOT_04,72.24,15.341,5.835,43.585,50.12,45,위험
2026-06-15 03:14:10,ROBOT_01,57.55,10.916,2.285,46.458,40.91,45,정상
2026-06-15 03:14:10,ROBOT_02,63.08,9.995,3.093,46.761,36.5,45,주의
2026-06-15 03:14:10,ROBOT_03,51.54,8.117,1.52,48.972,36.24,3,정상
2026-06-15 03:14:10,ROBOT_04,69.77,15.391,5.975,44.241,49.91,45,위험
2026-06-15 04:07:11,ROBOT_01,58.78,12.038,2.536,47.198,39.53,45,정상
2026-06-15 04:07:11,ROBOT_02,61.13,10.971,2.504,45.404,41.52,45,주의
2026-06-15 04:07:11,ROBOT_03,46.74,8.338,1.9,48.874,32.83,3,정상
2026-06-15 04:07:11,ROBOT_04,77.56,16.143,6.047,44.507,50.28,45,위험
2026-06-15 05:00:12,ROBOT_01,57.94,10.547,2.842,47.589,34.74,45,정상
2026-06-15 05:00:12,ROBOT_02,54.92,10.976,2.616,47.047,37.43,45,정상
2026-06-15 05:00:12,ROBOT_03,45.36,7.287,1.1,48.497,28.89,3,정상
2026-06-15 05:00:12,ROBOT_04,72.05,16.86,5.737,43.98,50.53,45,위험
2026-06-15 05:53:13,ROBOT_01,57.9,10.632,2.36,46.429,35.37,45,정상
2026-06-15 05:53:13,ROBOT_02,60.31,11.383,3.06,46.362,38.7,45,주의
2026-06-15 05:53:13,ROBOT_03,46.29,9.498,1.605,48.606,30.34,3,정상
2026-06-15 05:53:13,ROBOT_04,74.4,17.074,6.166,43.837,49.22,45,위험
2026-06-15 06:46:14,ROBOT_01,54.64,10.634,3.034,46.389,36.81,45,정상
2026-06-15 06:46:14,ROBOT_02,56.55,10.581,3.16,47.161,39.61,45,정상
2026-06-15 06:46:14,ROBOT_03,51.48,8.144,1.699,48.422,31.79,3,정상
2026-06-15 06:46:14,ROBOT_04,71.24,15.386,5.645,44.031,51.89,45,위험
2026-06-15 07:39:14,ROBOT_01,58.87,9.976,2.287,47.615,33.5,45,정상
2026-06-15 07:39:14,ROBOT_02,57.91,10.417,3.12,46.945,40.8,45,주의
2026-06-15 07:39:14,ROBOT_03,46.82,7.593,1.305,49.164,28.34,3,정상
2026-06-15 07:39:14,ROBOT_04,71.33,14.654,6.291,44.435,48.52,45,위험
2026-06-15 08:32:15,ROBOT_01,53.58,11.292,2.635,47.587,37.68,45,정상
2026-06-15 08:32:15,ROBOT_02,59.28,10.403,3.013,46.351,37.2,45,주의
2026-06-15 08:32:15,ROBOT_03,47.85,7.958,1.5,49.052,30.8,3,정상
2026-06-15 08:32:15,ROBOT_04,71.04,14.885,5.593,44.175,51,45,위험
2026-06-15 09:25:16,ROBOT_01,58.95,11.424,3.135,47.288,38.68,45,정상
2026-06-15 09:25:16,ROBOT_02,57,10.055,3.036,47.087,38.57,45,정상
2026-06-15 09:25:16,ROBOT_03,44.35,8.723,1.234,47.999,31.06,3,정상
2026-06-15 09:25:16,ROBOT_04,70.81,14.832,6.333,43.818,49.73,45,위험
2026-06-15 10:18:17,ROBOT_01,54.39,10.58,2.569,47.475,40.04,45,정상
2026-06-15 10:18:17,ROBOT_02,55.37,10.622,3.093,46.323,38.36,45,정상
2026-06-15 10:18:17,ROBOT_03,45.78,7.633,1.446,49.735,29.62,3,정상
2026-06-15 10:18:17,ROBOT_04,73.87,15.649,6.178,44.337,51.52,45,위험
2026-06-15 11:11:18,ROBOT_01,57.22,10.593,2.944,46.925,37.45,45,주의
2026-06-15 11:11:18,ROBOT_02,58.02,12.578,2.296,47.075,37.53,45,주의
2026-06-15 11:11:18,ROBOT_03,45.91,8.316,1.408,48.898,32.79,3,정상
2026-06-15 11:11:18,ROBOT_04,74.9,16.445,6.156,44.151,49.12,45,위험
2026-06-15 12:04:18,ROBOT_01,61.84,12.806,2.949,45.868,43.24,45,주의
2026-06-15 12:04:18,ROBOT_02,56.73,10.219,3.251,47.074,43.17,45,정상
2026-06-15 12:04:18,ROBOT_03,48.45,8.936,1.261,48.628,29.66,3,정상
2026-06-15 12:04:18,ROBOT_04,70.77,15.194,6.217,44.627,48.3,45,위험
2026-06-15 12:57:19,ROBOT_01,54.22,9.365,2.717,46.959,38.96,45,정상
2026-06-15 12:57:19,ROBOT_02,57.63,10.408,3.257,47.347,40.28,45,정상
2026-06-15 12:57:19,ROBOT_03,45.35,8.087,1.489,47.479,31.2,3,정상
2026-06-15 12:57:19,ROBOT_04,76.85,14.953,6.087,44.174,49.39,45,위험
2026-06-15 13:50:20,ROBOT_01,57.67,11.62,2.861,46.444,41.94,45,주의
2026-06-15 13:50:20,ROBOT_02,58.08,11.761,3.176,46.463,40.21,45,주의
2026-06-15 13:50:20,ROBOT_03,55.32,8.501,2.074,47.826,35.24,3,정상
2026-06-15 13:50:20,ROBOT_04,79.76,16.897,5.659,43.068,52.96,45,위험
2026-06-15 14:43:21,ROBOT_01,58.04,10.557,2.997,47.247,37.4,45,정상
2026-06-15 14:43:21,ROBOT_02,59.65,10.793,2.993,46.21,40.14,45,주의
2026-06-15 14:43:21,ROBOT_03,47.05,10.37,1.138,47.854,31.62,3,정상
2026-06-15 14:43:21,ROBOT_04,79.28,16.166,6.675,44.158,55.01,45,위험
2026-06-15 15:36:21,ROBOT_01,58.78,11.961,2.742,46.687,39.56,45,정상
2026-06-15 15:36:21,ROBOT_02,58.67,10.01,3.364,45.908,40.45,45,주의
2026-06-15 15:36:21,ROBOT_03,52.43,8.734,1.315,47.705,32.25,3,정상
2026-06-15 15:36:21,ROBOT_04,78.14,15.524,6.561,42.928,52.23,45,위험
2026-06-15 16:29:22,ROBOT_01,63.87,11.062,3.026,46.581,42.92,45,정상
2026-06-15 16:29:22,ROBOT_02,63.47,12.021,3.362,46.561,41.07,45,주의
2026-06-15 16:29:22,ROBOT_03,51.17,8.522,1.684,47.282,36.37,3,정상
2026-06-15 16:29:22,ROBOT_04,79.39,16.052,6.457,43.305,55.01,45,위험
2026-06-15 17:22:23,ROBOT_01,59.05,11.75,3.041,46.717,41.79,45,주의
2026-06-15 17:22:23,ROBOT_02,61.1,12.041,2.93,46.911,43.22,45,주의
2026-06-15 17:22:23,ROBOT_03,49.59,10.278,1.725,47.781,37.56,3,정상
2026-06-15 17:22:23,ROBOT_04,75.56,15.598,5.849,43.134,57.1,45,위험
2026-06-15 18:15:24,ROBOT_01,64.42,12.076,2.982,46.094,41.46,45,정상
2026-06-15 18:15:24,ROBOT_02,60.55,11.695,3.048,46.576,39.89,45,주의
2026-06-15 18:15:24,ROBOT_03,48.92,8.67,1.019,47.933,33.28,3,정상
2026-06-15 18:15:24,ROBOT_04,78,15.931,5.679,43.101,52.73,45,위험
2026-06-15 19:08:25,ROBOT_01,58.47,11.655,3.55,47.561,39.79,45,주의
2026-06-15 19:08:25,ROBOT_02,59.84,11.566,3.121,46.079,41.39,45,주의
2026-06-15 19:08:25,ROBOT_03,51.58,10.431,1.943,48.177,31.76,3,정상
2026-06-15 19:08:25,ROBOT_04,73.98,16.507,5.767,43.808,51.78,45,위험
2026-06-15 20:01:25,ROBOT_01,59.75,11.464,3.362,46.116,43.67,45,주의
2026-06-15 20:01:25,ROBOT_02,63.65,11.616,3.371,46.278,41.01,45,주의
2026-06-15 20:01:25,ROBOT_03,53.42,9.357,1.708,47.693,34.31,3,정상
2026-06-15 20:01:25,ROBOT_04,79.98,15.918,6.064,43.887,53.73,45,위험
2026-06-15 20:54:26,ROBOT_01,58.14,12.251,3.203,46.446,40.94,45,주의
2026-06-15 20:54:26,ROBOT_02,59.01,11.67,3.551,46.298,40.71,45,주의
2026-06-15 20:54:26,ROBOT_03,53.89,8.861,1.834,47.889,34.79,3,정상
2026-06-15 20:54:26,ROBOT_04,78.48,15.547,6.168,44.255,50.1,45,위험
2026-06-15 21:47:27,ROBOT_01,61.71,11.571,2.947,47.345,40.02,45,정상
2026-06-15 21:47:27,ROBOT_02,63.79,10.768,2.695,46.6,41.66,45,주의
2026-06-15 21:47:27,ROBOT_03,46.25,9.628,1.346,48.92,35.83,3,정상
2026-06-15 21:47:27,ROBOT_04,76.36,14.938,5.899,44.3,52.3,45,위험
2026-06-15 22:40:28,ROBOT_01,56.79,11.106,3.208,47.175,38.67,45,주의
2026-06-15 22:40:28,ROBOT_02,59.41,9.646,2.636,46.524,37.09,45,정상
2026-06-15 22:40:28,ROBOT_03,50.7,8.291,1.471,48.19,31.16,3,정상
2026-06-15 22:40:28,ROBOT_04,70.99,17.193,5.515,43.499,52.56,45,위험
2026-06-15 23:33:29,ROBOT_01,60.72,10.353,3.48,47.427,36.9,45,정상
2026-06-15 23:33:29,ROBOT_02,57.56,12.394,2.74,45.78,37.82,45,주의
2026-06-15 23:33:29,ROBOT_03,47.23,8.041,1.506,48.668,32.76,3,정상
2026-06-15 23:33:29,ROBOT_04,73.53,16.104,5.699,43.191,50.11,45,위험
2026-06-16 00:26:29,ROBOT_01,56.71,11.87,3.243,46.574,40.99,46,주의
2026-06-16 00:26:29,ROBOT_02,58.28,11.843,2.889,47.224,38.48,46,정상
2026-06-16 00:26:29,ROBOT_03,45.43,8.663,1.212,47.734,33.4,4,정상
2026-06-16 00:26:29,ROBOT_04,73.42,16.245,5.65,44.487,51.01,46,위험
2026-06-16 01:19:30,ROBOT_01,57.4,10.791,2.896,46.529,39.59,46,주의
2026-06-16 01:19:30,ROBOT_02,59.54,11.409,3.059,46.323,39.45,46,주의
2026-06-16 01:19:30,ROBOT_03,44.14,7.951,1.766,49.363,30.67,4,정상
2026-06-16 01:19:30,ROBOT_04,74.56,15.143,5.631,44.259,49.94,46,위험
2026-06-16 02:12:31,ROBOT_01,57.51,10.904,3.028,47.895,39.16,46,정상
2026-06-16 02:12:31,ROBOT_02,61.71,11.454,2.918,46.786,41.34,46,주의
2026-06-16 02:12:31,ROBOT_03,47.7,8.257,1.449,49.19,31.08,4,정상
2026-06-16 02:12:31,ROBOT_04,74.8,15.792,5.522,44.228,51.81,46,위험
2026-06-16 03:05:32,ROBOT_01,57.22,10.412,3.291,46.867,39.25,46,정상
2026-06-16 03:05:32,ROBOT_02,61.69,10.959,2.82,45.513,41.79,46,주의
2026-06-16 03:05:32,ROBOT_03,46.44,8.165,1.441,47.82,33.98,4,정상
2026-06-16 03:05:32,ROBOT_04,73.74,14.797,5.348,44.289,48.55,46,위험
2026-06-16 03:58:33,ROBOT_01,57.21,11.631,2.839,46.382,36.49,46,정상
2026-06-16 03:58:33,ROBOT_02,61.26,11.304,2.813,46.702,37.37,46,주의
2026-06-16 03:58:33,ROBOT_03,47.84,8.842,1.912,48.134,32.97,4,정상
2026-06-16 03:58:33,ROBOT_04,75.66,14.862,5.648,44.049,53.6,46,위험
2026-06-16 04:51:33,ROBOT_01,59.15,9.572,2.59,46.294,37.54,46,정상
2026-06-16 04:51:33,ROBOT_02,60.36,10.688,2.93,45.704,41.85,46,정상
2026-06-16 04:51:33,ROBOT_03,49.31,8.588,1.566,48.405,29.99,4,정상
2026-06-16 04:51:33,ROBOT_04,71.07,15.139,5.598,44.2,49.94,46,위험
2026-06-16 05:44:34,ROBOT_01,55.3,11.253,2.748,46.256,34.84,46,정상
2026-06-16 05:44:34,ROBOT_02,57.51,10.731,3.292,46.73,36.51,46,정상
2026-06-16 05:44:34,ROBOT_03,49.22,8.558,1.875,47.999,32.52,4,정상
2026-06-16 05:44:34,ROBOT_04,73.74,14.448,5.847,44.377,51.55,46,위험
2026-06-16 06:37:35,ROBOT_01,55.04,10.592,2.656,47.358,38.37,46,정상
2026-06-16 06:37:35,ROBOT_02,60.51,10.954,2.633,46.543,34.99,46,정상
2026-06-16 06:37:35,ROBOT_03,47.68,9.023,1.502,47.85,31.08,4,정상
2026-06-16 06:37:35,ROBOT_04,68.12,13.743,5.52,44.732,47.93,46,위험
2026-06-16 07:30:36,ROBOT_01,59,9.427,2.464,47.571,36.84,46,정상
2026-06-16 07:30:36,ROBOT_02,55.42,12.13,3.329,47.303,42.34,46,정상
2026-06-16 07:30:36,ROBOT_03,57.41,11.551,3.593,47.981,39.75,4,정상
2026-06-16 07:30:36,ROBOT_04,68.73,15.279,5.54,44.35,45.26,46,위험
2026-06-16 08:23:37,ROBOT_01,58.26,9.954,3.248,46.439,38.42,46,주의
2026-06-16 08:23:37,ROBOT_02,58.96,11.456,3.233,46.752,39.93,46,정상
2026-06-16 08:23:37,ROBOT_03,47.14,8.073,1.302,49.105,30.95,4,정상
2026-06-16 08:23:37,ROBOT_04,70.35,14.638,5.379,44.328,47.75,46,위험
2026-06-16 09:16:37,ROBOT_01,56.26,9.873,2.625,47.437,37.32,46,정상
2026-06-16 09:16:37,ROBOT_02,53.91,11.286,3.095,47.061,38.79,46,정상
2026-06-16 09:16:37,ROBOT_03,49.43,7.381,1.528,47.776,33.13,4,정상
2026-06-16 09:16:37,ROBOT_04,70.88,15.595,5.557,44.867,51.23,46,위험
2026-06-16 10:09:38,ROBOT_01,57.55,10.173,2.631,47.438,34.84,46,정상
2026-06-16 10:09:38,ROBOT_02,58.43,10.905,2.719,45.917,39.94,46,주의
2026-06-16 10:09:38,ROBOT_03,45.13,8.285,0.908,48.23,27.3,4,정상
2026-06-16 10:09:38,ROBOT_04,70.6,14.208,5.325,44.186,48.47,46,위험
2026-06-16 11:02:39,ROBOT_01,56.54,10.858,2.725,47.242,38.9,46,정상
2026-06-16 11:02:39,ROBOT_02,58.07,11.346,2.572,45.929,41.28,46,주의
2026-06-16 11:02:39,ROBOT_03,42.67,8.479,1.592,48.24,32.16,4,정상
2026-06-16 11:02:39,ROBOT_04,69.31,14.229,4.967,43.968,49.25,46,위험
2026-06-16 11:55:40,ROBOT_01,56.91,10.291,3.313,46.543,39.43,46,주의
2026-06-16 11:55:40,ROBOT_02,59.66,11.78,2.962,46.141,41.19,46,주의
2026-06-16 11:55:40,ROBOT_03,52.03,7.234,1.47,48.022,33.47,4,정상
2026-06-16 11:55:40,ROBOT_04,69.37,14.546,5.251,44.629,48.7,46,주의
2026-06-16 12:48:40,ROBOT_01,55.5,9.907,2.707,47.563,39.57,46,정상
2026-06-16 12:48:40,ROBOT_02,59.84,10.325,3.201,46.147,41.26,46,주의
2026-06-16 12:48:40,ROBOT_03,51.19,9.778,1.102,48.531,33.94,4,정상
2026-06-16 12:48:40,ROBOT_04,70.91,14.379,5.7,44.507,48.29,46,위험
2026-06-16 13:41:41,ROBOT_01,58.44,10.489,2.792,47.011,41.65,46,정상
2026-06-16 13:41:41,ROBOT_02,57.07,11.927,3.396,46.191,38.08,46,주의
2026-06-16 13:41:41,ROBOT_03,49.35,8.396,1.144,47.927,32.55,4,정상
2026-06-16 13:41:41,ROBOT_04,74.96,15.584,5.196,44.059,49.03,46,위험
2026-06-16 14:34:42,ROBOT_01,55.16,10.199,2.775,46.755,39.05,46,주의
2026-06-16 14:34:42,ROBOT_02,63.21,11.181,2.99,46.524,41.69,46,주의
2026-06-16 14:34:42,ROBOT_03,50.39,9.174,1.456,47.786,32.39,4,정상
2026-06-16 14:34:42,ROBOT_04,68.55,13.878,5.394,43.809,49.81,46,위험
2026-06-16 15:27:43,ROBOT_01,62.32,12.052,3.153,46.313,39.67,46,주의
2026-06-16 15:27:43,ROBOT_02,62.06,12.711,3.079,46.634,40.02,46,주의
2026-06-16 15:27:43,ROBOT_03,49.04,10.126,1.733,48.062,31.89,4,정상
2026-06-16 15:27:43,ROBOT_04,68.83,15.646,4.753,44.767,49.27,46,위험
2026-06-16 16:20:44,ROBOT_01,57.91,12.352,3.277,46.676,39.86,46,정상
2026-06-16 16:20:44,ROBOT_02,61.6,11.262,3.026,46.477,39.88,46,정상
2026-06-16 16:20:44,ROBOT_03,47.16,8.906,1.463,48.537,32.31,4,정상
2026-06-16 16:20:44,ROBOT_04,71.06,14.467,4.989,44.923,45.47,46,위험
2026-06-16 17:13:44,ROBOT_01,59.78,11.199,2.896,47.04,38.64,46,주의
2026-06-16 17:13:44,ROBOT_02,64.05,10.776,2.865,46.114,40.01,46,주의
2026-06-16 17:13:44,ROBOT_03,47.47,9.509,1.821,48.06,32.95,4,정상
2026-06-16 17:13:44,ROBOT_04,70.95,15.023,5.177,44.522,48.88,46,위험
2026-06-16 18:06:45,ROBOT_01,59.05,11.925,3.125,47.103,38.64,46,정상
2026-06-16 18:06:45,ROBOT_02,65.74,11.972,3.274,45.323,40.48,46,정상
2026-06-16 18:06:45,ROBOT_03,50.19,7.995,1.295,48.118,31.58,4,정상
2026-06-16 18:06:45,ROBOT_04,73.78,14.671,5.406,44.356,51.36,46,위험
2026-06-16 18:59:46,ROBOT_01,56.9,12.181,2.417,46.989,43.44,46,정상
2026-06-16 18:59:46,ROBOT_02,62.27,12.195,3.548,46.947,46.96,46,주의
2026-06-16 18:59:46,ROBOT_03,51.97,8.839,2.048,48.176,33,4,정상
2026-06-16 18:59:46,ROBOT_04,74.28,14.254,5.22,45.031,48.58,46,위험
2026-06-16 19:52:47,ROBOT_01,55.7,10.794,2.766,46.508,41.66,46,정상
2026-06-16 19:52:47,ROBOT_02,62.88,12.037,3.117,46.267,39.85,46,주의
2026-06-16 19:52:47,ROBOT_03,46.9,8.102,1.138,47.608,32.18,4,정상
2026-06-16 19:52:47,ROBOT_04,73.19,15.499,4.703,43.988,51.32,46,위험
2026-06-16 20:45:48,ROBOT_01,55.28,10.763,2.95,46.321,44.26,46,정상
2026-06-16 20:45:48,ROBOT_02,62.77,11.004,3.01,46.611,40.82,46,주의
2026-06-16 20:45:48,ROBOT_03,50.42,9.742,1.43,47.668,34.92,4,정상
2026-06-16 20:45:48,ROBOT_04,69.76,14.765,4.959,44.834,48.35,46,위험
2026-06-16 21:38:48,ROBOT_01,59.41,12.191,3.091,46.946,40.46,46,주의
2026-06-16 21:38:48,ROBOT_02,59.58,11.192,3.215,47.547,42.12,46,주의
2026-06-16 21:38:48,ROBOT_03,52.88,9.046,1.744,47.994,37.13,4,정상
2026-06-16 21:38:48,ROBOT_04,72.3,14.733,4.749,44.726,45.63,46,위험
2026-06-16 22:31:49,ROBOT_01,64.57,11.399,2.671,46.123,37.79,46,정상
2026-06-16 22:31:49,ROBOT_02,65.57,10.479,3.056,46.656,39.48,46,주의
2026-06-16 22:31:49,ROBOT_03,45.15,7.804,1.756,48.265,30.98,4,정상
2026-06-16 22:31:49,ROBOT_04,67.55,14.369,5.087,44.547,44.63,46,위험
2026-06-16 23:24:50,ROBOT_01,59.2,12.003,2.771,46.359,41.34,46,주의
2026-06-16 23:24:50,ROBOT_02,63.36,11.181,3.195,46.201,42.58,46,정상
2026-06-16 23:24:50,ROBOT_03,49.26,9.22,1.953,47.655,32.35,4,정상
2026-06-16 23:24:50,ROBOT_04,67.11,14.438,4.88,45.107,51.4,46,주의
2026-06-17 00:17:51,ROBOT_01,50.49,9.273,1.393,48.347,30.9,0,정상
2026-06-17 00:17:51,ROBOT_02,60.28,10.657,3.073,47.213,41.62,47,주의
2026-06-17 00:17:51,ROBOT_03,50.27,8.598,1.758,48.138,32.83,5,정상
2026-06-17 00:17:51,ROBOT_04,69.11,14.171,5.173,44.961,49.31,47,위험
2026-06-17 01:10:52,ROBOT_01,48.37,8.086,1.204,47.243,35.29,0,정상
2026-06-17 01:10:52,ROBOT_02,57.27,12.316,3.25,47.044,37.84,47,정상
2026-06-17 01:10:52,ROBOT_03,54.91,10.987,3.032,46.828,40.85,5,정상
2026-06-17 01:10:52,ROBOT_04,64.63,13.405,4.804,44.908,44.19,47,주의
2026-06-17 02:03:52,ROBOT_01,49.06,8.152,1.56,47.836,35.53,0,정상
2026-06-17 02:03:52,ROBOT_02,62.97,11.767,3.131,46.118,40.04,47,정상
2026-06-17 02:03:52,ROBOT_03,48.94,8.274,1.463,47.481,32.82,5,정상
2026-06-17 02:03:52,ROBOT_04,80.49,18.827,7.614,42.802,57.01,47,위험
2026-06-17 02:56:53,ROBOT_01,42.94,7.115,1.165,48.752,28.47,0,정상
2026-06-17 02:56:53,ROBOT_02,58.79,11.929,3.901,46.302,39.9,47,주의
2026-06-17 02:56:53,ROBOT_03,48.27,7.786,1.794,48.44,32.07,5,정상
2026-06-17 02:56:53,ROBOT_04,65.61,13.139,4.787,45.437,45.04,47,주의
2026-06-17 03:49:54,ROBOT_01,44.72,7.322,1.275,48.372,28.1,0,정상
2026-06-17 03:49:54,ROBOT_02,58.74,10.937,3.085,46.347,39.82,47,주의
2026-06-17 03:49:54,ROBOT_03,49.21,7.637,1.52,48.095,30.47,5,정상
2026-06-17 03:49:54,ROBOT_04,66.01,13.32,4.843,45.453,43.63,47,위험
2026-06-17 04:42:55,ROBOT_01,47.3,8.293,1.314,48.097,31.25,0,정상
2026-06-17 04:42:55,ROBOT_02,52.99,11.098,2.716,47.098,40.71,47,정상
2026-06-17 04:42:55,ROBOT_03,44.87,6.712,1.498,48.514,30.54,5,정상
2026-06-17 04:42:55,ROBOT_04,64.97,15.227,4.701,45.547,49.6,47,위험
2026-06-17 05:35:56,ROBOT_01,42.61,7.569,1.495,47.788,30.72,0,정상
2026-06-17 05:35:56,ROBOT_02,59.02,10.91,3.019,46.674,38.59,47,정상
2026-06-17 05:35:56,ROBOT_03,47.91,7.537,1.613,47.767,32.5,5,정상
2026-06-17 05:35:56,ROBOT_04,66.17,12.57,4.408,45.214,43.59,47,주의
2026-06-17 06:28:56,ROBOT_01,43.64,7.812,1.786,48.233,27.27,0,정상
2026-06-17 06:28:56,ROBOT_02,60.88,9.297,2.57,47.107,36.26,47,정상
2026-06-17 06:28:56,ROBOT_03,45.68,7.637,1.599,48.02,33.81,5,정상
2026-06-17 06:28:56,ROBOT_04,67.22,13.07,4.337,45.715,42.63,47,주의
2026-06-17 07:21:57,ROBOT_01,42.5,7.972,0.992,48.124,29.83,0,정상
2026-06-17 07:21:57,ROBOT_02,58.16,10.858,2.58,46.525,39.64,47,정상
2026-06-17 07:21:57,ROBOT_03,41.94,8.961,1.679,47.988,31.46,5,정상
2026-06-17 07:21:57,ROBOT_04,63.09,13.021,4.224,45.64,42.27,47,주의
2026-06-17 08:14:58,ROBOT_01,48.3,8.262,1.054,48.574,32.3,0,정상
2026-06-17 08:14:58,ROBOT_02,56.72,10.676,3.079,47.024,37.55,47,정상
2026-06-17 08:14:58,ROBOT_03,46.36,8.418,1.154,48.188,33.39,5,정상
2026-06-17 08:14:58,ROBOT_04,64.97,13.552,4.28,45.786,45.73,47,주의
2026-06-17 09:07:59,ROBOT_01,50.53,9.704,1.517,48.378,31.54,0,정상
2026-06-17 09:07:59,ROBOT_02,58.18,10.783,3.301,46.498,39.68,47,정상
2026-06-17 09:07:59,ROBOT_03,39.67,7.13,1.8,48.829,29.84,5,정상
2026-06-17 09:07:59,ROBOT_04,67,13.598,3.529,46.336,42.02,47,주의
2026-06-17 10:00:59,ROBOT_01,46.85,7.815,1.347,48.853,29.02,0,정상
2026-06-17 10:00:59,ROBOT_02,58.32,10.072,2.868,47.37,34.29,47,정상
2026-06-17 10:00:59,ROBOT_03,45.96,7.792,1.864,49.016,30.35,5,정상
2026-06-17 10:00:59,ROBOT_04,61.61,11.884,4.301,45.848,43.74,47,주의
2026-06-17 10:54:00,ROBOT_01,44.21,8.139,1.604,48.87,30.99,0,정상
2026-06-17 10:54:00,ROBOT_02,61.65,10.627,2.745,46.851,37.56,47,주의
2026-06-17 10:54:00,ROBOT_03,49.11,7.923,1.156,48.461,31.6,5,정상
2026-06-17 10:54:00,ROBOT_04,65.07,12.789,4.495,45.013,43.76,47,주의
2026-06-17 11:47:01,ROBOT_01,46.12,7.131,1.337,49.096,29.58,0,정상
2026-06-17 11:47:01,ROBOT_02,58.93,11.222,3.263,45.855,44.52,47,주의
2026-06-17 11:47:01,ROBOT_03,47.23,8.026,1.393,48.282,33.87,5,정상
2026-06-17 11:47:01,ROBOT_04,66.19,13.148,4.323,45.926,42.66,47,주의
2026-06-17 12:40:02,ROBOT_01,52.39,8.688,1.638,47.603,32.59,0,정상
2026-06-17 12:40:02,ROBOT_02,60.18,11.461,2.867,46.335,42.27,47,정상
2026-06-17 12:40:02,ROBOT_03,51.02,8.904,1.891,48.649,36.38,5,정상
2026-06-17 12:40:02,ROBOT_04,67.08,13.688,3.671,45.787,44.67,47,주의
2026-06-17 13:33:03,ROBOT_01,48.87,9.196,1.518,48.708,33.52,0,정상
2026-06-17 13:33:03,ROBOT_02,59.18,12.436,3.33,46.057,39.49,47,주의
2026-06-17 13:33:03,ROBOT_03,49.39,8.922,1.355,48.345,32.05,5,정상
2026-06-17 13:33:03,ROBOT_04,68.25,14.885,4.446,45.145,47.95,47,주의
2026-06-17 14:26:03,ROBOT_01,49.98,8.853,1.036,49.133,32.73,0,정상
2026-06-17 14:26:03,ROBOT_02,58.37,12.029,2.794,45.871,38.08,47,주의
2026-06-17 14:26:03,ROBOT_03,48.72,9.233,1.78,48.461,34.43,5,정상
2026-06-17 14:26:03,ROBOT_04,64.43,14.481,4.015,44.946,48.63,47,주의
2026-06-17 15:19:04,ROBOT_01,48.88,7.522,1.853,48.418,34.58,0,정상
2026-06-17 15:19:04,ROBOT_02,61.95,10.772,2.947,46.798,42.39,47,정상
2026-06-17 15:19:04,ROBOT_03,51.84,7.623,1.385,48.173,32.96,5,정상
2026-06-17 15:19:04,ROBOT_04,64.66,12.558,3.88,44.446,48.83,47,주의
2026-06-17 16:12:05,ROBOT_01,50.89,9.31,1.7,47.741,34.43,0,정상
2026-06-17 16:12:05,ROBOT_02,59.51,12.345,2.833,45.678,41.2,47,정상
2026-06-17 16:12:05,ROBOT_03,52.19,7.747,1.003,48.109,32.29,5,정상
2026-06-17 16:12:05,ROBOT_04,66.85,13.129,3.812,45.281,44.37,47,주의
2026-06-17 17:05:06,ROBOT_01,53.04,8.584,1.838,48.249,33.48,0,정상
2026-06-17 17:05:06,ROBOT_02,61.83,11.851,2.52,46.657,38.83,47,정상
2026-06-17 17:05:06,ROBOT_03,59.57,12.488,4.142,46.035,44.79,5,주의
2026-06-17 17:05:06,ROBOT_04,68.42,12.217,3.873,45.421,41.76,47,주의
2026-06-17 17:58:07,ROBOT_01,52.98,9.251,1.805,48.036,36.76,0,정상
2026-06-17 17:58:07,ROBOT_02,64.47,12.282,3.249,46.137,42.3,47,주의
2026-06-17 17:58:07,ROBOT_03,52.72,9.38,1.714,48.52,39.39,5,정상
2026-06-17 17:58:07,ROBOT_04,68.77,12.138,4.516,45.068,46.81,47,위험
2026-06-17 18:51:07,ROBOT_01,47.36,8.154,0.712,47.799,33.47,0,정상
2026-06-17 18:51:07,ROBOT_02,60.02,11.107,3.567,46.652,37.95,47,정상
2026-06-17 18:51:07,ROBOT_03,53.74,9.116,1.731,47.875,37.09,5,정상
2026-06-17 18:51:07,ROBOT_04,69.89,13.231,4.409,45.531,47.89,47,주의
2026-06-17 19:44:08,ROBOT_01,50.48,9.363,1.412,48.703,32.98,0,정상
2026-06-17 19:44:08,ROBOT_02,61.1,11.474,3.303,46.005,39.44,47,주의
2026-06-17 19:44:08,ROBOT_03,53.56,9.5,1.697,48.446,34.33,5,정상
2026-06-17 19:44:08,ROBOT_04,68.73,12.129,4.363,45.039,44.88,47,주의
2026-06-17 20:37:09,ROBOT_01,51.65,9.242,1.485,48.6,35.82,0,정상
2026-06-17 20:37:09,ROBOT_02,63.04,12.563,3.137,46.882,44.81,47,주의
2026-06-17 20:37:09,ROBOT_03,53.97,10.726,1.168,47.822,36.17,5,정상
2026-06-17 20:37:09,ROBOT_04,65.6,13.907,3.732,44.874,45.34,47,위험
2026-06-17 21:30:10,ROBOT_01,47.14,9.119,0.936,48.436,32.23,0,정상
2026-06-17 21:30:10,ROBOT_02,63.22,13.423,3.053,46.233,41.96,47,주의
2026-06-17 21:30:10,ROBOT_03,50.03,9.61,2.009,47.754,35.79,5,정상
2026-06-17 21:30:10,ROBOT_04,64.22,12.224,4.081,45.648,44.8,47,주의
2026-06-17 22:23:11,ROBOT_01,52.78,8.981,1.581,47.939,39.36,0,정상
2026-06-17 22:23:11,ROBOT_02,60.65,11.678,2.551,46.228,43.23,47,주의
2026-06-17 22:23:11,ROBOT_03,46.84,9.48,1.556,48.219,36.95,5,정상
2026-06-17 22:23:11,ROBOT_04,67.28,12.81,4.186,45.563,44,47,주의
2026-06-17 23:16:11,ROBOT_01,46.65,8.348,1.551,48.07,33.18,0,정상
2026-06-17 23:16:11,ROBOT_02,59.91,10.896,2.824,45.891,39.61,47,주의
2026-06-17 23:16:11,ROBOT_03,54.62,8.682,1.791,48.667,36.72,5,정상
2026-06-17 23:16:11,ROBOT_04,67.71,13.899,3.621,45.108,47.7,47,위험
2026-06-18 00:09:12,ROBOT_01,52.2,8.85,1.3,48.238,36.03,1,정상
2026-06-18 00:09:12,ROBOT_02,59.89,12.121,3.467,45.929,41.55,48,주의
2026-06-18 00:09:12,ROBOT_03,50.88,9.209,1.961,47.948,35.67,6,정상
2026-06-18 00:09:12,ROBOT_04,63.79,12.99,4.155,45.568,42.24,48,위험
2026-06-18 01:02:13,ROBOT_01,46.29,8.221,1.23,48.734,31.61,1,정상
2026-06-18 01:02:13,ROBOT_02,61.8,11.13,3.17,46.579,40.5,48,주의
2026-06-18 01:02:13,ROBOT_03,45.26,8.677,1.071,47.851,34.99,6,정상
2026-06-18 01:02:13,ROBOT_04,63.18,12.52,3.653,45.844,43.97,48,주의
2026-06-18 01:55:14,ROBOT_01,46.26,8.157,1.375,48.022,33.85,1,정상
2026-06-18 01:55:14,ROBOT_02,56.72,11.023,2.898,47.904,39.31,48,정상
2026-06-18 01:55:14,ROBOT_03,48.59,8.338,1.84,48.546,35.18,6,정상
2026-06-18 01:55:14,ROBOT_04,64.24,12.299,3.885,45.739,45.83,48,주의
2026-06-18 02:48:15,ROBOT_01,47.18,7.89,0.991,48.393,29.11,1,정상
2026-06-18 02:48:15,ROBOT_02,62.05,11.363,2.777,46.763,38.51,48,정상
2026-06-18 02:48:15,ROBOT_03,51.26,9.971,1.414,47.562,33.47,6,정상
2026-06-18 02:48:15,ROBOT_04,59.6,12.076,4.267,46.762,38.81,48,주의
2026-06-18 03:41:15,ROBOT_01,48.7,7.733,1.425,48.237,31.75,1,정상
2026-06-18 03:41:15,ROBOT_02,58.38,10.053,2.434,46.749,42.15,48,정상
2026-06-18 03:41:15,ROBOT_03,48.15,9.043,1.913,48.253,32.36,6,정상
2026-06-18 03:41:15,ROBOT_04,64.12,13.24,3.65,46.047,44.39,48,주의
2026-06-18 04:34:16,ROBOT_01,46.12,7.773,1.486,47.899,32.7,1,정상
2026-06-18 04:34:16,ROBOT_02,63.78,11.196,2.758,45.633,39.84,48,정상
2026-06-18 04:34:16,ROBOT_03,44.07,7.535,1.543,48.718,30.88,6,정상
2026-06-18 04:34:16,ROBOT_04,62.2,10.761,3.5,45.487,39.71,48,정상
2026-06-18 05:27:17,ROBOT_01,52.77,9.082,2.1,47.407,34.23,1,정상
2026-06-18 05:27:17,ROBOT_02,60.24,11.577,3.03,46.502,36.18,48,주의
2026-06-18 05:27:17,ROBOT_03,50.85,9.139,1.768,48.397,32.89,6,정상
2026-06-18 05:27:17,ROBOT_04,60.47,10.898,3.34,46.056,40.99,48,주의
2026-06-18 06:20:18,ROBOT_01,43.82,9.134,1.327,47.75,34.43,1,정상
2026-06-18 06:20:18,ROBOT_02,57.51,9.809,3.14,46.724,36.29,48,정상
2026-06-18 06:20:18,ROBOT_03,45.71,7.812,1.541,48.606,28.86,6,정상
2026-06-18 06:20:18,ROBOT_04,62.88,12.538,3.417,46.135,37.87,48,주의
2026-06-18 07:13:18,ROBOT_01,47.98,7.142,1.111,49.161,30.41,1,정상
2026-06-18 07:13:18,ROBOT_02,58.07,10.789,3.225,46.81,36.05,48,주의
2026-06-18 07:13:18,ROBOT_03,47.54,8.569,1.358,48.309,34.17,6,정상
2026-06-18 07:13:18,ROBOT_04,58.17,11.425,3.901,45.651,38.77,48,주의
2026-06-18 08:06:19,ROBOT_01,47.85,7.946,1.602,48.371,31.58,1,정상
2026-06-18 08:06:19,ROBOT_02,60.07,10.343,2.699,46.919,35.78,48,정상
2026-06-18 08:06:19,ROBOT_03,46.27,9.709,1.012,49.069,30.81,6,정상
2026-06-18 08:06:19,ROBOT_04,60.32,11.547,3.208,46.968,38.38,48,주의
2026-06-18 08:59:20,ROBOT_01,48.13,8.249,1.492,48.233,28.35,1,정상
2026-06-18 08:59:20,ROBOT_02,56.88,11.399,2.682,46.161,42.35,48,정상
2026-06-18 08:59:20,ROBOT_03,42.39,7.483,1.175,48.659,30.7,6,정상
2026-06-18 08:59:20,ROBOT_04,59.6,12.465,3.384,46.634,38.06,48,주의
2026-06-18 09:52:21,ROBOT_01,45.9,8.322,1.309,48.196,27.61,1,정상
2026-06-18 09:52:21,ROBOT_02,54.4,11.133,2.434,46.102,36.11,48,정상
2026-06-18 09:52:21,ROBOT_03,52.6,9.226,1.291,47.93,33.51,6,정상
2026-06-18 09:52:21,ROBOT_04,58.87,11.541,3.496,46.189,38.45,48,주의
2026-06-18 10:45:22,ROBOT_01,46.94,8.571,1.622,47.627,31.7,1,정상
2026-06-18 10:45:22,ROBOT_02,58.85,12.142,3.217,46.73,39.75,48,정상
2026-06-18 10:45:22,ROBOT_03,47.92,7.661,1.459,48.238,34.21,6,정상
2026-06-18 10:45:22,ROBOT_04,57.3,11.34,3.381,46.83,38.09,48,정상
2026-06-18 11:38:22,ROBOT_01,44.11,6.962,1.135,48.785,28.63,1,정상
2026-06-18 11:38:22,ROBOT_02,56.33,12.226,3.237,47.245,44.3,48,정상
2026-06-18 11:38:22,ROBOT_03,46.04,8.274,1.57,48.854,32.57,6,정상
2026-06-18 11:38:22,ROBOT_04,62.28,11.193,3.751,46.005,42.65,48,주의
2026-06-18 12:31:23,ROBOT_01,49.03,8.109,1.478,48.172,32.82,1,정상
2026-06-18 12:31:23,ROBOT_02,60.93,11.785,3.679,46.615,43.46,48,주의
2026-06-18 12:31:23,ROBOT_03,45.83,8.222,1.708,49.39,32.15,6,정상
2026-06-18 12:31:23,ROBOT_04,58.57,12.458,3.6,45.986,42.51,48,주의
2026-06-18 13:24:24,ROBOT_01,46.59,8.694,1.625,48.733,35.49,1,정상
2026-06-18 13:24:24,ROBOT_02,57.63,10.79,2.94,46.605,39.15,48,정상
2026-06-18 13:24:24,ROBOT_03,54.19,10.261,1.047,48.466,33.92,6,정상
2026-06-18 13:24:24,ROBOT_04,59.7,11.831,3.571,46.439,41.07,48,주의
2026-06-18 14:17:25,ROBOT_01,49.64,8.481,1.725,48.627,31.09,1,정상
2026-06-18 14:17:25,ROBOT_02,61.96,10.695,2.892,46.689,39.11,48,정상
2026-06-18 14:17:25,ROBOT_03,44.57,8.305,1.815,48.537,34.96,6,정상
2026-06-18 14:17:25,ROBOT_04,60.83,12.733,3.544,45.335,41.03,48,주의
2026-06-18 15:10:26,ROBOT_01,48.6,9.489,1.598,47.502,31.01,1,정상
2026-06-18 15:10:26,ROBOT_02,62.41,11.334,3.128,45.652,42.66,48,정상
2026-06-18 15:10:26,ROBOT_03,53.21,9.718,1.5,47.954,32.23,6,정상
2026-06-18 15:10:26,ROBOT_04,61.55,12.048,3.555,46.287,42.16,48,주의
2026-06-18 16:03:26,ROBOT_01,53.81,10.584,1.405,47.256,36.33,1,정상
2026-06-18 16:03:26,ROBOT_02,58.34,11.821,3.273,46.023,38.18,48,주의
2026-06-18 16:03:26,ROBOT_03,48.64,9.402,1.601,48.194,37.92,6,정상
2026-06-18 16:03:26,ROBOT_04,68.37,12.431,3.391,44.363,42.72,48,주의
2026-06-18 16:56:27,ROBOT_01,51.1,9.982,0.99,47.911,32.5,1,정상
2026-06-18 16:56:27,ROBOT_02,63.22,11.735,3.666,46.363,40.78,48,주의
2026-06-18 16:56:27,ROBOT_03,52.45,9.328,1.517,48.062,35.27,6,정상
2026-06-18 16:56:27,ROBOT_04,63.85,11.761,3.556,45.61,47.47,48,주의
2026-06-18 17:49:28,ROBOT_01,51.6,9.415,1.434,48.395,37.53,1,정상
2026-06-18 17:49:28,ROBOT_02,62.1,12.463,2.689,46.646,46.19,48,정상
2026-06-18 17:49:28,ROBOT_03,49.86,10.041,1.517,48.587,36.52,6,정상
2026-06-18 17:49:28,ROBOT_04,66.1,12.885,3.57,45.736,44.84,48,위험
2026-06-18 18:42:29,ROBOT_01,55.45,9.823,2.069,47.742,35.33,1,정상
2026-06-18 18:42:29,ROBOT_02,62.17,10.658,3.004,46.107,38.51,48,정상
2026-06-18 18:42:29,ROBOT_03,53.8,9.64,1.568,47.644,35.82,6,정상
2026-06-18 18:42:29,ROBOT_04,61.53,13.413,3.38,45.512,39.58,48,주의
2026-06-18 19:35:30,ROBOT_01,52.46,8.835,1.776,47.653,34.93,1,정상
2026-06-18 19:35:30,ROBOT_02,61.19,10.536,2.994,47.407,40.89,48,주의
2026-06-18 19:35:30,ROBOT_03,46.59,8.962,1.88,48.06,32.88,6,정상
2026-06-18 19:35:30,ROBOT_04,65.14,11.626,3.4,46.541,40.34,48,주의
2026-06-18 20:28:30,ROBOT_01,51.62,8.742,2.036,48.105,33.61,1,정상
2026-06-18 20:28:30,ROBOT_02,58.59,12.039,2.926,46.524,43.94,48,주의
2026-06-18 20:28:30,ROBOT_03,45.76,9.217,2.216,48.12,33.09,6,정상
2026-06-18 20:28:30,ROBOT_04,64.17,11.899,3.43,46.224,42.12,48,주의
2026-06-18 21:21:31,ROBOT_01,48.71,8.538,1.68,48.188,33.88,1,정상
2026-06-18 21:21:31,ROBOT_02,58.07,10.789,3.38,46.548,40.18,48,주의
2026-06-18 21:21:31,ROBOT_03,50.32,8.814,1.511,48.07,34.3,6,정상
2026-06-18 21:21:31,ROBOT_04,58.83,11.928,3.208,45.58,43.95,48,정상
2026-06-18 22:14:32,ROBOT_01,50.94,8.563,1.089,48.113,31.52,1,정상
2026-06-18 22:14:32,ROBOT_02,62,10.191,3.196,45.731,46.93,48,정상
2026-06-18 22:14:32,ROBOT_03,49.95,10.32,1.599,47.952,37.13,6,정상
2026-06-18 22:14:32,ROBOT_04,67.61,11.359,3.841,45.738,42.75,48,주의
2026-06-18 23:07:33,ROBOT_01,54.9,8.79,1.485,48.143,33.16,1,정상
2026-06-18 23:07:33,ROBOT_02,62.7,13.033,3.092,46.121,43.46,48,주의
2026-06-18 23:07:33,ROBOT_03,52.2,8.818,1.995,48.099,34.42,6,정상
2026-06-18 23:07:33,ROBOT_04,63.14,10.724,2.997,46.1,42.33,48,주의
2026-06-19 00:00:34,ROBOT_01,49.47,8.223,1.872,48.185,34.3,2,정상
2026-06-19 00:00:34,ROBOT_02,57.81,11.905,3.267,46.204,43.22,49,주의
2026-06-19 00:00:34,ROBOT_03,50.05,9.52,1.448,49.047,30.5,7,정상
2026-06-19 00:00:34,ROBOT_04,67.08,12.347,3.23,45.764,41.86,49,주의
2026-06-19 00:53:34,ROBOT_01,52.68,8.75,1.463,48.026,35.49,2,정상
2026-06-19 00:53:34,ROBOT_02,65.81,11.942,3.333,46.868,39.01,49,주의
2026-06-19 00:53:34,ROBOT_03,49.48,8.623,1.538,47.675,29.72,7,정상
2026-06-19 00:53:34,ROBOT_04,62.53,10.01,3.408,46.103,42.5,49,주의
2026-06-19 01:46:35,ROBOT_01,47.77,7.652,1.465,48.485,32.11,2,정상
2026-06-19 01:46:35,ROBOT_02,60.18,11.363,2.684,45.771,39.34,49,주의
2026-06-19 01:46:35,ROBOT_03,51.03,7.558,1.868,48.629,30.19,7,정상
2026-06-19 01:46:35,ROBOT_04,61.39,12.359,3.062,45.862,41.54,49,정상
2026-06-19 02:39:36,ROBOT_01,52.78,7.77,1.519,48.416,35.8,2,정상
2026-06-19 02:39:36,ROBOT_02,59.13,10.918,2.82,47.128,40.08,49,정상
2026-06-19 02:39:36,ROBOT_03,50.4,8.264,1.283,47.696,34.44,7,정상
2026-06-19 02:39:36,ROBOT_04,60.71,11.267,3.506,45.888,39.35,49,주의
2026-06-19 03:32:37,ROBOT_01,48.33,8.277,1.695,49.052,32.23,2,정상
2026-06-19 03:32:37,ROBOT_02,58.27,10.429,3.291,46.016,40.17,49,정상
2026-06-19 03:32:37,ROBOT_03,45.5,7.902,1.958,48.655,34.15,7,정상
2026-06-19 03:32:37,ROBOT_04,61.58,12.635,3.817,46,44.68,49,주의
2026-06-19 04:25:38,ROBOT_01,49.66,7.558,1.93,47.957,30.66,2,정상
2026-06-19 04:25:38,ROBOT_02,55.78,9.346,3,46.21,39.26,49,정상
2026-06-19 04:25:38,ROBOT_03,46.96,9.867,1.494,48.216,33.03,7,정상
2026-06-19 04:25:38,ROBOT_04,60.31,10.801,3.22,46.591,37.14,49,정상
2026-06-19 05:18:38,ROBOT_01,47.15,7.243,1.387,49.155,28.14,2,정상
2026-06-19 05:18:38,ROBOT_02,60.71,11.24,2.618,46.772,35.64,49,정상
2026-06-19 05:18:38,ROBOT_03,47.53,8.851,1.794,48.838,30.23,7,정상
2026-06-19 05:18:38,ROBOT_04,64.61,11.634,3.364,45.887,42.38,49,주의
2026-06-19 06:11:39,ROBOT_01,48.96,8.942,1.099,48.474,31.45,2,정상
2026-06-19 06:11:39,ROBOT_02,57.39,10.802,3.416,46.688,38.96,49,정상
2026-06-19 06:11:39,ROBOT_03,43.51,8.342,1.388,48.602,28.79,7,정상
2026-06-19 06:11:39,ROBOT_04,60.41,10.573,2.81,46.948,37.7,49,정상
2026-06-19 07:04:40,ROBOT_01,48.29,8.493,1.831,48.312,32.78,2,정상
2026-06-19 07:04:40,ROBOT_02,57.62,10.913,3.106,47.385,38.7,49,정상
2026-06-19 07:04:40,ROBOT_03,41.32,7.249,1.27,48.929,36.74,7,정상
2026-06-19 07:04:40,ROBOT_04,60.1,11.893,2.848,46.998,39.61,49,주의
2026-06-19 07:57:41,ROBOT_01,46.82,8.516,1.905,48.29,32.55,2,정상
2026-06-19 07:57:41,ROBOT_02,59.66,9.937,3.31,46.58,39.24,49,정상
2026-06-19 07:57:41,ROBOT_03,45.67,7.578,1.487,47.577,32.4,7,정상
2026-06-19 07:57:41,ROBOT_04,54.9,10.567,2.999,45.805,36.48,49,주의
2026-06-19 08:50:41,ROBOT_01,39.49,8.183,0.959,47.973,28.4,2,정상
2026-06-19 08:50:41,ROBOT_02,61.64,11.124,2.808,46.09,38.62,49,정상
2026-06-19 08:50:41,ROBOT_03,49.79,9.101,1.75,47.959,32.3,7,정상
2026-06-19 08:50:41,ROBOT_04,54.22,11.392,2.383,46.568,39.24,49,주의
2026-06-19 09:43:42,ROBOT_01,48.43,9.057,1.348,48.792,33.95,2,정상
2026-06-19 09:43:42,ROBOT_02,57.29,9.977,2.624,46.787,37.14,49,정상
2026-06-19 09:43:42,ROBOT_03,49.76,8.414,1.109,48.66,30.92,7,정상
2026-06-19 09:43:42,ROBOT_04,62.32,10.252,3.564,46.901,39.5,49,주의
2026-06-19 10:36:43,ROBOT_01,45.67,9.41,1.197,47.723,31.55,2,정상
2026-06-19 10:36:43,ROBOT_02,58.22,10.705,3.39,46.667,37.98,49,정상
2026-06-19 10:36:43,ROBOT_03,49.96,7.689,1.532,47.678,31.79,7,정상
2026-06-19 10:36:43,ROBOT_04,59.91,11.62,3.321,45.837,37.56,49,주의
2026-06-19 11:29:44,ROBOT_01,48.36,8.658,1.519,48.418,27.68,2,정상
2026-06-19 11:29:44,ROBOT_02,66.79,11.979,3.353,45.827,40.21,49,주의
2026-06-19 11:29:44,ROBOT_03,47.62,9.396,1.891,47.977,30.39,7,정상
2026-06-19 11:29:44,ROBOT_04,63.36,11.962,3.506,45.539,42.71,49,주의
2026-06-19 12:22:45,ROBOT_01,48.42,7.387,1.312,48.35,34.07,2,정상
2026-06-19 12:22:45,ROBOT_02,60.04,12.085,3.027,45.98,38.58,49,주의
2026-06-19 12:22:45,ROBOT_03,49.62,7.932,2.052,48.418,34.23,7,정상
2026-06-19 12:22:45,ROBOT_04,61.71,11.863,3.47,45.937,41.35,49,주의
2026-06-19 13:15:45,ROBOT_01,51.2,9.428,1.136,47.882,34.36,2,정상
2026-06-19 13:15:45,ROBOT_02,63.19,11.119,2.844,47.012,39.43,49,주의
2026-06-19 13:15:45,ROBOT_03,46.48,7.92,1.642,48.932,29.14,7,정상
2026-06-19 13:15:45,ROBOT_04,57.12,11.347,2.92,46.659,39.53,49,정상
2026-06-19 14:08:46,ROBOT_01,48.83,8.618,1.415,47.802,34.94,2,정상
2026-06-19 14:08:46,ROBOT_02,62.34,11.989,2.683,46.189,41.03,49,주의
2026-06-19 14:08:46,ROBOT_03,53.98,9.77,1.441,48.066,35.58,7,정상
2026-06-19 14:08:46,ROBOT_04,63.32,11.296,2.792,45.435,41.39,49,정상
2026-06-19 15:01:47,ROBOT_01,44.74,8.785,1.036,48.139,29.55,2,정상
2026-06-19 15:01:47,ROBOT_02,62.13,10.565,3.279,46.102,42.83,49,정상
2026-06-19 15:01:47,ROBOT_03,52.85,9.686,1.739,48.254,37.01,7,정상
2026-06-19 15:01:47,ROBOT_04,62.77,12.444,3.441,46.204,43.96,49,주의
2026-06-19 15:54:48,ROBOT_01,49.55,8.721,1.754,48.15,33.5,2,정상
2026-06-19 15:54:48,ROBOT_02,59.78,10.867,2.822,46.299,37.48,49,정상
2026-06-19 15:54:48,ROBOT_03,52.38,9.526,2.022,47.908,35.06,7,정상
2026-06-19 15:54:48,ROBOT_04,64.08,11.722,2.814,45.887,40.92,49,주의
2026-06-19 16:47:49,ROBOT_01,53.1,8.287,2.081,48.272,35.92,2,정상
2026-06-19 16:47:49,ROBOT_02,61.47,11.672,3.168,45.876,43,49,주의
2026-06-19 16:47:49,ROBOT_03,45.76,7.953,1.434,47.954,33.47,7,정상
2026-06-19 16:47:49,ROBOT_04,67.05,12.851,3.185,45.314,43.49,49,주의
2026-06-19 17:40:49,ROBOT_01,53.09,10.519,1.703,47.903,35.03,2,정상
2026-06-19 17:40:49,ROBOT_02,70.41,15.113,5.179,44.789,50.95,49,위험
2026-06-19 17:40:49,ROBOT_03,51.6,10.53,1.578,48.393,34.81,7,정상
2026-06-19 17:40:49,ROBOT_04,65.14,12.13,3.219,45.527,40.52,49,주의
2026-06-19 18:33:50,ROBOT_01,50.97,9.228,1.811,47.417,37.94,2,정상
2026-06-19 18:33:50,ROBOT_02,60.73,10.832,3.25,46.149,39.46,49,정상
2026-06-19 18:33:50,ROBOT_03,49.49,8.963,1.432,47.96,35.49,7,정상
2026-06-19 18:33:50,ROBOT_04,63.32,12.226,3.318,46.664,41.08,49,주의
2026-06-19 19:26:51,ROBOT_01,50.6,8.538,1.536,47.605,34.57,2,정상
2026-06-19 19:26:51,ROBOT_02,59.75,11.919,3.3,46.484,40.5,49,정상
2026-06-19 19:26:51,ROBOT_03,54.63,10.029,1.925,48.588,33.14,7,정상
2026-06-19 19:26:51,ROBOT_04,61.4,11.907,3.292,46.532,43.22,49,주의
2026-06-19 20:19:52,ROBOT_01,52.43,9.785,2.138,47.628,34.34,2,정상
2026-06-19 20:19:52,ROBOT_02,63.53,10.607,2.612,45.864,40.57,49,주의
2026-06-19 20:19:52,ROBOT_03,50.95,9.143,1.851,47.56,30.77,7,정상
2026-06-19 20:19:52,ROBOT_04,60.46,11.022,3.534,46.111,43.49,49,주의
2026-06-19 21:12:53,ROBOT_01,45.45,8.674,1.755,48.051,33.25,2,정상
2026-06-19 21:12:53,ROBOT_02,61.37,11.807,2.886,47.446,41.75,49,정상
2026-06-19 21:12:53,ROBOT_03,50.73,8.892,1.375,47.688,33.62,7,정상
2026-06-19 21:12:53,ROBOT_04,65.89,12.094,3.346,45.844,44.2,49,위험
2026-06-19 22:05:53,ROBOT_01,51.37,10.218,1.929,47.579,32.55,2,정상
2026-06-19 22:05:53,ROBOT_02,64.2,11.68,3.397,46.151,41.87,49,주의
2026-06-19 22:05:53,ROBOT_03,50.19,10.254,1.37,47.604,32.43,7,정상
2026-06-19 22:05:53,ROBOT_04,61.94,12.61,3.083,45.303,41.56,49,정상
2026-06-19 22:58:54,ROBOT_01,52.19,8.913,1.068,48.175,35.99,2,정상
2026-06-19 22:58:54,ROBOT_02,63.12,11.65,3.512,46.136,43.25,49,주의
2026-06-19 22:58:54,ROBOT_03,51.92,9.319,1.966,47.799,33.88,7,정상
2026-06-19 22:58:54,ROBOT_04,63.14,12.986,3.386,45.877,40.77,49,정상
2026-06-19 23:51:55,ROBOT_01,51.61,8.698,1.746,47.633,34.11,2,정상
2026-06-19 23:51:55,ROBOT_02,65.24,12.009,3.155,45.567,39.24,49,주의
2026-06-19 23:51:55,ROBOT_03,48.82,9.025,1.657,47.424,32.78,7,정상
2026-06-19 23:51:55,ROBOT_04,64.97,12.019,3.305,45.731,41.28,49,주의
2026-06-20 00:44:56,ROBOT_01,51.48,9.889,1.357,47.588,32.14,3,정상
2026-06-20 00:44:56,ROBOT_02,59.07,11.275,2.774,46.889,42.48,50,정상
2026-06-20 00:44:56,ROBOT_03,49.42,8.974,2.083,48.265,34.68,8,정상
2026-06-20 00:44:56,ROBOT_04,64.68,11.379,3.829,45.365,43.72,50,주의
2026-06-20 01:37:57,ROBOT_01,49.11,7.712,1.657,48.506,29.94,3,정상
2026-06-20 01:37:57,ROBOT_02,57.29,11.28,2.737,46.59,38.83,50,주의
2026-06-20 01:37:57,ROBOT_03,51,7.898,1.248,48.082,35.45,8,정상
2026-06-20 01:37:57,ROBOT_04,62.2,13.334,3.003,45.692,43.95,50,주의
2026-06-20 02:30:57,ROBOT_01,49.08,8.563,1.466,47.508,32.06,3,정상
2026-06-20 02:30:57,ROBOT_02,59.61,10.789,2.792,46.453,39.38,50,주의
2026-06-20 02:30:57,ROBOT_03,49.38,8.296,2.047,48.921,34.91,8,정상
2026-06-20 02:30:57,ROBOT_04,59.19,11.455,3.127,45.542,42.87,50,정상
2026-06-20 03:23:58,ROBOT_01,48.75,7.569,1.219,47.855,36.37,3,정상
2026-06-20 03:23:58,ROBOT_02,57.99,11.81,3.25,46.235,38.93,50,주의
2026-06-20 03:23:58,ROBOT_03,49.06,8.702,1.25,48.292,31.48,8,정상
2026-06-20 03:23:58,ROBOT_04,59.81,10.612,2.845,46.305,41,50,주의
2026-06-20 04:16:59,ROBOT_01,47.11,8.227,2.184,49.111,33.58,3,정상
2026-06-20 04:16:59,ROBOT_02,61.13,11.211,3.21,45.829,43.6,50,주의
2026-06-20 04:16:59,ROBOT_03,45.71,8.633,1.648,47.901,31.96,8,정상
2026-06-20 04:16:59,ROBOT_04,56.96,11.571,3.129,46.71,38.69,50,정상
2026-06-20 05:10:00,ROBOT_01,45.64,7.343,1.012,48.12,30.38,3,정상
2026-06-20 05:10:00,ROBOT_02,57.24,10.951,2.916,46.701,35.72,50,정상
2026-06-20 05:10:00,ROBOT_03,58.68,10.858,3.448,46.117,40.62,8,정상
2026-06-20 05:10:00,ROBOT_04,60.72,11.223,2.803,46.992,40.16,50,정상
2026-06-20 06:03:00,ROBOT_01,49.21,8.308,1.952,49.149,34.96,3,정상
2026-06-20 06:03:00,ROBOT_02,58.88,12.301,2.591,46.805,39.76,50,정상
2026-06-20 06:03:00,ROBOT_03,44.66,8.077,1.632,47.696,30.46,8,정상
2026-06-20 06:03:00,ROBOT_04,55.88,11.415,2.941,46.63,38.01,50,정상
2026-06-20 06:56:01,ROBOT_01,45.21,8.358,1.248,48.361,27.75,3,정상
2026-06-20 06:56:01,ROBOT_02,56.85,10.16,3.399,46.509,39.34,50,주의
2026-06-20 06:56:01,ROBOT_03,49.12,8.763,1.323,48.476,29.72,8,정상
2026-06-20 06:56:01,ROBOT_04,59.85,11.473,2.966,46.223,41.29,50,주의
2026-06-20 07:49:02,ROBOT_01,47.31,7.593,1.07,47.95,30.61,3,정상
2026-06-20 07:49:02,ROBOT_02,56.41,9.665,3.415,46.976,39.08,50,정상
2026-06-20 07:49:02,ROBOT_03,47.59,7.194,1.705,47.696,32.75,8,정상
2026-06-20 07:49:02,ROBOT_04,55.78,9.9,3.273,47.053,38.23,50,정상
2026-06-20 08:42:03,ROBOT_01,44.35,9.227,1.316,48.095,31.93,3,정상
2026-06-20 08:42:03,ROBOT_02,58.25,11.79,2.848,45.866,38.35,50,정상
2026-06-20 08:42:03,ROBOT_03,42.9,8.315,1.599,48.763,31,8,정상
2026-06-20 08:42:03,ROBOT_04,56.68,9.02,3.465,46.221,40.17,50,정상
2026-06-20 09:35:04,ROBOT_01,41.19,7.553,1.101,47.37,33.99,3,정상
2026-06-20 09:35:04,ROBOT_02,56.33,12.916,3.083,46.038,39.96,50,정상
2026-06-20 09:35:04,ROBOT_03,47.95,8.357,1.169,48.287,30.03,8,정상
2026-06-20 09:35:04,ROBOT_04,60.01,10.79,3.1,46.617,40.98,50,정상
2026-06-20 10:28:04,ROBOT_01,45.94,7.18,1.55,47.677,33.13,3,정상
2026-06-20 10:28:04,ROBOT_02,58.22,11.082,3.371,46.415,40.68,50,정상
2026-06-20 10:28:04,ROBOT_03,46.7,8.246,1.236,47.482,35.87,8,정상
2026-06-20 10:28:04,ROBOT_04,65,12.048,3.189,46.015,39.24,50,주의
2026-06-20 11:21:05,ROBOT_01,50.04,8.819,1.557,48.344,37.14,3,정상
2026-06-20 11:21:05,ROBOT_02,60.14,11.499,2.425,46.752,38.53,50,정상
2026-06-20 11:21:05,ROBOT_03,44.14,8.948,1.508,47.936,32.83,8,정상
2026-06-20 11:21:05,ROBOT_04,58.03,11.383,2.999,46.904,37.3,50,정상
2026-06-20 12:14:06,ROBOT_01,49.7,7.932,1.565,48.457,31.14,3,정상
2026-06-20 12:14:06,ROBOT_02,60.59,12.184,3.014,46.775,39.49,50,주의
2026-06-20 12:14:06,ROBOT_03,50.18,9.607,1.559,47.709,33.14,8,정상
2026-06-20 12:14:06,ROBOT_04,61.04,12.279,3.102,46.463,40.46,50,주의
2026-06-20 13:07:07,ROBOT_01,50.17,8.349,2.182,47.087,30.37,3,정상
2026-06-20 13:07:07,ROBOT_02,59.68,11.254,2.982,46.576,39.41,50,주의
2026-06-20 13:07:07,ROBOT_03,49.56,8.198,1.723,47.792,33.46,8,정상
2026-06-20 13:07:07,ROBOT_04,58.26,12.359,3.33,45.789,42.73,50,정상
2026-06-20 14:00:08,ROBOT_01,50.5,8.816,2.225,48.08,33.6,3,정상
2026-06-20 14:00:08,ROBOT_02,58.63,11.889,2.953,46.33,36.24,50,주의
2026-06-20 14:00:08,ROBOT_03,47.72,8.326,1.517,48.464,36.58,8,정상
2026-06-20 14:00:08,ROBOT_04,59.02,12.903,3.255,45.615,41.83,50,주의
2026-06-20 14:53:08,ROBOT_01,49.59,8.146,1.616,47.866,31.52,3,정상
2026-06-20 14:53:08,ROBOT_02,65,12.106,3.35,45.599,42.96,50,주의
2026-06-20 14:53:08,ROBOT_03,44.41,9.195,1.937,47.919,31.48,8,정상
2026-06-20 14:53:08,ROBOT_04,58.51,12.285,2.972,46.345,41.97,50,주의
2026-06-20 15:46:09,ROBOT_01,51.34,9.101,1.476,47.882,32.42,3,정상
2026-06-20 15:46:09,ROBOT_02,62.54,10.56,3.251,46.257,42.87,50,주의
2026-06-20 15:46:09,ROBOT_03,49.05,10.241,1.597,47.649,34.81,8,정상
2026-06-20 15:46:09,ROBOT_04,60.06,11.421,3.359,46.575,42.04,50,정상
2026-06-20 16:39:10,ROBOT_01,48.74,7.967,1.588,47.966,33.03,3,정상
2026-06-20 16:39:10,ROBOT_02,65.86,11.111,3.412,47.094,40.32,50,주의
2026-06-20 16:39:10,ROBOT_03,51.69,9.235,1.513,47.393,35.21,8,정상
2026-06-20 16:39:10,ROBOT_04,67.09,13.37,2.441,45.497,44.11,50,주의
2026-06-20 17:32:11,ROBOT_01,46.11,8.465,1.579,48.286,34.24,3,정상
2026-06-20 17:32:11,ROBOT_02,64.22,12.944,3.569,45.969,41.48,50,주의
2026-06-20 17:32:11,ROBOT_03,46.66,9.223,1.602,47.837,32.47,8,정상
2026-06-20 17:32:11,ROBOT_04,62.62,11.412,2.827,46.377,42.94,50,주의
2026-06-20 18:25:12,ROBOT_01,50.77,9.584,1.467,47.068,34.06,3,정상
2026-06-20 18:25:12,ROBOT_02,62.14,12.005,2.896,46.615,42.43,50,정상
2026-06-20 18:25:12,ROBOT_03,51.28,9.439,2.043,47.399,34.95,8,정상
2026-06-20 18:25:12,ROBOT_04,63.2,12.676,3.192,45.797,43.65,50,주의
2026-06-20 19:18:12,ROBOT_01,50.65,8.455,1.273,47.781,37.63,3,정상
2026-06-20 19:18:12,ROBOT_02,59.67,11.674,3.112,45.899,41.26,50,주의
2026-06-20 19:18:12,ROBOT_03,53.68,10.987,2.167,46.935,38.32,8,정상
2026-06-20 19:18:12,ROBOT_04,64.02,12.625,2.956,45.833,42.64,50,정상
2026-06-20 20:11:13,ROBOT_01,52.36,8.322,2.179,48.103,33.4,3,정상
2026-06-20 20:11:13,ROBOT_02,63.2,11.98,3.308,46.471,39.27,50,주의
2026-06-20 20:11:13,ROBOT_03,51.78,8.623,1.703,47.372,37,8,정상
2026-06-20 20:11:13,ROBOT_04,62.72,13.168,2.637,46.34,40.52,50,주의
2026-06-20 21:04:14,ROBOT_01,50.59,8.659,1.724,47.776,36.83,3,정상
2026-06-20 21:04:14,ROBOT_02,60.93,11.889,3.148,46.32,42.65,50,주의
2026-06-20 21:04:14,ROBOT_03,52.69,8.416,2.164,47.976,33.07,8,정상
2026-06-20 21:04:14,ROBOT_04,62.55,11.761,3.378,46.523,40.74,50,주의
2026-06-20 21:57:15,ROBOT_01,49.13,10.167,1.364,48.181,35.58,3,정상
2026-06-20 21:57:15,ROBOT_02,60.78,12.784,3.336,46.516,46.12,50,주의
2026-06-20 21:57:15,ROBOT_03,52.03,8.45,1.409,47.923,35.62,8,정상
2026-06-20 21:57:15,ROBOT_04,66.49,12.625,3.404,45.494,43.9,50,주의
2026-06-20 22:50:16,ROBOT_01,53.34,9.674,1.565,48.437,33.54,3,정상
2026-06-20 22:50:16,ROBOT_02,61.72,12.256,3.342,45.967,40.06,50,정상
2026-06-20 22:50:16,ROBOT_03,51.58,9.148,1.57,47.7,35.44,8,정상
2026-06-20 22:50:16,ROBOT_04,64.05,12.381,3.275,46.252,43.94,50,주의
2026-06-20 23:43:16,ROBOT_01,45.85,8.698,2.127,47.43,33.03,3,정상
2026-06-20 23:43:16,ROBOT_02,61.88,10.457,2.985,46.418,38.71,50,정상
2026-06-20 23:43:16,ROBOT_03,50.3,10.469,1.822,47.451,35.52,8,정상
2026-06-20 23:43:16,ROBOT_04,61.24,11.682,2.796,45.493,41.76,50,주의
2026-06-21 00:36:17,ROBOT_01,51.82,9.534,1.168,48.153,33.06,4,정상
2026-06-21 00:36:17,ROBOT_02,62.45,11.9,3.138,46.582,40.14,51,주의
2026-06-21 00:36:17,ROBOT_03,49.61,9.535,1.326,47.944,32.8,9,정상
2026-06-21 00:36:17,ROBOT_04,60.99,10.78,3.127,46.176,40.72,51,정상
2026-06-21 01:29:18,ROBOT_01,50.9,8.429,1.393,47.478,32.24,4,정상
2026-06-21 01:29:18,ROBOT_02,64.99,11.172,3.405,46.084,40.32,51,정상
2026-06-21 01:29:18,ROBOT_03,50.08,7.622,1.579,47.468,33.8,9,정상
2026-06-21 01:29:18,ROBOT_04,63.71,11.836,2.484,46.117,46.72,51,주의
2026-06-21 02:22:19,ROBOT_01,48.02,7.877,1.529,48.326,31.11,4,정상
2026-06-21 02:22:19,ROBOT_02,60.6,11.537,2.997,46.282,39.32,51,주의
2026-06-21 02:22:19,ROBOT_03,47.49,8.804,1.53,48.145,34.69,9,정상
2026-06-21 02:22:19,ROBOT_04,54.33,12.069,3.205,45.755,40.7,51,주의
2026-06-21 03:15:19,ROBOT_01,52.24,7.33,1.306,48.275,33,4,정상
2026-06-21 03:15:19,ROBOT_02,57.25,11.06,2.668,46.106,40.05,51,정상
2026-06-21 03:15:19,ROBOT_03,46.78,7.88,1.378,48.457,32.82,9,정상
2026-06-21 03:15:19,ROBOT_04,58.88,11.993,3.186,45.486,42,51,주의
2026-06-21 04:08:20,ROBOT_01,47.77,7.371,1.943,49.216,30.08,4,정상
2026-06-21 04:08:20,ROBOT_02,57.26,11.651,2.953,46.467,37.39,51,정상
2026-06-21 04:08:20,ROBOT_03,47.52,8.745,1.655,47.675,34.07,9,정상
2026-06-21 04:08:20,ROBOT_04,61.08,10.376,3.422,46.01,41.86,51,주의
2026-06-21 05:01:21,ROBOT_01,47.21,8.254,1.571,48.455,29.92,4,정상
2026-06-21 05:01:21,ROBOT_02,60.29,11.33,3.271,46.923,39.12,51,정상
2026-06-21 05:01:21,ROBOT_03,44.92,7.31,1.452,48.81,33.99,9,정상
2026-06-21 05:01:21,ROBOT_04,60.46,10.411,2.784,46.318,39.52,51,정상
2026-06-21 05:54:22,ROBOT_01,47.21,7.659,1.776,47.812,32.57,4,정상
2026-06-21 05:54:22,ROBOT_02,60.98,11.046,3.634,46.459,41.13,51,정상
2026-06-21 05:54:22,ROBOT_03,63.85,12.524,4.451,46.287,44.08,9,주의
2026-06-21 05:54:22,ROBOT_04,60.82,10.457,2.919,46.227,35.74,51,주의
2026-06-21 06:47:23,ROBOT_01,45.27,7.768,1.628,47.819,28.42,4,정상
2026-06-21 06:47:23,ROBOT_02,55.92,10.953,2.787,46.392,39.74,51,정상
2026-06-21 06:47:23,ROBOT_03,48.89,8.699,1.494,49.286,33.85,9,정상
2026-06-21 06:47:23,ROBOT_04,62.72,11.414,3.55,45.924,38.38,51,주의
2026-06-21 07:40:23,ROBOT_01,43.12,7.342,1.433,48.24,29.45,4,정상
2026-06-21 07:40:23,ROBOT_02,57.84,9.843,3.167,46.936,41.5,51,정상
2026-06-21 07:40:23,ROBOT_03,48.84,7.761,1.821,48.532,31.75,9,정상
2026-06-21 07:40:23,ROBOT_04,60,10.588,3.525,45.645,36.68,51,주의
2026-06-21 08:33:24,ROBOT_01,50.72,7.437,1.249,48.529,30.92,4,정상
2026-06-21 08:33:24,ROBOT_02,55.85,10.035,2.868,46.839,32.3,51,정상
2026-06-21 08:33:24,ROBOT_03,48.07,7.21,1.593,48.111,32.29,9,정상
2026-06-21 08:33:24,ROBOT_04,58.04,10.376,3.562,46.756,38.64,51,주의
2026-06-21 09:26:25,ROBOT_01,47.3,8.898,1.636,48.11,31.3,4,정상
2026-06-21 09:26:25,ROBOT_02,55.91,11.561,3.541,46.383,37.82,51,정상
2026-06-21 09:26:25,ROBOT_03,46.65,9.235,1.546,48.508,30.91,9,정상
2026-06-21 09:26:25,ROBOT_04,56.61,10.277,3.388,45.956,35.98,51,정상
2026-06-21 10:19:26,ROBOT_01,48.39,7.052,1.36,48.375,32.04,4,정상
2026-06-21 10:19:26,ROBOT_02,58.55,11.002,3.151,46.764,40.56,51,정상
2026-06-21 10:19:26,ROBOT_03,48.49,8.807,1.432,48.541,31.91,9,정상
2026-06-21 10:19:26,ROBOT_04,60.23,11.988,3.122,46.312,38.01,51,주의
2026-06-21 11:12:27,ROBOT_01,43.59,8.105,1.719,48.637,29.99,4,정상
2026-06-21 11:12:27,ROBOT_02,53.91,9.937,3.372,46.271,39.66,51,정상
2026-06-21 11:12:27,ROBOT_03,50.59,8.056,1.763,48.679,32.73,9,정상
2026-06-21 11:12:27,ROBOT_04,61.87,10.572,3.49,45.952,38.61,51,주의
2026-06-21 12:05:27,ROBOT_01,47.76,9.607,1.141,48.192,34.4,4,정상
2026-06-21 12:05:27,ROBOT_02,58.45,11.601,3.089,46.306,37.28,51,주의
2026-06-21 12:05:27,ROBOT_03,45.82,8.218,1.288,47.863,29.58,9,정상
2026-06-21 12:05:27,ROBOT_04,61.95,12.127,3.023,46.884,40.05,51,정상
2026-06-21 12:58:28,ROBOT_01,49.04,7.963,1.377,47.676,32.97,4,정상
2026-06-21 12:58:28,ROBOT_02,57.04,11.742,3.363,46.076,39.27,51,정상
2026-06-21 12:58:28,ROBOT_03,53.42,10.142,1.324,48.048,29.93,9,정상
2026-06-21 12:58:28,ROBOT_04,62.64,11.516,3.332,46.143,41.02,51,주의
2026-06-21 13:51:29,ROBOT_01,49.68,8.089,1.088,47.501,34.18,4,정상
2026-06-21 13:51:29,ROBOT_02,61.14,10.744,3.014,47.39,42.48,51,정상
2026-06-21 13:51:29,ROBOT_03,50.71,8.31,1.6,48.218,36.18,9,정상
2026-06-21 13:51:29,ROBOT_04,65.3,11.206,3.304,45.508,44.5,51,주의
2026-06-21 14:44:30,ROBOT_01,52.97,9.172,1.252,48.083,36.87,4,정상
2026-06-21 14:44:30,ROBOT_02,59.48,11.545,2.84,46.701,38.15,51,주의
2026-06-21 14:44:30,ROBOT_03,50.94,9.822,1.002,47.961,34.75,9,정상
2026-06-21 14:44:30,ROBOT_04,63.94,12.426,3.51,46.274,44.65,51,주의
2026-06-21 15:37:31,ROBOT_01,51.96,9.882,1.696,47.643,35.06,4,정상
2026-06-21 15:37:31,ROBOT_02,62.71,13.069,3.483,46.783,40.69,51,주의
2026-06-21 15:37:31,ROBOT_03,47.83,8.353,1.875,48.189,34.5,9,정상
2026-06-21 15:37:31,ROBOT_04,64.6,11.034,3.367,45.134,38.26,51,주의
2026-06-21 16:30:31,ROBOT_01,47.96,9.69,1.612,47.188,32.5,4,정상
2026-06-21 16:30:31,ROBOT_02,58.23,13.087,2.989,45.825,41.16,51,주의
2026-06-21 16:30:31,ROBOT_03,54.65,10.166,1.763,47.386,34.53,9,정상
2026-06-21 16:30:31,ROBOT_04,62.09,11.604,2.877,46.1,42.81,51,주의
2026-06-21 17:23:32,ROBOT_01,48.4,8.514,1.54,47.663,35.61,4,정상
2026-06-21 17:23:32,ROBOT_02,65.4,12.367,3.524,45.578,41.5,51,주의
2026-06-21 17:23:32,ROBOT_03,47.71,9.201,1.5,48.082,31.48,9,정상
2026-06-21 17:23:32,ROBOT_04,62.2,11.537,3.448,45.946,42.81,51,주의
2026-06-21 18:16:33,ROBOT_01,54.37,9.241,1.715,47.549,32.94,4,정상
2026-06-21 18:16:33,ROBOT_02,64.99,11.527,3.582,46.519,41.67,51,주의
2026-06-21 18:16:33,ROBOT_03,48.93,9.533,1.859,47.747,35.89,9,정상
2026-06-21 18:16:33,ROBOT_04,64.99,11.967,3.234,45.696,44.71,51,주의
2026-06-21 19:09:34,ROBOT_01,52.45,10.3,1.544,47.768,34.18,4,정상
2026-06-21 19:09:34,ROBOT_02,64,12.804,2.852,46.428,44.08,51,주의
2026-06-21 19:09:34,ROBOT_03,53.24,9.527,1.898,47.662,37.06,9,정상
2026-06-21 19:09:34,ROBOT_04,64.78,11.162,3.847,45.773,43.2,51,주의
2026-06-21 20:02:35,ROBOT_01,48.87,8.281,1.114,47.735,35.2,4,정상
2026-06-21 20:02:35,ROBOT_02,65.2,11.638,2.88,46.443,40.77,51,주의
2026-06-21 20:02:35,ROBOT_03,49.13,9.826,1.315,47.739,38.71,9,정상
2026-06-21 20:02:35,ROBOT_04,60.86,12.058,3.242,45.928,41.75,51,주의
2026-06-21 20:55:35,ROBOT_01,51.5,9.215,1.608,48.181,31.01,4,정상
2026-06-21 20:55:35,ROBOT_02,62.77,11.648,2.678,46.166,41.23,51,주의
2026-06-21 20:55:35,ROBOT_03,50.4,8.745,2.007,47.665,36.75,9,정상
2026-06-21 20:55:35,ROBOT_04,65.53,11.465,3.715,45.846,40.37,51,주의
2026-06-21 21:48:36,ROBOT_01,47.71,8.62,2.083,47.796,34.88,4,정상
2026-06-21 21:48:36,ROBOT_02,64.28,11.327,2.759,46.049,44.47,51,주의
2026-06-21 21:48:36,ROBOT_03,55.21,9.922,1.837,47.584,36.06,9,정상
2026-06-21 21:48:36,ROBOT_04,64.27,12.11,3.769,45.893,43.75,51,주의
2026-06-21 22:41:37,ROBOT_01,46.99,9.789,0.881,47.592,30.1,4,정상
2026-06-21 22:41:37,ROBOT_02,60.8,10.692,2.939,46.315,42.46,51,정상
2026-06-21 22:41:37,ROBOT_03,51.12,9.079,1.345,47.581,35.51,9,정상
2026-06-21 22:41:37,ROBOT_04,59.6,11.744,3.467,45.907,44.94,51,주의
2026-06-21 23:34:38,ROBOT_01,52.46,7.184,1.853,48.914,27.36,4,정상
2026-06-21 23:34:38,ROBOT_02,57.93,11.905,3.528,46.029,37.24,51,정상
2026-06-21 23:34:38,ROBOT_03,54.78,9.665,0.906,47.587,35.29,9,정상
2026-06-21 23:34:38,ROBOT_04,62.63,12.309,3.777,46.389,41.05,51,주의
2026-06-22 00:27:38,ROBOT_01,47.85,7.995,1.536,48.342,32.86,5,정상
2026-06-22 00:27:38,ROBOT_02,58.47,11.116,3.023,46.006,38.16,52,주의
2026-06-22 00:27:38,ROBOT_03,52.21,8.118,1.677,47.447,33.37,10,정상
2026-06-22 00:27:38,ROBOT_04,58.91,11.895,2.966,45.836,42.35,52,정상
2026-06-22 01:20:39,ROBOT_01,48.72,8.351,1.792,48.357,29.45,5,정상
2026-06-22 01:20:39,ROBOT_02,64.36,12.366,3.283,46.296,45.37,52,주의
2026-06-22 01:20:39,ROBOT_03,50.75,9.956,1.989,48.02,34.81,10,정상
2026-06-22 01:20:39,ROBOT_04,56.71,11.003,2.87,46.029,42.39,52,정상
2026-06-22 02:13:40,ROBOT_01,53.53,8.914,1.603,48.141,35.12,5,정상
2026-06-22 02:13:40,ROBOT_02,57.63,10.771,2.449,46.649,38.86,52,정상
2026-06-22 02:13:40,ROBOT_03,48.93,9.226,1.763,47.52,30.86,10,정상
2026-06-22 02:13:40,ROBOT_04,61.71,11.989,3.306,46.366,43.43,52,주의
2026-06-22 03:06:41,ROBOT_01,47.19,7.271,1.589,48.202,32.45,5,정상
2026-06-22 03:06:41,ROBOT_02,57.63,10.632,3.178,46.611,37.63,52,주의
2026-06-22 03:06:41,ROBOT_03,49.86,9.944,2.106,48.561,32.31,10,정상
2026-06-22 03:06:41,ROBOT_04,61.66,11.5,3.422,46.175,38.69,52,주의
2026-06-22 03:59:42,ROBOT_01,48.1,7.553,1.307,48.178,34.65,5,정상
2026-06-22 03:59:42,ROBOT_02,61.67,10.597,3.232,46.387,36.99,52,정상
2026-06-22 03:59:42,ROBOT_03,46.2,8.778,1.56,47.568,35.33,10,정상
2026-06-22 03:59:42,ROBOT_04,60.78,12.199,2.877,46.645,37.96,52,정상
2026-06-22 04:52:42,ROBOT_01,45.78,8.694,1.259,48.584,32.34,5,정상
2026-06-22 04:52:42,ROBOT_02,60.98,11.66,3.298,46.494,38.07,52,주의
2026-06-22 04:52:42,ROBOT_03,49.99,8.723,1.418,48.594,32.13,10,정상
2026-06-22 04:52:42,ROBOT_04,59.56,10.925,3.132,46.525,37.89,52,정상
2026-06-22 05:45:43,ROBOT_01,45.64,8.877,1.449,47.674,34.2,5,정상
2026-06-22 05:45:43,ROBOT_02,61.77,12.163,3.312,46.141,39.77,52,주의
2026-06-22 05:45:43,ROBOT_03,47.11,8.293,1.856,48.885,33.06,10,정상
2026-06-22 05:45:43,ROBOT_04,57.83,12.202,3.155,46.338,39.23,52,주의
2026-06-22 06:38:44,ROBOT_01,48.29,8.216,1.444,48.007,33.36,5,정상
2026-06-22 06:38:44,ROBOT_02,58.8,11.476,3.398,46.902,38.53,52,주의
2026-06-22 06:38:44,ROBOT_03,46.38,7.635,2.061,49.099,30.49,10,정상
2026-06-22 06:38:44,ROBOT_04,60.34,12.027,3.611,45.479,39.73,52,정상
2026-06-22 07:31:45,ROBOT_01,46.26,7.943,1.279,48.446,32.65,5,정상
2026-06-22 07:31:45,ROBOT_02,57.98,10.595,2.728,46.255,38.28,52,정상
2026-06-22 07:31:45,ROBOT_03,46.06,8.274,1.326,48.088,30.08,10,정상
2026-06-22 07:31:45,ROBOT_04,60.88,10.488,3.043,46.635,38.8,52,정상
2026-06-22 08:24:46,ROBOT_01,48.06,8.34,1.215,48.897,31.7,5,정상
2026-06-22 08:24:46,ROBOT_02,60.51,12.204,3.058,46.285,42.42,52,주의
2026-06-22 08:24:46,ROBOT_03,46.73,6.973,1.641,48.889,34.84,10,정상
2026-06-22 08:24:46,ROBOT_04,58.34,11.365,3.102,46.263,40.61,52,주의
2026-06-22 09:17:46,ROBOT_01,49.93,8.217,1.654,48.515,31.38,5,정상
2026-06-22 09:17:46,ROBOT_02,59.78,10.611,3.025,46.893,37.71,52,정상
2026-06-22 09:17:46,ROBOT_03,46.62,10.127,1.786,47.923,31.97,10,정상
2026-06-22 09:17:46,ROBOT_04,63.3,11.58,2.627,46.897,39.87,52,정상
2026-06-22 10:10:47,ROBOT_01,44.53,7.023,1.414,49.211,29.13,5,정상
2026-06-22 10:10:47,ROBOT_02,59.63,10.639,3.029,46.337,39.89,52,정상
2026-06-22 10:10:47,ROBOT_03,46.11,7.473,1.763,47.597,33.52,10,정상
2026-06-22 10:10:47,ROBOT_04,59.06,10.517,3.37,46.727,37.83,52,정상
2026-06-22 11:03:48,ROBOT_01,48.78,9.136,1.405,47.588,39,5,정상
2026-06-22 11:03:48,ROBOT_02,59.01,12.231,2.994,46.571,41.02,52,주의
2026-06-22 11:03:48,ROBOT_03,50.85,8.401,1.456,48.559,35.19,10,정상
2026-06-22 11:03:48,ROBOT_04,58.44,10.715,3.244,45.604,41.9,52,주의
2026-06-22 11:56:49,ROBOT_01,48.72,7.784,1.595,47.764,31.84,5,정상
2026-06-22 11:56:49,ROBOT_02,64.04,12.776,2.733,45.87,43.83,52,주의
2026-06-22 11:56:49,ROBOT_03,46.6,9.274,2.137,48.114,34.34,10,정상
2026-06-22 11:56:49,ROBOT_04,60.32,11.956,2.933,46.505,39.05,52,정상
2026-06-22 12:49:50,ROBOT_01,49.54,8.58,1.262,47.858,34,5,정상
2026-06-22 12:49:50,ROBOT_02,59.59,10.867,3.386,46.106,42.39,52,정상
2026-06-22 12:49:50,ROBOT_03,47.32,8.108,1.825,48.407,33.47,10,정상
2026-06-22 12:49:50,ROBOT_04,52.13,11.233,3.283,47.07,38.67,52,정상
2026-06-22 13:42:50,ROBOT_01,54.32,7.922,1.811,48.471,32.6,5,정상
2026-06-22 13:42:50,ROBOT_02,61.17,12.455,2.769,46.437,40.56,52,주의
2026-06-22 13:42:50,ROBOT_03,50.85,7.972,1.877,48.41,33.77,10,정상
2026-06-22 13:42:50,ROBOT_04,64.76,11.66,2.946,45.56,43.32,52,주의
2026-06-22 14:35:51,ROBOT_01,53.21,9.148,2.102,48.016,35.34,5,정상
2026-06-22 14:35:51,ROBOT_02,62.34,12.894,2.824,45.984,41.33,52,주의
2026-06-22 14:35:51,ROBOT_03,48.75,8.566,1.556,47.775,36,10,정상
2026-06-22 14:35:51,ROBOT_04,63.18,12.254,3.289,46.603,43.67,52,정상
2026-06-22 15:28:52,ROBOT_01,50.78,8.822,1.539,48.574,34.59,5,정상
2026-06-22 15:28:52,ROBOT_02,62.24,11.003,3.643,46.059,41.74,52,주의
2026-06-22 15:28:52,ROBOT_03,46.72,7.92,1.736,48.497,31.93,10,정상
2026-06-22 15:28:52,ROBOT_04,68.57,11.642,3.378,46.548,41.84,52,주의
2026-06-22 16:21:53,ROBOT_01,48.86,9.532,1.609,48.17,37.7,5,정상
2026-06-22 16:21:53,ROBOT_02,62.26,12.594,3.777,45.746,40.26,52,주의
2026-06-22 16:21:53,ROBOT_03,45.98,9.357,1.843,48.217,35.15,10,정상
2026-06-22 16:21:53,ROBOT_04,64.09,12.94,3.436,45.983,41.72,52,주의
2026-06-22 17:14:54,ROBOT_01,53.65,9.915,1.437,47.69,33.91,5,정상
2026-06-22 17:14:54,ROBOT_02,64.3,10.885,2.962,45.774,42.91,52,주의
2026-06-22 17:14:54,ROBOT_03,51.8,8.367,1.501,48.307,33.56,10,정상
2026-06-22 17:14:54,ROBOT_04,63.45,12.051,3.23,46.537,41.79,52,주의
2026-06-22 18:07:54,ROBOT_01,56.6,9.018,1.76,48.004,34.81,5,정상
2026-06-22 18:07:54,ROBOT_02,66.59,12.774,3.24,46.291,43.45,52,주의
2026-06-22 18:07:54,ROBOT_03,53.6,11.11,1.961,47.171,35.95,10,정상
2026-06-22 18:07:54,ROBOT_04,63.65,12.958,3.569,46.134,43.13,52,주의
2026-06-22 19:00:55,ROBOT_01,48.82,8.311,1.709,47.98,33.34,5,정상
2026-06-22 19:00:55,ROBOT_02,61.16,10.778,2.83,46.797,41.3,52,주의
2026-06-22 19:00:55,ROBOT_03,51.91,10.472,1.618,47.393,34.37,10,정상
2026-06-22 19:00:55,ROBOT_04,62.16,11.409,3.245,45.509,40.82,52,정상
2026-06-22 19:53:56,ROBOT_01,57.47,9.96,1.67,47.135,38.54,5,정상
2026-06-22 19:53:56,ROBOT_02,62.14,12.308,3.207,45.819,46.19,52,주의
2026-06-22 19:53:56,ROBOT_03,50.94,8.388,1.862,47.162,36.52,10,정상
2026-06-22 19:53:56,ROBOT_04,65.49,13.31,2.966,46.479,41.77,52,주의
2026-06-22 20:46:57,ROBOT_01,51.08,9.995,1.831,48.246,33.37,5,정상
2026-06-22 20:46:57,ROBOT_02,63.67,12.262,3.241,45.782,41.16,52,주의
2026-06-22 20:46:57,ROBOT_03,53.16,8.696,1.881,48.035,35.44,10,정상
2026-06-22 20:46:57,ROBOT_04,63.36,12.399,3.256,45.86,41.78,52,정상
2026-06-22 21:39:57,ROBOT_01,52.45,8.295,1.812,48.327,33.75,5,정상
2026-06-22 21:39:57,ROBOT_02,64.95,11.53,3.529,45.81,42.42,52,주의
2026-06-22 21:39:57,ROBOT_03,45.94,8.096,1.534,47.972,34.35,10,정상
2026-06-22 21:39:57,ROBOT_04,65.02,12.512,2.882,45.423,42.28,52,정상
2026-06-22 22:32:58,ROBOT_01,53.08,8.585,2.076,48.177,33.42,5,정상
2026-06-22 22:32:58,ROBOT_02,59.97,13.35,3.465,46.362,42.35,52,주의
2026-06-22 22:32:58,ROBOT_03,55.59,9.11,2.19,48.33,35.49,10,정상
2026-06-22 22:32:58,ROBOT_04,67.48,12.085,2.922,45.247,38.62,52,주의
2026-06-22 23:25:59,ROBOT_01,51.21,8.013,2.245,47.859,36.66,5,정상
2026-06-22 23:25:59,ROBOT_02,58.32,12.361,3.481,46.716,43.36,52,주의
2026-06-22 23:25:59,ROBOT_03,46.62,9.372,1.773,47.737,34.23,10,정상
2026-06-22 23:25:59,ROBOT_04,64.38,11.909,3.464,47.035,44.01,52,주의
2026-06-23 00:19:00,ROBOT_01,51.76,9.216,1.854,47.189,35.37,6,정상
2026-06-23 00:19:00,ROBOT_02,66.16,11.76,3.405,45.777,41.25,53,주의
2026-06-23 00:19:00,ROBOT_03,51.75,8.878,1.393,48.323,35.32,11,정상
2026-06-23 00:19:00,ROBOT_04,59.55,10.886,3.847,45.948,42.85,53,주의
2026-06-23 01:12:01,ROBOT_01,47.98,8.405,1.301,47.894,33.88,6,정상
2026-06-23 01:12:01,ROBOT_02,57.14,11.636,2.896,46.106,43.69,53,주의
2026-06-23 01:12:01,ROBOT_03,48.37,7.743,1.811,47.761,31.91,11,정상
2026-06-23 01:12:01,ROBOT_04,60.35,12.818,3.7,45.773,39.28,53,주의
2026-06-23 02:05:01,ROBOT_01,48.87,8.911,2.061,48.173,31.38,6,정상
2026-06-23 02:05:01,ROBOT_02,59.26,10.674,3.117,46.581,43.88,53,정상
2026-06-23 02:05:01,ROBOT_03,50.66,7.973,1.401,48.33,33.95,11,정상
2026-06-23 02:05:01,ROBOT_04,62.66,11.622,3.132,45.941,39.96,53,주의
2026-06-23 02:58:02,ROBOT_01,48.3,8.877,1.788,48.076,30.47,6,정상
2026-06-23 02:58:02,ROBOT_02,58.76,10.648,3.097,46.381,42.1,53,주의
2026-06-23 02:58:02,ROBOT_03,48.55,8.553,1.687,47.277,37.38,11,정상
2026-06-23 02:58:02,ROBOT_04,59.51,11.296,3.063,46.757,42.6,53,정상
2026-06-23 03:51:03,ROBOT_01,49.05,8.741,1.65,48.545,32.08,6,정상
2026-06-23 03:51:03,ROBOT_02,62.2,10.617,3.227,46.541,38.23,53,주의
2026-06-23 03:51:03,ROBOT_03,45.19,8.375,2.001,48.907,33.77,11,정상
2026-06-23 03:51:03,ROBOT_04,62.05,10.744,3.157,46.141,38.47,53,주의
2026-06-23 04:44:04,ROBOT_01,45.32,8.175,1.803,47.988,30.35,6,정상
2026-06-23 04:44:04,ROBOT_02,60.25,11.251,2.855,47.435,38.46,53,주의
2026-06-23 04:44:04,ROBOT_03,46.06,8.179,1.449,48.683,29.67,11,정상
2026-06-23 04:44:04,ROBOT_04,58.39,12.1,2.897,45.9,42.11,53,주의
2026-06-23 05:37:05,ROBOT_01,44,7.77,1.027,48.647,29.82,6,정상
2026-06-23 05:37:05,ROBOT_02,58.31,12.847,2.527,46.435,38.12,53,주의
2026-06-23 05:37:05,ROBOT_03,49.68,8.781,1.494,48.063,35.41,11,정상
2026-06-23 05:37:05,ROBOT_04,59.46,11.232,3.291,46.576,39.21,53,주의
2026-06-23 06:30:05,ROBOT_01,44.04,7.432,1.453,48.283,35.31,6,정상
2026-06-23 06:30:05,ROBOT_02,59.37,11.018,3.661,46.187,38.27,53,정상
2026-06-23 06:30:05,ROBOT_03,47.52,7.928,1.521,48.298,30.38,11,정상
2026-06-23 06:30:05,ROBOT_04,59.14,9.882,2.777,46.688,39.64,53,정상
2026-06-23 07:23:06,ROBOT_01,48.05,9.416,1.487,48.904,31.97,6,정상
2026-06-23 07:23:06,ROBOT_02,68.57,11.728,2.852,46.735,39.32,53,주의
2026-06-23 07:23:06,ROBOT_03,51.43,8.105,1.695,48.633,35.74,11,정상
2026-06-23 07:23:06,ROBOT_04,63.49,11.561,3.511,47.432,39.43,53,정상
2026-06-23 08:16:07,ROBOT_01,45.69,7.932,0.864,47.622,32.74,6,정상
2026-06-23 08:16:07,ROBOT_02,57.97,12.082,2.666,46.506,42.34,53,주의
2026-06-23 08:16:07,ROBOT_03,49.28,7.623,1.548,48.027,32.79,11,정상
2026-06-23 08:16:07,ROBOT_04,61.42,11.689,2.778,46.671,41.51,53,주의
2026-06-23 09:09:08,ROBOT_01,51.11,7.556,2.421,48.576,33.78,6,정상
2026-06-23 09:09:08,ROBOT_02,63.48,12.536,3.324,45.344,40.47,53,주의
2026-06-23 09:09:08,ROBOT_03,47.07,7.65,1.968,49.062,30.03,11,정상
2026-06-23 09:09:08,ROBOT_04,57.07,11.561,3.604,46.91,42.32,53,정상
2026-06-23 10:02:09,ROBOT_01,47.94,7.766,1.791,48.432,26.02,6,정상
2026-06-23 10:02:09,ROBOT_02,59.77,11.33,3.288,47.142,40.35,53,주의
2026-06-23 10:02:09,ROBOT_03,47.66,7.625,1.806,48.561,32.39,11,정상
2026-06-23 10:02:09,ROBOT_04,62.41,11.685,3.017,46.846,42.6,53,주의
2026-06-23 10:55:09,ROBOT_01,50.62,7.4,2.012,49.019,32.15,6,정상
2026-06-23 10:55:09,ROBOT_02,58.83,10.039,2.707,45.749,39.16,53,정상
2026-06-23 10:55:09,ROBOT_03,51.99,10.343,2.106,47.867,38.87,11,정상
2026-06-23 10:55:09,ROBOT_04,59.95,11.723,3.288,46.19,40.28,53,정상
2026-06-23 11:48:10,ROBOT_01,47.21,8.266,1.968,48.412,33.43,6,정상
2026-06-23 11:48:10,ROBOT_02,66.05,12.23,3.289,45.54,40.86,53,위험
2026-06-23 11:48:10,ROBOT_03,46.46,8.997,2.334,48.586,32.77,11,정상
2026-06-23 11:48:10,ROBOT_04,65.05,12.269,3.561,45.711,42.71,53,주의
2026-06-23 12:41:11,ROBOT_01,52.36,9.209,1.472,47.61,36.5,6,정상
2026-06-23 12:41:11,ROBOT_02,56.25,9.912,3.283,46.279,36.41,53,정상
2026-06-23 12:41:11,ROBOT_03,51.7,10.957,1.492,48.14,30.43,11,정상
2026-06-23 12:41:11,ROBOT_04,58.79,12.311,2.898,46.016,40.36,53,정상
2026-06-23 13:34:12,ROBOT_01,50.71,9.023,1.556,47.986,33.82,6,정상
2026-06-23 13:34:12,ROBOT_02,60.87,10.901,3.471,46.269,44.01,53,주의
2026-06-23 13:34:12,ROBOT_03,54.18,8.964,1.658,47.851,32.15,11,정상
2026-06-23 13:34:12,ROBOT_04,60.36,11.195,2.695,45.908,38.52,53,주의
2026-06-23 14:27:13,ROBOT_01,53.12,7.625,1.955,47.4,38.64,6,정상
2026-06-23 14:27:13,ROBOT_02,59.78,11.568,3.631,45.601,43.16,53,주의
2026-06-23 14:27:13,ROBOT_03,47.46,8.776,1.629,47.168,35.13,11,정상
2026-06-23 14:27:13,ROBOT_04,66.65,12.307,3.63,46.31,43.76,53,주의
2026-06-23 15:20:13,ROBOT_01,53.7,8.469,1.918,49.065,29.91,6,정상
2026-06-23 15:20:13,ROBOT_02,66.95,12.158,2.743,45.595,42.51,53,주의
2026-06-23 15:20:13,ROBOT_03,52.8,9.644,2.173,47.546,35.76,11,정상
2026-06-23 15:20:13,ROBOT_04,66.2,13.187,3.58,46.019,41.59,53,주의
2026-06-23 16:13:14,ROBOT_01,48.35,8.583,1.239,48.102,34.46,6,정상
2026-06-23 16:13:14,ROBOT_02,62.65,12.962,2.813,45.895,43.52,53,주의
2026-06-23 16:13:14,ROBOT_03,53.47,10.353,1.997,47.725,35.74,11,정상
2026-06-23 16:13:14,ROBOT_04,62.22,11.948,2.903,46.029,39.86,53,주의
2026-06-23 17:06:15,ROBOT_01,47.83,8.811,1.945,47.569,34.63,6,정상
2026-06-23 17:06:15,ROBOT_02,62.2,12.189,3.365,45.486,44.67,53,주의
2026-06-23 17:06:15,ROBOT_03,46.12,9.34,1.763,47.658,35.76,11,정상
2026-06-23 17:06:15,ROBOT_04,62.42,12.29,3.469,45.929,43.57,53,주의
2026-06-23 17:59:16,ROBOT_01,52.16,10.471,1.712,48.438,34.28,6,정상
2026-06-23 17:59:16,ROBOT_02,63.6,12.924,3.66,46.075,44.79,53,주의
2026-06-23 17:59:16,ROBOT_03,55.98,9.478,1.857,48.194,37.81,11,정상
2026-06-23 17:59:16,ROBOT_04,64.79,12.224,3.174,45.062,41.44,53,주의
2026-06-23 18:52:16,ROBOT_01,51.62,9.537,1.965,47.761,38.39,6,정상
2026-06-23 18:52:16,ROBOT_02,63.7,12.207,3.043,46.573,40.65,53,정상
2026-06-23 18:52:16,ROBOT_03,50.82,9.353,1.923,47.205,36.29,11,정상
2026-06-23 18:52:16,ROBOT_04,64.62,12.632,3.056,45.65,44.1,53,정상
2026-06-23 19:45:17,ROBOT_01,49.8,9.761,1.511,47.45,32.26,6,정상
2026-06-23 19:45:17,ROBOT_02,62.24,12.457,3.464,46.972,43.56,53,주의
2026-06-23 19:45:17,ROBOT_03,50.43,8.812,1.572,47.572,32.44,11,정상
2026-06-23 19:45:17,ROBOT_04,61.62,12.71,2.906,45.725,43.68,53,주의
2026-06-23 20:38:18,ROBOT_01,49.99,8.413,1.827,48.502,36.22,6,정상
2026-06-23 20:38:18,ROBOT_02,58.93,11.244,3.157,46.122,41.04,53,주의
2026-06-23 20:38:18,ROBOT_03,52.15,9.931,2.175,47.65,36.59,11,정상
2026-06-23 20:38:18,ROBOT_04,63.8,12.996,3.118,45.715,43.84,53,주의
2026-06-23 21:31:19,ROBOT_01,51.62,8.988,1.555,47.639,31.98,6,정상
2026-06-23 21:31:19,ROBOT_02,63.42,11.447,3.342,45.655,42.48,53,주의
2026-06-23 21:31:19,ROBOT_03,55.25,8.971,1.967,48.418,34.59,11,정상
2026-06-23 21:31:19,ROBOT_04,61.76,11.668,3.63,45.657,42.77,53,주의
2026-06-23 22:24:20,ROBOT_01,54.86,9.742,1.343,47.653,36.45,6,정상
2026-06-23 22:24:20,ROBOT_02,62.46,12.43,2.992,46.096,41.41,53,주의
2026-06-23 22:24:20,ROBOT_03,52.6,9.693,1.572,48.237,36.46,11,정상
2026-06-23 22:24:20,ROBOT_04,67.98,12.727,3.182,45.345,41.31,53,주의
2026-06-23 23:17:20,ROBOT_01,52.91,9.871,1.665,48.164,32.78,6,정상
2026-06-23 23:17:20,ROBOT_02,68.7,14.067,3.391,45.706,44.4,53,주의
2026-06-23 23:17:20,ROBOT_03,51.41,9.24,1.492,47.305,34.95,11,정상
2026-06-23 23:17:20,ROBOT_04,61.49,12.882,3.805,46.424,44.3,53,주의
2026-06-24 00:10:21,ROBOT_01,49.29,9.739,1.789,48.447,30.27,7,정상
2026-06-24 00:10:21,ROBOT_02,52.1,9.242,1.644,48.469,35.49,0,정상
2026-06-24 00:10:21,ROBOT_03,47.32,10.369,1.915,48.274,34.92,12,정상
2026-06-24 00:10:21,ROBOT_04,65.18,11.095,3.054,46.369,42.06,54,주의
2026-06-24 01:03:22,ROBOT_01,45.99,8.344,1.58,48.072,32.18,7,정상
2026-06-24 01:03:22,ROBOT_02,53.95,8.528,1.402,48.179,32.84,0,정상
2026-06-24 01:03:22,ROBOT_03,46.93,8.26,1.74,47.88,35.38,12,정상
2026-06-24 01:03:22,ROBOT_04,59.97,10.78,3.025,46.648,39.52,54,정상
2026-06-24 01:56:23,ROBOT_01,50.92,9.906,1.406,47.154,32.61,7,정상
2026-06-24 01:56:23,ROBOT_02,48.05,7.574,1.713,47.476,34.52,0,정상
2026-06-24 01:56:23,ROBOT_03,49.85,9.034,1.765,47.94,34.9,12,정상
2026-06-24 01:56:23,ROBOT_04,64.22,11.045,3.548,45.463,40.36,54,주의
2026-06-24 02:49:24,ROBOT_01,48.06,9.385,1.764,48.412,34.53,7,정상
2026-06-24 02:49:24,ROBOT_02,52.31,8.937,0.822,48.231,36.17,0,정상
2026-06-24 02:49:24,ROBOT_03,50.65,9.312,1.64,48.596,35.71,12,정상
2026-06-24 02:49:24,ROBOT_04,61.63,11.188,2.934,46.116,38.75,54,주의
2026-06-24 03:42:24,ROBOT_01,50.56,8.337,1.071,48.274,32.98,7,정상
2026-06-24 03:42:24,ROBOT_02,46.89,8.228,1.502,47.764,33.08,0,정상
2026-06-24 03:42:24,ROBOT_03,47.71,10.173,1.891,47.367,35.08,12,정상
2026-06-24 03:42:24,ROBOT_04,64.45,11.493,3.241,46.233,42.8,54,주의
2026-06-24 04:35:25,ROBOT_01,46.61,8.102,1.334,48.839,33.78,7,정상
2026-06-24 04:35:25,ROBOT_02,49.54,7.323,1.639,48.174,30.48,0,정상
2026-06-24 04:35:25,ROBOT_03,53.67,9.947,1.979,47.788,33.71,12,정상
2026-06-24 04:35:25,ROBOT_04,61.44,10.359,3.342,47.151,41.91,54,주의
2026-06-24 05:28:26,ROBOT_01,50.99,8.693,1.771,48.11,31.07,7,정상
2026-06-24 05:28:26,ROBOT_02,49.24,8.7,1.478,48.341,31.8,0,정상
2026-06-24 05:28:26,ROBOT_03,47.56,7.946,1.701,48.363,30.72,12,정상
2026-06-24 05:28:26,ROBOT_04,61.89,10.908,3.293,45.908,41.8,54,주의
2026-06-24 06:21:27,ROBOT_01,52.58,8.842,1.867,48.264,32.9,7,정상
2026-06-24 06:21:27,ROBOT_02,50.89,8.685,1.79,48.254,31.65,0,정상
2026-06-24 06:21:27,ROBOT_03,50.29,8.606,1.32,47.924,31.45,12,정상
2026-06-24 06:21:27,ROBOT_04,59.39,11.089,3.311,46.446,38.49,54,주의
2026-06-24 07:14:28,ROBOT_01,46.18,7.385,1.23,48.42,32.86,7,정상
2026-06-24 07:14:28,ROBOT_02,43.6,7.098,0.97,48.615,31.89,0,정상
2026-06-24 07:14:28,ROBOT_03,50.74,9.461,1.673,47.838,33.68,12,정상
2026-06-24 07:14:28,ROBOT_04,61.78,10.57,3.873,47.051,37.27,54,정상
2026-06-24 08:07:28,ROBOT_01,49.31,8.417,1.191,48.385,34.22,7,정상
2026-06-24 08:07:28,ROBOT_02,46.17,8.22,1.771,48.59,32.82,0,정상
2026-06-24 08:07:28,ROBOT_03,44.55,8.341,1.666,48.353,34.98,12,정상
2026-06-24 08:07:28,ROBOT_04,63.11,11.552,3.008,46.276,40.36,54,주의
2026-06-24 09:00:29,ROBOT_01,45.67,7.985,2.041,48.051,32.93,7,정상
2026-06-24 09:00:29,ROBOT_02,51.34,8.522,1.818,47.962,35.89,0,정상
2026-06-24 09:00:29,ROBOT_03,49.6,8.812,1.479,47.997,31.68,12,정상
2026-06-24 09:00:29,ROBOT_04,62.54,10.582,3.313,46.497,39.88,54,주의
2026-06-24 09:53:30,ROBOT_01,48.84,8.881,2.045,47.504,33.97,7,정상
2026-06-24 09:53:30,ROBOT_02,50.81,8.513,1.713,48.311,35.84,0,정상
2026-06-24 09:53:30,ROBOT_03,50.59,9.47,1.739,48.439,32.46,12,정상
2026-06-24 09:53:30,ROBOT_04,59.64,11.871,3.267,47.001,42.07,54,주의
2026-06-24 10:46:31,ROBOT_01,49,8.417,1.311,48.045,35.23,7,정상
2026-06-24 10:46:31,ROBOT_02,47.45,7.951,1.464,48.076,33.87,0,정상
2026-06-24 10:46:31,ROBOT_03,49.46,8.183,1.58,48.109,34.06,12,정상
2026-06-24 10:46:31,ROBOT_04,56.2,10.79,2.761,45.529,38.06,54,정상
2026-06-24 11:39:32,ROBOT_01,49.01,8.697,2.082,47.432,28.55,7,정상
2026-06-24 11:39:32,ROBOT_02,44.77,9.375,1.389,47.657,36.94,0,정상
2026-06-24 11:39:32,ROBOT_03,48.08,9.291,1.616,48.27,34.91,12,정상
2026-06-24 11:39:32,ROBOT_04,66.68,12.24,2.875,46.03,41.02,54,주의
2026-06-24 12:32:32,ROBOT_01,50.95,9.613,1.833,47.98,36.72,7,정상
2026-06-24 12:32:32,ROBOT_02,47.81,8.284,1.725,47.263,34.31,0,정상
2026-06-24 12:32:32,ROBOT_03,52.01,8.596,1.327,48.462,32.27,12,정상
2026-06-24 12:32:32,ROBOT_04,59.71,12.506,3.321,45.694,39.42,54,주의
2026-06-24 13:25:33,ROBOT_01,45.44,9.981,1.475,47.479,33.08,7,정상
2026-06-24 13:25:33,ROBOT_02,47.39,8.476,1.751,47.772,33,0,정상
2026-06-24 13:25:33,ROBOT_03,46.28,9.408,2.532,48.422,33.6,12,정상
2026-06-24 13:25:33,ROBOT_04,60.24,11.985,3.033,46.68,37.44,54,정상
2026-06-24 14:18:34,ROBOT_01,46.37,9.927,1.457,48.774,33.72,7,정상
2026-06-24 14:18:34,ROBOT_02,51.34,9.143,1.186,47.901,33.78,0,정상
2026-06-24 14:18:34,ROBOT_03,54.49,8.507,1.489,47.787,34.41,12,정상
2026-06-24 14:18:34,ROBOT_04,60.59,11.566,3.214,46.282,39.5,54,정상
2026-06-24 15:11:35,ROBOT_01,57.38,9.877,2.131,47.616,40.17,7,정상
2026-06-24 15:11:35,ROBOT_02,46.54,8.156,1.748,47.309,34.48,0,정상
2026-06-24 15:11:35,ROBOT_03,49.95,9.138,1.9,47.778,36.68,12,정상
2026-06-24 15:11:35,ROBOT_04,65.66,11.567,3.621,45.82,43.49,54,주의
2026-06-24 16:04:35,ROBOT_01,47.32,9.247,1.773,47.856,31.75,7,정상
2026-06-24 16:04:35,ROBOT_02,51.29,9.941,1.524,47.305,34.62,0,정상
2026-06-24 16:04:35,ROBOT_03,56.31,9.893,1.946,47.573,35.39,12,정상
2026-06-24 16:04:35,ROBOT_04,63.02,13.109,2.917,45.959,42.91,54,정상
2026-06-24 16:57:36,ROBOT_01,47.19,9.003,1.128,48.02,31.66,7,정상
2026-06-24 16:57:36,ROBOT_02,51.18,8.282,1.155,48.164,31.47,0,정상
2026-06-24 16:57:36,ROBOT_03,49.33,9.439,1.675,47.525,35.86,12,정상
2026-06-24 16:57:36,ROBOT_04,64.54,12.292,3.589,46.158,41.46,54,주의
2026-06-24 17:50:37,ROBOT_01,50.65,8.587,2.412,47.569,35.07,7,정상
2026-06-24 17:50:37,ROBOT_02,52.89,9.327,1.954,47.405,36.45,0,정상
2026-06-24 17:50:37,ROBOT_03,56.9,10.419,1.882,47.723,36.91,12,정상
2026-06-24 17:50:37,ROBOT_04,62.9,11.518,3.841,44.846,42.23,54,주의
2026-06-24 18:43:38,ROBOT_01,50.52,8.727,1.58,47.02,35.9,7,정상
2026-06-24 18:43:38,ROBOT_02,53.62,9.659,2.12,47.49,33.06,0,정상
2026-06-24 18:43:38,ROBOT_03,57.61,9.484,2.155,47.229,39.75,12,정상
2026-06-24 18:43:38,ROBOT_04,60.48,12.523,3.039,45.758,44.35,54,주의
2026-06-24 19:36:39,ROBOT_01,55.11,10.283,1.913,47.652,35.92,7,정상
2026-06-24 19:36:39,ROBOT_02,54.51,10.788,1.869,46.974,39.18,0,정상
2026-06-24 19:36:39,ROBOT_03,53.37,9.411,2.224,48.496,32.32,12,정상
2026-06-24 19:36:39,ROBOT_04,57.88,12.955,3.223,46.151,40.97,54,주의
2026-06-24 20:29:39,ROBOT_01,58.02,9.456,2.14,47.16,34.89,7,정상
2026-06-24 20:29:39,ROBOT_02,50.07,9.397,1.329,47.917,38.42,0,정상
2026-06-24 20:29:39,ROBOT_03,57.33,10.016,1.516,47.8,33.22,12,정상
2026-06-24 20:29:39,ROBOT_04,65.11,12.12,3.401,45.298,43.8,54,주의
2026-06-24 21:22:40,ROBOT_01,49.42,9.619,1.897,47.82,37.14,7,정상
2026-06-24 21:22:40,ROBOT_02,51.11,9.758,1.166,47.482,35.75,0,정상
2026-06-24 21:22:40,ROBOT_03,52.43,9.765,2.39,48.608,35.13,12,정상
2026-06-24 21:22:40,ROBOT_04,65.69,12.466,3.16,45.275,43.68,54,주의
2026-06-24 22:15:41,ROBOT_01,53.85,9.589,1.859,47.545,35.03,7,정상
2026-06-24 22:15:41,ROBOT_02,50.8,9.481,1.482,47.197,33.5,0,정상
2026-06-24 22:15:41,ROBOT_03,51.57,10.149,2.053,46.703,35.49,12,정상
2026-06-24 22:15:41,ROBOT_04,66.07,12.171,3.22,45.633,43.58,54,주의
2026-06-24 23:08:42,ROBOT_01,64.17,13.095,4.722,45.855,47.54,7,주의
2026-06-24 23:08:42,ROBOT_02,54.03,8.511,1.429,47.895,33.77,0,정상
2026-06-24 23:08:42,ROBOT_03,53.52,10.982,1.823,48.076,37.8,12,정상
2026-06-24 23:08:42,ROBOT_04,58.75,12.744,2.854,46.378,41.52,54,주의
2026-06-25 00:01:43,ROBOT_01,49.3,8.48,1.815,48.77,33.54,8,정상
2026-06-25 00:01:43,ROBOT_02,51.36,9.363,1.948,47.938,36.71,1,정상
2026-06-25 00:01:43,ROBOT_03,49.08,9.746,2.14,48.412,35.34,13,정상
2026-06-25 00:01:43,ROBOT_04,65.17,12.525,3.091,44.793,40.67,55,주의
2026-06-25 00:54:43,ROBOT_01,47.69,9.301,1.396,48.097,32.92,8,정상
2026-06-25 00:54:43,ROBOT_02,48.71,7.958,1.212,47.937,30.27,1,정상
2026-06-25 00:54:43,ROBOT_03,51.84,8.946,1.316,47.773,34.26,13,정상
2026-06-25 00:54:43,ROBOT_04,61.63,11.356,2.517,46.167,38.92,55,정상
2026-06-25 01:47:44,ROBOT_01,52.64,9.371,1.567,47.974,34.73,8,정상
2026-06-25 01:47:44,ROBOT_02,51.47,8.089,1.457,47.859,33.38,1,정상
2026-06-25 01:47:44,ROBOT_03,47.93,9.05,2.04,48.285,36.03,13,정상
2026-06-25 01:47:44,ROBOT_04,57.51,12.533,3.338,45.968,44.18,55,주의
2026-06-25 02:40:45,ROBOT_01,49.43,9.479,1.583,47.871,33.02,8,정상
2026-06-25 02:40:45,ROBOT_02,50.23,9.951,1.959,47.613,35.57,1,정상
2026-06-25 02:40:45,ROBOT_03,46.29,8.095,1.926,47.957,33.05,13,정상
2026-06-25 02:40:45,ROBOT_04,61.27,11.335,3.604,46.613,41.22,55,정상
2026-06-25 03:33:46,ROBOT_01,52.49,9.29,2.064,47.661,32.42,8,정상
2026-06-25 03:33:46,ROBOT_02,50.67,9.564,1.638,48.119,31.64,1,정상
2026-06-25 03:33:46,ROBOT_03,43.74,8.019,1.545,47.31,30.26,13,정상
2026-06-25 03:33:46,ROBOT_04,57.24,11.371,3.503,46.69,38.27,55,주의
2026-06-25 04:26:47,ROBOT_01,47.18,8.006,1.916,48.106,30.62,8,정상
2026-06-25 04:26:47,ROBOT_02,48.58,8.077,1.039,47.394,33.63,1,정상
2026-06-25 04:26:47,ROBOT_03,51.42,8.33,2.182,48.499,34.47,13,정상
2026-06-25 04:26:47,ROBOT_04,54.57,10.887,3.121,46.79,40.53,55,정상
2026-06-25 05:19:47,ROBOT_01,44.65,8.329,1.647,47.856,30.9,8,정상
2026-06-25 05:19:47,ROBOT_02,47.42,8.887,1.567,47.895,31.96,1,정상
2026-06-25 05:19:47,ROBOT_03,50.49,6.852,1.943,48.549,31.82,13,정상
2026-06-25 05:19:47,ROBOT_04,59.26,11.79,2.729,45.999,42.06,55,주의
2026-06-25 06:12:48,ROBOT_01,44.21,7.831,1.615,48.506,27.12,8,정상
2026-06-25 06:12:48,ROBOT_02,48.81,8.141,1.295,48.846,30.29,1,정상
2026-06-25 06:12:48,ROBOT_03,51.52,9.198,1.944,48.747,34.77,13,정상
2026-06-25 06:12:48,ROBOT_04,58.54,11.915,3.118,47.308,39.36,55,주의
2026-06-25 07:05:49,ROBOT_01,45.44,7.938,1.939,47.999,33,8,정상
2026-06-25 07:05:49,ROBOT_02,49.88,7.927,1.559,47.736,34.73,1,정상
2026-06-25 07:05:49,ROBOT_03,52.51,8.655,1.382,48.457,32.49,13,정상
2026-06-25 07:05:49,ROBOT_04,58.8,10.316,3.374,46.148,36.76,55,주의
2026-06-25 07:58:50,ROBOT_01,42.97,8.1,2.138,48.708,29.44,8,정상
2026-06-25 07:58:50,ROBOT_02,48.04,8.948,1.749,48.005,36.58,1,정상
2026-06-25 07:58:50,ROBOT_03,42.88,7.11,2.001,49.07,29.92,13,정상
2026-06-25 07:58:50,ROBOT_04,58.97,10.552,2.922,46.563,38.84,55,정상
2026-06-25 08:51:51,ROBOT_01,45.82,8.871,1.537,47.955,33.94,8,정상
2026-06-25 08:51:51,ROBOT_02,47.65,7.525,1.303,48.559,31.75,1,정상
2026-06-25 08:51:51,ROBOT_03,50.2,8.426,1.785,48.133,33.66,13,정상
2026-06-25 08:51:51,ROBOT_04,59.49,11.632,3.16,45.956,41.88,55,주의
2026-06-25 09:44:51,ROBOT_01,51.14,8.502,1.529,47.793,30.41,8,정상
2026-06-25 09:44:51,ROBOT_02,44.31,7.043,1.3,48.307,34.82,1,정상
2026-06-25 09:44:51,ROBOT_03,48.57,8.805,2.178,47.87,32.39,13,정상
2026-06-25 09:44:51,ROBOT_04,62.99,11.714,3.195,45.811,41.4,55,주의
2026-06-25 10:37:52,ROBOT_01,49.33,8.539,1.457,48.135,29.64,8,정상
2026-06-25 10:37:52,ROBOT_02,47.19,7.968,1.671,47.898,33.14,1,정상
2026-06-25 10:37:52,ROBOT_03,46.16,8.155,2.057,47.849,31.31,13,정상
2026-06-25 10:37:52,ROBOT_04,61.53,11.921,3.292,46.082,40.85,55,정상
2026-06-25 11:30:53,ROBOT_01,46.47,8.491,1.79,48.256,32.39,8,정상
2026-06-25 11:30:53,ROBOT_02,49.95,8.46,1.638,48.275,30.6,1,정상
2026-06-25 11:30:53,ROBOT_03,51.67,9.265,1.592,48.547,36.87,13,정상
2026-06-25 11:30:53,ROBOT_04,58.71,10.357,3.607,46.152,40.77,55,주의
2026-06-25 12:23:54,ROBOT_01,46.77,7.821,1.585,48.231,31.67,8,정상
2026-06-25 12:23:54,ROBOT_02,50.72,9.313,2.61,47.496,36.5,1,정상
2026-06-25 12:23:54,ROBOT_03,52.09,7.852,2.161,48.622,37.22,13,정상
2026-06-25 12:23:54,ROBOT_04,65.24,11.863,3.58,46.203,42.31,55,정상
2026-06-25 13:16:55,ROBOT_01,49.91,9.1,1.858,47.655,34.86,8,정상
2026-06-25 13:16:55,ROBOT_02,55.6,8.26,1.348,48.718,32.2,1,정상
2026-06-25 13:16:55,ROBOT_03,49.73,8.869,1.933,47.928,31.76,13,정상
2026-06-25 13:16:55,ROBOT_04,64.36,11.651,3.259,45.692,43.79,55,주의
2026-06-25 14:09:55,ROBOT_01,51,8.217,1.428,48.29,31.28,8,정상
2026-06-25 14:09:55,ROBOT_02,48.07,8.747,1.284,48.068,34.95,1,정상
2026-06-25 14:09:55,ROBOT_03,52.68,9.566,1.271,47.8,35.49,13,정상
2026-06-25 14:09:55,ROBOT_04,63.41,12.074,3.171,45.999,42.23,55,주의
2026-06-25 15:02:56,ROBOT_01,53.58,8.514,2.027,47.537,33.28,8,정상
2026-06-25 15:02:56,ROBOT_02,51.39,9.61,1.45,47.084,35.75,1,정상
2026-06-25 15:02:56,ROBOT_03,54.5,9.013,1.873,47.572,36.51,13,정상
2026-06-25 15:02:56,ROBOT_04,63.68,10.338,3.399,46.071,41.81,55,주의
2026-06-25 15:55:57,ROBOT_01,53.21,9.168,1.353,47.126,33.53,8,정상
2026-06-25 15:55:57,ROBOT_02,47.61,8.053,1.828,47.599,36.82,1,정상
2026-06-25 15:55:57,ROBOT_03,52.86,9.062,1.645,47.695,36.07,13,정상
2026-06-25 15:55:57,ROBOT_04,61.62,11.953,3.4,45.516,41.43,55,주의
2026-06-25 16:48:58,ROBOT_01,49.65,8.737,2.015,48.375,34.75,8,정상
2026-06-25 16:48:58,ROBOT_02,55.35,9.557,1.84,47.798,40.33,1,정상
2026-06-25 16:48:58,ROBOT_03,47.87,8.999,1.855,48.095,34.71,13,정상
2026-06-25 16:48:58,ROBOT_04,67.16,11.855,3.519,46.025,44.95,55,주의
2026-06-25 17:41:58,ROBOT_01,52.69,10.551,1.568,47.7,32.57,8,정상
2026-06-25 17:41:58,ROBOT_02,52.7,8.924,1.286,47.882,34.84,1,정상
2026-06-25 17:41:58,ROBOT_03,52.71,9.618,1.687,47.873,33.71,13,정상
2026-06-25 17:41:58,ROBOT_04,67.56,13.008,3.746,44.732,41.91,55,위험
2026-06-25 18:34:59,ROBOT_01,55.8,10.246,1.98,47.466,35.98,8,정상
2026-06-25 18:34:59,ROBOT_02,58.06,8.494,1.757,46.464,38.24,1,정상
2026-06-25 18:34:59,ROBOT_03,54.46,8.908,1.826,47.449,40.08,13,정상
2026-06-25 18:34:59,ROBOT_04,65.23,12.697,3.135,45.938,43.39,55,주의
2026-06-25 19:28:00,ROBOT_01,50.52,10.331,1.617,47.392,36.89,8,정상
2026-06-25 19:28:00,ROBOT_02,50.08,7.602,1.148,47.462,36.98,1,정상
2026-06-25 19:28:00,ROBOT_03,51.51,9.208,1.834,48.092,33.01,13,정상
2026-06-25 19:28:00,ROBOT_04,68.54,11.669,3.096,44.838,43.1,55,주의
2026-06-25 20:21:01,ROBOT_01,55.46,8.81,1.785,47.76,35.09,8,정상
2026-06-25 20:21:01,ROBOT_02,57.33,8.424,1.854,47.794,33.56,1,정상
2026-06-25 20:21:01,ROBOT_03,51.07,9.575,1.597,47.194,36.78,13,정상
2026-06-25 20:21:01,ROBOT_04,67.48,12.679,3.592,46.123,42.32,55,주의
2026-06-25 21:14:02,ROBOT_01,51.09,7.646,1.451,47.417,35.64,8,정상
2026-06-25 21:14:02,ROBOT_02,55.06,8.637,1.862,48.6,34.61,1,정상
2026-06-25 21:14:02,ROBOT_03,55.45,9.862,1.414,47.533,34.1,13,정상
2026-06-25 21:14:02,ROBOT_04,65.08,12.515,3.725,45.875,43.93,55,주의
2026-06-25 22:07:02,ROBOT_01,52.16,9.564,1.469,46.94,32.96,8,정상
2026-06-25 22:07:02,ROBOT_02,50.53,9.188,1.701,47.904,30.26,1,정상
2026-06-25 22:07:02,ROBOT_03,56.44,10.196,2.352,48.143,36.57,13,정상
2026-06-25 22:07:02,ROBOT_04,61.1,13.052,3.934,45.688,43.58,55,주의
2026-06-25 23:00:03,ROBOT_01,54.28,9.388,2.11,47.577,34.99,8,정상
2026-06-25 23:00:03,ROBOT_02,49.12,9.211,1.443,47.181,32.66,1,정상
2026-06-25 23:00:03,ROBOT_03,53.44,8.688,2.081,49.116,30.36,13,정상
2026-06-25 23:00:03,ROBOT_04,60.2,12.259,2.959,45.706,44.29,55,정상
2026-06-25 23:53:04,ROBOT_01,52.82,9.406,1.439,47.834,37.26,8,정상
2026-06-25 23:53:04,ROBOT_02,50,8.614,1.662,47.774,33.7,1,정상
2026-06-25 23:53:04,ROBOT_03,52.07,9.118,1.591,48.173,37.02,13,정상
2026-06-25 23:53:04,ROBOT_04,63.87,12.494,3.19,45.758,42.83,55,주의
2026-06-26 00:46:05,ROBOT_01,48.74,8.931,1.576,48.29,32.94,9,정상
2026-06-26 00:46:05,ROBOT_02,51.26,10.756,1.391,46.531,35.22,2,정상
2026-06-26 00:46:05,ROBOT_03,51.43,8.926,1.73,48.148,36.04,14,정상
2026-06-26 00:46:05,ROBOT_04,61.35,11.151,3.458,46.719,38.92,56,주의
2026-06-26 01:39:06,ROBOT_01,49.49,8.435,1.512,48.369,30.9,9,정상
2026-06-26 01:39:06,ROBOT_02,49.23,9.742,1.856,47.702,33.31,2,정상
2026-06-26 01:39:06,ROBOT_03,53.39,7.74,1.611,48.305,33.39,14,정상
2026-06-26 01:39:06,ROBOT_04,63.67,12.342,3.144,46.402,42.55,56,정상
2026-06-26 02:32:06,ROBOT_01,51.96,9.593,1.96,48.418,34.96,9,정상
2026-06-26 02:32:06,ROBOT_02,50.36,7.796,1.482,47.679,33.94,2,정상
2026-06-26 02:32:06,ROBOT_03,47.58,9.766,2.249,48.261,32.21,14,정상
2026-06-26 02:32:06,ROBOT_04,59.88,11.902,3.458,46.051,39.42,56,주의
2026-06-26 03:25:07,ROBOT_01,44.81,8.513,1.488,48.294,34.73,9,정상
2026-06-26 03:25:07,ROBOT_02,49.86,8.782,1.075,47.565,30.93,2,정상
2026-06-26 03:25:07,ROBOT_03,52.76,8.621,2.302,47.382,32.43,14,정상
2026-06-26 03:25:07,ROBOT_04,58.66,10.454,3.625,46.862,39.9,56,정상
2026-06-26 04:18:08,ROBOT_01,47.45,10.193,2.135,47.945,35.28,9,정상
2026-06-26 04:18:08,ROBOT_02,50.67,7.135,1.494,48.458,30.49,2,정상
2026-06-26 04:18:08,ROBOT_03,51.33,8.733,1.91,48.105,32.66,14,정상
2026-06-26 04:18:08,ROBOT_04,57.98,11.419,3.258,45.815,35.84,56,정상
2026-06-26 05:11:09,ROBOT_01,50.95,8.547,1.87,47.149,32.28,9,정상
2026-06-26 05:11:09,ROBOT_02,49.59,8.671,1.789,48.569,30.4,2,정상
2026-06-26 05:11:09,ROBOT_03,48.53,8.387,1.26,48.427,31.83,14,정상
2026-06-26 05:11:09,ROBOT_04,61.87,11.388,3.46,46.781,41.64,56,주의
2026-06-26 06:04:10,ROBOT_01,50.21,8.924,1.176,47.568,30.63,9,정상
2026-06-26 06:04:10,ROBOT_02,46.49,8.982,1.099,49.215,30.45,2,정상
2026-06-26 06:04:10,ROBOT_03,50.78,8.716,1.969,47.822,35.06,14,정상
2026-06-26 06:04:10,ROBOT_04,61.57,10.582,2.949,45.493,41.02,56,주의
2026-06-26 06:57:10,ROBOT_01,48.16,8.333,2.135,47.463,31.28,9,정상
2026-06-26 06:57:10,ROBOT_02,49.42,7.365,2.099,47.958,33.1,2,정상
2026-06-26 06:57:10,ROBOT_03,47.52,8.277,2.142,48.708,32.05,14,정상
2026-06-26 06:57:10,ROBOT_04,63.68,10.017,2.646,46.726,45.96,56,정상
2026-06-26 07:50:11,ROBOT_01,43.93,6.884,1.794,48.371,32.28,9,정상
2026-06-26 07:50:11,ROBOT_02,46.12,7.56,1.482,48.138,35.4,2,정상
2026-06-26 07:50:11,ROBOT_03,50.27,9.604,1.66,47.848,33.37,14,정상
2026-06-26 07:50:11,ROBOT_04,63.26,12.367,3.466,45.551,43.37,56,주의
2026-06-26 08:43:12,ROBOT_01,45.57,8.515,1.65,48.799,31.1,9,정상
2026-06-26 08:43:12,ROBOT_02,48.4,7.582,1.333,48.039,31.67,2,정상
2026-06-26 08:43:12,ROBOT_03,43.96,8.21,2.012,48.449,29.6,14,정상
2026-06-26 08:43:12,ROBOT_04,62.45,11.183,3.126,45.905,40.51,56,주의
2026-06-26 09:36:13,ROBOT_01,48.46,8.108,2.057,48.681,32.21,9,정상
2026-06-26 09:36:13,ROBOT_02,44.98,6.711,1.459,47.949,33.82,2,정상
2026-06-26 09:36:13,ROBOT_03,46.59,8.175,1.366,48.719,34.1,14,정상
2026-06-26 09:36:13,ROBOT_04,56.83,12.19,3.438,46.04,39.7,56,주의
2026-06-26 10:29:14,ROBOT_01,45.71,8.227,1.601,47.923,34.36,9,정상
2026-06-26 10:29:14,ROBOT_02,53.86,8.305,1.686,47.724,32.47,2,정상
2026-06-26 10:29:14,ROBOT_03,48.84,8.596,1.987,48.227,32.47,14,정상
2026-06-26 10:29:14,ROBOT_04,61.6,12.109,3.853,46.012,40.51,56,주의
2026-06-26 11:22:14,ROBOT_01,49.14,10.266,1.782,47.762,32.14,9,정상
2026-06-26 11:22:14,ROBOT_02,54.07,10.683,2.713,46.938,38.37,2,정상
2026-06-26 11:22:14,ROBOT_03,49.13,8.858,1.623,48.485,36.46,14,정상
2026-06-26 11:22:14,ROBOT_04,63.02,11.552,3.879,45.274,41.04,56,주의
2026-06-26 12:15:15,ROBOT_01,54.41,9.141,1.688,48.561,31.97,9,정상
2026-06-26 12:15:15,ROBOT_02,46.29,8.91,1.4,47.289,32.23,2,정상
2026-06-26 12:15:15,ROBOT_03,52.29,8.725,1.66,47.817,33.7,14,정상
2026-06-26 12:15:15,ROBOT_04,60.23,11.812,2.85,45.795,44.8,56,주의
2026-06-26 13:08:16,ROBOT_01,51.1,9.107,1.497,48.106,33.74,9,정상
2026-06-26 13:08:16,ROBOT_02,51.32,7.992,1.666,47.514,35.34,2,정상
2026-06-26 13:08:16,ROBOT_03,52.06,9.371,1.915,47.586,29.77,14,정상
2026-06-26 13:08:16,ROBOT_04,63.41,10.96,2.898,46.197,43.08,56,주의
2026-06-26 14:01:17,ROBOT_01,55.21,10.187,1.55,47.881,35.03,9,정상
2026-06-26 14:01:17,ROBOT_02,50.63,9.13,2.009,47.885,37.1,2,정상
2026-06-26 14:01:17,ROBOT_03,54.07,9.796,2.119,47.644,40.13,14,정상
2026-06-26 14:01:17,ROBOT_04,59.07,12.094,3.365,45.481,42.98,56,주의
2026-06-26 14:54:17,ROBOT_01,53.05,9.368,2.08,47.613,35.63,9,정상
2026-06-26 14:54:17,ROBOT_02,56.39,11.024,1.943,47.316,36.68,2,주의
2026-06-26 14:54:17,ROBOT_03,56.51,9.631,1.778,47.482,36.77,14,정상
2026-06-26 14:54:17,ROBOT_04,68.7,13.126,3.104,45.547,44.96,56,주의
2026-06-26 15:47:18,ROBOT_01,49.08,8.615,2.33,48.032,34.54,9,정상
2026-06-26 15:47:18,ROBOT_02,50.89,9.031,1.653,47.777,36.67,2,정상
2026-06-26 15:47:18,ROBOT_03,50.16,8.578,2.017,48.145,36.61,14,정상
2026-06-26 15:47:18,ROBOT_04,65.95,11.68,3.276,46.606,41.12,56,주의
2026-06-26 16:40:19,ROBOT_01,51.94,8.918,1.036,47.924,39.41,9,정상
2026-06-26 16:40:19,ROBOT_02,52.1,9.615,1.725,47.443,36.7,2,정상
2026-06-26 16:40:19,ROBOT_03,55.15,10.377,1.926,47.432,39.13,14,정상
2026-06-26 16:40:19,ROBOT_04,62.8,11.708,3.32,45.62,41.37,56,주의
2026-06-26 17:33:20,ROBOT_01,56.27,9.909,1.512,47.374,35.61,9,정상
2026-06-26 17:33:20,ROBOT_02,52.04,8.73,1.714,47.303,34.46,2,정상
2026-06-26 17:33:20,ROBOT_03,52.15,9.79,1.783,47.959,37.32,14,정상
2026-06-26 17:33:20,ROBOT_04,67.42,13.143,3.702,45.613,40.64,56,주의
2026-06-26 18:26:21,ROBOT_01,52.94,9.531,1.788,47.771,35.94,9,정상
2026-06-26 18:26:21,ROBOT_02,55.95,9.221,1.674,48.445,34.8,2,정상
2026-06-26 18:26:21,ROBOT_03,47.71,9.137,1.824,47.407,36.54,14,정상
2026-06-26 18:26:21,ROBOT_04,61.1,12.874,3.38,46.161,42.33,56,주의
2026-06-26 19:19:21,ROBOT_01,50.1,10.018,2.004,47.565,34.91,9,정상
2026-06-26 19:19:21,ROBOT_02,50.54,9.403,1.267,47.777,33.96,2,정상
2026-06-26 19:19:21,ROBOT_03,49.3,8.229,1.962,47.769,36.93,14,정상
2026-06-26 19:19:21,ROBOT_04,66.68,13.015,3.768,45.977,44.65,56,주의
2026-06-26 20:12:22,ROBOT_01,47.98,8.332,2.093,47.67,34.14,9,정상
2026-06-26 20:12:22,ROBOT_02,50.96,9.072,1.537,47.511,33.05,2,정상
2026-06-26 20:12:22,ROBOT_03,49.84,9.247,2.103,47.665,34.17,14,정상
2026-06-26 20:12:22,ROBOT_04,65.49,13.261,3.428,46.073,43.34,56,주의
2026-06-26 21:05:23,ROBOT_01,54.01,10.278,1.621,47.77,34.4,9,정상
2026-06-26 21:05:23,ROBOT_02,55.76,9.095,2.074,47.427,35.27,2,정상
2026-06-26 21:05:23,ROBOT_03,50.8,10.764,2.189,47.375,33.69,14,정상
2026-06-26 21:05:23,ROBOT_04,61.78,11.918,3.277,46.596,43.24,56,주의
2026-06-26 21:58:24,ROBOT_01,51.07,8.394,2.16,47.132,35.94,9,정상
2026-06-26 21:58:24,ROBOT_02,47.85,8.962,1.707,47.309,34.49,2,정상
2026-06-26 21:58:24,ROBOT_03,54.48,9.922,2.334,47.639,37.19,14,정상
2026-06-26 21:58:24,ROBOT_04,63.65,12.588,3.463,46.629,45.46,56,주의
2026-06-26 22:51:25,ROBOT_01,52.4,10.527,2.146,47.228,34.17,9,정상
2026-06-26 22:51:25,ROBOT_02,49.29,8.784,1.417,47.772,30.82,2,정상
2026-06-26 22:51:25,ROBOT_03,56.31,9.781,1.719,48.125,34.95,14,정상
2026-06-26 22:51:25,ROBOT_04,61.12,12.055,3.516,45.646,42.02,56,주의
2026-06-26 23:44:25,ROBOT_01,55.96,8.074,1.411,48.503,37.29,9,정상
2026-06-26 23:44:25,ROBOT_02,50.59,8.189,1.565,48.018,30.1,2,정상
2026-06-26 23:44:25,ROBOT_03,48.41,7.907,1.724,47.907,30.72,14,정상
2026-06-26 23:44:25,ROBOT_04,61.77,12.475,2.979,46.094,38.47,56,주의
2026-06-27 00:37:26,ROBOT_01,47.95,8.425,1.26,48.173,32.35,10,정상
2026-06-27 00:37:26,ROBOT_02,53.25,9.007,1.058,47.703,34.54,3,정상
2026-06-27 00:37:26,ROBOT_03,49.72,9.453,1.529,48.306,32.97,15,정상
2026-06-27 00:37:26,ROBOT_04,63.31,12.212,3.711,45.86,39.94,57,주의
2026-06-27 01:30:27,ROBOT_01,56.08,9.476,2.063,47.682,35.41,10,정상
2026-06-27 01:30:27,ROBOT_02,48.83,8.347,1.641,48.382,33.49,3,정상
2026-06-27 01:30:27,ROBOT_03,49.64,9.327,1.633,47.338,32.59,15,정상
2026-06-27 01:30:27,ROBOT_04,65.94,11.737,2.854,45.403,43.24,57,주의
2026-06-27 02:23:28,ROBOT_01,50,8.656,0.874,47.884,33.44,10,정상
2026-06-27 02:23:28,ROBOT_02,47.05,6.573,1.561,47.984,32.27,3,정상
2026-06-27 02:23:28,ROBOT_03,48.68,10.423,1.905,47.89,34.33,15,정상
2026-06-27 02:23:28,ROBOT_04,60.07,11.435,2.899,46.286,40.63,57,주의
2026-06-27 03:16:29,ROBOT_01,50.45,9.086,1.882,47.789,35.3,10,정상
2026-06-27 03:16:29,ROBOT_02,43.56,7.671,0.95,48.2,31.57,3,정상
2026-06-27 03:16:29,ROBOT_03,50.67,9.105,1.751,48.448,34.88,15,정상
2026-06-27 03:16:29,ROBOT_04,66.39,12.266,3.674,44.489,41.25,57,정상
2026-06-27 04:09:29,ROBOT_01,47.41,7.637,1.465,49.002,30.02,10,정상
2026-06-27 04:09:29,ROBOT_02,47.47,7.342,1.194,47.847,34.62,3,정상
2026-06-27 04:09:29,ROBOT_03,49.09,7.609,2.111,47.997,35.13,15,정상
2026-06-27 04:09:29,ROBOT_04,55.93,12.043,3.081,46.438,36.89,57,주의
2026-06-27 05:02:30,ROBOT_01,51.13,9.941,1.555,48.029,32.84,10,정상
2026-06-27 05:02:30,ROBOT_02,47.81,8.522,1.743,47.602,33.2,3,정상
2026-06-27 05:02:30,ROBOT_03,51.44,8.167,2.283,48.476,32.52,15,정상
2026-06-27 05:02:30,ROBOT_04,61.64,11.37,3.03,45.575,37.88,57,주의
2026-06-27 05:55:31,ROBOT_01,49.98,8.334,1.615,48.07,34.43,10,정상
2026-06-27 05:55:31,ROBOT_02,50.37,8.607,1.726,47.772,34.13,3,정상
2026-06-27 05:55:31,ROBOT_03,48.09,9.353,1.639,47.808,32.76,15,정상
2026-06-27 05:55:31,ROBOT_04,61.02,10.832,3.817,46.912,41.07,57,주의
2026-06-27 06:48:32,ROBOT_01,45.24,8.355,1.56,48.146,33.65,10,정상
2026-06-27 06:48:32,ROBOT_02,53.75,7.922,1.398,47.746,34.45,3,정상
2026-06-27 06:48:32,ROBOT_03,48.38,9.153,2.181,47.448,27.84,15,정상
2026-06-27 06:48:32,ROBOT_04,57.42,10.962,3.132,46.863,41.36,57,주의
2026-06-27 07:41:33,ROBOT_01,48.32,8.784,1.263,47.578,31.78,10,정상
2026-06-27 07:41:33,ROBOT_02,50.85,7.977,1.507,47.331,33.5,3,정상
2026-06-27 07:41:33,ROBOT_03,47.58,9.533,1.342,47.972,33.78,15,정상
2026-06-27 07:41:33,ROBOT_04,56.72,11.112,3.266,46.699,38,57,정상
2026-06-27 08:34:33,ROBOT_01,46.76,7.983,2.087,47.955,31.35,10,정상
2026-06-27 08:34:33,ROBOT_02,50.11,7.696,1.309,49.042,32.18,3,정상
2026-06-27 08:34:33,ROBOT_03,48.72,8.78,1.695,48.269,32.81,15,정상
2026-06-27 08:34:33,ROBOT_04,57.45,10.672,3.445,46.073,38.24,57,정상
2026-06-27 09:27:34,ROBOT_01,52.22,9.671,1.471,47.624,34.66,10,정상
2026-06-27 09:27:34,ROBOT_02,45.57,7.705,1.762,48.147,32.79,3,정상
2026-06-27 09:27:34,ROBOT_03,46.17,9.292,1.651,48.449,31.51,15,정상
2026-06-27 09:27:34,ROBOT_04,60.18,13.244,3.533,46.102,42.01,57,주의
2026-06-27 10:20:35,ROBOT_01,47.16,7.708,1.666,48.252,32.96,10,정상
2026-06-27 10:20:35,ROBOT_02,50.24,8.18,1.742,47.892,30.39,3,정상
2026-06-27 10:20:35,ROBOT_03,50.42,8.767,1.76,48.329,34.52,15,정상
2026-06-27 10:20:35,ROBOT_04,58.94,10.877,3.475,46.613,39.44,57,정상
2026-06-27 11:13:36,ROBOT_01,50.12,8.437,1.628,48.481,32.71,10,정상
2026-06-27 11:13:36,ROBOT_02,52.11,8.673,1.641,47.932,33.67,3,정상
2026-06-27 11:13:36,ROBOT_03,52.27,10.699,2.058,48.83,34.32,15,정상
2026-06-27 11:13:36,ROBOT_04,59.79,11.631,3.248,46.515,40.81,57,정상
2026-06-27 12:06:36,ROBOT_01,54.58,9.841,2.071,47.335,36.14,10,정상
2026-06-27 12:06:36,ROBOT_02,64,13.318,4.128,45.61,43.91,3,주의
2026-06-27 12:06:36,ROBOT_03,49.07,9.837,2.012,47.578,34.28,15,정상
2026-06-27 12:06:36,ROBOT_04,67.42,11.64,3.122,46.22,42.19,57,주의
2026-06-27 12:59:37,ROBOT_01,53.43,9.755,1.923,48.552,35.58,10,정상
2026-06-27 12:59:37,ROBOT_02,52.42,9.739,1.368,47.722,33.73,3,정상
2026-06-27 12:59:37,ROBOT_03,50.81,10.353,1.545,48,36.53,15,정상
2026-06-27 12:59:37,ROBOT_04,62.83,11.977,3.358,45.831,44.13,57,정상
2026-06-27 13:52:38,ROBOT_01,49.49,10.199,2.055,47.845,33.89,10,정상
2026-06-27 13:52:38,ROBOT_02,52.34,8.879,1.221,47.418,35.89,3,정상
2026-06-27 13:52:38,ROBOT_03,52.28,8.612,2.082,48.245,35.61,15,정상
2026-06-27 13:52:38,ROBOT_04,61.52,12.172,3.679,45.999,42.9,57,주의
2026-06-27 14:45:39,ROBOT_01,52.45,10.761,2.043,47.658,34.27,10,정상
2026-06-27 14:45:39,ROBOT_02,48.19,8.184,1.945,47.906,35.62,3,정상
2026-06-27 14:45:39,ROBOT_03,47.17,8.81,1.793,47.378,35.3,15,정상
2026-06-27 14:45:39,ROBOT_04,64.27,11.888,3.162,45.405,42.91,57,주의
2026-06-27 15:38:40,ROBOT_01,52.51,9.759,1.941,48.077,36.1,10,정상
2026-06-27 15:38:40,ROBOT_02,52.72,8.411,0.859,48.287,37.69,3,정상
2026-06-27 15:38:40,ROBOT_03,52.88,10.326,1.545,48.199,33.86,15,정상
2026-06-27 15:38:40,ROBOT_04,62.53,11.283,3.329,45.497,41,57,정상
2026-06-27 16:31:40,ROBOT_01,57.55,10.133,2.144,46.772,33.95,10,정상
2026-06-27 16:31:40,ROBOT_02,56.21,9.695,2.052,47.3,35.39,3,정상
2026-06-27 16:31:40,ROBOT_03,56.2,10.656,1.716,47.498,32.96,15,정상
2026-06-27 16:31:40,ROBOT_04,67.58,11.833,3.665,45.859,45.64,57,주의
2026-06-27 17:24:41,ROBOT_01,53.48,9.768,1.616,47.94,35.28,10,정상
2026-06-27 17:24:41,ROBOT_02,50.72,8.592,1.403,47.933,36.74,3,정상
2026-06-27 17:24:41,ROBOT_03,55.45,10.723,1.823,47.401,35.34,15,정상
2026-06-27 17:24:41,ROBOT_04,60.08,13.413,3.272,45.33,44.95,57,주의
2026-06-27 18:17:42,ROBOT_01,54.41,9.48,1.616,48.415,36.56,10,정상
2026-06-27 18:17:42,ROBOT_02,55.92,8.732,1.767,47.133,31.26,3,정상
2026-06-27 18:17:42,ROBOT_03,56,9.941,1.58,47.348,34.74,15,정상
2026-06-27 18:17:42,ROBOT_04,64.72,11.666,3.329,46.035,46.36,57,주의
2026-06-27 19:10:43,ROBOT_01,52.55,10.296,1.551,47.735,35.88,10,정상
2026-06-27 19:10:43,ROBOT_02,58.71,9.573,1.235,47.475,35.48,3,정상
2026-06-27 19:10:43,ROBOT_03,51.97,9.057,1.543,47.739,35.79,15,정상
2026-06-27 19:10:43,ROBOT_04,65.14,12.2,3.99,45.381,40.72,57,주의
2026-06-27 20:03:44,ROBOT_01,53.15,10.043,1.688,47.614,32.79,10,정상
2026-06-27 20:03:44,ROBOT_02,52.56,8.972,1.131,48.311,33.7,3,정상
2026-06-27 20:03:44,ROBOT_03,56.29,9.598,2.05,47.35,34.39,15,정상
2026-06-27 20:03:44,ROBOT_04,68.68,12.337,3.339,46.196,45.6,57,주의
2026-06-27 20:56:44,ROBOT_01,54.57,9.035,1.515,47.623,33.02,10,정상
2026-06-27 20:56:44,ROBOT_02,54.05,10.353,1.332,47.526,36.54,3,정상
2026-06-27 20:56:44,ROBOT_03,50.84,10.102,1.818,48.079,33.17,15,정상
2026-06-27 20:56:44,ROBOT_04,64.01,12.864,2.983,46.031,41.3,57,주의
2026-06-27 21:49:45,ROBOT_01,50.36,9.397,1.581,47.666,35.67,10,정상
2026-06-27 21:49:45,ROBOT_02,49.6,9.466,1.628,47.027,36.28,3,정상
2026-06-27 21:49:45,ROBOT_03,50.84,10.057,1.916,48.217,34.8,15,정상
2026-06-27 21:49:45,ROBOT_04,62.7,11.024,3.252,46.572,42.54,57,주의
2026-06-27 22:42:46,ROBOT_01,47.89,9.278,2.129,48.097,32.37,10,정상
2026-06-27 22:42:46,ROBOT_02,51.74,9.179,1.247,48.617,34.02,3,정상
2026-06-27 22:42:46,ROBOT_03,46.9,9.802,2.211,47.775,32.77,15,정상
2026-06-27 22:42:46,ROBOT_04,66.03,13.379,3.732,45.89,46.09,57,주의
2026-06-27 23:35:47,ROBOT_01,58.72,10.248,2.199,47.779,38.19,10,정상
2026-06-27 23:35:47,ROBOT_02,48.45,9.055,1.37,47.709,32.09,3,정상
2026-06-27 23:35:47,ROBOT_03,54.68,9.414,1.856,47.094,34.41,15,정상
2026-06-27 23:35:47,ROBOT_04,65.97,13.468,3.164,45.844,42.97,57,주의
2026-06-28 00:28:48,ROBOT_01,53.99,9.013,1.648,47.947,34.5,11,정상
2026-06-28 00:28:48,ROBOT_02,48.95,8.347,1.694,47.765,33.91,4,정상
2026-06-28 00:28:48,ROBOT_03,51.98,8.999,1.699,47.534,34.28,16,정상
2026-06-28 00:28:48,ROBOT_04,57.5,11.308,3.491,46.084,40.74,58,주의
2026-06-28 01:21:48,ROBOT_01,51.71,10.095,1.747,47.873,34.76,11,정상
2026-06-28 01:21:48,ROBOT_02,48.75,9.232,1.542,48.298,30.18,4,정상
2026-06-28 01:21:48,ROBOT_03,47.09,8.881,1.378,49.162,38.16,16,정상
2026-06-28 01:21:48,ROBOT_04,59.58,10.897,3.493,45.892,40.91,58,주의
2026-06-28 02:14:49,ROBOT_01,54.33,10.106,1.668,47.483,34.49,11,정상
2026-06-28 02:14:49,ROBOT_02,51.19,7.236,1.634,48.435,32.64,4,정상
2026-06-28 02:14:49,ROBOT_03,48.95,10.124,1.369,47.784,34.31,16,정상
2026-06-28 02:14:49,ROBOT_04,59.19,11.384,3.534,46.167,39.62,58,정상
2026-06-28 03:07:50,ROBOT_01,51.7,8.928,1.959,47.604,35.52,11,정상
2026-06-28 03:07:50,ROBOT_02,46.82,7.47,1.714,47.488,34.01,4,정상
2026-06-28 03:07:50,ROBOT_03,47.59,9.587,1.61,47.988,30.92,16,정상
2026-06-28 03:07:50,ROBOT_04,64.94,12.398,3.361,46.073,40.93,58,주의
2026-06-28 04:00:51,ROBOT_01,46.38,7.507,1.491,48.423,29.39,11,정상
2026-06-28 04:00:51,ROBOT_02,53.17,9.319,1.434,47.502,34.43,4,정상
2026-06-28 04:00:51,ROBOT_03,46.49,7.773,2.041,48.692,33.91,16,정상
2026-06-28 04:00:51,ROBOT_04,64.88,10.204,3.429,46.206,39.35,58,주의
2026-06-28 04:53:52,ROBOT_01,50.15,9.897,1.589,47.846,32.44,11,정상
2026-06-28 04:53:52,ROBOT_02,47.06,8.562,1.821,48.033,31.48,4,정상
2026-06-28 04:53:52,ROBOT_03,45.87,8.72,2.148,48.053,31.1,16,정상
2026-06-28 04:53:52,ROBOT_04,62.25,10.969,3.639,45.85,37.28,58,주의
2026-06-28 05:46:52,ROBOT_01,48.24,8.673,1.266,49.285,28.1,11,정상
2026-06-28 05:46:52,ROBOT_02,47.95,8.987,1.248,48.713,32.58,4,정상
2026-06-28 05:46:52,ROBOT_03,60.09,10.868,2.962,47.005,37.12,16,정상
2026-06-28 05:46:52,ROBOT_04,56.37,10.749,3.207,47.144,39.96,58,정상
2026-06-28 06:39:53,ROBOT_01,56.17,8.649,1.393,47.515,36.21,11,정상
2026-06-28 06:39:53,ROBOT_02,52.69,8.089,1.675,47.702,35.04,4,정상
2026-06-28 06:39:53,ROBOT_03,48.52,9.621,2.111,48.066,31.19,16,정상
2026-06-28 06:39:53,ROBOT_04,60.26,12.576,3.122,46.168,41.87,58,주의
2026-06-28 07:32:54,ROBOT_01,52.32,9.479,1.826,48.197,33.27,11,정상
2026-06-28 07:32:54,ROBOT_02,50.94,9.566,1.858,47.775,34.15,4,정상
2026-06-28 07:32:54,ROBOT_03,49.55,9.48,2.069,47.805,31.73,16,정상
2026-06-28 07:32:54,ROBOT_04,63.13,11.884,3.58,45.833,42.51,58,주의
2026-06-28 08:25:55,ROBOT_01,51.27,8.432,1.446,47.917,34.13,11,정상
2026-06-28 08:25:55,ROBOT_02,50.09,8.256,1.91,49.367,35.84,4,정상
2026-06-28 08:25:55,ROBOT_03,50.01,9.318,2.677,47.033,38.46,16,정상
2026-06-28 08:25:55,ROBOT_04,61.17,11.451,3.735,46.74,39.85,58,주의
2026-06-28 09:18:55,ROBOT_01,49.2,8.024,1.322,48.451,32.9,11,정상
2026-06-28 09:18:55,ROBOT_02,43.62,6.579,1.529,48.434,34.62,4,정상
2026-06-28 09:18:55,ROBOT_03,49.28,8.351,1.674,48.926,34.24,16,정상
2026-06-28 09:18:55,ROBOT_04,63.18,12,3.078,46.237,40.22,58,주의
2026-06-28 10:11:56,ROBOT_01,51.31,8.323,1.685,48.103,33.42,11,정상
2026-06-28 10:11:56,ROBOT_02,45.79,9.408,1.982,48.099,32.23,4,정상
2026-06-28 10:11:56,ROBOT_03,46.3,8.563,2.186,48.792,31.1,16,정상
2026-06-28 10:11:56,ROBOT_04,60.85,11.173,4.09,46.108,41.36,58,주의
2026-06-28 11:04:57,ROBOT_01,50.04,8.393,2.03,47.337,33.24,11,정상
2026-06-28 11:04:57,ROBOT_02,48.62,8.356,1.739,48.005,35.37,4,정상
2026-06-28 11:04:57,ROBOT_03,46.34,8.063,2.464,47.52,35.43,16,정상
2026-06-28 11:04:57,ROBOT_04,62.87,12.268,3.435,45.605,41.72,58,주의
2026-06-28 11:57:58,ROBOT_01,53.28,10.377,2.127,47.65,32.93,11,정상
2026-06-28 11:57:58,ROBOT_02,49.02,8.64,1.897,48.428,31.27,4,정상
2026-06-28 11:57:58,ROBOT_03,49.63,8.118,1.653,49.062,37.4,16,정상
2026-06-28 11:57:58,ROBOT_04,63.47,11.655,3.716,46.172,41.3,58,주의
2026-06-28 12:50:59,ROBOT_01,49.48,9.98,1.367,47.918,37.14,11,정상
2026-06-28 12:50:59,ROBOT_02,49.54,9.946,1.186,48.078,32.77,4,정상
2026-06-28 12:50:59,ROBOT_03,52.4,9.535,1.632,48.611,32.77,16,정상
2026-06-28 12:50:59,ROBOT_04,63.27,12.476,3.666,45.954,41.98,58,주의
2026-06-28 13:43:59,ROBOT_01,55.17,7.706,1.708,46.952,31.18,11,정상
2026-06-28 13:43:59,ROBOT_02,51.46,9.788,2.185,47.21,30.87,4,정상
2026-06-28 13:43:59,ROBOT_03,57.83,10.135,2.203,48.049,36.04,16,정상
2026-06-28 13:43:59,ROBOT_04,63.92,11.6,3.087,45.851,44.67,58,주의
2026-06-28 14:37:00,ROBOT_01,55.27,10.077,1.733,47.719,34.34,11,정상
2026-06-28 14:37:00,ROBOT_02,54.39,9.347,1.767,47.295,33.19,4,정상
2026-06-28 14:37:00,ROBOT_03,55.98,10.33,2.138,47.915,33.66,16,정상
2026-06-28 14:37:00,ROBOT_04,64.74,11.942,4.098,45.721,44.79,58,주의
2026-06-28 15:30:01,ROBOT_01,55.98,10.892,1.553,47.044,33.02,11,정상
2026-06-28 15:30:01,ROBOT_02,51.5,10.709,1.441,47.201,35.39,4,정상
2026-06-28 15:30:01,ROBOT_03,52.35,10.942,1.696,48.149,35.48,16,정상
2026-06-28 15:30:01,ROBOT_04,62.49,13.389,3.961,44.678,45.5,58,주의
2026-06-28 16:23:02,ROBOT_01,53.5,8.509,1.954,47.379,37.01,11,정상
2026-06-28 16:23:02,ROBOT_02,50.48,8.897,1.589,48.203,33.66,4,정상
2026-06-28 16:23:02,ROBOT_03,52.58,9.439,2.183,47.994,35.63,16,정상
2026-06-28 16:23:02,ROBOT_04,65.05,12.785,3.416,45.072,46.24,58,주의
2026-06-28 17:16:03,ROBOT_01,52.95,10.299,1.851,47.698,37.29,11,정상
2026-06-28 17:16:03,ROBOT_02,50.89,8.049,2.073,47.54,37.57,4,정상
2026-06-28 17:16:03,ROBOT_03,55.42,9.918,1.804,46.837,37.48,16,정상
2026-06-28 17:16:03,ROBOT_04,65.32,12.979,3.645,45.782,42.56,58,주의
2026-06-28 18:09:03,ROBOT_01,52.55,10.711,2.112,46.648,35.54,11,정상
2026-06-28 18:09:03,ROBOT_02,51.14,8.403,1.624,48.567,31.26,4,정상
2026-06-28 18:09:03,ROBOT_03,54.34,10.068,1.684,47.317,40.23,16,정상
2026-06-28 18:09:03,ROBOT_04,66.6,12.772,3.571,46.021,42.57,58,주의
2026-06-28 19:02:04,ROBOT_01,52.6,8.622,1.792,47.666,35.2,11,정상
2026-06-28 19:02:04,ROBOT_02,53.97,9.898,1.918,47.769,34.27,4,정상
2026-06-28 19:02:04,ROBOT_03,52.83,10.966,1.677,47.927,35.66,16,정상
2026-06-28 19:02:04,ROBOT_04,66.17,13.002,3.731,45.704,45.26,58,위험
2026-06-28 19:55:05,ROBOT_01,53.6,8.958,1.998,48.3,34.39,11,정상
2026-06-28 19:55:05,ROBOT_02,54.79,9.353,2.033,47.321,34.49,4,정상
2026-06-28 19:55:05,ROBOT_03,52.66,9.474,1.919,47.781,36.44,16,정상
2026-06-28 19:55:05,ROBOT_04,63.27,12.485,3.546,45.052,43.67,58,주의
2026-06-28 20:48:06,ROBOT_01,54.17,10.964,1.616,47.168,37.57,11,정상
2026-06-28 20:48:06,ROBOT_02,56.95,8.869,1.261,46.897,34.84,4,정상
2026-06-28 20:48:06,ROBOT_03,53.33,9.519,1.98,47.509,34.32,16,정상
2026-06-28 20:48:06,ROBOT_04,63.49,13.139,3.949,45.782,42.99,58,주의
2026-06-28 21:41:07,ROBOT_01,57.58,8.751,2.078,48.032,35.91,11,정상
2026-06-28 21:41:07,ROBOT_02,46.89,9.741,1.842,47.816,34.78,4,정상
2026-06-28 21:41:07,ROBOT_03,57.34,11.212,2.359,47.292,35.31,16,정상
2026-06-28 21:41:07,ROBOT_04,64.48,13.028,3.993,45.861,44.94,58,주의
2026-06-28 22:34:07,ROBOT_01,53.68,9.571,1.982,46.955,34.98,11,정상
2026-06-28 22:34:07,ROBOT_02,53.32,9.962,0.857,47.506,35.24,4,정상
2026-06-28 22:34:07,ROBOT_03,52.92,9.316,1.76,48.183,33.93,16,정상
2026-06-28 22:34:07,ROBOT_04,64.24,13.623,3.558,45.681,46.36,58,주의
2026-06-28 23:27:08,ROBOT_01,53.22,10.287,1.976,47.391,35.27,11,정상
2026-06-28 23:27:08,ROBOT_02,54.15,9.284,1.776,47.472,37.51,4,정상
2026-06-28 23:27:08,ROBOT_03,54.17,10.198,2.533,47.638,35.27,16,정상
2026-06-28 23:27:08,ROBOT_04,64.4,13.875,3.755,45.742,45.89,58,주의
2026-06-29 00:20:09,ROBOT_01,52.03,9.482,2.173,47.64,35.1,12,정상
2026-06-29 00:20:09,ROBOT_02,49.3,8.267,1.863,47.326,32.46,5,정상
2026-06-29 00:20:09,ROBOT_03,57.24,9.609,2.265,47.926,36.6,17,정상
2026-06-29 00:20:09,ROBOT_04,65.55,12.177,3.623,44.93,41.25,59,주의
2026-06-29 01:13:10,ROBOT_01,51.53,8.718,2.071,47.643,37.58,12,정상
2026-06-29 01:13:10,ROBOT_02,49.62,8.699,1.752,47.708,34.03,5,정상
2026-06-29 01:13:10,ROBOT_03,50.58,9.49,1.71,47.36,35.71,17,정상
2026-06-29 01:13:10,ROBOT_04,65.54,11.549,4.084,45.521,42.3,59,주의
2026-06-29 02:06:11,ROBOT_01,49.38,10.568,1.882,48.119,37.64,12,정상
2026-06-29 02:06:11,ROBOT_02,53.17,8.984,1.688,47.696,37.81,5,정상
2026-06-29 02:06:11,ROBOT_03,45.33,8.635,1.803,48.558,36.92,17,정상
2026-06-29 02:06:11,ROBOT_04,66.81,12.94,4.024,44.61,45.74,59,주의
2026-06-29 02:59:11,ROBOT_01,46.56,8.973,2.267,48.526,29.97,12,정상
2026-06-29 02:59:11,ROBOT_02,50.69,7.929,1.634,47.861,34.63,5,정상
2026-06-29 02:59:11,ROBOT_03,55.69,8.97,1.439,46.954,35.94,17,정상
2026-06-29 02:59:11,ROBOT_04,64.75,12.448,3.775,45.656,40.48,59,주의
2026-06-29 03:52:12,ROBOT_01,50.93,8.618,2.32,47.964,33.34,12,정상
2026-06-29 03:52:12,ROBOT_02,49.52,8.52,1.812,47.56,34.71,5,정상
2026-06-29 03:52:12,ROBOT_03,50.04,9.741,1.733,47.335,34.18,17,정상
2026-06-29 03:52:12,ROBOT_04,65.65,12.196,4.333,46.148,39.5,59,주의
2026-06-29 04:45:13,ROBOT_01,53.82,9.963,1.509,48.033,31.67,12,정상
2026-06-29 04:45:13,ROBOT_02,46.83,8.494,1.51,47.659,31.17,5,정상
2026-06-29 04:45:13,ROBOT_03,52.61,9.487,2.262,47.93,34.17,17,정상
2026-06-29 04:45:13,ROBOT_04,64.97,11.066,3.704,45.994,44.6,59,주의
2026-06-29 05:38:14,ROBOT_01,49.66,8.781,1.815,47.42,32.52,12,정상
2026-06-29 05:38:14,ROBOT_02,47.92,8.115,1.526,48.184,27.92,5,정상
2026-06-29 05:38:14,ROBOT_03,49.73,8.31,2.328,48.728,35.04,17,정상
2026-06-29 05:38:14,ROBOT_04,62.14,11.355,3.632,45.65,42.05,59,주의
2026-06-29 06:31:14,ROBOT_01,50.21,8.148,2.125,47.613,31.13,12,정상
2026-06-29 06:31:14,ROBOT_02,48.92,7.959,2.081,48.094,34.37,5,정상
2026-06-29 06:31:14,ROBOT_03,48.3,9.191,1.734,48.265,34.65,17,정상
2026-06-29 06:31:14,ROBOT_04,63.7,11.846,3.892,46.106,42.59,59,주의
2026-06-29 07:24:15,ROBOT_01,52.72,8.895,1.63,48.918,33.63,12,정상
2026-06-29 07:24:15,ROBOT_02,50.37,8.086,1.754,46.965,35.58,5,정상
2026-06-29 07:24:15,ROBOT_03,55.07,9.788,1.723,48.667,32.3,17,정상
2026-06-29 07:24:15,ROBOT_04,65.26,12.086,4.214,45.415,41.8,59,주의
2026-06-29 08:17:16,ROBOT_01,49.23,8.58,1.812,48.36,33.57,12,정상
2026-06-29 08:17:16,ROBOT_02,46.89,7.796,1.483,48.046,30.71,5,정상
2026-06-29 08:17:16,ROBOT_03,52.59,10.176,1.649,47.96,33.42,17,정상
2026-06-29 08:17:16,ROBOT_04,59.14,11.572,3.957,45.92,42.36,59,주의
2026-06-29 09:10:17,ROBOT_01,53.36,9.679,2.078,47.355,35.44,12,정상
2026-06-29 09:10:17,ROBOT_02,50.67,7.863,1.694,47.773,31.38,5,정상
2026-06-29 09:10:17,ROBOT_03,50.17,8.124,1.694,47.353,33.2,17,정상
2026-06-29 09:10:17,ROBOT_04,61.27,11.936,3.907,46.21,41.17,59,주의
2026-06-29 10:03:18,ROBOT_01,48.2,8.325,1.868,47.658,33.57,12,정상
2026-06-29 10:03:18,ROBOT_02,44.65,8.249,1.724,48.429,34.03,5,정상
2026-06-29 10:03:18,ROBOT_03,50.12,8.266,1.363,47.784,31.61,17,정상
2026-06-29 10:03:18,ROBOT_04,63.11,13.366,4.315,45.132,41.77,59,주의
2026-06-29 10:56:18,ROBOT_01,45.59,8.551,1.646,47.741,32.47,12,정상
2026-06-29 10:56:18,ROBOT_02,49.13,8.746,1.168,48.818,34.15,5,정상
2026-06-29 10:56:18,ROBOT_03,51.7,9.023,2.264,48.138,37.3,17,정상
2026-06-29 10:56:18,ROBOT_04,63.44,12.971,3.976,46.335,40.92,59,주의
2026-06-29 11:49:19,ROBOT_01,48.6,7.788,1.679,48.647,32.1,12,정상
2026-06-29 11:49:19,ROBOT_02,49.67,8.668,1.396,48.106,33.92,5,정상
2026-06-29 11:49:19,ROBOT_03,51.11,9.681,1.42,48.517,38.05,17,정상
2026-06-29 11:49:19,ROBOT_04,66.12,12.273,3.812,45.899,44.87,59,주의
2026-06-29 12:42:20,ROBOT_01,49.81,9.259,1.584,47.467,35.33,12,정상
2026-06-29 12:42:20,ROBOT_02,51.31,9.352,1.945,46.573,34.75,5,정상
2026-06-29 12:42:20,ROBOT_03,50.74,10.328,1.802,47.344,34.33,17,정상
2026-06-29 12:42:20,ROBOT_04,68.7,12.981,3.752,45.428,43.02,59,주의
2026-06-29 13:35:21,ROBOT_01,50.8,9.543,1.984,47.489,33.25,12,정상
2026-06-29 13:35:21,ROBOT_02,52.15,8.138,1.841,47.648,38.81,5,정상
2026-06-29 13:35:21,ROBOT_03,53.5,10.784,1.894,48.262,37.27,17,정상
2026-06-29 13:35:21,ROBOT_04,66.93,12.042,3.959,45.128,44.27,59,주의
2026-06-29 14:28:22,ROBOT_01,47.03,7.828,1.51,48.1,35.1,12,정상
2026-06-29 14:28:22,ROBOT_02,52.77,10.509,1.439,46.956,36.85,5,정상
2026-06-29 14:28:22,ROBOT_03,52.81,10.432,2.151,48.495,34.64,17,정상
2026-06-29 14:28:22,ROBOT_04,73.58,12.726,4.481,45.532,44.76,59,위험
2026-06-29 15:21:22,ROBOT_01,52.8,9.171,1.219,47.415,35.62,12,정상
2026-06-29 15:21:22,ROBOT_02,52.86,9.053,1.703,48.213,33.72,5,정상
2026-06-29 15:21:22,ROBOT_03,52.64,9.392,2.206,47.598,31.98,17,정상
2026-06-29 15:21:22,ROBOT_04,64.93,13.172,4.069,44.324,45.86,59,위험
2026-06-29 16:14:23,ROBOT_01,52.46,9.067,1.78,47.746,35.05,12,정상
2026-06-29 16:14:23,ROBOT_02,56.43,9.307,1.605,48.368,38.33,5,정상
2026-06-29 16:14:23,ROBOT_03,51.96,10.17,1.546,47.783,34.02,17,정상
2026-06-29 16:14:23,ROBOT_04,65.87,13.159,3.956,45.387,45.94,59,주의
2026-06-29 17:07:24,ROBOT_01,58.49,9.803,1.74,47.544,36.66,12,정상
2026-06-29 17:07:24,ROBOT_02,53.39,9.264,1.869,47.464,35.77,5,정상
2026-06-29 17:07:24,ROBOT_03,53.64,8.848,2.172,47.91,36.45,17,정상
2026-06-29 17:07:24,ROBOT_04,71.3,14.611,4.466,44.475,49.76,59,주의
2026-06-29 18:00:25,ROBOT_01,52.83,11.028,1.739,46.834,33.52,12,정상
2026-06-29 18:00:25,ROBOT_02,50.09,9.951,2.026,47.102,34.73,5,정상
2026-06-29 18:00:25,ROBOT_03,53.9,9.575,1.689,48.267,37.44,17,정상
2026-06-29 18:00:25,ROBOT_04,72.52,13.729,4.12,44.578,47.21,59,위험
2026-06-29 18:53:26,ROBOT_01,53.42,9.999,1.658,47.08,31.85,12,정상
2026-06-29 18:53:26,ROBOT_02,53.51,8.883,2.05,48.118,35.87,5,정상
2026-06-29 18:53:26,ROBOT_03,51.94,8.879,1.584,47.875,36.08,17,정상
2026-06-29 18:53:26,ROBOT_04,73.73,14.114,4.38,44.858,46.44,59,위험
2026-06-29 19:46:26,ROBOT_01,59.06,9.73,1.35,46.85,35.88,12,정상
2026-06-29 19:46:26,ROBOT_02,55.51,10.114,1.786,47.373,33.57,5,정상
2026-06-29 19:46:26,ROBOT_03,51.55,8.461,2.235,47.792,35.64,17,정상
2026-06-29 19:46:26,ROBOT_04,71.3,15.028,4.414,45.119,44.12,59,주의
2026-06-29 20:39:27,ROBOT_01,55.05,9.566,2.16,47.246,35.17,12,정상
2026-06-29 20:39:27,ROBOT_02,54.81,10.458,1.666,47.07,35.26,5,정상
2026-06-29 20:39:27,ROBOT_03,53.41,10.406,2.605,48.261,33.65,17,정상
2026-06-29 20:39:27,ROBOT_04,71.63,14.707,5.042,45.234,50.32,59,위험
2026-06-29 21:32:28,ROBOT_01,53.52,9.581,1.782,47.609,34.99,12,정상
2026-06-29 21:32:28,ROBOT_02,50.03,10.243,1.372,47.184,37.33,5,정상
2026-06-29 21:32:28,ROBOT_03,51.36,8.067,1.649,48.14,35.83,17,정상
2026-06-29 21:32:28,ROBOT_04,68,13.231,3.991,45.306,45.85,59,주의
2026-06-29 22:25:29,ROBOT_01,49.77,8.819,2.046,47.297,34.68,12,정상
2026-06-29 22:25:29,ROBOT_02,53.82,9.634,1.735,46.999,39.91,5,정상
2026-06-29 22:25:29,ROBOT_03,57.01,10.091,2.126,47.677,35.2,17,정상
2026-06-29 22:25:29,ROBOT_04,67.9,14.356,4.289,44.854,49.74,59,위험
2026-06-29 23:18:30,ROBOT_01,50.97,8.456,1.687,47.633,36.8,12,정상
2026-06-29 23:18:30,ROBOT_02,55.19,8.611,1.604,46.796,34.7,5,정상
2026-06-29 23:18:30,ROBOT_03,54.29,10.552,1.809,47.504,37.36,17,정상
2026-06-29 23:18:30,ROBOT_04,72.25,14.204,4.518,45.061,50.68,59,위험
2026-06-30 00:11:30,ROBOT_01,53.41,9.903,1.78,47.13,33.76,13,정상
2026-06-30 00:11:30,ROBOT_02,47.78,8.072,1.469,47.909,34.79,6,정상
2026-06-30 00:11:30,ROBOT_03,56.29,9.121,2.203,47.422,35.75,18,정상
2026-06-30 00:11:30,ROBOT_04,69.31,13.336,4.657,45.436,49.4,60,위험
2026-06-30 01:04:31,ROBOT_01,51.81,8.051,2.024,47.682,33.46,13,정상
2026-06-30 01:04:31,ROBOT_02,52.31,10.07,1.15,47.776,35.31,6,정상
2026-06-30 01:04:31,ROBOT_03,56.58,9.329,1.699,46.464,34.11,18,정상
2026-06-30 01:04:31,ROBOT_04,69.35,13.019,4.495,44.38,48.31,60,위험
2026-06-30 01:57:32,ROBOT_01,49.04,9.43,1.878,48.081,34.13,13,정상
2026-06-30 01:57:32,ROBOT_02,48.53,9.166,1.695,48.804,34.56,6,정상
2026-06-30 01:57:32,ROBOT_03,55.34,9.717,2.502,48.199,38.01,18,정상
2026-06-30 01:57:32,ROBOT_04,71.36,13.897,4.708,44.321,48.7,60,주의
2026-06-30 02:50:33,ROBOT_01,49.8,8.681,1.787,48.363,36,13,정상
2026-06-30 02:50:33,ROBOT_02,47.81,8.463,1.588,48.312,35.11,6,정상
2026-06-30 02:50:33,ROBOT_03,51.95,9.017,1.978,47.939,33.46,18,정상
2026-06-30 02:50:33,ROBOT_04,67.34,13.519,4.983,45.332,46.29,60,주의
2026-06-30 03:43:33,ROBOT_01,51.13,7.416,1.854,47.556,31.84,13,정상
2026-06-30 03:43:33,ROBOT_02,48.79,8.584,1.663,47.261,34.31,6,정상
2026-06-30 03:43:33,ROBOT_03,53.61,8.139,1.703,46.911,36.06,18,정상
2026-06-30 03:43:33,ROBOT_04,66.4,14.201,4.869,44.883,47.56,60,위험
2026-06-30 04:36:34,ROBOT_01,49.18,7.25,1.815,48.562,33.33,13,정상
2026-06-30 04:36:34,ROBOT_02,45.94,8.097,1.846,48.048,33.46,6,정상
2026-06-30 04:36:34,ROBOT_03,50.57,8.647,2.296,48.006,32.27,18,정상
2026-06-30 04:36:34,ROBOT_04,70.48,13.718,4.733,44.9,45.66,60,위험
2026-06-30 05:29:35,ROBOT_01,48.77,7.647,2.153,47.968,31.52,13,정상
2026-06-30 05:29:35,ROBOT_02,50.5,7.257,1.569,48.126,35.94,6,정상
2026-06-30 05:29:35,ROBOT_03,51.65,8.916,2.042,47.978,33.1,18,정상
2026-06-30 05:29:35,ROBOT_04,69.43,12.624,4.537,44.327,48.65,60,위험
2026-06-30 06:22:36,ROBOT_01,50.67,9.289,2.179,47.444,31.72,13,정상
2026-06-30 06:22:36,ROBOT_02,47.01,8.266,1.392,47.895,31.54,6,정상
2026-06-30 06:22:36,ROBOT_03,45.76,8.925,1.955,48.695,32.84,18,정상
2026-06-30 06:22:36,ROBOT_04,69.41,14.945,4.86,45.633,50.23,60,위험
2026-06-30 07:15:37,ROBOT_01,47.24,7.748,1.638,48.12,32.37,13,정상
2026-06-30 07:15:37,ROBOT_02,47.03,8.571,1.968,48.694,31.07,6,정상
2026-06-30 07:15:37,ROBOT_03,49.33,8.617,2.248,48.159,31.83,18,정상
2026-06-30 07:15:37,ROBOT_04,72.35,17.446,5.762,44.176,51.53,60,위험
2026-06-30 08:08:37,ROBOT_01,48.89,8.038,1.803,48.599,32.7,13,정상
2026-06-30 08:08:37,ROBOT_02,49.39,7.872,1.78,47.544,30.87,6,정상
2026-06-30 08:08:37,ROBOT_03,49.61,8.74,1.777,48.035,34.49,18,정상
2026-06-30 08:08:37,ROBOT_04,64.08,12.695,5.201,45.431,46.9,60,위험
2026-06-30 09:01:38,ROBOT_01,51.98,9.551,1.602,47.575,33.6,13,정상
2026-06-30 09:01:38,ROBOT_02,50.63,9.099,2.253,48.101,37.84,6,정상
2026-06-30 09:01:38,ROBOT_03,49.26,9.534,1.889,47.392,33.46,18,정상
2026-06-30 09:01:38,ROBOT_04,66.92,12.308,5.067,45.422,46.54,60,주의
2026-06-30 09:54:39,ROBOT_01,48.55,7.394,1.628,48.247,29.53,13,정상
2026-06-30 09:54:39,ROBOT_02,52.78,8.954,1.791,47.917,33.34,6,정상
2026-06-30 09:54:39,ROBOT_03,51.68,9.349,1.899,48.159,34.81,18,정상
2026-06-30 09:54:39,ROBOT_04,71.54,13.9,5,44.825,45.07,60,위험
2026-06-30 10:47:40,ROBOT_01,55.91,9.636,2.171,47.289,33.95,13,정상
2026-06-30 10:47:40,ROBOT_02,51.24,8.497,1.386,48.421,29.42,6,정상
2026-06-30 10:47:40,ROBOT_03,48.21,8.795,1.865,47.825,32.63,18,정상
2026-06-30 10:47:40,ROBOT_04,71.09,13.381,5.286,45.25,44,60,위험
2026-06-30 11:40:41,ROBOT_01,47.99,9.144,2.306,48.505,34.14,13,정상
2026-06-30 11:40:41,ROBOT_02,49.54,8.596,1.245,47.371,32.79,6,정상
2026-06-30 11:40:41,ROBOT_03,51.82,9.623,2.215,49.116,32.83,18,정상
2026-06-30 11:40:41,ROBOT_04,77.4,13.963,5.123,44.399,46.32,60,위험
2026-06-30 12:33:41,ROBOT_01,57.24,9.846,2.088,47.585,33.86,13,정상
2026-06-30 12:33:41,ROBOT_02,54.09,8.631,1.535,48.167,32.77,6,정상
2026-06-30 12:33:41,ROBOT_03,51.88,9.338,1.619,47.754,33.67,18,정상
2026-06-30 12:33:41,ROBOT_04,72.44,13.81,5.076,45.1,50.41,60,위험
2026-06-30 13:26:42,ROBOT_01,55.05,10.547,1.81,46.27,34.92,13,정상
2026-06-30 13:26:42,ROBOT_02,53.82,8.858,1.249,47.727,35.62,6,정상
2026-06-30 13:26:42,ROBOT_03,46.55,8.315,1.787,47.533,33.38,18,정상
2026-06-30 13:26:42,ROBOT_04,74.02,14.815,5.437,45.037,47.68,60,위험
2026-06-30 14:19:43,ROBOT_01,54.33,9.977,2.346,47.64,35.41,13,정상
2026-06-30 14:19:43,ROBOT_02,53.94,9.387,1.556,46.782,32.2,6,정상
2026-06-30 14:19:43,ROBOT_03,55.05,8.845,1.591,48.012,37.46,18,정상
2026-06-30 14:19:43,ROBOT_04,74.06,15.006,5.433,44.396,49.01,60,위험
2026-06-30 15:12:44,ROBOT_01,55.67,9.827,1.954,46.943,37.27,13,정상
2026-06-30 15:12:44,ROBOT_02,56.74,8.483,1.447,47.217,34.58,6,정상
2026-06-30 15:12:44,ROBOT_03,50.56,8.806,2.227,47.38,37.46,18,정상
2026-06-30 15:12:44,ROBOT_04,73.39,17.251,5.432,44.214,53.15,60,위험
2026-06-30 16:05:45,ROBOT_01,52.96,10.198,2.321,47.811,36.95,13,정상
2026-06-30 16:05:45,ROBOT_02,56,9.594,1.382,46.846,35.59,6,정상
2026-06-30 16:05:45,ROBOT_03,53.49,9.914,1.982,48.179,39.83,18,정상
2026-06-30 16:05:45,ROBOT_04,73.13,15.46,5.594,44.281,48.95,60,위험
2026-06-30 16:58:45,ROBOT_01,50.04,9.09,1.702,47.922,34.67,13,정상
2026-06-30 16:58:45,ROBOT_02,53.36,10.347,2.247,47.634,37.34,6,정상
2026-06-30 16:58:45,ROBOT_03,53.93,10.11,2.301,47.763,36.64,18,정상
2026-06-30 16:58:45,ROBOT_04,78.66,15.555,5.312,44.526,50.85,60,위험
2026-06-30 17:51:46,ROBOT_01,51.99,9.905,2.04,47.537,36.13,13,정상
2026-06-30 17:51:46,ROBOT_02,54.17,9.949,1.597,47.797,37.4,6,정상
2026-06-30 17:51:46,ROBOT_03,53.29,9.548,2.093,48.072,36.24,18,정상
2026-06-30 17:51:46,ROBOT_04,73.4,15.652,5.774,43.642,52.39,60,위험
2026-06-30 18:44:47,ROBOT_01,51.25,9.136,2.007,47.709,32.8,13,정상
2026-06-30 18:44:47,ROBOT_02,48.89,9.048,1.502,47.454,36.41,6,정상
2026-06-30 18:44:47,ROBOT_03,51.9,8.907,1.972,48.208,34.9,18,정상
2026-06-30 18:44:47,ROBOT_04,74.44,15.991,5.216,43.982,51.2,60,위험
2026-06-30 19:37:48,ROBOT_01,52.64,10.046,1.071,46.599,34.58,13,정상
2026-06-30 19:37:48,ROBOT_02,52.34,9.318,1.931,47.261,34.69,6,정상
2026-06-30 19:37:48,ROBOT_03,54.79,10.014,2.11,47.411,38.54,18,정상
2026-06-30 19:37:48,ROBOT_04,80.33,16.18,6.061,44.121,50.63,60,위험
2026-06-30 20:30:49,ROBOT_01,50.93,8.807,1.669,47.412,32.35,13,정상
2026-06-30 20:30:49,ROBOT_02,57.96,10.128,1.648,47.158,38.15,6,정상
2026-06-30 20:30:49,ROBOT_03,57.17,10.255,1.769,47.203,36.48,18,정상
2026-06-30 20:30:49,ROBOT_04,77.39,14.579,5.886,43.965,52.45,60,위험
2026-06-30 21:23:49,ROBOT_01,52.01,9.94,2.42,47.964,34.51,13,정상
2026-06-30 21:23:49,ROBOT_02,48.73,9.377,1.585,47.026,34.6,6,정상
2026-06-30 21:23:49,ROBOT_03,55.59,10.836,1.514,48.094,37.38,18,정상
2026-06-30 21:23:49,ROBOT_04,82.4,16.152,5.612,43.698,54.19,60,위험
2026-06-30 22:16:50,ROBOT_01,67.05,12.233,4.719,45.947,39.95,13,주의
2026-06-30 22:16:50,ROBOT_02,51.11,9.451,2.448,46.8,34.02,6,정상
2026-06-30 22:16:50,ROBOT_03,49.96,10.353,1.816,47.164,35.28,18,정상
2026-06-30 22:16:50,ROBOT_04,74.83,15.687,6.487,45.032,51.1,60,위험
2026-06-30 23:09:51,ROBOT_01,51.72,8.606,2.007,48.745,34,13,정상
2026-06-30 23:09:51,ROBOT_02,50.08,8.996,1.754,47.893,34.91,6,정상
2026-06-30 23:09:51,ROBOT_03,48.73,9.603,1.862,48.426,35.56,18,정상
2026-06-30 23:09:51,ROBOT_04,73.03,15.155,5.75,43.976,49.81,60,위험
2026-07-01 00:02:52,ROBOT_01,49.47,10.757,2.006,47.876,34.64,14,정상
2026-07-01 00:02:52,ROBOT_02,49.6,9.304,1.248,47.951,36.58,7,정상
2026-07-01 00:02:52,ROBOT_03,55.06,10.002,2.219,47.764,35.78,19,정상
2026-07-01 00:02:52,ROBOT_04,58.18,12.695,4.04,46.069,40.97,0,주의
2026-07-01 00:55:52,ROBOT_01,56.37,9.43,2.287,48.351,36.75,14,정상
2026-07-01 00:55:52,ROBOT_02,49.16,7.555,1.741,47.805,36.94,7,정상
2026-07-01 00:55:52,ROBOT_03,52.61,8.707,2.209,47.958,33.65,19,정상
2026-07-01 00:55:52,ROBOT_04,62.63,11.4,4.492,45.364,40.94,0,주의
2026-07-01 01:48:53,ROBOT_01,52.95,9.829,1.99,47.586,34.82,14,정상
2026-07-01 01:48:53,ROBOT_02,47.28,8.649,1.226,48.306,30.4,7,정상
2026-07-01 01:48:53,ROBOT_03,53.74,9.473,2.161,47.332,34.96,19,정상
2026-07-01 01:48:53,ROBOT_04,59.1,11.544,4.026,46.225,44.09,0,정상
2026-07-01 02:41:54,ROBOT_01,52.34,10.079,1.712,48.013,35.45,14,정상
2026-07-01 02:41:54,ROBOT_02,50.6,9.256,1.829,47.24,31.78,7,정상
2026-07-01 02:41:54,ROBOT_03,51.85,8.976,1.699,48.661,33.58,19,정상
2026-07-01 02:41:54,ROBOT_04,64.24,11.092,3.809,45.951,44.38,0,주의
2026-07-01 03:34:55,ROBOT_01,49.69,8.852,2.076,47.645,32,14,정상
2026-07-01 03:34:55,ROBOT_02,50.98,8.313,1.665,46.921,32.43,7,정상
2026-07-01 03:34:55,ROBOT_03,47.81,8.928,1.753,48.08,34.39,19,정상
2026-07-01 03:34:55,ROBOT_04,58.28,11.808,4.003,46.027,42.65,0,주의
2026-07-01 04:27:56,ROBOT_01,50.24,8.761,1.257,47.868,33.08,14,정상
2026-07-01 04:27:56,ROBOT_02,50.75,9.464,1.752,47.692,33.72,7,정상
2026-07-01 04:27:56,ROBOT_03,50.2,8.204,1.898,47.885,33.68,19,정상
2026-07-01 04:27:56,ROBOT_04,60.69,12.07,4.087,45.765,42.38,0,주의
2026-07-01 05:20:56,ROBOT_01,51.8,9.299,1.674,47.997,33.75,14,정상
2026-07-01 05:20:56,ROBOT_02,62.91,13.167,4.788,46.056,40.49,7,주의
2026-07-01 05:20:56,ROBOT_03,53.16,9.042,2.33,48.014,31.86,19,정상
2026-07-01 05:20:56,ROBOT_04,65.93,12.634,4.195,44.999,44.37,0,주의
2026-07-01 06:13:57,ROBOT_01,50.29,9.469,1.435,48.357,33.84,14,정상
2026-07-01 06:13:57,ROBOT_02,53.84,8.345,1.483,47.55,34.85,7,정상
2026-07-01 06:13:57,ROBOT_03,47.07,9.203,1.606,48.443,32.68,19,정상
2026-07-01 06:13:57,ROBOT_04,60.81,11.01,4.5,45.655,40.55,0,주의
2026-07-01 07:06:58,ROBOT_01,49.33,8.037,1.653,48.35,32.66,14,정상
2026-07-01 07:06:58,ROBOT_02,49.94,7.415,1.892,47.241,31.94,7,정상
2026-07-01 07:06:58,ROBOT_03,48.84,8.83,1.741,47.495,33.11,19,정상
2026-07-01 07:06:58,ROBOT_04,62.64,12.995,4.269,46.125,42.1,0,주의
2026-07-01 07:59:59,ROBOT_01,46.85,8.941,1.577,47.926,31.35,14,정상
2026-07-01 07:59:59,ROBOT_02,44.26,7.157,1.54,48.128,32.99,7,정상
2026-07-01 07:59:59,ROBOT_03,48.98,7.875,2.072,48.623,35.73,19,정상
2026-07-01 07:59:59,ROBOT_04,60.22,12.709,4.386,45.865,43.67,0,주의
2026-07-01 08:53:00,ROBOT_01,48.92,7.28,0.997,48.535,29.9,14,정상
2026-07-01 08:53:00,ROBOT_02,50.67,8.477,1.942,49.2,30.51,7,정상
2026-07-01 08:53:00,ROBOT_03,46.24,8.186,1.605,48.318,32.09,19,정상
2026-07-01 08:53:00,ROBOT_04,64.88,13.228,4.392,44.99,46.8,0,주의
2026-07-01 09:46:00,ROBOT_01,47.76,8.851,1.923,48.233,32.63,14,정상
2026-07-01 09:46:00,ROBOT_02,40.94,8.003,1.271,48.011,30.33,7,정상
2026-07-01 09:46:00,ROBOT_03,46.01,7.915,1.885,48.313,33.67,19,정상
2026-07-01 09:46:00,ROBOT_04,67.94,12.492,4.64,45.478,42.85,0,주의
2026-07-01 10:39:01,ROBOT_01,48.24,9.806,1.796,47.861,35.32,14,정상
2026-07-01 10:39:01,ROBOT_02,52.61,9.65,1.682,47.878,33.6,7,정상
2026-07-01 10:39:01,ROBOT_03,53.36,10.295,2.16,47.947,36.43,19,정상
2026-07-01 10:39:01,ROBOT_04,61.66,12.779,4.82,45.69,43.9,0,주의
2026-07-01 11:32:02,ROBOT_01,55.03,9.123,2.071,47.518,36.5,14,정상
2026-07-01 11:32:02,ROBOT_02,50.12,8.807,1.401,48.388,37,7,정상
2026-07-01 11:32:02,ROBOT_03,53.63,9.392,1.424,47.657,34.78,19,정상
2026-07-01 11:32:02,ROBOT_04,59.59,12.642,4.242,45.751,44.8,0,주의
2026-07-01 12:25:03,ROBOT_01,52.09,8.929,1.977,47.938,37.48,14,정상
2026-07-01 12:25:03,ROBOT_02,52.5,9.369,1.51,48.181,34.59,7,정상
2026-07-01 12:25:03,ROBOT_03,50.92,9.102,2.365,47.342,34.98,19,정상
2026-07-01 12:25:03,ROBOT_04,65.35,12.823,4.364,44.829,46.09,0,주의
2026-07-01 13:18:04,ROBOT_01,53.08,8.993,1.757,48.211,32.33,14,정상
2026-07-01 13:18:04,ROBOT_02,53.66,9.95,1.862,47.312,36.03,7,정상
2026-07-01 13:18:04,ROBOT_03,52.11,9.455,2.029,47.694,34.49,19,정상
2026-07-01 13:18:04,ROBOT_04,66.82,13.012,5.169,45.468,42.88,0,주의
2026-07-01 14:11:04,ROBOT_01,52.38,9.851,1.575,47.261,38.29,14,정상
2026-07-01 14:11:04,ROBOT_02,56.32,10.027,1.595,47.659,37.69,7,정상
2026-07-01 14:11:04,ROBOT_03,56.56,9.707,1.82,48.42,39.04,19,정상
2026-07-01 14:11:04,ROBOT_04,66.33,13.67,4.695,45.405,41.4,0,주의
2026-07-01 15:04:05,ROBOT_01,54.36,11.182,1.875,46.969,35.75,14,정상
2026-07-01 15:04:05,ROBOT_02,49.97,9.012,1.896,47.228,33.15,7,정상
2026-07-01 15:04:05,ROBOT_03,46.4,10.257,1.751,48.592,32.98,19,정상
2026-07-01 15:04:05,ROBOT_04,66.38,14.358,4.467,45.688,45.94,0,주의
2026-07-01 15:57:06,ROBOT_01,48.4,8.865,1.685,47.825,35.4,14,정상
2026-07-01 15:57:06,ROBOT_02,51.28,10.029,1.451,47.542,34.54,7,정상
2026-07-01 15:57:06,ROBOT_03,50.2,10.236,1.859,46.85,33.81,19,정상
2026-07-01 15:57:06,ROBOT_04,68.05,13.734,4.77,44.543,43.51,0,주의
2026-07-01 16:50:07,ROBOT_01,56.21,10.25,2.254,47.782,37.03,14,정상
2026-07-01 16:50:07,ROBOT_02,56,9.773,1.795,47.524,34.55,7,정상
2026-07-01 16:50:07,ROBOT_03,57.06,10.269,2.189,47.842,38.52,19,정상
2026-07-01 16:50:07,ROBOT_04,69.04,13.868,4.771,44.491,45.3,0,주의
2026-07-01 17:43:08,ROBOT_01,53.51,9.389,1.845,47.856,36.73,14,정상
2026-07-01 17:43:08,ROBOT_02,53.45,10.1,1.534,47.661,38.65,7,정상
2026-07-01 17:43:08,ROBOT_03,50.7,9.439,2.145,47.983,37.69,19,정상
2026-07-01 17:43:08,ROBOT_04,65.28,14.499,4.268,45.021,45.31,0,주의
2026-07-01 18:36:08,ROBOT_01,47.85,9.099,2.211,48.007,34.06,14,정상
2026-07-01 18:36:08,ROBOT_02,53.41,9.273,1.954,47.847,33.09,7,정상
2026-07-01 18:36:08,ROBOT_03,51.72,9.506,2.084,48.075,35.32,19,정상
2026-07-01 18:36:08,ROBOT_04,67.03,15.079,5.008,45.035,48.28,0,주의
2026-07-01 19:29:09,ROBOT_01,52.15,8.608,1.437,47.956,34.15,14,정상
2026-07-01 19:29:09,ROBOT_02,53.46,8.762,1.367,47.345,35.77,7,정상
2026-07-01 19:29:09,ROBOT_03,53.96,10.11,2.091,47.066,35.67,19,정상
2026-07-01 19:29:09,ROBOT_04,65.43,13.985,4.694,44.903,45.2,0,주의
2026-07-01 20:22:10,ROBOT_01,51.55,11.057,2.02,48.174,34.64,14,정상
2026-07-01 20:22:10,ROBOT_02,51.71,10.473,2.137,47.323,33.96,7,정상
2026-07-01 20:22:10,ROBOT_03,54.31,10.391,1.872,47.346,38.3,19,정상
2026-07-01 20:22:10,ROBOT_04,67.45,15.526,5.417,45.192,50.72,0,위험
2026-07-01 21:15:11,ROBOT_01,52.71,10.537,2.339,46.964,39.53,14,정상
2026-07-01 21:15:11,ROBOT_02,52.21,8.815,1.911,48.063,34.78,7,정상
2026-07-01 21:15:11,ROBOT_03,56.85,10.087,1.945,47.596,37.27,19,정상
2026-07-01 21:15:11,ROBOT_04,70.27,13.656,4.555,45.498,43.09,0,위험
2026-07-01 22:08:12,ROBOT_01,53.34,9.163,1.976,47.066,35.72,14,정상
2026-07-01 22:08:12,ROBOT_02,66.16,13.235,4.272,45.598,42.91,7,주의
2026-07-01 22:08:12,ROBOT_03,54.54,10.088,2.411,47.831,36.51,19,정상
2026-07-01 22:08:12,ROBOT_04,66.34,13.345,4.919,44.953,48.45,0,위험
2026-07-01 23:01:12,ROBOT_01,54.8,9.709,1.896,47.065,39.39,14,정상
2026-07-01 23:01:12,ROBOT_02,52.79,8.481,1.566,46.997,37.54,7,정상
2026-07-01 23:01:12,ROBOT_03,51.84,9.09,2.156,47.642,35.31,19,정상
2026-07-01 23:01:12,ROBOT_04,69.64,13.697,4.298,44.684,49.1,0,위험
2026-07-01 23:54:13,ROBOT_01,51.81,9.898,1.692,48.213,36.54,14,정상
2026-07-01 23:54:13,ROBOT_02,52.12,8.452,1.661,47.907,36.12,7,정상
2026-07-01 23:54:13,ROBOT_03,60.2,12.096,3.462,46.193,43.6,19,주의
2026-07-01 23:54:13,ROBOT_04,66.27,13.303,4.928,44.278,46.74,0,주의
2026-07-02 00:47:14,ROBOT_01,50.95,11.369,2.214,47.641,36.8,15,정상
2026-07-02 00:47:14,ROBOT_02,55.46,10.111,1.643,47.15,37.42,8,정상
2026-07-02 00:47:14,ROBOT_03,52.72,9.784,2.183,48.137,37.71,20,정상
2026-07-02 00:47:14,ROBOT_04,64.91,13.418,4.868,45.278,44.93,1,주의
2026-07-02 01:40:15,ROBOT_01,48.2,10.936,1.998,47.812,34.51,15,정상
2026-07-02 01:40:15,ROBOT_02,53.72,7.921,1.415,47.564,35.9,8,정상
2026-07-02 01:40:15,ROBOT_03,58.8,10.69,1.966,47.603,36.88,20,정상
2026-07-02 01:40:15,ROBOT_04,69.83,13.431,4.768,45.834,47.09,1,위험
2026-07-02 02:33:15,ROBOT_01,51.45,10.623,1.956,47.753,36.1,15,정상
2026-07-02 02:33:15,ROBOT_02,49.01,10.018,1.603,47.656,34.23,8,정상
2026-07-02 02:33:15,ROBOT_03,50.68,7.533,2.117,48.269,32.76,20,정상
2026-07-02 02:33:15,ROBOT_04,61.4,12.414,4.566,45.203,43.06,1,주의
2026-07-02 03:26:16,ROBOT_01,52.93,8.235,1.614,48.728,37.21,15,정상
2026-07-02 03:26:16,ROBOT_02,48.38,9.059,1.882,47.284,33.27,8,정상
2026-07-02 03:26:16,ROBOT_03,47.07,10.262,2.336,48.239,32.8,20,정상
2026-07-02 03:26:16,ROBOT_04,65.77,12.047,4.112,45.886,48.13,1,주의
2026-07-02 04:19:17,ROBOT_01,48.59,8.391,1.924,47.322,35.6,15,정상
2026-07-02 04:19:17,ROBOT_02,50.78,8.164,1.759,48.277,38.04,8,정상
2026-07-02 04:19:17,ROBOT_03,47.17,8.262,2.32,48.508,36.99,20,정상
2026-07-02 04:19:17,ROBOT_04,62.1,12.754,4.732,45.857,46.11,1,위험
2026-07-02 05:12:18,ROBOT_01,49.08,9.503,2.225,48.231,35.52,15,정상
2026-07-02 05:12:18,ROBOT_02,55.53,7.933,1.563,48.261,30.65,8,정상
2026-07-02 05:12:18,ROBOT_03,50.97,9.961,2.108,47.585,33.29,20,정상
2026-07-02 05:12:18,ROBOT_04,63.6,13.267,5.24,44.825,44.74,1,위험
2026-07-02 06:05:19,ROBOT_01,48.98,8.248,1.864,48.153,33.29,15,정상
2026-07-02 06:05:19,ROBOT_02,48.22,8.574,1.073,48.308,32.6,8,정상
2026-07-02 06:05:19,ROBOT_03,50.95,9.408,2.261,48.175,35.42,20,정상
2026-07-02 06:05:19,ROBOT_04,66.41,13.126,4.783,44.31,43.97,1,주의
2026-07-02 06:58:19,ROBOT_01,47.84,8.554,1.621,48.954,34.34,15,정상
2026-07-02 06:58:19,ROBOT_02,49.08,7.97,1.766,48.471,31.53,8,정상
2026-07-02 06:58:19,ROBOT_03,48.37,8.378,2.202,48.659,32.76,20,정상
2026-07-02 06:58:19,ROBOT_04,63.5,11.865,4.911,45.185,43.44,1,주의
2026-07-02 07:51:20,ROBOT_01,48.08,9.163,1.957,48.054,32,15,정상
2026-07-02 07:51:20,ROBOT_02,51.07,7.749,1.943,47.563,33.41,8,정상
2026-07-02 07:51:20,ROBOT_03,49.71,10.245,1.765,48.022,34.44,20,정상
2026-07-02 07:51:20,ROBOT_04,66.31,12.429,4.694,45.652,44.96,1,주의
2026-07-02 08:44:21,ROBOT_01,49.26,9.563,2.065,48.407,32.48,15,정상
2026-07-02 08:44:21,ROBOT_02,47.95,8.635,1.863,47.491,33.06,8,정상
2026-07-02 08:44:21,ROBOT_03,50.44,8.731,2.167,48.586,34.38,20,정상
2026-07-02 08:44:21,ROBOT_04,67.74,12.263,5.152,45.287,45.72,1,주의
2026-07-02 09:37:22,ROBOT_01,55.91,10.065,2.42,47.698,35.91,15,정상
2026-07-02 09:37:22,ROBOT_02,51.63,9.717,1.294,47.222,34.28,8,정상
2026-07-02 09:37:22,ROBOT_03,53.12,10.176,2.093,48.819,33.03,20,정상
2026-07-02 09:37:22,ROBOT_04,66.08,12.494,4.466,45.066,43.96,1,주의
2026-07-02 10:30:23,ROBOT_01,51.1,8.124,1.968,47.735,36.85,15,정상
2026-07-02 10:30:23,ROBOT_02,49,7.656,1.89,48.175,34.19,8,정상
2026-07-02 10:30:23,ROBOT_03,50.55,8.627,2.371,47.681,37.19,20,정상
2026-07-02 10:30:23,ROBOT_04,63.65,12.095,4.741,44.938,45.3,1,주의
2026-07-02 11:23:23,ROBOT_01,52.45,8.501,1.88,48.449,33.36,15,정상
2026-07-02 11:23:23,ROBOT_02,49.3,9.906,2.02,47.678,39.43,8,정상
2026-07-02 11:23:23,ROBOT_03,54.73,11.311,2.045,47.31,36.62,20,정상
2026-07-02 11:23:23,ROBOT_04,68,13.079,4.726,45.27,46.21,1,주의
2026-07-02 12:16:24,ROBOT_01,53.13,8.615,2.309,47.533,33.04,15,정상
2026-07-02 12:16:24,ROBOT_02,62.52,12.619,4.176,46.038,42.38,8,주의
2026-07-02 12:16:24,ROBOT_03,48.51,8.639,2.003,48.58,32.89,20,정상
2026-07-02 12:16:24,ROBOT_04,65.48,12.958,4.718,45.599,45.41,1,주의
2026-07-02 13:09:25,ROBOT_01,53.37,10.274,2.143,47.309,36.79,15,정상
2026-07-02 13:09:25,ROBOT_02,49.83,7.895,1.438,47.995,34.99,8,정상
2026-07-02 13:09:25,ROBOT_03,48.85,8.976,2.614,47.443,38.16,20,정상
2026-07-02 13:09:25,ROBOT_04,64.55,11.651,4.352,45.16,41.91,1,주의
2026-07-02 14:02:26,ROBOT_01,53.43,8.519,1.784,47.854,34.42,15,정상
2026-07-02 14:02:26,ROBOT_02,53.27,8.589,1.93,47.263,34.59,8,정상
2026-07-02 14:02:26,ROBOT_03,52.96,10.032,2.209,47.561,37.38,20,정상
2026-07-02 14:02:26,ROBOT_04,66.18,13.664,4.388,44.615,46.26,1,위험
2026-07-02 14:55:27,ROBOT_01,53.82,10.406,1.89,47.176,40.97,15,정상
2026-07-02 14:55:27,ROBOT_02,51.58,8.591,1.622,48.568,35.07,8,정상
2026-07-02 14:55:27,ROBOT_03,53.14,9.375,2.323,47.327,35.56,20,정상
2026-07-02 14:55:27,ROBOT_04,68.22,13.215,4.621,45.042,51.92,1,주의
2026-07-02 15:48:27,ROBOT_01,53.71,10.865,1.913,47.509,34.96,15,정상
2026-07-02 15:48:27,ROBOT_02,55.26,9.714,1.842,47.818,35.7,8,정상
2026-07-02 15:48:27,ROBOT_03,52.64,10.671,2.428,47.422,37.79,20,정상
2026-07-02 15:48:27,ROBOT_04,71.05,14.53,4.439,45.284,48.94,1,주의
2026-07-02 16:41:28,ROBOT_01,58.82,10.748,2.298,46.919,36.49,15,정상
2026-07-02 16:41:28,ROBOT_02,51.23,9.544,1.912,48.122,36.02,8,정상
2026-07-02 16:41:28,ROBOT_03,55,10.098,1.837,47.399,37.84,20,정상
2026-07-02 16:41:28,ROBOT_04,70.82,13.487,4.272,44.994,44.11,1,주의
2026-07-02 17:34:29,ROBOT_01,55.56,9.376,2.578,47.72,36.63,15,정상
2026-07-02 17:34:29,ROBOT_02,52.41,9.111,1.981,47.138,38.54,8,정상
2026-07-02 17:34:29,ROBOT_03,59.06,11.343,2.418,46.622,40.18,20,정상
2026-07-02 17:34:29,ROBOT_04,72.36,13.91,3.919,44.887,44.67,1,주의
2026-07-02 18:27:30,ROBOT_01,54.81,10.385,2.502,47.621,35.98,15,정상
2026-07-02 18:27:30,ROBOT_02,55.03,10.587,1.907,47.408,35.82,8,정상
2026-07-02 18:27:30,ROBOT_03,51.78,10.147,2.411,46.773,36.1,20,정상
2026-07-02 18:27:30,ROBOT_04,68.54,14.738,4.009,44.788,44.67,1,주의
2026-07-02 19:20:31,ROBOT_01,56.89,9.911,1.817,47.327,36.34,15,정상
2026-07-02 19:20:31,ROBOT_02,53.77,9.48,1.941,47.413,35.77,8,정상
2026-07-02 19:20:31,ROBOT_03,55.06,11.322,2.094,47.656,38.82,20,정상
2026-07-02 19:20:31,ROBOT_04,65.3,14.174,3.989,45.089,47.37,1,위험
2026-07-02 20:13:31,ROBOT_01,53.98,9.28,1.498,47.363,35.12,15,정상
2026-07-02 20:13:31,ROBOT_02,50.95,9.897,2.325,46.733,35.63,8,정상
2026-07-02 20:13:31,ROBOT_03,59.17,10.604,2.275,47.267,38.1,20,정상
2026-07-02 20:13:31,ROBOT_04,65.53,13.333,4.205,45.318,44.61,1,주의
2026-07-02 21:06:32,ROBOT_01,48.25,9.381,2.04,46.911,33.08,15,정상
2026-07-02 21:06:32,ROBOT_02,53.34,9.843,1.611,46.892,36.24,8,정상
2026-07-02 21:06:32,ROBOT_03,55.23,8.828,2.318,46.638,38.4,20,정상
2026-07-02 21:06:32,ROBOT_04,67.72,13.788,4.399,45.239,47.74,1,주의
2026-07-02 21:59:33,ROBOT_01,52.85,8.889,1.974,48.059,37.16,15,정상
2026-07-02 21:59:33,ROBOT_02,52.17,9.33,1.829,47.824,33.99,8,정상
2026-07-02 21:59:33,ROBOT_03,54.9,9.651,2.672,46.594,39,20,정상
2026-07-02 21:59:33,ROBOT_04,65.42,12.905,3.792,45.286,44.3,1,주의
2026-07-02 22:52:34,ROBOT_01,50.91,9.175,1.689,47.475,32.7,15,정상
2026-07-02 22:52:34,ROBOT_02,49.2,10.495,1.73,46.714,33.62,8,정상
2026-07-02 22:52:34,ROBOT_03,54.59,10.71,2.591,46.861,38.77,20,정상
2026-07-02 22:52:34,ROBOT_04,64,12.578,3.947,46.069,42.37,1,주의
2026-07-02 23:45:34,ROBOT_01,52.53,9.832,2.401,47.38,34.47,15,정상
2026-07-02 23:45:34,ROBOT_02,53.51,10.212,1.634,47.603,33.01,8,정상
2026-07-02 23:45:34,ROBOT_03,55.05,10.114,2.44,47.458,35.39,20,정상
2026-07-02 23:45:34,ROBOT_04,58.94,10.885,3.582,45.608,40.96,1,정상
2026-07-03 00:38:35,ROBOT_01,56.99,9.939,2.294,46.879,34.85,16,정상
2026-07-03 00:38:35,ROBOT_02,52.57,9.427,1.859,48.038,35.11,9,정상
2026-07-03 00:38:35,ROBOT_03,54.19,7.64,2.249,47.931,36.67,21,정상
2026-07-03 00:38:35,ROBOT_04,68.03,14.3,3.853,45.627,44.11,2,주의
2026-07-03 01:31:36,ROBOT_01,50.83,8.984,2.014,48.144,38.1,16,정상
2026-07-03 01:31:36,ROBOT_02,49.05,8.926,2.065,47.881,35.62,9,정상
2026-07-03 01:31:36,ROBOT_03,51.29,9.243,2.253,47.637,36.66,21,정상
2026-07-03 01:31:36,ROBOT_04,62.99,12.185,4.215,45.201,42.04,2,주의
2026-07-03 02:24:37,ROBOT_01,49.84,10.194,2.385,47.509,34.19,16,정상
2026-07-03 02:24:37,ROBOT_02,53.5,8.447,1.742,47.535,34.09,9,정상
2026-07-03 02:24:37,ROBOT_03,50.65,11.226,1.986,46.51,38.33,21,정상
2026-07-03 02:24:37,ROBOT_04,59.65,10.241,3.79,46.262,39.63,2,정상
2026-07-03 03:17:38,ROBOT_01,50.26,8.634,1.842,48.128,33.72,16,정상
2026-07-03 03:17:38,ROBOT_02,49.51,9.078,1.667,48.178,33.85,9,정상
2026-07-03 03:17:38,ROBOT_03,54.69,8.947,2.737,48.042,34.65,21,정상
2026-07-03 03:17:38,ROBOT_04,62.28,10.797,4.089,46.123,41.79,2,주의
2026-07-03 04:10:38,ROBOT_01,51.86,9.325,1.814,47.922,36.55,16,정상
2026-07-03 04:10:38,ROBOT_02,45.79,8.823,1.686,48.434,31.3,9,정상
2026-07-03 04:10:38,ROBOT_03,57.54,12.658,3.993,47.188,38.6,21,정상
2026-07-03 04:10:38,ROBOT_04,58.77,10.063,3.27,45.765,38.46,2,정상
2026-07-03 05:03:39,ROBOT_01,48.84,8.685,1.662,48.212,32.08,16,정상
2026-07-03 05:03:39,ROBOT_02,51.59,9.548,1.808,48.14,33.06,9,정상
2026-07-03 05:03:39,ROBOT_03,51.42,9.203,2.449,48.01,35.65,21,정상
2026-07-03 05:03:39,ROBOT_04,60.21,11.317,3.594,46.314,38.01,2,정상
2026-07-03 05:56:40,ROBOT_01,53.1,9.828,2.497,47.281,32.48,16,정상
2026-07-03 05:56:40,ROBOT_02,45.92,9.12,1.671,47.934,30.87,9,정상
2026-07-03 05:56:40,ROBOT_03,55.62,10.939,2.645,47.467,36.06,21,정상
2026-07-03 05:56:40,ROBOT_04,61.33,11.476,3.589,46.244,41.54,2,주의
2026-07-03 06:49:41,ROBOT_01,45.99,8.015,1.458,48.105,28.64,16,정상
2026-07-03 06:49:41,ROBOT_02,48.41,9.382,1.755,48.126,32.16,9,정상
2026-07-03 06:49:41,ROBOT_03,47.45,9.426,2.503,48.123,34.93,21,정상
2026-07-03 06:49:41,ROBOT_04,57.82,10.649,3.512,46.477,42.82,2,정상
2026-07-03 07:42:42,ROBOT_01,49.65,8.468,1.851,47.929,32.57,16,정상
2026-07-03 07:42:42,ROBOT_02,48.6,9.449,1.769,48.075,30.37,9,정상
2026-07-03 07:42:42,ROBOT_03,51.85,9.221,2.684,47.635,32.33,21,정상
2026-07-03 07:42:42,ROBOT_04,59.36,11.018,3.817,46.104,43.73,2,정상
2026-07-03 08:35:42,ROBOT_01,49.35,7.975,1.807,47.659,34.36,16,정상
2026-07-03 08:35:42,ROBOT_02,52.67,10.906,2.236,47.7,34.89,9,정상
2026-07-03 08:35:42,ROBOT_03,51.41,11.561,2.65,47.219,36.16,21,정상
2026-07-03 08:35:42,ROBOT_04,56.98,11.446,3.608,46.025,41,2,정상
2026-07-03 09:28:43,ROBOT_01,50.4,8.358,1.087,47.397,32.8,16,정상
2026-07-03 09:28:43,ROBOT_02,45.6,9.325,1.766,48.008,36.07,9,정상
2026-07-03 09:28:43,ROBOT_03,50.42,8.747,2.756,47.655,36.61,21,정상
2026-07-03 09:28:43,ROBOT_04,58.78,11.559,3.674,46.432,41.04,2,주의
2026-07-03 10:21:44,ROBOT_01,52.35,9.453,1.801,47.745,36.53,16,정상
2026-07-03 10:21:44,ROBOT_02,49.46,8.854,2.34,48.086,34.38,9,정상
2026-07-03 10:21:44,ROBOT_03,53.95,10.946,2.54,47.494,37.92,21,정상
2026-07-03 10:21:44,ROBOT_04,54.95,11.428,3.507,47.638,38,2,정상
2026-07-03 11:14:45,ROBOT_01,53.78,10.362,1.888,47.339,32.78,16,정상
2026-07-03 11:14:45,ROBOT_02,48.86,9.234,1.802,46.82,37.14,9,정상
2026-07-03 11:14:45,ROBOT_03,54.36,8.969,2.401,47.141,34.48,21,정상
2026-07-03 11:14:45,ROBOT_04,62.98,11.595,3.187,46.745,40.43,2,주의
2026-07-03 12:07:46,ROBOT_01,52.06,8.628,1.775,47.439,32.94,16,정상
2026-07-03 12:07:46,ROBOT_02,53.41,9.183,1.338,47.519,35.75,9,정상
2026-07-03 12:07:46,ROBOT_03,56.93,10.67,2.803,46.97,38.73,21,주의
2026-07-03 12:07:46,ROBOT_04,57.94,10.782,3.18,46.51,43.29,2,정상
2026-07-03 13:00:46,ROBOT_01,52.61,9.65,1.962,47.566,36.68,16,정상
2026-07-03 13:00:46,ROBOT_02,50.76,10.088,1.968,47.171,37.65,9,정상
2026-07-03 13:00:46,ROBOT_03,58.3,10.394,3.119,47.312,38.67,21,정상
2026-07-03 13:00:46,ROBOT_04,59.55,11.444,3.381,46.805,40.25,2,정상
2026-07-03 13:53:47,ROBOT_01,51.06,9.683,1.786,47.535,34.35,16,정상
2026-07-03 13:53:47,ROBOT_02,52.87,10.13,1.786,47.464,33.86,9,정상
2026-07-03 13:53:47,ROBOT_03,54.33,10.737,2.834,47.025,41.34,21,정상
2026-07-03 13:53:47,ROBOT_04,62.86,10.623,3.146,46.399,41.52,2,주의
2026-07-03 14:46:48,ROBOT_01,54.41,10.515,1.867,46.948,36.21,16,정상
2026-07-03 14:46:48,ROBOT_02,53.66,9.084,1.447,47.874,37.61,9,정상
2026-07-03 14:46:48,ROBOT_03,59.69,11.611,3.098,47.698,38.22,21,정상
2026-07-03 14:46:48,ROBOT_04,64.66,12.314,3.628,45.757,42.26,2,정상
2026-07-03 15:39:49,ROBOT_01,54.09,9.712,2.31,47.328,38.31,16,정상
2026-07-03 15:39:49,ROBOT_02,53.87,9.915,1.734,47.034,35.34,9,정상
2026-07-03 15:39:49,ROBOT_03,51.21,11.034,2.833,46.954,38.09,21,정상
2026-07-03 15:39:49,ROBOT_04,60.22,11.1,3.082,46.17,42.54,2,주의
2026-07-03 16:32:50,ROBOT_01,54.02,9.688,1.4,47.177,38.83,16,정상
2026-07-03 16:32:50,ROBOT_02,52.38,9.286,2.094,47.225,36.52,9,정상
2026-07-03 16:32:50,ROBOT_03,57.34,10.952,2.855,47.261,39.67,21,정상
2026-07-03 16:32:50,ROBOT_04,64.03,10.277,3.412,45.576,43.04,2,주의
2026-07-03 17:25:50,ROBOT_01,53.65,10.247,1.778,47.468,39.08,16,정상
2026-07-03 17:25:50,ROBOT_02,51.44,8.41,1.776,46.782,38.85,9,정상
2026-07-03 17:25:50,ROBOT_03,61.25,12.535,2.504,46.491,40.84,21,주의
2026-07-03 17:25:50,ROBOT_04,60.81,11.553,3.228,47.073,41.74,2,정상
2026-07-03 18:18:51,ROBOT_01,55.13,10.31,2.029,47.242,35.02,16,정상
2026-07-03 18:18:51,ROBOT_02,57.94,10.554,1.847,47.447,38.54,9,정상
2026-07-03 18:18:51,ROBOT_03,57.58,11.832,2.728,47.257,37.46,21,정상
2026-07-03 18:18:51,ROBOT_04,60.49,11.524,3.455,46.762,44.5,2,주의
2026-07-03 19:11:52,ROBOT_01,54.12,10.837,1.777,47.33,36.19,16,정상
2026-07-03 19:11:52,ROBOT_02,52.96,9.469,1.787,47.519,34.74,9,정상
2026-07-03 19:11:52,ROBOT_03,62.05,11.97,2.937,46.706,42.3,21,정상
2026-07-03 19:11:52,ROBOT_04,64.78,11.606,2.812,46.267,44.9,2,정상
2026-07-03 20:04:53,ROBOT_01,52.01,10.458,2.707,47.184,36.88,16,정상
2026-07-03 20:04:53,ROBOT_02,57.87,10.617,2.347,47.278,37.56,9,정상
2026-07-03 20:04:53,ROBOT_03,63.86,12.016,3.508,46.229,40.03,21,주의
2026-07-03 20:04:53,ROBOT_04,64.53,12.136,3.457,46.312,42.37,2,주의
2026-07-03 20:57:53,ROBOT_01,54.33,9.275,1.851,47.547,32.74,16,정상
2026-07-03 20:57:53,ROBOT_02,55.2,9.242,1.963,47.59,34.44,9,정상
2026-07-03 20:57:53,ROBOT_03,63.18,12.299,3.61,46.519,43.59,21,주의
2026-07-03 20:57:53,ROBOT_04,67.55,15.362,4.286,45.498,51.02,2,주의
2026-07-03 21:50:54,ROBOT_01,55.96,9.156,2.051,46.271,36.29,16,정상
2026-07-03 21:50:54,ROBOT_02,47.94,10.064,1.69,47.497,32.64,9,정상
2026-07-03 21:50:54,ROBOT_03,61.52,11.727,3.311,46.386,39.19,21,주의
2026-07-03 21:50:54,ROBOT_04,55.91,11.132,2.889,45.937,38.71,2,정상
2026-07-03 22:43:55,ROBOT_01,51.93,9.902,2.127,48.434,37.18,16,정상
2026-07-03 22:43:55,ROBOT_02,50.77,8.985,1.716,47.56,33.82,9,정상
2026-07-03 22:43:55,ROBOT_03,58.25,12.152,3.242,46.307,40.43,21,주의
2026-07-03 22:43:55,ROBOT_04,57.71,11.339,3.313,47.109,42.35,2,정상
2026-07-03 23:36:56,ROBOT_01,53.94,9.477,1.96,47.528,39.99,16,정상
2026-07-03 23:36:56,ROBOT_02,49.69,9.812,1.964,47.027,36.83,9,정상
2026-07-03 23:36:56,ROBOT_03,56.71,10.724,3.331,47.328,40.89,21,정상
2026-07-03 23:36:56,ROBOT_04,60.82,10.661,3.026,46.911,39.72,2,정상
2026-07-04 00:29:57,ROBOT_01,49.15,8.895,2.07,47.188,37.19,17,정상
2026-07-04 00:29:57,ROBOT_02,54.29,9.281,1.508,47.655,31.87,10,정상
2026-07-04 00:29:57,ROBOT_03,62.84,11.225,2.925,46.474,42.07,22,주의
2026-07-04 00:29:57,ROBOT_04,56.98,11.503,2.7,46.48,42.07,3,정상
2026-07-04 01:22:57,ROBOT_01,54.12,10.384,1.714,47.612,36.02,17,정상
2026-07-04 01:22:57,ROBOT_02,52.76,8.25,1.488,47.483,34.37,10,정상
2026-07-04 01:22:57,ROBOT_03,61.46,12.283,3.47,46.633,43.36,22,주의
2026-07-04 01:22:57,ROBOT_04,53.91,10.652,2.884,47.651,39.63,3,정상
2026-07-04 02:15:58,ROBOT_01,53.92,9.633,2.007,47.636,36.06,17,정상
2026-07-04 02:15:58,ROBOT_02,52.44,7.994,2.031,48.099,34.19,10,정상
2026-07-04 02:15:58,ROBOT_03,57.95,9.777,3.331,47.608,39.24,22,정상
2026-07-04 02:15:58,ROBOT_04,55.62,10.609,2.532,47.386,39.44,3,정상
2026-07-04 03:08:59,ROBOT_01,56.89,9.86,2.445,46.957,35.39,17,정상
2026-07-04 03:08:59,ROBOT_02,54.32,8.787,2.033,48.081,34.82,10,정상
2026-07-04 03:08:59,ROBOT_03,60.25,11.215,2.828,46.929,38.36,22,정상
2026-07-04 03:08:59,ROBOT_04,56.75,10.518,2.847,47.341,37,3,정상
2026-07-04 04:02:00,ROBOT_01,49.91,7.347,1.759,47.954,33.09,17,정상
2026-07-04 04:02:00,ROBOT_02,48.95,9.513,1.701,47.218,37.21,10,정상
2026-07-04 04:02:00,ROBOT_03,59.62,11.775,3.543,46.701,41.61,22,주의
2026-07-04 04:02:00,ROBOT_04,55.94,10.071,2.128,46.61,38.17,3,정상
2026-07-04 04:55:01,ROBOT_01,49.21,9.04,1.802,48.236,35.29,17,정상
2026-07-04 04:55:01,ROBOT_02,52.76,8.895,1.887,48.126,32.5,10,정상
2026-07-04 04:55:01,ROBOT_03,59.82,10.243,2.977,46.936,37.83,22,정상
2026-07-04 04:55:01,ROBOT_04,44.1,10.459,2.086,47.718,35.18,3,정상
2026-07-04 05:48:01,ROBOT_01,53.08,8.018,1.651,47.574,32.27,17,정상
2026-07-04 05:48:01,ROBOT_02,49.88,8.543,1.709,47.41,33.88,10,정상
2026-07-04 05:48:01,ROBOT_03,56.98,12.273,3.833,46.971,39.55,22,정상
2026-07-04 05:48:01,ROBOT_04,53.56,10.643,2.436,46.838,37.95,3,정상
2026-07-04 06:41:02,ROBOT_01,48.12,8.547,1.8,48.571,32.46,17,정상
2026-07-04 06:41:02,ROBOT_02,49.6,8.369,1.833,48.484,35.83,10,정상
2026-07-04 06:41:02,ROBOT_03,56.28,11.529,3.298,46.011,40.35,22,정상
2026-07-04 06:41:02,ROBOT_04,53.86,9.498,2.383,47.552,36.76,3,정상
2026-07-04 07:34:03,ROBOT_01,45.28,8.514,1.897,48.167,31.82,17,정상
2026-07-04 07:34:03,ROBOT_02,48.92,8.209,1.805,47.609,34.94,10,정상
2026-07-04 07:34:03,ROBOT_03,54.92,12.345,3.756,47.81,39.09,22,정상
2026-07-04 07:34:03,ROBOT_04,45.46,8.908,2.582,48.173,32.43,3,정상
2026-07-04 08:27:04,ROBOT_01,49.09,9.598,2.483,48.173,35.84,17,정상
2026-07-04 08:27:04,ROBOT_02,46.56,10.298,1.946,48.094,29.62,10,정상
2026-07-04 08:27:04,ROBOT_03,56.82,11.238,3.455,46.308,42.75,22,주의
2026-07-04 08:27:04,ROBOT_04,48.87,9.832,2.269,47.669,35.56,3,정상
2026-07-04 09:20:05,ROBOT_01,54.96,10.592,2.069,48.445,36.29,17,정상
2026-07-04 09:20:05,ROBOT_02,50.82,8.769,1.715,47.531,34.47,10,정상
2026-07-04 09:20:05,ROBOT_03,56.41,11.867,3.009,46.915,38.92,22,정상
2026-07-04 09:20:05,ROBOT_04,54.57,9.865,2.547,47.061,32.98,3,정상
2026-07-04 10:13:05,ROBOT_01,46.07,7.945,1.792,48.525,31.97,17,정상
2026-07-04 10:13:05,ROBOT_02,55.12,8.708,1.712,47.978,34.76,10,정상
2026-07-04 10:13:05,ROBOT_03,59.38,11.63,3.662,46.94,39.71,22,정상
2026-07-04 10:13:05,ROBOT_04,51.57,10.299,2.661,47.948,35.98,3,정상
2026-07-04 11:06:06,ROBOT_01,50.5,8.03,2.05,48.107,31.78,17,정상
2026-07-04 11:06:06,ROBOT_02,50.72,9.387,1.495,48.234,34.32,10,정상
2026-07-04 11:06:06,ROBOT_03,54.06,11.679,3.876,46.548,41.59,22,주의
2026-07-04 11:06:06,ROBOT_04,55.19,10.005,2.626,47.421,38.54,3,정상
2026-07-04 11:59:07,ROBOT_01,50.14,9.491,1.856,47.909,31.75,17,정상
2026-07-04 11:59:07,ROBOT_02,49.18,9.102,1.631,47.724,33.7,10,정상
2026-07-04 11:59:07,ROBOT_03,61.27,12.454,4.179,46.031,42.1,22,주의
2026-07-04 11:59:07,ROBOT_04,54.31,9.869,2.477,47.275,35.18,3,정상
2026-07-04 12:52:08,ROBOT_01,51.02,8.98,2.19,47.592,32.05,17,정상
2026-07-04 12:52:08,ROBOT_02,48.75,9.328,2.009,47.323,36.32,10,정상
2026-07-04 12:52:08,ROBOT_03,65,12.2,4.094,45.804,40.32,22,주의
2026-07-04 12:52:08,ROBOT_04,50.98,10.289,1.819,46.899,37.79,3,정상
2026-07-04 13:45:09,ROBOT_01,52.51,7.946,2.637,47.976,38.74,17,정상
2026-07-04 13:45:09,ROBOT_02,53.34,10.273,1.809,47.603,36.76,10,정상
2026-07-04 13:45:09,ROBOT_03,63.07,12.382,4.442,45.817,44.66,22,주의
2026-07-04 13:45:09,ROBOT_04,57.28,9.542,2.12,47.9,41.06,3,정상
2026-07-04 14:38:09,ROBOT_01,53.43,9.675,1.896,47.428,40.93,17,정상
2026-07-04 14:38:09,ROBOT_02,56.55,8.994,1.939,47.656,34.7,10,정상
2026-07-04 14:38:09,ROBOT_03,60.78,11.71,4.178,46.246,40.87,22,주의
2026-07-04 14:38:09,ROBOT_04,61.36,12.644,3.655,45.963,39.51,3,주의
2026-07-04 15:31:10,ROBOT_01,51.07,10.19,1.58,47.242,38.68,17,정상
2026-07-04 15:31:10,ROBOT_02,53.58,8.562,1.653,47.094,33.28,10,정상
2026-07-04 15:31:10,ROBOT_03,58.25,12.13,3.989,46.152,45.51,22,주의
2026-07-04 15:31:10,ROBOT_04,53.19,9.799,2.185,46.815,39.11,3,정상
2026-07-04 16:24:11,ROBOT_01,54.48,10.307,2.44,46.733,37.35,17,정상
2026-07-04 16:24:11,ROBOT_02,51,8.792,2.094,47.781,35.01,10,정상
2026-07-04 16:24:11,ROBOT_03,66.21,13.517,4.032,46.245,44.58,22,주의
2026-07-04 16:24:11,ROBOT_04,56.49,9.658,2.648,46.399,37.92,3,정상
2026-07-04 17:17:12,ROBOT_01,56.5,10.563,2.236,47.249,35.27,17,정상
2026-07-04 17:17:12,ROBOT_02,52.59,10.866,2.345,46.57,37.35,10,정상
2026-07-04 17:17:12,ROBOT_03,65.85,13.658,3.839,46.004,44.58,22,주의
2026-07-04 17:17:12,ROBOT_04,56.3,10.858,2.514,46.923,38.34,3,정상
2026-07-04 18:10:12,ROBOT_01,59.49,10.881,2.433,47.074,37.92,17,정상
2026-07-04 18:10:12,ROBOT_02,57.94,9.465,1.981,47.331,38.52,10,정상
2026-07-04 18:10:12,ROBOT_03,68.08,12.65,4.185,45.787,45.7,22,주의
2026-07-04 18:10:12,ROBOT_04,59.89,10.655,2.08,47.237,38.61,3,정상
2026-07-04 19:03:13,ROBOT_01,52.85,9.347,2.189,46.914,33.38,17,정상
2026-07-04 19:03:13,ROBOT_02,53.45,9.056,1.84,47.393,38.18,10,정상
2026-07-04 19:03:13,ROBOT_03,66.84,12.768,4.602,45.091,46.37,22,주의
2026-07-04 19:03:13,ROBOT_04,55.65,10.765,2.295,46.784,36.99,3,정상
2026-07-04 19:56:14,ROBOT_01,54.05,9.564,2.087,47.897,36.35,17,정상
2026-07-04 19:56:14,ROBOT_02,52.49,9.052,2.223,47.226,35.94,10,정상
2026-07-04 19:56:14,ROBOT_03,65.86,13.146,4.588,45.026,46.59,22,주의
2026-07-04 19:56:14,ROBOT_04,50.88,9.511,2.061,47.452,38.72,3,정상
2026-07-04 20:49:15,ROBOT_01,55.25,10.081,2.185,47.843,37.54,17,정상
2026-07-04 20:49:15,ROBOT_02,49.08,9.149,1.918,47.723,33.73,10,정상
2026-07-04 20:49:15,ROBOT_03,65.04,13.011,4.217,45.578,44.34,22,주의
2026-07-04 20:49:15,ROBOT_04,54.13,9.065,2.264,47.155,38.01,3,정상
2026-07-04 21:42:16,ROBOT_01,51.78,9.982,2.197,47.312,34.14,17,정상
2026-07-04 21:42:16,ROBOT_02,51.05,9.09,1.667,47.469,35.98,10,정상
2026-07-04 21:42:16,ROBOT_03,67.07,14.181,4.737,45.264,47.4,22,주의
2026-07-04 21:42:16,ROBOT_04,60.72,13.543,3.194,46.058,42.18,3,주의
2026-07-04 22:35:16,ROBOT_01,54.2,8.855,2.203,47.523,32.64,17,정상
2026-07-04 22:35:16,ROBOT_02,59.1,10.196,3.041,46.851,41.75,10,주의
2026-07-04 22:35:16,ROBOT_03,63.04,13.194,4.358,46.14,43.19,22,주의
2026-07-04 22:35:16,ROBOT_04,51.97,10.086,2.269,46.158,39.9,3,정상
2026-07-04 23:28:17,ROBOT_01,56.88,10.204,1.679,47.549,36.85,17,정상
2026-07-04 23:28:17,ROBOT_02,55.88,9.195,2.139,47.001,32.71,10,정상
2026-07-04 23:28:17,ROBOT_03,69.75,13.326,4.713,45.416,44.65,22,주의
2026-07-04 23:28:17,ROBOT_04,56.51,9.526,1.931,47.339,39.45,3,정상
2026-07-05 00:21:18,ROBOT_01,54.98,10.323,1.739,47.12,36.69,18,정상
2026-07-05 00:21:18,ROBOT_02,54.82,8.799,2.105,47.732,36.06,11,정상
2026-07-05 00:21:18,ROBOT_03,63.44,13.602,4.53,45.277,49.88,23,주의
2026-07-05 00:21:18,ROBOT_04,53,9.883,2.125,47.177,35.11,4,정상
2026-07-05 01:14:19,ROBOT_01,52.8,8.672,2.203,46.648,37.65,18,정상
2026-07-05 01:14:19,ROBOT_02,51.41,10.243,1.809,47.356,36.37,11,정상
2026-07-05 01:14:19,ROBOT_03,60.22,14.149,4.595,45.968,45.54,23,주의
2026-07-05 01:14:19,ROBOT_04,51.77,7.823,1.87,47.613,31.69,4,정상
2026-07-05 02:07:20,ROBOT_01,49.98,10.032,1.988,48.233,33.9,18,정상
2026-07-05 02:07:20,ROBOT_02,52.95,8.545,2.412,47.878,30.63,11,정상
2026-07-05 02:07:20,ROBOT_03,62.58,13.466,4.537,45.519,44.97,23,주의
2026-07-05 02:07:20,ROBOT_04,49.6,9.607,2.115,47.8,34.44,4,정상
2026-07-05 03:00:20,ROBOT_01,54.66,9.246,2.352,47.221,34.77,18,정상
2026-07-05 03:00:20,ROBOT_02,50.22,10.003,1.948,47.428,31.47,11,정상
2026-07-05 03:00:20,ROBOT_03,63.5,13.078,4.936,45.955,43.22,23,주의
2026-07-05 03:00:20,ROBOT_04,47.67,9.123,2.271,47.284,37.16,4,정상
2026-07-05 03:53:21,ROBOT_01,51.26,8.49,1.871,48.739,36.55,18,정상
2026-07-05 03:53:21,ROBOT_02,51.81,9.333,1.616,47.667,34.27,11,정상
2026-07-05 03:53:21,ROBOT_03,64.79,13.03,4.822,45.946,45.79,23,주의
2026-07-05 03:53:21,ROBOT_04,49.99,9.609,1.941,47.039,36.63,4,정상
2026-07-05 04:46:22,ROBOT_01,49.3,8.284,1.937,48.296,35.64,18,정상
2026-07-05 04:46:22,ROBOT_02,48.07,8.843,2.381,47.729,30.45,11,정상
2026-07-05 04:46:22,ROBOT_03,64.33,13.685,5.225,45.796,42.97,23,주의
2026-07-05 04:46:22,ROBOT_04,51.16,7.927,2.04,47.843,31.49,4,정상
2026-07-05 05:39:23,ROBOT_01,50.37,9.236,1.906,47.705,33.16,18,정상
2026-07-05 05:39:23,ROBOT_02,45.96,8.872,1.523,47.702,34.96,11,정상
2026-07-05 05:39:23,ROBOT_03,65.96,13.611,5.125,45.303,45.83,23,주의
2026-07-05 05:39:23,ROBOT_04,50.89,9.383,1.815,47.527,34.41,4,정상
2026-07-05 06:32:24,ROBOT_01,50.34,8.682,1.732,47.651,34.25,18,정상
2026-07-05 06:32:24,ROBOT_02,48.41,8.591,1.808,47.576,34.59,11,정상
2026-07-05 06:32:24,ROBOT_03,65.57,12.371,5.023,45.587,42.35,23,주의
2026-07-05 06:32:24,ROBOT_04,51.62,9.094,1.946,48.49,28.57,4,정상
2026-07-05 07:25:24,ROBOT_01,52.22,10.089,1.842,48.007,32.63,18,정상
2026-07-05 07:25:24,ROBOT_02,61.84,11.669,4.094,46.579,40.07,11,주의
2026-07-05 07:25:24,ROBOT_03,63.31,14.701,4.885,46.064,46.95,23,위험
2026-07-05 07:25:24,ROBOT_04,50.07,9.351,1.664,47.368,32.48,4,정상
2026-07-05 08:18:25,ROBOT_01,48.34,9.441,2.008,49.404,33.21,18,정상
2026-07-05 08:18:25,ROBOT_02,48.56,8.078,1.838,47.337,31.57,11,정상
2026-07-05 08:18:25,ROBOT_03,63.46,12.987,4.83,45.866,47.32,23,주의
2026-07-05 08:18:25,ROBOT_04,49.94,8.513,1.664,47.743,34.59,4,정상
2026-07-05 09:11:26,ROBOT_01,49.86,9.102,2.157,47.335,37.41,18,정상
2026-07-05 09:11:26,ROBOT_02,45.89,9.391,1.853,48.173,30.38,11,정상
2026-07-05 09:11:26,ROBOT_03,66.34,13.852,5.24,45.172,45.45,23,주의
2026-07-05 09:11:26,ROBOT_04,49.54,7.468,1.461,48.385,35.82,4,정상
2026-07-05 10:04:27,ROBOT_01,49.27,9.186,1.908,47.745,32.13,18,정상
2026-07-05 10:04:27,ROBOT_02,52.76,9.58,2.413,47.21,32.46,11,정상
2026-07-05 10:04:27,ROBOT_03,66.92,14.705,5.427,45.825,42.5,23,주의
2026-07-05 10:04:27,ROBOT_04,47.58,9.238,1.712,47.783,29.33,4,정상
2026-07-05 10:57:28,ROBOT_01,51.72,8.94,1.942,46.743,32.52,18,정상
2026-07-05 10:57:28,ROBOT_02,50.92,8.772,2.137,47.459,31.19,11,정상
2026-07-05 10:57:28,ROBOT_03,65.11,13.82,4.781,45.033,44.85,23,위험
2026-07-05 10:57:28,ROBOT_04,51.7,7.974,1.773,47.442,36.36,4,정상
2026-07-05 11:50:28,ROBOT_01,54.41,9.863,1.992,48.252,36.99,18,정상
2026-07-05 11:50:28,ROBOT_02,53.91,9.246,1.78,48.572,35.49,11,정상
2026-07-05 11:50:28,ROBOT_03,68.35,14.588,5.164,45.524,46.49,23,위험
2026-07-05 11:50:28,ROBOT_04,54.79,9.373,2.042,47.62,37.6,4,정상
2026-07-05 12:43:29,ROBOT_01,47.14,7.942,2.126,48.079,34.87,18,정상
2026-07-05 12:43:29,ROBOT_02,51.51,10.471,1.987,46.857,35.74,11,정상
2026-07-05 12:43:29,ROBOT_03,66.78,14.788,5.151,45.18,45.4,23,위험
2026-07-05 12:43:29,ROBOT_04,53.31,9.135,1.676,46.719,34.71,4,정상
2026-07-05 13:36:30,ROBOT_01,53.51,9.337,2.436,47.346,36.44,18,정상
2026-07-05 13:36:30,ROBOT_02,54.58,9.014,1.715,47.578,35.34,11,정상
2026-07-05 13:36:30,ROBOT_03,69.12,14.908,5.3,45.56,49.78,23,위험
2026-07-05 13:36:30,ROBOT_04,50.95,9.538,1.145,47.883,31.65,4,정상
2026-07-05 14:29:31,ROBOT_01,54.47,9.134,1.77,47.597,40.15,18,정상
2026-07-05 14:29:31,ROBOT_02,51.63,9.398,2.174,47.033,38.94,11,정상
2026-07-05 14:29:31,ROBOT_03,70.8,13.116,4.987,45.11,47.39,23,주의
2026-07-05 14:29:31,ROBOT_04,53.07,9.57,1.823,47.857,35.97,4,정상
2026-07-05 15:22:31,ROBOT_01,51.21,8.703,1.951,47.882,36.63,18,정상
2026-07-05 15:22:31,ROBOT_02,57.54,10.092,1.751,47.353,39.7,11,정상
2026-07-05 15:22:31,ROBOT_03,66.99,13.766,5.076,45.464,46.75,23,위험
2026-07-05 15:22:31,ROBOT_04,55.47,9.942,2.001,47.202,39.54,4,정상
2026-07-05 16:15:32,ROBOT_01,54.19,9.931,1.959,47.286,38.41,18,정상
2026-07-05 16:15:32,ROBOT_02,52.03,9.91,1.28,47.223,33.9,11,정상
2026-07-05 16:15:32,ROBOT_03,66.84,15.467,5.509,44.797,49.58,23,위험
2026-07-05 16:15:32,ROBOT_04,55.02,9.659,2.124,47.973,36.76,4,정상
2026-07-05 17:08:33,ROBOT_01,56.64,9.772,2.017,48.245,36.28,18,정상
2026-07-05 17:08:33,ROBOT_02,58.4,9.428,2.206,47.278,36.31,11,정상
2026-07-05 17:08:33,ROBOT_03,69.63,14.132,5.593,45.676,48.71,23,위험
2026-07-05 17:08:33,ROBOT_04,54.77,9.227,2.27,47.046,35.87,4,정상
2026-07-05 18:01:34,ROBOT_01,52.1,10.554,2.106,47.674,36.94,18,정상
2026-07-05 18:01:34,ROBOT_02,53.49,10.249,2.404,47.175,37.52,11,정상
2026-07-05 18:01:34,ROBOT_03,70.43,15.722,5.114,45.121,47.68,23,위험
2026-07-05 18:01:34,ROBOT_04,54.32,8.639,1.535,47.778,35.86,4,정상
2026-07-05 18:54:35,ROBOT_01,53.76,10.316,2.333,47.679,37.71,18,정상
2026-07-05 18:54:35,ROBOT_02,53.46,10.017,1.804,47.063,41.45,11,정상
2026-07-05 18:54:35,ROBOT_03,72.7,15.634,5.347,44.809,53.93,23,위험
2026-07-05 18:54:35,ROBOT_04,56.74,10.382,1.655,47.028,39.45,4,정상
2026-07-05 19:47:35,ROBOT_01,57.35,9.953,1.66,47.149,36.23,18,정상
2026-07-05 19:47:35,ROBOT_02,49.52,9.927,1.293,47.142,37.3,11,정상
2026-07-05 19:47:35,ROBOT_03,68.46,13.921,5.419,45.055,48.7,23,위험
2026-07-05 19:47:35,ROBOT_04,52.63,9.084,1.95,47.702,34.34,4,정상
2026-07-05 20:40:36,ROBOT_01,54.66,11.298,2.512,46.316,41.62,18,정상
2026-07-05 20:40:36,ROBOT_02,51.84,8.941,2.193,47.155,36.63,11,정상
2026-07-05 20:40:36,ROBOT_03,73.76,14.655,5.611,45.337,50.04,23,위험
2026-07-05 20:40:36,ROBOT_04,55.65,9.279,1.621,47.28,38.29,4,정상
2026-07-05 21:33:37,ROBOT_01,54.19,9.435,1.926,47.737,35.45,18,정상
2026-07-05 21:33:37,ROBOT_02,53.24,10.03,1.86,46.917,36.73,11,정상
2026-07-05 21:33:37,ROBOT_03,70.48,15.87,5.409,45.297,47.64,23,위험
2026-07-05 21:33:37,ROBOT_04,52.78,9.246,1.814,46.815,38.79,4,정상
2026-07-05 22:26:38,ROBOT_01,51.25,9.91,1.716,47.883,33.25,18,정상
2026-07-05 22:26:38,ROBOT_02,60.87,9.926,1.764,46.94,36.61,11,정상
2026-07-05 22:26:38,ROBOT_03,74.78,15.003,5.592,44.895,49.2,23,위험
2026-07-05 22:26:38,ROBOT_04,61.44,12.021,3.915,45.391,43.15,4,주의
2026-07-05 23:19:39,ROBOT_01,54.36,9.569,2.082,47.975,35.35,18,정상
2026-07-05 23:19:39,ROBOT_02,54.72,8.634,2.168,47.152,34.14,11,정상
2026-07-05 23:19:39,ROBOT_03,71.72,13.645,5.211,44.549,49.19,23,위험
2026-07-05 23:19:39,ROBOT_04,49.59,8.879,1.868,48.061,35.35,4,정상
2026-07-06 00:12:39,ROBOT_01,59.97,9.372,1.789,46.286,37.15,19,정상
2026-07-06 00:12:39,ROBOT_02,54.06,9.497,1.947,47.751,37.04,12,정상
2026-07-06 00:12:39,ROBOT_03,71.63,14.484,5.865,45.874,44.51,24,위험
2026-07-06 00:12:39,ROBOT_04,52.56,8.547,1.521,48.534,32.28,5,정상
2026-07-06 01:05:40,ROBOT_01,55.75,10.769,1.792,46.838,36.65,19,정상
2026-07-06 01:05:40,ROBOT_02,52.72,8.898,2.218,47.058,34.12,12,정상
2026-07-06 01:05:40,ROBOT_03,64.25,13.662,5.774,46.053,45.97,24,위험
2026-07-06 01:05:40,ROBOT_04,53.14,8.665,2.029,48.265,30.73,5,정상
2026-07-06 01:58:41,ROBOT_01,50.65,8.826,2.221,47.799,36.07,19,정상
2026-07-06 01:58:41,ROBOT_02,54.66,9.234,2.032,47.229,33.01,12,정상
2026-07-06 01:58:41,ROBOT_03,69.9,12.901,5.455,44.842,49.4,24,위험
2026-07-06 01:58:41,ROBOT_04,50.24,7.874,2.003,47.639,35.13,5,정상
2026-07-06 02:51:42,ROBOT_01,52.74,10.352,2.474,47.71,38.29,19,정상
2026-07-06 02:51:42,ROBOT_02,54.66,8.623,2.107,47.264,33.72,12,정상
2026-07-06 02:51:42,ROBOT_03,67.2,14.298,5.723,45.634,44.21,24,주의
2026-07-06 02:51:42,ROBOT_04,50.83,9.011,1.281,48.29,33.88,5,정상
2026-07-06 03:44:43,ROBOT_01,49.92,8.496,1.743,47.393,36.03,19,정상
2026-07-06 03:44:43,ROBOT_02,52.47,8.706,2.192,47.86,33.89,12,정상
2026-07-06 03:44:43,ROBOT_03,66.86,14.44,5.392,44.667,45.62,24,주의
2026-07-06 03:44:43,ROBOT_04,53.09,8.311,1.732,47.726,31.78,5,정상
2026-07-06 04:37:43,ROBOT_01,50.04,10.857,1.423,47.543,39.09,19,정상
2026-07-06 04:37:43,ROBOT_02,53.37,8.841,2.213,47.598,36.33,12,정상
2026-07-06 04:37:43,ROBOT_03,69.2,14.489,5.37,45.09,51.03,24,위험
2026-07-06 04:37:43,ROBOT_04,45.42,7.79,1.408,47.805,33.82,5,정상
2026-07-06 05:30:44,ROBOT_01,49.68,9.888,2.264,47.46,35.16,19,정상
2026-07-06 05:30:44,ROBOT_02,53.57,9.334,2.191,48.275,36.92,12,정상
2026-07-06 05:30:44,ROBOT_03,67,14.014,5.322,45.457,44.87,24,주의
2026-07-06 05:30:44,ROBOT_04,52.98,9.753,1.5,47.681,35.5,5,정상
2026-07-06 06:23:45,ROBOT_01,52.44,9.327,1.941,48.054,34.85,19,정상
2026-07-06 06:23:45,ROBOT_02,50.68,8.659,2,47.58,33.44,12,정상
2026-07-06 06:23:45,ROBOT_03,67.78,14.135,4.732,45.639,49.23,24,위험
2026-07-06 06:23:45,ROBOT_04,44.7,8.368,1.866,47.225,36.66,5,정상
2026-07-06 07:16:46,ROBOT_01,50.6,9.29,1.847,47.591,32.76,19,정상
2026-07-06 07:16:46,ROBOT_02,48.29,8.037,1.94,47.419,35.2,12,정상
2026-07-06 07:16:46,ROBOT_03,64.29,14.57,5.007,45.076,46.16,24,위험
2026-07-06 07:16:46,ROBOT_04,49.9,8.531,1.577,46.997,34.18,5,정상
2026-07-06 08:09:47,ROBOT_01,49.22,8.967,1.486,48.079,36.22,19,정상
2026-07-06 08:09:47,ROBOT_02,49.74,8.1,1.965,48.355,32.03,12,정상
2026-07-06 08:09:47,ROBOT_03,68.28,13.105,5.044,45.51,44.32,24,주의
2026-07-06 08:09:47,ROBOT_04,50.75,8.902,2.125,46.432,36.11,5,정상
2026-07-06 09:02:47,ROBOT_01,47.42,9.766,2.019,48.344,36.31,19,정상
2026-07-06 09:02:47,ROBOT_02,53.83,9.84,2.262,47.222,33.51,12,정상
2026-07-06 09:02:47,ROBOT_03,66.68,13.684,5.375,46.147,44.43,24,위험
2026-07-06 09:02:47,ROBOT_04,48.86,7.776,1.672,47.081,34.26,5,정상
2026-07-06 09:55:48,ROBOT_01,50.83,9.468,1.823,48.417,32.93,19,정상
2026-07-06 09:55:48,ROBOT_02,48.31,9.489,1.858,47.623,33.06,12,정상
2026-07-06 09:55:48,ROBOT_03,60.82,14.483,5.137,45.006,43.64,24,주의
2026-07-06 09:55:48,ROBOT_04,45.7,7.055,1.774,47.91,35.83,5,정상
2026-07-06 10:48:49,ROBOT_01,50.17,8.816,2.276,47.732,34.19,19,정상
2026-07-06 10:48:49,ROBOT_02,51.26,7.991,1.877,47.527,32.67,12,정상
2026-07-06 10:48:49,ROBOT_03,66.54,13.84,4.833,45.696,47.82,24,주의
2026-07-06 10:48:49,ROBOT_04,52.49,8.554,1.794,47.562,34.46,5,정상
2026-07-06 11:41:50,ROBOT_01,51.46,9.692,1.851,47.965,31.26,19,정상
2026-07-06 11:41:50,ROBOT_02,52.43,10.55,1.996,47.396,36.73,12,정상
2026-07-06 11:41:50,ROBOT_03,67.98,13.87,5.225,44.91,44.54,24,주의
2026-07-06 11:41:50,ROBOT_04,49.31,8.114,1.952,48.292,33.3,5,정상
2026-07-06 12:34:50,ROBOT_01,50.22,9.459,1.587,47.394,34.2,19,정상
2026-07-06 12:34:50,ROBOT_02,57.4,10.598,2.299,47.335,36.33,12,정상
2026-07-06 12:34:50,ROBOT_03,66.68,13.939,4.259,45.035,49.2,24,위험
2026-07-06 12:34:50,ROBOT_04,54.76,9.89,2.049,47.38,36.57,5,정상
2026-07-06 13:27:51,ROBOT_01,50.53,10.872,1.685,47.505,36.32,19,정상
2026-07-06 13:27:51,ROBOT_02,55.36,11.524,2.425,48.397,37.39,12,정상
2026-07-06 13:27:51,ROBOT_03,68.05,14.919,4.623,45.911,49.06,24,위험
2026-07-06 13:27:51,ROBOT_04,51,7.16,1.743,48.053,34.49,5,정상
2026-07-06 14:20:52,ROBOT_01,69.84,14.96,5.011,46.167,48.83,19,주의
2026-07-06 14:20:52,ROBOT_02,54.02,9.075,1.955,47.248,35.2,12,정상
2026-07-06 14:20:52,ROBOT_03,65.96,12.664,5.243,45.234,45.77,24,주의
2026-07-06 14:20:52,ROBOT_04,54.24,11.104,1.997,47.596,33.19,5,정상
2026-07-06 15:13:53,ROBOT_01,53.1,8.331,2.577,47.137,33.19,19,정상
2026-07-06 15:13:53,ROBOT_02,52.81,9.765,1.55,46.98,39.27,12,정상
2026-07-06 15:13:53,ROBOT_03,66.2,13.947,4.909,45.695,49.86,24,위험
2026-07-06 15:13:53,ROBOT_04,49.12,9.192,1.318,46.962,35.46,5,정상
2026-07-06 16:06:54,ROBOT_01,54.29,9.69,2.098,47.52,38.33,19,정상
2026-07-06 16:06:54,ROBOT_02,55.59,9.505,2.402,47.287,39.08,12,정상
2026-07-06 16:06:54,ROBOT_03,65.7,15.862,5.16,45.23,47.95,24,위험
2026-07-06 16:06:54,ROBOT_04,55.65,8.9,1.903,48.12,34.46,5,정상
2026-07-06 16:59:54,ROBOT_01,56.84,10.693,1.865,47.493,38.19,19,정상
2026-07-06 16:59:54,ROBOT_02,60.51,11.197,1.766,46.945,37.33,12,주의
2026-07-06 16:59:54,ROBOT_03,69.61,13.672,4.98,45.862,49.91,24,위험
2026-07-06 16:59:54,ROBOT_04,48.13,9.011,1.491,47.694,34.53,5,정상
2026-07-06 17:52:55,ROBOT_01,51.44,9.714,2.247,46.967,40.07,19,정상
2026-07-06 17:52:55,ROBOT_02,56.4,9.821,2.59,47.405,34.98,12,정상
2026-07-06 17:52:55,ROBOT_03,69.37,13.087,4.079,45.891,41.38,24,주의
2026-07-06 17:52:55,ROBOT_04,56.37,9.496,2.006,47.613,37.45,5,정상
2026-07-06 18:45:56,ROBOT_01,54.47,9.952,2.265,47.366,33.06,19,정상
2026-07-06 18:45:56,ROBOT_02,57.34,10.032,2.351,46.904,42.88,12,정상
2026-07-06 18:45:56,ROBOT_03,68.45,14.315,4.82,46.236,47.07,24,주의
2026-07-06 18:45:56,ROBOT_04,58.3,10.243,1.984,47.082,37.36,5,정상
2026-07-06 19:38:57,ROBOT_01,54.46,10.862,1.963,47.384,35.73,19,정상
2026-07-06 19:38:57,ROBOT_02,54.64,9.507,2.17,47.14,34.23,12,정상
2026-07-06 19:38:57,ROBOT_03,74.18,14.849,4.996,44.922,49.1,24,위험
2026-07-06 19:38:57,ROBOT_04,54.69,9.313,2.122,47.174,38.63,5,정상
2026-07-06 20:31:58,ROBOT_01,50,10.421,2.066,46.249,39.04,19,정상
2026-07-06 20:31:58,ROBOT_02,60.97,11.332,2.403,46.676,40.23,12,정상
2026-07-06 20:31:58,ROBOT_03,73.12,13.8,4.632,45.651,48.18,24,주의
2026-07-06 20:31:58,ROBOT_04,53.77,9.617,1.759,47.992,37.24,5,정상
2026-07-06 21:24:58,ROBOT_01,48.83,8.819,1.913,48.145,38.36,19,정상
2026-07-06 21:24:58,ROBOT_02,57.38,9.555,2.405,46.041,40.18,12,정상
2026-07-06 21:24:58,ROBOT_03,69.43,15.461,4.563,46.27,46.89,24,위험
2026-07-06 21:24:58,ROBOT_04,55.11,8.352,2.143,46.493,37.31,5,정상
2026-07-06 22:17:59,ROBOT_01,51.42,9.045,1.431,47.602,33.72,19,정상
2026-07-06 22:17:59,ROBOT_02,55.33,11.297,2.868,46.93,38.66,12,정상
2026-07-06 22:17:59,ROBOT_03,69.44,13.793,4.791,45.448,45.59,24,위험
2026-07-06 22:17:59,ROBOT_04,51.77,9.61,1.611,46.945,31.58,5,정상
2026-07-06 23:11:00,ROBOT_01,57.73,10.708,1.953,46.952,37.88,19,정상
2026-07-06 23:11:00,ROBOT_02,52.01,9.805,1.9,47.873,36.98,12,정상
2026-07-06 23:11:00,ROBOT_03,64.85,14.18,4.635,45.318,47.63,24,주의
2026-07-06 23:11:00,ROBOT_04,52.52,8.525,2.055,47.05,34.36,5,정상
2026-07-07 00:04:01,ROBOT_01,54.84,10.155,2.051,47.678,37.57,20,정상
2026-07-07 00:04:01,ROBOT_02,54.05,10.124,2.781,46.202,35.57,13,정상
2026-07-07 00:04:01,ROBOT_03,66.15,14.513,4.167,45.748,45.73,25,위험
2026-07-07 00:04:01,ROBOT_04,54.19,9.237,1.451,47.548,31.47,6,정상
2026-07-07 00:57:02,ROBOT_01,55.37,9.028,1.665,47.272,32.89,20,정상
2026-07-07 00:57:02,ROBOT_02,50.63,9.879,1.942,47.682,36.8,13,정상
2026-07-07 00:57:02,ROBOT_03,68.7,12.454,4.762,45.994,44.89,25,주의
2026-07-07 00:57:02,ROBOT_04,52.69,7.499,1.481,47.477,32.92,6,정상
2026-07-07 01:50:02,ROBOT_01,54.05,8.62,1.953,47.45,35.25,20,정상
2026-07-07 01:50:02,ROBOT_02,55.61,9.586,2.652,47.181,37.62,13,정상
2026-07-07 01:50:02,ROBOT_03,65.25,13.586,4.319,45.678,43.11,25,주의
2026-07-07 01:50:02,ROBOT_04,55.61,9.776,1.945,47.662,33.35,6,정상
2026-07-07 02:43:03,ROBOT_01,52.15,8.954,2.459,48.371,36.42,20,정상
2026-07-07 02:43:03,ROBOT_02,50.14,10.541,2.597,46.857,34.93,13,정상
2026-07-07 02:43:03,ROBOT_03,61.77,13.125,4.725,45.779,47,25,주의
2026-07-07 02:43:03,ROBOT_04,54.03,9.336,1.768,47.94,33.65,6,정상
2026-07-07 03:36:04,ROBOT_01,49.76,9.596,2.138,47.523,34.47,20,정상
2026-07-07 03:36:04,ROBOT_02,53.33,8.628,2.447,46.819,36.11,13,정상
2026-07-07 03:36:04,ROBOT_03,59.72,12.314,4.187,45.86,40.29,25,주의
2026-07-07 03:36:04,ROBOT_04,50.67,7.995,1.995,47.733,34.07,6,정상
2026-07-07 04:29:05,ROBOT_01,52.79,7.975,1.608,47.724,36.13,20,정상
2026-07-07 04:29:05,ROBOT_02,53.24,8.262,2.175,47.926,36.47,13,정상
2026-07-07 04:29:05,ROBOT_03,62.04,13.976,4.439,45.979,45.03,25,주의
2026-07-07 04:29:05,ROBOT_04,48.44,9.918,1.641,47.148,33.29,6,정상
2026-07-07 05:22:06,ROBOT_01,48.38,8.848,1.585,47.91,31.73,20,정상
2026-07-07 05:22:06,ROBOT_02,51.89,10.693,2.799,47.019,36.81,13,정상
2026-07-07 05:22:06,ROBOT_03,63.02,13.527,4.22,45.973,45.34,25,주의
2026-07-07 05:22:06,ROBOT_04,48.63,8.973,1.391,47.595,33.82,6,정상
2026-07-07 06:15:06,ROBOT_01,48.78,9.629,1.832,47.892,29.63,20,정상
2026-07-07 06:15:06,ROBOT_02,48.68,9.474,2.431,47.378,34.83,13,정상
2026-07-07 06:15:06,ROBOT_03,59.14,11.799,4.403,46.498,41.04,25,주의
2026-07-07 06:15:06,ROBOT_04,47.03,8.364,1.459,47.739,35.92,6,정상
2026-07-07 07:08:07,ROBOT_01,48.83,9.136,2.078,47.465,34.59,20,정상
2026-07-07 07:08:07,ROBOT_02,53.21,10.155,1.852,47.044,34.85,13,정상
2026-07-07 07:08:07,ROBOT_03,59.73,11.821,3.715,46.362,43.19,25,주의
2026-07-07 07:08:07,ROBOT_04,54.46,7.816,1.445,47.511,33.8,6,정상
2026-07-07 08:01:08,ROBOT_01,54.37,9.1,1.557,47.454,34.05,20,정상
2026-07-07 08:01:08,ROBOT_02,51.5,9.162,2.542,47.437,32.96,13,정상
2026-07-07 08:01:08,ROBOT_03,63.97,12.443,4.418,46.133,40.65,25,주의
2026-07-07 08:01:08,ROBOT_04,49.34,8.583,1.894,47.377,32.65,6,정상
2026-07-07 08:54:09,ROBOT_01,55.78,8.368,2.267,47.414,32.87,20,정상
2026-07-07 08:54:09,ROBOT_02,53.67,9.734,2.688,47.09,36.92,13,정상
2026-07-07 08:54:09,ROBOT_03,58.92,12.029,3.952,46.79,42.6,25,주의
2026-07-07 08:54:09,ROBOT_04,49.27,10.092,1.593,47.145,33.73,6,정상
2026-07-07 09:47:09,ROBOT_01,49.48,9.687,1.692,47.812,32.36,20,정상
2026-07-07 09:47:09,ROBOT_02,56.1,8.635,2.737,46.28,32.7,13,정상
2026-07-07 09:47:09,ROBOT_03,61.73,10.991,3.229,46.281,39.2,25,주의
2026-07-07 09:47:09,ROBOT_04,50.18,7.599,1.969,47.212,32.85,6,정상
2026-07-07 10:40:10,ROBOT_01,50.07,10.329,2.253,48.753,36.19,20,정상
2026-07-07 10:40:10,ROBOT_02,49.2,8.072,2.472,46.954,33.45,13,정상
2026-07-07 10:40:10,ROBOT_03,63.99,11.154,4.222,46.466,42.74,25,주의
2026-07-07 10:40:10,ROBOT_04,47.94,8.707,1.911,48.417,34.28,6,정상
2026-07-07 11:33:11,ROBOT_01,52.11,10.208,1.911,47.439,38.23,20,정상
2026-07-07 11:33:11,ROBOT_02,54.26,10.253,2.635,46.882,33.58,13,정상
2026-07-07 11:33:11,ROBOT_03,57.62,12.737,3.97,46.477,44.01,25,주의
2026-07-07 11:33:11,ROBOT_04,48.58,9.316,1.933,48.378,33.69,6,정상
2026-07-07 12:26:12,ROBOT_01,51.99,9.877,1.647,47.72,34.82,20,정상
2026-07-07 12:26:12,ROBOT_02,55.02,10.491,2.682,47.099,38.53,13,정상
2026-07-07 12:26:12,ROBOT_03,63.84,11.294,3.563,46.562,42.14,25,주의
2026-07-07 12:26:12,ROBOT_04,48.78,8.607,1.832,47.425,31.71,6,정상
2026-07-07 13:19:13,ROBOT_01,52.61,9.405,1.825,47.806,34.28,20,정상
2026-07-07 13:19:13,ROBOT_02,58.66,10.742,2.741,47.099,39.85,13,주의
2026-07-07 13:19:13,ROBOT_03,69.84,12.616,4.357,45.813,40.43,25,위험
2026-07-07 13:19:13,ROBOT_04,48.7,8.746,1.886,47.442,34.64,6,정상
2026-07-07 14:12:13,ROBOT_01,52.15,9.5,2.004,47.726,34.7,20,정상
2026-07-07 14:12:13,ROBOT_02,58.4,10.424,3.207,46.04,38.91,13,정상
2026-07-07 14:12:13,ROBOT_03,61.24,14.043,3.81,46.799,45.24,25,주의
2026-07-07 14:12:13,ROBOT_04,51.33,9.247,2.088,47.555,36.13,6,정상
2026-07-07 15:05:14,ROBOT_01,51.07,9.88,2.016,48.254,35.06,20,정상
2026-07-07 15:05:14,ROBOT_02,57.92,11.374,3.018,46.447,39.88,13,정상
2026-07-07 15:05:14,ROBOT_03,67.1,13.254,3.958,46.021,41.41,25,주의
2026-07-07 15:05:14,ROBOT_04,55.56,9.834,2.159,47.183,35.02,6,정상
2026-07-07 15:58:15,ROBOT_01,54.82,9.344,2.153,47.077,35.36,20,정상
2026-07-07 15:58:15,ROBOT_02,57.22,11.251,2.603,47.12,43.33,13,정상
2026-07-07 15:58:15,ROBOT_03,67.15,12.273,3.782,46.043,40.02,25,주의
2026-07-07 15:58:15,ROBOT_04,54.28,9.996,2.319,47.6,37.41,6,정상
2026-07-07 16:51:16,ROBOT_01,54.9,9.79,2.067,47.172,35.37,20,정상
2026-07-07 16:51:16,ROBOT_02,60.93,11.006,3.005,46.321,41.48,13,정상
2026-07-07 16:51:16,ROBOT_03,65.85,12.437,3.901,45.603,44.9,25,주의
2026-07-07 16:51:16,ROBOT_04,53.74,9.101,1.444,47.112,34.99,6,정상
2026-07-07 17:44:17,ROBOT_01,58.49,10.364,2.209,47.172,39.18,20,정상
2026-07-07 17:44:17,ROBOT_02,56.01,10.569,2.628,47.218,40.57,13,정상
2026-07-07 17:44:17,ROBOT_03,62.26,11.821,3.714,46.878,43.45,25,주의
2026-07-07 17:44:17,ROBOT_04,53.93,10.754,1.867,47.361,35.28,6,정상
2026-07-07 18:37:17,ROBOT_01,59.62,11.574,1.954,47.069,37.58,20,정상
2026-07-07 18:37:17,ROBOT_02,62.09,10.997,2.928,45.642,40.14,13,주의
2026-07-07 18:37:17,ROBOT_03,68.44,12.897,3.601,46.055,45.4,25,주의
2026-07-07 18:37:17,ROBOT_04,54.54,10.441,2.448,47.04,36.35,6,정상
2026-07-07 19:30:18,ROBOT_01,55.94,10.267,1.799,47.181,38.38,20,정상
2026-07-07 19:30:18,ROBOT_02,60.63,12.813,2.916,47.166,40.66,13,정상
2026-07-07 19:30:18,ROBOT_03,66.26,11.364,3.828,46.75,44.92,25,주의
2026-07-07 19:30:18,ROBOT_04,55.17,10.296,1.606,47.411,38.67,6,정상
2026-07-07 20:23:19,ROBOT_01,51.3,10.597,2.125,46.933,38.72,20,정상
2026-07-07 20:23:19,ROBOT_02,63.99,10.992,2.62,46.346,45.86,13,주의
2026-07-07 20:23:19,ROBOT_03,64.31,13.331,3.589,46.052,42.24,25,주의
2026-07-07 20:23:19,ROBOT_04,48.57,8.854,1.864,47.855,34.86,6,정상
2026-07-07 21:16:20,ROBOT_01,52.9,11.372,2.297,47.474,36.04,20,정상
2026-07-07 21:16:20,ROBOT_02,59.85,11.405,3.088,45.5,42.51,13,주의
2026-07-07 21:16:20,ROBOT_03,56.52,12.538,3.501,46.178,38.71,25,정상
2026-07-07 21:16:20,ROBOT_04,55.02,8.586,2.01,47,36.21,6,정상
2026-07-07 22:09:21,ROBOT_01,58.31,11.008,2.052,47.077,38.32,20,정상
2026-07-07 22:09:21,ROBOT_02,59.84,12.069,3.179,47.087,39.96,13,정상
2026-07-07 22:09:21,ROBOT_03,57.29,13.563,3.533,46.813,43.49,25,주의
2026-07-07 22:09:21,ROBOT_04,54.84,9.631,1.972,47.37,35.27,6,정상
2026-07-07 23:02:21,ROBOT_01,52.04,9.496,2.248,47.484,38.67,20,정상
2026-07-07 23:02:21,ROBOT_02,55.16,11.581,2.897,45.829,40.05,13,정상
2026-07-07 23:02:21,ROBOT_03,58.83,11.963,2.993,46.182,41.61,25,정상
2026-07-07 23:02:21,ROBOT_04,51.12,9.09,1.53,47.381,37.25,6,정상
2026-07-07 23:55:22,ROBOT_01,52.58,9.871,2.268,48.31,33.82,20,정상
2026-07-07 23:55:22,ROBOT_02,57.44,9.671,2.788,46.514,40.13,13,정상
2026-07-07 23:55:22,ROBOT_03,55.02,11.944,3.578,46.642,42.96,25,주의
2026-07-07 23:55:22,ROBOT_04,48.38,10.001,1.972,47.163,36.51,6,정상
2026-07-08 00:48:23,ROBOT_01,53.24,9.747,1.939,47.279,34.11,21,정상
2026-07-08 00:48:23,ROBOT_02,59.14,11.094,3.467,45.906,40.69,14,주의
2026-07-08 00:48:23,ROBOT_03,57.97,11.613,3.446,47.018,39.73,26,주의
2026-07-08 00:48:23,ROBOT_04,50.65,8.776,1.745,47.182,40.84,7,정상
2026-07-08 01:41:24,ROBOT_01,58.18,9.808,2.023,46.576,35.48,21,정상
2026-07-08 01:41:24,ROBOT_02,58.17,10.951,2.657,46.965,37.7,14,정상
2026-07-08 01:41:24,ROBOT_03,54.71,9.327,3.119,48.364,40.18,26,정상
2026-07-08 01:41:24,ROBOT_04,53.79,9.067,1.645,47.707,33.46,7,정상
2026-07-08 02:34:25,ROBOT_01,48.15,10.588,2.023,49.158,38.21,21,정상
2026-07-08 02:34:25,ROBOT_02,61.72,11.19,4.051,47.231,37.33,14,주의
2026-07-08 02:34:25,ROBOT_03,54.16,9.665,2.969,47.469,34.89,26,정상
2026-07-08 02:34:25,ROBOT_04,47.58,8.415,2.003,47.775,34.6,7,정상
2026-07-08 03:27:25,ROBOT_01,50.11,9.706,2.027,47.353,35.94,21,정상
2026-07-08 03:27:25,ROBOT_02,57.83,11.532,3.221,46.239,37.43,14,정상
2026-07-08 03:27:25,ROBOT_03,52.75,10.623,3.22,46.424,39.43,26,정상
2026-07-08 03:27:25,ROBOT_04,48.04,9.119,1.786,48.312,29.96,7,정상
2026-07-08 04:20:26,ROBOT_01,47.7,8.793,1.871,47.389,33.36,21,정상
2026-07-08 04:20:26,ROBOT_02,55.66,11.623,3.331,46.316,39.26,14,주의
2026-07-08 04:20:26,ROBOT_03,56.62,11.933,3.596,46.887,38.03,26,정상
2026-07-08 04:20:26,ROBOT_04,49.08,7.756,1.738,47.947,28.74,7,정상
2026-07-08 05:13:27,ROBOT_01,53.37,9.04,2.442,48.563,35.39,21,정상
2026-07-08 05:13:27,ROBOT_02,60.28,10.479,3.782,46.539,38.31,14,정상
2026-07-08 05:13:27,ROBOT_03,51.16,12.502,2.731,47.199,40.02,26,정상
2026-07-08 05:13:27,ROBOT_04,45.62,8.656,1.715,48.057,32.85,7,정상
2026-07-08 06:06:28,ROBOT_01,50.3,9.391,1.987,47.841,36.37,21,정상
2026-07-08 06:06:28,ROBOT_02,56.41,10.509,2.567,46.481,36.93,14,정상
2026-07-08 06:06:28,ROBOT_03,52.2,10.396,3.362,46.634,37.9,26,정상
2026-07-08 06:06:28,ROBOT_04,52.21,8.293,1.507,47.007,34.22,7,정상
2026-07-08 06:59:29,ROBOT_01,56.15,9.418,2.018,47.837,34.75,21,정상
2026-07-08 06:59:29,ROBOT_02,61.23,12.294,3.259,45.618,43.02,14,주의
2026-07-08 06:59:29,ROBOT_03,53.35,11.215,2.893,47.303,34.91,26,정상
2026-07-08 06:59:29,ROBOT_04,50.27,7.786,1.18,47.759,35.1,7,정상
2026-07-08 07:52:29,ROBOT_01,49.9,9.186,1.579,48.251,31,21,정상
2026-07-08 07:52:29,ROBOT_02,61.09,11.88,3.614,46.024,43.47,14,정상
2026-07-08 07:52:29,ROBOT_03,53.34,10.109,3.064,48.704,32.89,26,정상
2026-07-08 07:52:29,ROBOT_04,49.63,7.965,1.685,47.509,33.86,7,정상
2026-07-08 08:45:30,ROBOT_01,51.85,9.326,1.695,48.727,35.01,21,정상
2026-07-08 08:45:30,ROBOT_02,58.36,11.499,3.589,46.624,39.92,14,정상
2026-07-08 08:45:30,ROBOT_03,54.47,9.302,3.063,47.088,41.67,26,정상
2026-07-08 08:45:30,ROBOT_04,44.4,7.115,1.84,47.429,33.89,7,정상
2026-07-08 09:38:31,ROBOT_01,51.65,9.426,1.282,48.054,32.84,21,정상
2026-07-08 09:38:31,ROBOT_02,55.98,10.403,3.556,46.502,38.9,14,정상
2026-07-08 09:38:31,ROBOT_03,56.52,11.323,2.975,47.557,39.03,26,주의
2026-07-08 09:38:31,ROBOT_04,48.53,8.442,1.787,47.529,34.7,7,정상
2026-07-08 10:31:32,ROBOT_01,49.62,9.097,2.168,47.533,35.5,21,정상
2026-07-08 10:31:32,ROBOT_02,62.97,11.347,4.093,45.71,41.51,14,주의
2026-07-08 10:31:32,ROBOT_03,54.87,11.115,2.803,47.84,38.68,26,정상
2026-07-08 10:31:32,ROBOT_04,51.01,8.475,2.103,47.253,35.64,7,정상
2026-07-08 11:24:32,ROBOT_01,54.83,10.077,2.239,47.845,35.71,21,정상
2026-07-08 11:24:32,ROBOT_02,73.04,15.398,5.37,44.633,51.22,14,위험
2026-07-08 11:24:32,ROBOT_03,54.54,9.972,2.993,47.939,40.83,26,정상
2026-07-08 11:24:32,ROBOT_04,49.57,8.711,1.446,47.762,34.7,7,정상
2026-07-08 12:17:33,ROBOT_01,55.45,8.91,1.917,47.984,34.1,21,정상
2026-07-08 12:17:33,ROBOT_02,65.12,11.723,4.59,45.992,41.58,14,주의
2026-07-08 12:17:33,ROBOT_03,54.25,10.279,2.615,47.608,38.9,26,정상
2026-07-08 12:17:33,ROBOT_04,49.29,8.69,1.403,47.173,32.25,7,정상
2026-07-08 13:10:34,ROBOT_01,53.52,8.893,1.953,46.765,36.04,21,정상
2026-07-08 13:10:34,ROBOT_02,62.11,11.518,3.729,46.018,39.33,14,주의
2026-07-08 13:10:34,ROBOT_03,55.34,10.629,2.465,46.97,37.23,26,정상
2026-07-08 13:10:34,ROBOT_04,53.13,8.433,1.668,47.485,34.48,7,정상
2026-07-08 14:03:35,ROBOT_01,52.35,9.272,1.95,47.256,35.16,21,정상
2026-07-08 14:03:35,ROBOT_02,62.34,11.854,3.97,45.812,42.38,14,주의
2026-07-08 14:03:35,ROBOT_03,59.9,11.051,2.977,47.225,38.18,26,정상
2026-07-08 14:03:35,ROBOT_04,51.83,9.433,1.567,48.049,35.82,7,정상
2026-07-08 14:56:36,ROBOT_01,53.07,9.443,2.299,46.904,36.47,21,정상
2026-07-08 14:56:36,ROBOT_02,70.41,15.095,6.369,44.683,47.67,14,위험
2026-07-08 14:56:36,ROBOT_03,57.44,11.816,3.091,46.974,41.33,26,정상
2026-07-08 14:56:36,ROBOT_04,55.01,9.603,2.121,47.709,35.46,7,정상
2026-07-08 15:49:36,ROBOT_01,52.71,10.112,2.037,46.998,33.8,21,정상
2026-07-08 15:49:36,ROBOT_02,64.6,13.048,4.193,45.818,43.97,14,주의
2026-07-08 15:49:36,ROBOT_03,52.57,10.947,2.772,47.063,40.42,26,정상
2026-07-08 15:49:36,ROBOT_04,56.95,9.65,1.342,47.421,34.88,7,정상
2026-07-08 16:42:37,ROBOT_01,62.47,10.388,2.186,47.021,41.33,21,주의
2026-07-08 16:42:37,ROBOT_02,66.94,12.143,3.618,46.509,47.23,14,주의
2026-07-08 16:42:37,ROBOT_03,55.62,10.968,2.552,47.008,37.3,26,정상
2026-07-08 16:42:37,ROBOT_04,54.11,9.968,1.601,47.635,39.44,7,정상
2026-07-08 17:35:38,ROBOT_01,53.82,9.886,2.083,46.956,38.45,21,정상
2026-07-08 17:35:38,ROBOT_02,66.74,12.825,4.34,45.369,47.47,14,주의
2026-07-08 17:35:38,ROBOT_03,59.08,11.148,3.015,46.529,36.12,26,정상
2026-07-08 17:35:38,ROBOT_04,52.78,9.374,1.791,47.475,36.9,7,정상
2026-07-08 18:28:39,ROBOT_01,54.5,9.372,2.003,46.933,36.22,21,주의
2026-07-08 18:28:39,ROBOT_02,70.02,13.818,3.751,45.908,45.02,14,주의
2026-07-08 18:28:39,ROBOT_03,61.12,10.653,2.833,47.162,40.4,26,정상
2026-07-08 18:28:39,ROBOT_04,52.05,8.009,1.355,46.685,36.59,7,정상
2026-07-08 19:21:40,ROBOT_01,55.74,11.776,1.88,46.565,40.27,21,정상
2026-07-08 19:21:40,ROBOT_02,72.33,13.835,4.29,45.421,44.47,14,주의
2026-07-08 19:21:40,ROBOT_03,60.36,10.118,2.544,46.781,42.42,26,정상
2026-07-08 19:21:40,ROBOT_04,57.34,10.347,1.744,47.118,35.7,7,정상
2026-07-08 20:14:40,ROBOT_01,53.44,10.29,2.228,48.01,38.16,21,정상
2026-07-08 20:14:40,ROBOT_02,64.36,11.941,4.351,46.007,43.84,14,주의
2026-07-08 20:14:40,ROBOT_03,59.09,10.952,2.287,46.883,39.3,26,정상
2026-07-08 20:14:40,ROBOT_04,56.5,9.603,1.489,47.509,34.37,7,정상
2026-07-08 21:07:41,ROBOT_01,57.53,10.201,1.887,47.775,39.39,21,정상
2026-07-08 21:07:41,ROBOT_02,67.73,13.435,3.761,45.814,45.89,14,주의
2026-07-08 21:07:41,ROBOT_03,61.03,10.742,2.403,47.478,39,26,정상
2026-07-08 21:07:41,ROBOT_04,48.45,9.446,1.696,47.301,36.07,7,정상
2026-07-08 22:00:42,ROBOT_01,55.08,10.663,2.648,46.757,36.86,21,정상
2026-07-08 22:00:42,ROBOT_02,64.52,13.463,3.844,45.231,46.51,14,위험
2026-07-08 22:00:42,ROBOT_03,53.04,12.211,2.794,46.95,40.45,26,정상
2026-07-08 22:00:42,ROBOT_04,50.85,8.694,1.85,48.291,39.29,7,정상
2026-07-08 22:53:43,ROBOT_01,51.18,12.737,1.971,47.17,37.01,21,정상
2026-07-08 22:53:43,ROBOT_02,67.37,14.423,4.473,45.093,45.19,14,주의
2026-07-08 22:53:43,ROBOT_03,55.86,9.695,2.256,47.505,38.68,26,정상
2026-07-08 22:53:43,ROBOT_04,54.44,9.266,1.742,47.015,35.74,7,정상
2026-07-08 23:46:44,ROBOT_01,50.06,9.983,2.241,46.928,34.45,21,정상
2026-07-08 23:46:44,ROBOT_02,69.99,13.985,3.984,44.929,44.73,14,위험
2026-07-08 23:46:44,ROBOT_03,56.49,10.953,2.594,47.332,36.54,26,정상
2026-07-08 23:46:44,ROBOT_04,52.02,10.897,2.313,45.978,37.79,7,정상
2026-07-09 00:39:44,ROBOT_01,55.76,10.292,2.056,47.086,38.44,22,정상
2026-07-09 00:39:44,ROBOT_02,68.81,13.349,4.218,45.48,44.35,15,주의
2026-07-09 00:39:44,ROBOT_03,55.46,9.15,1.979,47.342,35.29,27,정상
2026-07-09 00:39:44,ROBOT_04,51.47,10.686,2.069,46.84,37.37,8,정상
2026-07-09 01:32:45,ROBOT_01,53.26,8.158,1.364,47.732,35.53,22,정상
2026-07-09 01:32:45,ROBOT_02,62.95,12.101,4.49,45.809,42.71,15,주의
2026-07-09 01:32:45,ROBOT_03,52.32,10.139,2.518,47.338,37.24,27,정상
2026-07-09 01:32:45,ROBOT_04,55.04,10.121,2.186,47.387,35.19,8,정상
2026-07-09 02:25:46,ROBOT_01,52.09,9.665,1.934,47.495,36.49,22,정상
2026-07-09 02:25:46,ROBOT_02,66.45,14.034,4.425,45.769,46.8,15,주의
2026-07-09 02:25:46,ROBOT_03,52.53,8.961,1.977,47.745,34.97,27,정상
2026-07-09 02:25:46,ROBOT_04,53.45,9.193,1.588,47.982,34.05,8,정상
2026-07-09 03:18:47,ROBOT_01,49.22,8.542,2.695,47.166,35.95,22,정상
2026-07-09 03:18:47,ROBOT_02,62.89,12.927,4.806,45.055,46.11,15,주의
2026-07-09 03:18:47,ROBOT_03,53.58,10.876,2.608,47.961,34.25,27,정상
2026-07-09 03:18:47,ROBOT_04,48.86,9.286,2.404,48.425,33.01,8,정상
2026-07-09 04:11:48,ROBOT_01,52.38,9.563,2.042,48.229,33.43,22,정상
2026-07-09 04:11:48,ROBOT_02,63.6,11.618,4.484,45.359,46.65,15,주의
2026-07-09 04:11:48,ROBOT_03,58.64,9.586,2.467,47.95,35.28,27,정상
2026-07-09 04:11:48,ROBOT_04,49.15,8.077,1.87,47.391,33.53,8,정상
2026-07-09 05:04:48,ROBOT_01,52.4,11.152,2.214,47.082,35.37,22,정상
2026-07-09 05:04:48,ROBOT_02,62.1,12.213,4.282,45.471,44.56,15,주의
2026-07-09 05:04:48,ROBOT_03,50.58,10.066,2.308,47.21,31.41,27,정상
2026-07-09 05:04:48,ROBOT_04,50.01,8.086,1.515,47.377,33.27,8,정상
2026-07-09 05:57:49,ROBOT_01,51.55,9.438,1.69,48.041,35.79,22,정상
2026-07-09 05:57:49,ROBOT_02,69.52,13.029,4.592,45.242,45.78,15,위험
2026-07-09 05:57:49,ROBOT_03,58.63,11.345,2.643,47.869,35.87,27,정상
2026-07-09 05:57:49,ROBOT_04,49.64,8.897,1.414,47.419,36.42,8,정상
2026-07-09 06:50:50,ROBOT_01,51.14,10.201,1.849,47.012,34.34,22,정상
2026-07-09 06:50:50,ROBOT_02,66.06,14.233,5.023,45.115,44.05,15,주의
2026-07-09 06:50:50,ROBOT_03,50.82,9.763,2.602,47.205,32.79,27,정상
2026-07-09 06:50:50,ROBOT_04,53.87,8.523,1.457,48.172,33.54,8,정상
2026-07-09 07:43:51,ROBOT_01,53.75,9.815,2.016,47.439,35.69,22,정상
2026-07-09 07:43:51,ROBOT_02,67.78,12.997,4.607,45.372,49.9,15,주의
2026-07-09 07:43:51,ROBOT_03,54.34,8.182,2.257,48.263,33.56,27,정상
2026-07-09 07:43:51,ROBOT_04,52.07,8.054,1.692,47.457,32.68,8,정상
2026-07-09 08:36:51,ROBOT_01,47.02,8.191,2.176,47.455,34.13,22,정상
2026-07-09 08:36:51,ROBOT_02,68.02,13.397,4.618,45.114,43.17,15,위험
2026-07-09 08:36:51,ROBOT_03,50.53,8.661,2.393,47.434,35.34,27,정상
2026-07-09 08:36:51,ROBOT_04,46.39,8.284,1.609,48.05,33.82,8,정상
2026-07-09 09:29:52,ROBOT_01,53.92,9.946,2.293,47.526,33.17,22,정상
2026-07-09 09:29:52,ROBOT_02,67.66,13.894,4.827,45.426,44.89,15,위험
2026-07-09 09:29:52,ROBOT_03,55.1,11.072,1.774,47.154,35.76,27,정상
2026-07-09 09:29:52,ROBOT_04,51.76,9.373,1.929,46.84,35.84,8,정상
2026-07-09 10:22:53,ROBOT_01,54.27,9.48,1.87,47.768,35.43,22,정상
2026-07-09 10:22:53,ROBOT_02,65.45,13.546,4.604,45.481,42.99,15,주의
2026-07-09 10:22:53,ROBOT_03,50.98,8.775,2.847,47.217,36.28,27,정상
2026-07-09 10:22:53,ROBOT_04,50.07,8.198,1.846,47.351,32.64,8,정상
2026-07-09 11:15:54,ROBOT_01,53.23,9.028,2.703,47.431,38.42,22,정상
2026-07-09 11:15:54,ROBOT_02,64.6,14.516,4.662,45.56,48.93,15,위험
2026-07-09 11:15:54,ROBOT_03,59.91,9.471,2.204,47.142,35.71,27,정상
2026-07-09 11:15:54,ROBOT_04,52.33,8.861,1.978,47.194,31,8,정상
2026-07-09 12:08:55,ROBOT_01,51.96,9.589,1.821,47.858,37.74,22,정상
2026-07-09 12:08:55,ROBOT_02,62.05,12.583,5.156,44.961,48.49,15,위험
2026-07-09 12:08:55,ROBOT_03,52.36,9.85,2.249,47.912,32.4,27,정상
2026-07-09 12:08:55,ROBOT_04,53.33,8.697,1.487,48.376,31.47,8,정상
2026-07-09 13:01:55,ROBOT_01,51.66,9.978,2.228,47.957,35.35,22,정상
2026-07-09 13:01:55,ROBOT_02,70.54,14.832,5.035,45.434,48.63,15,주의
2026-07-09 13:01:55,ROBOT_03,57.74,10.236,2.62,47.672,38.5,27,정상
2026-07-09 13:01:55,ROBOT_04,56.7,10.168,1.389,47.2,33.9,8,정상
2026-07-09 13:54:56,ROBOT_01,52.57,10.555,2.083,47.657,36.05,22,정상
2026-07-09 13:54:56,ROBOT_02,73.14,14.353,5.002,45.276,46.36,15,위험
2026-07-09 13:54:56,ROBOT_03,55.35,10.656,1.904,47.756,39.49,27,정상
2026-07-09 13:54:56,ROBOT_04,51.44,8.319,1.657,47.77,35.87,8,정상
2026-07-09 14:47:57,ROBOT_01,56.45,9.429,2.222,47.759,37.89,22,정상
2026-07-09 14:47:57,ROBOT_02,66.11,13.456,4.722,45.469,47.96,15,주의
2026-07-09 14:47:57,ROBOT_03,52.52,9.752,1.94,47.192,38.32,27,정상
2026-07-09 14:47:57,ROBOT_04,52.92,9.518,1.8,47.542,40.35,8,정상
2026-07-09 15:40:58,ROBOT_01,53.25,9.869,2.547,48.567,33.13,22,정상
2026-07-09 15:40:58,ROBOT_02,74.87,15.166,5.376,43.742,49.58,15,위험
2026-07-09 15:40:58,ROBOT_03,57.66,11.244,2.126,47.58,39.05,27,정상
2026-07-09 15:40:58,ROBOT_04,56.86,9.285,2.24,47.362,34.98,8,정상
2026-07-09 16:33:59,ROBOT_01,56.7,10.537,2.722,47.385,40.22,22,정상
2026-07-09 16:33:59,ROBOT_02,73.85,15.191,5.688,43.732,48.03,15,위험
2026-07-09 16:33:59,ROBOT_03,55.37,10.625,2.756,47.245,37.93,27,주의
2026-07-09 16:33:59,ROBOT_04,55.18,9.262,2.078,47.145,38.48,8,정상
2026-07-09 17:26:59,ROBOT_01,54.25,9.858,2.225,47.211,34.9,22,정상
2026-07-09 17:26:59,ROBOT_02,77.95,15.422,5.434,44.046,51.3,15,위험
2026-07-09 17:26:59,ROBOT_03,58.59,9.943,2.483,47.199,36.87,27,정상
2026-07-09 17:26:59,ROBOT_04,57.15,8.678,2.295,47.15,35.19,8,정상
2026-07-09 18:20:00,ROBOT_01,55.18,9.317,2.005,46.782,38.98,22,정상
2026-07-09 18:20:00,ROBOT_02,76.32,14.558,5.274,44.862,49.32,15,위험
2026-07-09 18:20:00,ROBOT_03,56.39,10.007,2.705,47.167,36.46,27,정상
2026-07-09 18:20:00,ROBOT_04,55.55,9.735,1.69,47.907,33.37,8,정상
2026-07-09 19:13:01,ROBOT_01,55.44,8.981,2.378,48.557,36.8,22,정상
2026-07-09 19:13:01,ROBOT_02,72.46,14.373,4.979,44.845,49.8,15,위험
2026-07-09 19:13:01,ROBOT_03,52.57,10.492,2.887,46.968,39.91,27,정상
2026-07-09 19:13:01,ROBOT_04,54.67,10.246,1.974,47.354,38.46,8,정상
2026-07-09 20:06:02,ROBOT_01,52.95,10.617,2.292,47.757,34.41,22,정상
2026-07-09 20:06:02,ROBOT_02,72.44,14.961,5.65,44.773,51.31,15,위험
2026-07-09 20:06:02,ROBOT_03,52.85,11.674,2.698,46.807,38.62,27,정상
2026-07-09 20:06:02,ROBOT_04,52.22,9.519,1.696,47.03,35.81,8,정상
2026-07-09 20:59:03,ROBOT_01,56.43,11.102,2.131,47.305,37.4,22,정상
2026-07-09 20:59:03,ROBOT_02,69.79,14.966,4.905,44.538,50.21,15,위험
2026-07-09 20:59:03,ROBOT_03,55.02,10.079,2.577,47.314,34.39,27,정상
2026-07-09 20:59:03,ROBOT_04,58.4,10.478,1.542,46.721,39.87,8,정상
2026-07-09 21:52:03,ROBOT_01,58.68,10.826,2.624,47.614,37.66,22,정상
2026-07-09 21:52:03,ROBOT_02,73.06,14.236,4.85,44.896,50.31,15,위험
2026-07-09 21:52:03,ROBOT_03,53.94,11.281,2.643,47.117,38.4,27,정상
2026-07-09 21:52:03,ROBOT_04,51.8,8.314,2.846,46.742,33.11,8,정상
2026-07-09 22:45:04,ROBOT_01,59.33,10.322,2.107,46.516,36.04,22,정상
2026-07-09 22:45:04,ROBOT_02,72.52,15.352,5.206,45.017,48.67,15,위험
2026-07-09 22:45:04,ROBOT_03,56.08,9.647,2.483,47.73,34.64,27,정상
2026-07-09 22:45:04,ROBOT_04,56.4,10.29,1.849,46.775,36.2,8,정상
2026-07-09 23:38:05,ROBOT_01,50.67,9.044,2.45,47.523,35.08,22,정상
2026-07-09 23:38:05,ROBOT_02,71.52,14.6,5.143,44.483,48.84,15,위험
2026-07-09 23:38:05,ROBOT_03,59.76,11.047,2.954,47.049,35.28,27,정상
2026-07-09 23:38:05,ROBOT_04,56.09,11.309,1.351,46.63,41.73,8,정상
2026-07-10 00:31:06,ROBOT_01,53.7,9.552,1.656,47.252,35.49,23,정상
2026-07-10 00:31:06,ROBOT_02,67.92,14.357,5.009,44.896,51.43,16,위험
2026-07-10 00:31:06,ROBOT_03,60.81,9.985,2.701,47.268,38.8,28,정상
2026-07-10 00:31:06,ROBOT_04,55.2,9.17,1.869,47.44,39.58,9,정상
2026-07-10 01:24:07,ROBOT_01,55.67,9.089,1.937,47.3,35.95,23,정상
2026-07-10 01:24:07,ROBOT_02,73.4,13.603,5.334,45.064,48.64,16,위험
2026-07-10 01:24:07,ROBOT_03,50.03,10.05,2.141,47.489,37.03,28,정상
2026-07-10 01:24:07,ROBOT_04,53.24,9.781,1.23,47.502,36.15,9,정상
2026-07-10 02:17:07,ROBOT_01,54.87,9.486,2.45,47.191,35.63,23,정상
2026-07-10 02:17:07,ROBOT_02,69.24,13.888,5.385,45.211,44.52,16,위험
2026-07-10 02:17:07,ROBOT_03,52.53,9.597,2.355,47.449,36.85,28,정상
2026-07-10 02:17:07,ROBOT_04,51.89,9.139,1.843,48.095,35.39,9,정상
2026-07-10 03:10:08,ROBOT_01,52.87,9.134,2.323,48.17,37.17,23,정상
2026-07-10 03:10:08,ROBOT_02,64.19,13.451,4.59,45.025,47.53,16,주의
2026-07-10 03:10:08,ROBOT_03,53.21,9.781,2.344,48.16,35.55,28,정상
2026-07-10 03:10:08,ROBOT_04,48.6,9.358,1.532,47.231,34.1,9,정상
2026-07-10 04:03:09,ROBOT_01,52.49,9.734,2.455,47.504,35.04,23,정상
2026-07-10 04:03:09,ROBOT_02,67.92,12.971,5.057,44.477,43.93,16,위험
2026-07-10 04:03:09,ROBOT_03,53.9,10.061,2.348,47.574,35.45,28,정상
2026-07-10 04:03:09,ROBOT_04,50.76,9.072,2.104,48.145,35.22,9,정상
2026-07-10 04:56:10,ROBOT_01,53.88,9.916,2.009,47.453,36.56,23,정상
2026-07-10 04:56:10,ROBOT_02,69.86,13.611,5.285,45.079,48.64,16,위험
2026-07-10 04:56:10,ROBOT_03,49.99,8.891,1.997,48.165,37.74,28,정상
2026-07-10 04:56:10,ROBOT_04,46.05,9.321,1.626,47.162,32.65,9,정상
2026-07-10 05:49:10,ROBOT_01,55.06,10.133,2.369,47.727,36.08,23,정상
2026-07-10 05:49:10,ROBOT_02,69.13,13.327,5.034,45.204,45.55,16,위험
2026-07-10 05:49:10,ROBOT_03,51.91,10.58,2.178,48.469,35.15,28,정상
2026-07-10 05:49:10,ROBOT_04,51.36,9.128,1.712,47.372,33.5,9,정상
2026-07-10 06:42:11,ROBOT_01,51.83,9.834,2.011,47.24,35.41,23,정상
2026-07-10 06:42:11,ROBOT_02,67.3,14.06,4.974,45.781,44.17,16,주의
2026-07-10 06:42:11,ROBOT_03,53.07,8.719,2,47.468,38.56,28,정상
2026-07-10 06:42:11,ROBOT_04,49.71,8.654,1.635,47.977,36.36,9,정상
2026-07-10 07:35:12,ROBOT_01,51.58,10.131,2.243,47.744,33.91,23,정상
2026-07-10 07:35:12,ROBOT_02,68.37,13.681,4.77,44.969,44.25,16,주의
2026-07-10 07:35:12,ROBOT_03,52.83,8.58,2.204,48.118,35.67,28,정상
2026-07-10 07:35:12,ROBOT_04,52.17,8.626,1.672,47.86,34.18,9,정상
2026-07-10 08:28:13,ROBOT_01,51.13,9.855,2.162,47.676,37.77,23,정상
2026-07-10 08:28:13,ROBOT_02,70.35,13.694,5.13,44.958,48.04,16,위험
2026-07-10 08:28:13,ROBOT_03,51.3,9.003,2.146,48.153,34.61,28,정상
2026-07-10 08:28:13,ROBOT_04,51.24,8.031,1.896,47.704,32.94,9,정상
2026-07-10 09:21:14,ROBOT_01,51.65,9.198,2.265,47.375,36.16,23,정상
2026-07-10 09:21:14,ROBOT_02,64.43,15.033,5.165,45.415,42.59,16,주의
2026-07-10 09:21:14,ROBOT_03,55.54,9.778,2.073,47.335,37.09,28,정상
2026-07-10 09:21:14,ROBOT_04,48.87,9.505,1.689,48.1,30.4,9,정상
2026-07-10 10:14:14,ROBOT_01,53.91,9.854,1.9,48.481,36.29,23,정상
2026-07-10 10:14:14,ROBOT_02,68.24,13.736,4.47,45.743,47.53,16,주의
2026-07-10 10:14:14,ROBOT_03,54.31,9.59,2.278,47.55,36.3,28,정상
2026-07-10 10:14:14,ROBOT_04,52.71,8.769,1.853,47.652,32.09,9,정상
2026-07-10 11:07:15,ROBOT_01,53.68,9.989,2.293,47.247,35.24,23,정상
2026-07-10 11:07:15,ROBOT_02,69.32,13.493,5.136,45.023,46.8,16,주의
2026-07-10 11:07:15,ROBOT_03,53.12,9.271,2.165,47.675,36.68,28,정상
2026-07-10 11:07:15,ROBOT_04,49.88,7.802,1.999,48.059,36.29,9,정상
2026-07-10 12:00:16,ROBOT_01,53.19,8.063,1.947,47.144,34.05,23,정상
2026-07-10 12:00:16,ROBOT_02,66.14,14.818,5.376,44.882,44.7,16,주의
2026-07-10 12:00:16,ROBOT_03,59.23,10.235,2.24,47.744,34.41,28,정상
2026-07-10 12:00:16,ROBOT_04,54.48,8.416,1.36,47.389,32.75,9,정상
2026-07-10 12:53:17,ROBOT_01,56.1,10.462,2.47,46.821,38.94,23,정상
2026-07-10 12:53:17,ROBOT_02,70.02,13.917,4.862,45.511,47.69,16,주의
2026-07-10 12:53:17,ROBOT_03,52.76,9.555,1.963,47.722,34.74,28,정상
2026-07-10 12:53:17,ROBOT_04,53.07,9.798,2.1,47.385,34.11,9,정상
2026-07-10 13:46:18,ROBOT_01,56.03,10.787,1.864,47.187,34.85,23,정상
2026-07-10 13:46:18,ROBOT_02,65.24,14.577,4.835,44.69,45.6,16,위험
2026-07-10 13:46:18,ROBOT_03,51.78,9.063,2.339,48.295,35.52,28,정상
2026-07-10 13:46:18,ROBOT_04,53.4,10.149,2.112,47.479,37.02,9,정상
2026-07-10 14:39:18,ROBOT_01,56.26,9.597,2.223,46.935,38.13,23,정상
2026-07-10 14:39:18,ROBOT_02,71.16,15.295,5.157,45.204,48.39,16,위험
2026-07-10 14:39:18,ROBOT_03,58.46,10.367,2.33,47.765,35.75,28,정상
2026-07-10 14:39:18,ROBOT_04,53.77,9.138,1.83,47.456,32.73,9,정상
2026-07-10 15:32:19,ROBOT_01,56.67,10.949,1.896,47.602,37.76,23,정상
2026-07-10 15:32:19,ROBOT_02,69.94,14.089,5.295,44.55,51.18,16,위험
2026-07-10 15:32:19,ROBOT_03,57.35,10.796,2.764,47.557,38.04,28,정상
2026-07-10 15:32:19,ROBOT_04,52.63,9.424,1.736,46.937,38.87,9,정상
2026-07-10 16:25:20,ROBOT_01,56.99,9.831,2.648,47.373,35.51,23,정상
2026-07-10 16:25:20,ROBOT_02,68.36,14.235,5.175,44.892,45.41,16,주의
2026-07-10 16:25:20,ROBOT_03,52.75,9.787,2.344,48.024,33.86,28,정상
2026-07-10 16:25:20,ROBOT_04,49.19,9.816,2.252,48.057,36.45,9,정상
2026-07-10 17:18:21,ROBOT_01,57.72,9.141,2.116,47.812,36.64,23,정상
2026-07-10 17:18:21,ROBOT_02,73.21,14.728,4.628,44.756,49.66,16,주의
2026-07-10 17:18:21,ROBOT_03,57.62,11.066,2.253,47.22,40.13,28,정상
2026-07-10 17:18:21,ROBOT_04,51.03,9.254,2.585,47.574,37.21,9,정상
2026-07-10 18:11:22,ROBOT_01,58,11.405,2.449,46.875,38.46,23,정상
2026-07-10 18:11:22,ROBOT_02,66.85,14.228,4.854,44.592,49.53,16,주의
2026-07-10 18:11:22,ROBOT_03,56.81,10.457,2.086,47.662,39.09,28,정상
2026-07-10 18:11:22,ROBOT_04,57.59,9.715,1.418,46.388,38.07,9,정상
2026-07-10 19:04:22,ROBOT_01,58.22,11.583,2.775,47.807,40.63,23,정상
2026-07-10 19:04:22,ROBOT_02,68.13,13.582,4.724,44.472,47.5,16,주의
2026-07-10 19:04:22,ROBOT_03,58.18,9.89,1.805,47.168,34.19,28,정상
2026-07-10 19:04:22,ROBOT_04,53.49,9.807,1.862,46.877,37.28,9,정상
2026-07-10 19:57:23,ROBOT_01,55.05,10.051,2.651,47.353,34.44,23,정상
2026-07-10 19:57:23,ROBOT_02,70.81,12.729,5.094,44.739,46.5,16,위험
2026-07-10 19:57:23,ROBOT_03,55.06,12.147,1.697,47.846,36.1,28,정상
2026-07-10 19:57:23,ROBOT_04,54.6,9.695,1.649,47.375,39.3,9,정상
2026-07-10 20:50:24,ROBOT_01,58.82,10.539,2.372,47.618,38.45,23,정상
2026-07-10 20:50:24,ROBOT_02,64.09,13.698,4.947,44.598,46.09,16,주의
2026-07-10 20:50:24,ROBOT_03,53.86,10.219,2.28,48.246,37.27,28,정상
2026-07-10 20:50:24,ROBOT_04,55.33,10.062,1.869,47.601,37.04,9,정상
2026-07-10 21:43:25,ROBOT_01,58.05,11.269,2.063,47.3,41.78,23,주의
2026-07-10 21:43:25,ROBOT_02,67.08,13.956,4.507,45.617,47.62,16,주의
2026-07-10 21:43:25,ROBOT_03,56.9,11.492,2.572,47.136,40.31,28,정상
2026-07-10 21:43:25,ROBOT_04,51,9.171,2.2,47.02,33.87,9,정상
2026-07-10 22:36:26,ROBOT_01,58.31,12.038,3.104,46.335,38.94,23,정상
2026-07-10 22:36:26,ROBOT_02,66.97,13.095,4.277,45.002,46.99,16,주의
2026-07-10 22:36:26,ROBOT_03,49.02,11.604,2.577,47.636,38.54,28,정상
2026-07-10 22:36:26,ROBOT_04,54.82,8.841,1.566,47.232,36.87,9,정상
2026-07-10 23:29:26,ROBOT_01,57.29,9.461,2.322,46.834,40.85,23,정상
2026-07-10 23:29:26,ROBOT_02,72.15,14.234,4.74,44.627,47.43,16,위험
2026-07-10 23:29:26,ROBOT_03,52.96,9.53,2.248,47.11,37.44,28,정상
2026-07-10 23:29:26,ROBOT_04,51.45,9.658,1.999,48.234,35.68,9,정상
2026-07-11 00:22:27,ROBOT_01,57.04,11.491,2.303,47.113,38.33,24,정상
2026-07-11 00:22:27,ROBOT_02,70.23,12.986,4.296,45.113,43.39,17,주의
2026-07-11 00:22:27,ROBOT_03,50.6,9.791,2.712,46.916,38.07,29,정상
2026-07-11 00:22:27,ROBOT_04,52.54,9.896,1.723,47.363,34.47,10,정상
2026-07-11 01:15:28,ROBOT_01,52.6,10.211,2.553,47.178,35.57,24,정상
2026-07-11 01:15:28,ROBOT_02,67.56,12.874,4.507,44.933,45.32,17,주의
2026-07-11 01:15:28,ROBOT_03,57.48,10.468,2.398,47.893,38.25,29,정상
2026-07-11 01:15:28,ROBOT_04,50.22,9.059,2.034,47.44,34.71,10,정상
2026-07-11 02:08:29,ROBOT_01,55.02,11.105,2.738,46.913,37.03,24,정상
2026-07-11 02:08:29,ROBOT_02,62.11,12.355,4.512,45.54,43.31,17,주의
2026-07-11 02:08:29,ROBOT_03,54.61,10.697,2.508,47.775,34.5,29,정상
2026-07-11 02:08:29,ROBOT_04,51.02,9.719,1.734,48.357,36.14,10,정상
2026-07-11 03:01:29,ROBOT_01,55.16,10.277,2.774,47.307,34.27,24,정상
2026-07-11 03:01:29,ROBOT_02,68.74,12.283,4.396,45.146,41.69,17,주의
2026-07-11 03:01:29,ROBOT_03,52.29,9.476,2.125,47.539,33.36,29,정상
2026-07-11 03:01:29,ROBOT_04,57.68,8.437,1.701,47.138,35.15,10,정상
2026-07-11 03:54:30,ROBOT_01,51.16,10.47,2.334,47.264,39.48,24,정상
2026-07-11 03:54:30,ROBOT_02,62.78,11.95,3.983,46.287,43.17,17,주의
2026-07-11 03:54:30,ROBOT_03,50.56,8.512,2.329,47.719,38.17,29,주의
2026-07-11 03:54:30,ROBOT_04,51.09,10.206,2.163,47.895,36.07,10,정상
2026-07-11 04:47:31,ROBOT_01,53.34,10.273,2.687,47.175,35.48,24,정상
2026-07-11 04:47:31,ROBOT_02,59.71,12.22,4.473,46.31,41.35,17,주의
2026-07-11 04:47:31,ROBOT_03,49.81,9.291,2.151,47.851,34.46,29,정상
2026-07-11 04:47:31,ROBOT_04,52.97,9.23,1.276,47.502,36.43,10,정상
2026-07-11 05:40:32,ROBOT_01,53.67,9.925,2.314,46.603,39.14,24,정상
2026-07-11 05:40:32,ROBOT_02,60.05,12.8,4.097,45.882,39.96,17,주의
2026-07-11 05:40:32,ROBOT_03,51.36,8.95,2.75,47.497,37.65,29,정상
2026-07-11 05:40:32,ROBOT_04,50.03,8.712,1.629,48.33,33.17,10,정상
2026-07-11 06:33:33,ROBOT_01,52.37,11.041,2.352,47.755,34.39,24,정상
2026-07-11 06:33:33,ROBOT_02,57.35,12.058,4.597,46.417,36.8,17,정상
2026-07-11 06:33:33,ROBOT_03,51.1,9.362,2.342,47.551,31.96,29,정상
2026-07-11 06:33:33,ROBOT_04,50.26,8.153,1.921,47.989,32.39,10,정상
2026-07-11 07:26:33,ROBOT_01,53.09,9.855,2.501,47.531,35.25,24,정상
2026-07-11 07:26:33,ROBOT_02,63.36,12.867,4.123,46.217,42.47,17,주의
2026-07-11 07:26:33,ROBOT_03,52.87,8.76,2.006,48.343,35.01,29,정상
2026-07-11 07:26:33,ROBOT_04,51.36,9.358,1.552,47.863,35.2,10,정상
2026-07-11 08:19:34,ROBOT_01,52.5,10.124,3.015,48.125,38.37,24,정상
2026-07-11 08:19:34,ROBOT_02,58.87,11.307,4.036,45.701,40.94,17,정상
2026-07-11 08:19:34,ROBOT_03,50.59,8.924,2.325,46.993,34.98,29,정상
2026-07-11 08:19:34,ROBOT_04,49.43,9.18,2.039,48.344,32.38,10,정상
2026-07-11 09:12:35,ROBOT_01,50.18,11.608,2.747,46.77,37.08,24,정상
2026-07-11 09:12:35,ROBOT_02,60.1,11.807,3.922,45.55,43.3,17,주의
2026-07-11 09:12:35,ROBOT_03,53.56,10.037,3.142,48.087,33.81,29,정상
2026-07-11 09:12:35,ROBOT_04,52.36,10.213,1.456,47.945,33.22,10,정상
2026-07-11 10:05:36,ROBOT_01,55.89,10.172,2.758,46.195,38.71,24,정상
2026-07-11 10:05:36,ROBOT_02,61.4,12.238,3.85,45.704,41.02,17,주의
2026-07-11 10:05:36,ROBOT_03,50.09,9.809,1.927,47.964,36.22,29,정상
2026-07-11 10:05:36,ROBOT_04,51.19,9.036,1.576,46.463,37.95,10,정상
2026-07-11 10:58:37,ROBOT_01,59.3,9.585,2.917,46.791,36.92,24,정상
2026-07-11 10:58:37,ROBOT_02,62.44,13.17,3.91,45.789,42.26,17,주의
2026-07-11 10:58:37,ROBOT_03,54.64,9.811,2.099,47.051,32.64,29,정상
2026-07-11 10:58:37,ROBOT_04,52.78,7.553,1.861,47.125,34.26,10,정상
2026-07-11 11:51:37,ROBOT_01,59.86,10.645,3.009,47.524,39.76,24,정상
2026-07-11 11:51:37,ROBOT_02,60.03,11.782,3.602,46.365,42.87,17,정상
2026-07-11 11:51:37,ROBOT_03,47.68,10.197,2.482,47.949,34.49,29,정상
2026-07-11 11:51:37,ROBOT_04,54.44,9.539,1.725,47.108,34.66,10,정상
2026-07-11 12:44:38,ROBOT_01,60.7,11.012,3.457,46.241,41.62,24,주의
2026-07-11 12:44:38,ROBOT_02,60.11,11.397,3.572,45.885,42.58,17,주의
2026-07-11 12:44:38,ROBOT_03,54.02,10.915,2.485,47.41,35.32,29,정상
2026-07-11 12:44:38,ROBOT_04,49.49,8.843,1.873,47.894,36.51,10,정상
2026-07-11 13:37:39,ROBOT_01,61.95,11.752,2.583,46.438,43.51,24,주의
2026-07-11 13:37:39,ROBOT_02,61.48,11.92,4.045,47.023,41.03,17,주의
2026-07-11 13:37:39,ROBOT_03,54.51,10.865,2.552,46.929,36.97,29,정상
2026-07-11 13:37:39,ROBOT_04,51.55,9.098,1.897,47.602,38.71,10,정상
2026-07-11 14:30:40,ROBOT_01,56.37,11.16,3.373,46.532,37.68,24,정상
2026-07-11 14:30:40,ROBOT_02,62.8,12.4,3.905,45.742,44.38,17,주의
2026-07-11 14:30:40,ROBOT_03,52.33,9.177,2.478,47.821,35.85,29,정상
2026-07-11 14:30:40,ROBOT_04,51.12,10.979,1.844,46.85,38.24,10,정상
2026-07-11 15:23:41,ROBOT_01,64.83,12.339,2.773,47.892,42.74,24,정상
2026-07-11 15:23:41,ROBOT_02,60.32,12.382,3.304,45.57,41.84,17,주의
2026-07-11 15:23:41,ROBOT_03,58.65,9.582,2.697,47.376,36.23,29,정상
2026-07-11 15:23:41,ROBOT_04,57.51,11.039,1.425,46.605,39.22,10,정상
2026-07-11 16:16:41,ROBOT_01,57.77,11.08,2.896,46.54,42.36,24,정상
2026-07-11 16:16:41,ROBOT_02,64.4,13.913,3.461,46.531,41.88,17,주의
2026-07-11 16:16:41,ROBOT_03,58.36,11.38,2.285,46.713,38.74,29,정상
2026-07-11 16:16:41,ROBOT_04,54.01,8.583,1.69,47.463,37.49,10,정상
2026-07-11 17:09:42,ROBOT_01,61.13,11.995,3.43,46.673,42.43,24,정상
2026-07-11 17:09:42,ROBOT_02,69.1,12.461,4.175,45.119,42.6,17,주의
2026-07-11 17:09:42,ROBOT_03,57.34,11.494,2.177,46.875,36.25,29,정상
2026-07-11 17:09:42,ROBOT_04,58.83,9.55,2.057,46.27,37.76,10,정상
2026-07-11 18:02:43,ROBOT_01,62.78,11.327,2.912,46.442,39.96,24,주의
2026-07-11 18:02:43,ROBOT_02,62.99,12.828,3.768,46.738,43.21,17,주의
2026-07-11 18:02:43,ROBOT_03,52.86,10.233,2.243,46.514,37.19,29,정상
2026-07-11 18:02:43,ROBOT_04,53.98,10.79,1.31,47.262,34.46,10,정상
2026-07-11 18:55:44,ROBOT_01,56.94,12.798,3.211,46.886,37.67,24,주의
2026-07-11 18:55:44,ROBOT_02,65.71,12.63,3.343,45.881,44.83,17,주의
2026-07-11 18:55:44,ROBOT_03,54.17,10.257,2.525,47.763,40.32,29,정상
2026-07-11 18:55:44,ROBOT_04,57.03,10.121,1.4,46.857,38.89,10,정상
2026-07-11 19:48:45,ROBOT_01,65.35,10.434,3.081,46.366,44.18,24,주의
2026-07-11 19:48:45,ROBOT_02,68.54,13.811,3.69,46.411,40.13,17,주의
2026-07-11 19:48:45,ROBOT_03,58.26,11.985,2.244,47.582,40.78,29,정상
2026-07-11 19:48:45,ROBOT_04,58.93,11.377,1.424,47.077,41.96,10,정상
2026-07-11 20:41:45,ROBOT_01,58.29,12.005,3.601,46.545,43.33,24,주의
2026-07-11 20:41:45,ROBOT_02,60.86,12.255,3.461,46.481,43.54,17,주의
2026-07-11 20:41:45,ROBOT_03,57.54,11.945,2.705,46.859,39.6,29,정상
2026-07-11 20:41:45,ROBOT_04,52.39,9.262,1.517,47.513,33.09,10,정상
2026-07-11 21:34:46,ROBOT_01,62.29,12.124,2.896,47.199,42.47,24,정상
2026-07-11 21:34:46,ROBOT_02,57.84,11.417,3.337,46.394,40.92,17,정상
2026-07-11 21:34:46,ROBOT_03,51.68,10.943,2.266,47.525,38.29,29,정상
2026-07-11 21:34:46,ROBOT_04,57.6,9.734,2.588,46.881,39.92,10,정상
2026-07-11 22:27:47,ROBOT_01,56.6,10.857,4.095,46.854,39.13,24,정상
2026-07-11 22:27:47,ROBOT_02,73.77,15.331,5.709,44.305,50.33,17,위험
2026-07-11 22:27:47,ROBOT_03,54.45,10.152,2.547,47.248,38.78,29,정상
2026-07-11 22:27:47,ROBOT_04,53.56,10.404,1.557,46.732,37.44,10,정상
2026-07-11 23:20:48,ROBOT_01,66.75,10.889,3.496,46.039,42.85,24,주의
2026-07-11 23:20:48,ROBOT_02,66.61,12.599,3.632,46.375,43.04,17,주의
2026-07-11 23:20:48,ROBOT_03,51.77,10.311,2.339,46.697,37.83,29,정상
2026-07-11 23:20:48,ROBOT_04,55.27,9.892,1.872,46.278,36.11,10,정상
2026-07-12 00:13:48,ROBOT_01,56.63,12.767,3.275,45.768,41.11,25,주의
2026-07-12 00:13:48,ROBOT_02,61.67,11.929,3.444,46.33,42.74,18,주의
2026-07-12 00:13:48,ROBOT_03,52.98,8.666,2.75,46.987,35.71,30,정상
2026-07-12 00:13:48,ROBOT_04,51.97,9.101,2.267,46.343,37.29,11,정상
2026-07-12 01:06:49,ROBOT_01,58,12.005,3.273,46.62,43.01,25,주의
2026-07-12 01:06:49,ROBOT_02,62.73,12.916,3.88,46.228,38.98,18,주의
2026-07-12 01:06:49,ROBOT_03,52.92,10.013,1.872,47.093,34.69,30,정상
2026-07-12 01:06:49,ROBOT_04,57.77,10.145,2.01,46.818,36.74,11,정상
2026-07-12 01:59:50,ROBOT_01,60.7,11.975,3.164,46.216,37.07,25,주의
2026-07-12 01:59:50,ROBOT_02,62.27,11.755,2.758,45.65,43.52,18,주의
2026-07-12 01:59:50,ROBOT_03,53.79,10.909,2.275,47.089,36.49,30,정상
2026-07-12 01:59:50,ROBOT_04,59.85,10.7,3.81,46.833,38.63,11,주의
2026-07-12 02:52:51,ROBOT_01,54,11.585,3.177,46.918,44.36,25,정상
2026-07-12 02:52:51,ROBOT_02,57.09,9.711,3.146,46.695,39.01,18,주의
2026-07-12 02:52:51,ROBOT_03,50.95,8.776,2.534,47.122,34.67,30,정상
2026-07-12 02:52:51,ROBOT_04,56.82,10.454,1.41,46.953,36.73,11,정상
2026-07-12 03:45:52,ROBOT_01,58.87,10.948,3.137,45.799,37.52,25,정상
2026-07-12 03:45:52,ROBOT_02,56.6,11.443,3.17,46.765,37.22,18,주의
2026-07-12 03:45:52,ROBOT_03,53.98,8.943,2.632,48.313,33.82,30,정상
2026-07-12 03:45:52,ROBOT_04,46.83,8.458,1.511,47.687,33.61,11,정상
2026-07-12 04:38:52,ROBOT_01,59.45,11.969,3.071,47.091,38.48,25,정상
2026-07-12 04:38:52,ROBOT_02,58.45,11.925,3.111,46.199,38.75,18,정상
2026-07-12 04:38:52,ROBOT_03,52.81,9.776,1.523,47.169,35.75,30,정상
2026-07-12 04:38:52,ROBOT_04,51.44,9.096,1.784,47.807,35.48,11,정상
2026-07-12 05:31:53,ROBOT_01,63.6,11.238,3.191,46.64,42.15,25,주의
2026-07-12 05:31:53,ROBOT_02,54.43,9.606,3.003,47.262,37.27,18,정상
2026-07-12 05:31:53,ROBOT_03,53.25,9.159,2.297,47.875,34.45,30,정상
2026-07-12 05:31:53,ROBOT_04,53.01,9.042,2.452,47.261,34.49,11,정상
2026-07-12 06:24:54,ROBOT_01,57.51,11.357,4.166,46.334,39.79,25,주의
2026-07-12 06:24:54,ROBOT_02,54.33,9.801,2.898,47.68,35.83,18,정상
2026-07-12 06:24:54,ROBOT_03,54.61,10.368,2.332,48.013,36.35,30,정상
2026-07-12 06:24:54,ROBOT_04,45.73,8.525,1.532,48.251,32.63,11,정상
2026-07-12 07:17:55,ROBOT_01,63.2,10.873,3.565,46.608,38.74,25,정상
2026-07-12 07:17:55,ROBOT_02,57.75,10.527,2.829,46.337,40.48,18,정상
2026-07-12 07:17:55,ROBOT_03,52.3,9.425,2.291,47.882,35.88,30,정상
2026-07-12 07:17:55,ROBOT_04,46.55,8.457,1.629,47.671,28.65,11,정상
2026-07-12 08:10:56,ROBOT_01,59.74,11.725,3.386,46.02,41.29,25,주의
2026-07-12 08:10:56,ROBOT_02,50.62,10.697,2.795,47.459,36.15,18,정상
2026-07-12 08:10:56,ROBOT_03,51.23,9.412,2.057,47.717,36.37,30,정상
2026-07-12 08:10:56,ROBOT_04,52.06,8.616,2.168,47.296,35.06,11,정상
2026-07-12 09:03:56,ROBOT_01,61.25,12.554,3.503,47.033,42.55,25,주의
2026-07-12 09:03:56,ROBOT_02,55.42,10.164,2.734,47.31,35.2,18,정상
2026-07-12 09:03:56,ROBOT_03,48.76,8.778,2.426,48.054,36.08,30,정상
2026-07-12 09:03:56,ROBOT_04,46.85,9.654,1.71,46.747,33.28,11,정상
2026-07-12 09:56:57,ROBOT_01,63.29,11.861,4.18,46.289,42.17,25,주의
2026-07-12 09:56:57,ROBOT_02,60.74,11.003,2.849,46.54,40.01,18,정상
2026-07-12 09:56:57,ROBOT_03,49.94,10.099,2.626,47.192,34.96,30,정상
2026-07-12 09:56:57,ROBOT_04,52.13,8.749,1.99,48.333,33.27,11,정상
2026-07-12 10:49:58,ROBOT_01,59.54,10.739,3.455,46.641,45.64,25,주의
2026-07-12 10:49:58,ROBOT_02,57.54,9.999,2.484,47.257,38.1,18,정상
2026-07-12 10:49:58,ROBOT_03,56.84,9.897,2.726,47.694,37.89,30,정상
2026-07-12 10:49:58,ROBOT_04,50.13,10.324,2.63,47.86,38.29,11,주의
2026-07-12 11:42:59,ROBOT_01,62.47,12.31,3.472,45.77,42.96,25,주의
2026-07-12 11:42:59,ROBOT_02,54.36,10.992,2.411,47.209,37.87,18,정상
2026-07-12 11:42:59,ROBOT_03,55.02,10.255,2.414,47.819,37.55,30,정상
2026-07-12 11:42:59,ROBOT_04,51.68,8.675,1.946,47.865,33.4,11,정상
2026-07-12 12:36:00,ROBOT_01,66.05,12.291,3.915,45.668,41.63,25,위험
2026-07-12 12:36:00,ROBOT_02,52.68,10.331,2.773,47.109,32.8,18,정상
2026-07-12 12:36:00,ROBOT_03,53.81,10.08,2.56,47.863,34.25,30,정상
2026-07-12 12:36:00,ROBOT_04,55.5,10.03,1.567,46.818,34.75,11,정상
2026-07-12 13:29:00,ROBOT_01,66.7,12.871,3.851,45.711,43.65,25,주의
2026-07-12 13:29:00,ROBOT_02,57.85,10.068,2.58,46.576,40.76,18,정상
2026-07-12 13:29:00,ROBOT_03,57.63,9.619,3.029,47.334,36.15,30,정상
2026-07-12 13:29:00,ROBOT_04,55.67,8.928,2.04,47.64,36.66,11,정상
2026-07-12 14:22:01,ROBOT_01,64.04,12.821,4.417,45.821,44.89,25,주의
2026-07-12 14:22:01,ROBOT_02,58.62,11.143,2.919,47.171,36.38,18,정상
2026-07-12 14:22:01,ROBOT_03,60.15,10.194,2.221,46.891,42.07,30,정상
2026-07-12 14:22:01,ROBOT_04,57.13,9.082,2.095,48.507,39.3,11,정상
2026-07-12 15:15:02,ROBOT_01,65.77,13.581,4.342,46.84,45.31,25,주의
2026-07-12 15:15:02,ROBOT_02,70.93,11.794,4.498,45.698,45.96,18,주의
2026-07-12 15:15:02,ROBOT_03,55.47,11.33,2.54,47.157,35.58,30,정상
2026-07-12 15:15:02,ROBOT_04,46.88,8.815,1.782,47.981,35.21,11,정상
2026-07-12 16:08:03,ROBOT_01,65.86,13.791,4.387,46.276,46.45,25,주의
2026-07-12 16:08:03,ROBOT_02,62.03,10.648,3.049,46.431,38.29,18,정상
2026-07-12 16:08:03,ROBOT_03,55.6,10.691,1.993,46.501,35.77,30,정상
2026-07-12 16:08:03,ROBOT_04,57.24,9.069,2.243,47.047,39.69,11,정상
2026-07-12 17:01:04,ROBOT_01,63.56,13.44,4.305,45.334,43.77,25,주의
2026-07-12 17:01:04,ROBOT_02,56.54,9.807,3.231,47.151,35.74,18,정상
2026-07-12 17:01:04,ROBOT_03,55.57,10.276,2.995,47.121,40.42,30,정상
2026-07-12 17:01:04,ROBOT_04,52.96,9.998,1.843,46.866,34.82,11,정상
2026-07-12 17:54:04,ROBOT_01,64.59,13.683,5.03,45.055,42.74,25,주의
2026-07-12 17:54:04,ROBOT_02,57.59,10.648,2.586,47.41,39.58,18,정상
2026-07-12 17:54:04,ROBOT_03,57.89,11.546,2.609,46.988,42.14,30,정상
2026-07-12 17:54:04,ROBOT_04,57.73,8.665,1.573,46.862,35.14,11,정상
2026-07-12 18:47:05,ROBOT_01,67.96,14.456,4.425,45.169,46.29,25,위험
2026-07-12 18:47:05,ROBOT_02,61.84,11.756,2.9,46.781,40.53,18,정상
2026-07-12 18:47:05,ROBOT_03,52.97,9.485,2.315,47.56,34.55,30,정상
2026-07-12 18:47:05,ROBOT_04,54.39,8.742,2.251,47.38,34.64,11,정상
2026-07-12 19:40:06,ROBOT_01,68.53,13.906,4.75,45.164,48.52,25,위험
2026-07-12 19:40:06,ROBOT_02,58.38,10.005,2.846,47.245,37.82,18,정상
2026-07-12 19:40:06,ROBOT_03,55.79,11.032,2.548,46.82,39.46,30,정상
2026-07-12 19:40:06,ROBOT_04,58.81,10.694,2.083,47.324,36.87,11,정상
2026-07-12 20:33:07,ROBOT_01,68.68,12.331,4.165,44.853,44.65,25,주의
2026-07-12 20:33:07,ROBOT_02,54.29,10.426,2.095,47.333,36.47,18,정상
2026-07-12 20:33:07,ROBOT_03,58.53,10.588,2.134,46.703,40.25,30,주의
2026-07-12 20:33:07,ROBOT_04,60.41,9.798,1.786,47.91,37.07,11,정상
2026-07-12 21:26:07,ROBOT_01,70.83,12.573,4.782,45.268,48.28,25,위험
2026-07-12 21:26:07,ROBOT_02,59.7,9.974,2.419,47.038,39.65,18,정상
2026-07-12 21:26:07,ROBOT_03,56.49,11.386,2.44,47.674,37.55,30,정상
2026-07-12 21:26:07,ROBOT_04,52.97,9.865,2.136,47.236,38.61,11,정상
2026-07-12 22:19:08,ROBOT_01,66.7,14.196,4.823,44.725,46.34,25,위험
2026-07-12 22:19:08,ROBOT_02,59.7,11.517,2.56,47.337,40,18,정상
2026-07-12 22:19:08,ROBOT_03,54.69,10.499,2.396,47.773,39.37,30,정상
2026-07-12 22:19:08,ROBOT_04,56.28,9.184,2.044,47.285,37.98,11,정상
2026-07-12 23:12:09,ROBOT_01,65.01,13.539,4.353,45.265,46.99,25,주의
2026-07-12 23:12:09,ROBOT_02,57.83,10.134,2.148,47.591,38.49,18,정상
2026-07-12 23:12:09,ROBOT_03,59.79,10.693,2.774,47.353,38.23,30,정상
2026-07-12 23:12:09,ROBOT_04,50.41,9.198,1.951,47.512,36.47,11,정상
2026-07-13 00:05:10,ROBOT_01,67.9,13.755,4.717,45.075,43.31,26,주의
2026-07-13 00:05:10,ROBOT_02,57.64,10.621,2.494,46.273,37.39,19,정상
2026-07-13 00:05:10,ROBOT_03,56.05,10.586,2.801,46.77,35.7,31,정상
2026-07-13 00:05:10,ROBOT_04,54.07,8.871,2.143,47.033,33.54,12,정상
2026-07-13 00:58:11,ROBOT_01,64.61,14.149,4.342,45.304,45.31,26,주의
2026-07-13 00:58:11,ROBOT_02,54.08,9.68,2.185,47.792,34.5,19,정상
2026-07-13 00:58:11,ROBOT_03,49.26,8.272,1.875,47.828,33.76,31,정상
2026-07-13 00:58:11,ROBOT_04,53.36,10.542,2.015,47.18,36.2,12,정상
2026-07-13 01:51:11,ROBOT_01,69.7,13.789,5.034,45.32,44.64,26,주의
2026-07-13 01:51:11,ROBOT_02,53.76,8.379,2.264,47.082,37.19,19,정상
2026-07-13 01:51:11,ROBOT_03,57.35,9.79,3.13,46.661,36.85,31,정상
2026-07-13 01:51:11,ROBOT_04,56.35,10.094,1.913,47.404,34.38,12,정상
2026-07-13 02:44:12,ROBOT_01,65.96,12.832,4.703,45.581,46.68,26,주의
2026-07-13 02:44:12,ROBOT_02,54.99,10.467,2.978,47.282,38.15,19,정상
2026-07-13 02:44:12,ROBOT_03,56.19,11.915,2.188,47.798,36.74,31,정상
2026-07-13 02:44:12,ROBOT_04,53.75,9.9,2.208,47.736,33.74,12,정상
2026-07-13 03:37:13,ROBOT_01,62.85,11.872,4.65,45.531,43.37,26,주의
2026-07-13 03:37:13,ROBOT_02,50.51,8.414,2.178,46.956,34.51,19,정상
2026-07-13 03:37:13,ROBOT_03,56.44,10.14,2.864,47.864,36.79,31,정상
2026-07-13 03:37:13,ROBOT_04,51.73,9.225,1.95,47.457,35.11,12,정상
2026-07-13 04:30:14,ROBOT_01,65.56,13.645,4.968,45.439,46.06,26,위험
2026-07-13 04:30:14,ROBOT_02,54.24,10.118,2.408,47.826,35.81,19,정상
2026-07-13 04:30:14,ROBOT_03,52.5,9.68,2.527,47.804,34.16,31,정상
2026-07-13 04:30:14,ROBOT_04,51.91,9.114,2.013,48.074,33.75,12,정상
2026-07-13 05:23:15,ROBOT_01,62.75,12.652,4.95,45.642,41.58,26,위험
2026-07-13 05:23:15,ROBOT_02,54.37,9.45,2.383,47.073,34.92,19,정상
2026-07-13 05:23:15,ROBOT_03,50.96,10.178,2.423,46.954,34.62,31,정상
2026-07-13 05:23:15,ROBOT_04,51.18,9.532,1.897,47.425,29.87,12,정상
2026-07-13 06:16:15,ROBOT_01,62.79,11.776,4.854,45.854,47.05,26,위험
2026-07-13 06:16:15,ROBOT_02,50.57,9.814,2.085,47.108,32.84,19,정상
2026-07-13 06:16:15,ROBOT_03,50.07,8.919,2.324,48.213,34.89,31,정상
2026-07-13 06:16:15,ROBOT_04,54.8,8.534,1.645,47.539,36.23,12,정상
2026-07-13 07:09:16,ROBOT_01,70.61,14.748,4.98,45.565,48.94,26,위험
2026-07-13 07:09:16,ROBOT_02,51.95,9.747,1.936,47.322,35.22,19,정상
2026-07-13 07:09:16,ROBOT_03,49.55,9.184,2.308,46.962,34.42,31,정상
2026-07-13 07:09:16,ROBOT_04,50.06,8.845,2.512,46.514,33.17,12,정상
2026-07-13 08:02:17,ROBOT_01,65.92,13.997,5.217,45.123,47.19,26,주의
2026-07-13 08:02:17,ROBOT_02,55.61,9.801,2.294,47.375,33.11,19,정상
2026-07-13 08:02:17,ROBOT_03,51.89,10.118,2.021,47.91,36.88,31,정상
2026-07-13 08:02:17,ROBOT_04,47.4,7.756,2.102,48.397,32.68,12,정상
2026-07-13 08:55:18,ROBOT_01,65.92,14.684,4.927,45.797,45.94,26,주의
2026-07-13 08:55:18,ROBOT_02,55.3,8.957,2.281,47.07,35.4,19,정상
2026-07-13 08:55:18,ROBOT_03,53.7,8.998,2.498,47.857,34.94,31,정상
2026-07-13 08:55:18,ROBOT_04,52.22,9.218,2.115,47.735,33.63,12,정상
2026-07-13 09:48:19,ROBOT_01,67.33,15.087,5.404,46.024,42.64,26,위험
2026-07-13 09:48:19,ROBOT_02,58.05,10.063,2.62,48.127,39.05,19,정상
2026-07-13 09:48:19,ROBOT_03,50.04,8.89,2.533,48.546,34.39,31,정상
2026-07-13 09:48:19,ROBOT_04,48.87,8.383,1.546,48.018,34.24,12,정상
2026-07-13 10:41:19,ROBOT_01,72.61,15.707,6.092,44.53,45.85,26,위험
2026-07-13 10:41:19,ROBOT_02,52.88,8.949,2.137,47.192,35.8,19,정상
2026-07-13 10:41:19,ROBOT_03,51.89,8.975,2.708,47.774,32.34,31,정상
2026-07-13 10:41:19,ROBOT_04,53.48,8.89,2.191,47.924,34.47,12,정상
2026-07-13 11:34:20,ROBOT_01,69.97,15.559,5.453,45.217,47.64,26,위험
2026-07-13 11:34:20,ROBOT_02,54.48,8.344,2.744,47.359,34,19,정상
2026-07-13 11:34:20,ROBOT_03,53.73,10.852,2.051,47.119,37.1,31,정상
2026-07-13 11:34:20,ROBOT_04,55.14,8.095,1.839,46.912,34.14,12,정상
2026-07-13 12:27:21,ROBOT_01,67.64,13.681,4.667,44.915,46.05,26,주의
2026-07-13 12:27:21,ROBOT_02,55.26,9.79,2.457,47.276,36.45,19,정상
2026-07-13 12:27:21,ROBOT_03,55.72,10.692,2.492,47.703,36.47,31,정상
2026-07-13 12:27:21,ROBOT_04,53.23,9.634,1.719,47.215,38.07,12,정상
2026-07-13 13:20:22,ROBOT_01,63.89,14.708,5.604,45.408,49.62,26,주의
2026-07-13 13:20:22,ROBOT_02,56.21,9.983,1.662,46.18,34.84,19,정상
2026-07-13 13:20:22,ROBOT_03,58.81,11.024,2.616,46.557,38.13,31,정상
2026-07-13 13:20:22,ROBOT_04,51.31,10.488,2.005,47.027,35.35,12,정상
2026-07-13 14:13:23,ROBOT_01,69.49,14.587,4.853,44.519,49.99,26,위험
2026-07-13 14:13:23,ROBOT_02,52.34,9.844,2.274,47.227,36.6,19,정상
2026-07-13 14:13:23,ROBOT_03,56.87,10.496,2.434,47.557,39.48,31,정상
2026-07-13 14:13:23,ROBOT_04,52.78,10.713,2.027,47.841,33.85,12,정상
2026-07-13 15:06:23,ROBOT_01,73.06,14.37,5.643,44.669,48.57,26,위험
2026-07-13 15:06:23,ROBOT_02,66.71,13.758,4.805,45.073,45.3,19,주의
2026-07-13 15:06:23,ROBOT_03,56.52,10.709,2.5,46.621,38.91,31,정상
2026-07-13 15:06:23,ROBOT_04,53.04,10.17,2.004,47.165,38.08,12,정상
2026-07-13 15:59:24,ROBOT_01,69.65,15.135,5.399,45.107,48.8,26,위험
2026-07-13 15:59:24,ROBOT_02,58.76,10.55,2.157,46.502,41.98,19,정상
2026-07-13 15:59:24,ROBOT_03,58.05,11.035,2.647,46.715,40.74,31,정상
2026-07-13 15:59:24,ROBOT_04,53.18,9.348,1.885,47.158,34.39,12,정상
2026-07-13 16:52:25,ROBOT_01,72.27,14.618,5.376,44.931,49.99,26,위험
2026-07-13 16:52:25,ROBOT_02,62.44,9.957,2.897,45.925,39.14,19,정상
2026-07-13 16:52:25,ROBOT_03,62.9,10.796,2.576,47.57,39.67,31,정상
2026-07-13 16:52:25,ROBOT_04,53.34,10.591,1.331,47.256,35.01,12,정상
2026-07-13 17:45:26,ROBOT_01,74.55,14.646,5.633,44.615,50.92,26,위험
2026-07-13 17:45:26,ROBOT_02,56.12,10.896,2.153,46.339,37.29,19,정상
2026-07-13 17:45:26,ROBOT_03,58.51,10.676,2.584,47.37,43.62,31,정상
2026-07-13 17:45:26,ROBOT_04,53.66,9.559,1.534,47.54,36.33,12,정상
2026-07-13 18:38:27,ROBOT_01,70.86,15.359,5.447,44.351,50.98,26,위험
2026-07-13 18:38:27,ROBOT_02,55.21,10.847,2.102,47.076,37.63,19,정상
2026-07-13 18:38:27,ROBOT_03,56.77,11.609,1.785,47.569,37.13,31,정상
2026-07-13 18:38:27,ROBOT_04,59.97,10.004,2.248,47.183,39.81,12,정상
2026-07-13 19:31:27,ROBOT_01,71.02,14.469,5.387,45.272,48.53,26,위험
2026-07-13 19:31:27,ROBOT_02,51.55,9.964,2.068,47.763,33.81,19,정상
2026-07-13 19:31:27,ROBOT_03,55.6,10.436,2.711,47.686,37.73,31,정상
2026-07-13 19:31:27,ROBOT_04,50.69,8.789,1.701,47.11,36.9,12,정상
2026-07-13 20:24:28,ROBOT_01,75.38,16.049,5.582,43.949,50.44,26,위험
2026-07-13 20:24:28,ROBOT_02,51.14,8.727,2.488,47.463,32.97,19,정상
2026-07-13 20:24:28,ROBOT_03,54.82,10.831,2.552,47.241,37.74,31,정상
2026-07-13 20:24:28,ROBOT_04,56.61,9.305,1.747,46.913,37.56,12,정상
2026-07-13 21:17:29,ROBOT_01,75.3,15.371,6.145,43.945,54.2,26,위험
2026-07-13 21:17:29,ROBOT_02,55.77,10.328,2.409,47.019,37.41,19,정상
2026-07-13 21:17:29,ROBOT_03,55.83,10.348,1.979,47.106,37.25,31,정상
2026-07-13 21:17:29,ROBOT_04,63.38,11.008,2.129,46.737,37.33,12,정상
2026-07-13 22:10:30,ROBOT_01,73.45,15.61,5.308,44.511,52.17,26,위험
2026-07-13 22:10:30,ROBOT_02,57.38,9.972,2.95,46.794,41.07,19,정상
2026-07-13 22:10:30,ROBOT_03,57.63,9.789,2.643,47.876,40.45,31,정상
2026-07-13 22:10:30,ROBOT_04,57.43,9.807,2.314,46.686,36.03,12,정상
2026-07-13 23:03:30,ROBOT_01,72.89,16.504,5.195,44.785,49.43,26,위험
2026-07-13 23:03:30,ROBOT_02,49.53,9.852,2.313,46.959,37.04,19,정상
2026-07-13 23:03:30,ROBOT_03,55.06,10.97,2.884,47.455,41.54,31,정상
2026-07-13 23:03:30,ROBOT_04,57.51,9.494,1.71,47.267,37.17,12,정상
2026-07-13 23:56:31,ROBOT_01,74.09,13.838,5.414,45.106,48.55,26,위험
2026-07-13 23:56:31,ROBOT_02,56.91,9.838,1.973,47.076,37.75,19,정상
2026-07-13 23:56:31,ROBOT_03,54.19,11.301,2.41,47.14,36.78,31,정상
2026-07-13 23:56:31,ROBOT_04,51.17,9.419,2.421,47.335,32.73,12,정상
2026-07-14 00:49:32,ROBOT_01,68.14,14.835,5.813,45.483,51.21,27,위험
2026-07-14 00:49:32,ROBOT_02,54.37,10.751,2.172,46.817,37.77,20,정상
2026-07-14 00:49:32,ROBOT_03,50.93,10.936,2.575,47.872,36.87,32,정상
2026-07-14 00:49:32,ROBOT_04,50.67,8.72,2.095,47.202,35.04,13,정상
2026-07-14 01:42:33,ROBOT_01,74.47,15.112,5.365,43.916,49.25,27,위험
2026-07-14 01:42:33,ROBOT_02,56.48,9.996,2.575,47.511,36.25,20,정상
2026-07-14 01:42:33,ROBOT_03,50.61,9.524,2.268,47.47,34.47,32,정상
2026-07-14 01:42:33,ROBOT_04,56.25,10.803,2.007,47.411,33.93,13,정상
2026-07-14 02:35:34,ROBOT_01,69.1,13.36,5.763,44.758,47.97,27,위험
2026-07-14 02:35:34,ROBOT_02,55.04,10.534,1.814,47.185,35.96,20,정상
2026-07-14 02:35:34,ROBOT_03,58.07,10.06,2.74,48.434,36.29,32,정상
2026-07-14 02:35:34,ROBOT_04,50.33,8.68,1.822,47.746,32.85,13,정상
2026-07-14 03:28:34,ROBOT_01,67.3,15.248,5.155,45.406,44.19,27,위험
2026-07-14 03:28:34,ROBOT_02,53.5,7.975,1.96,46.973,34.62,20,정상
2026-07-14 03:28:34,ROBOT_03,50.09,9.098,3.002,47.557,38.42,32,정상
2026-07-14 03:28:34,ROBOT_04,58.72,10.018,2.081,46.406,38.24,13,정상
2026-07-14 04:21:35,ROBOT_01,65.04,13.764,5.516,44.399,45.64,27,위험
2026-07-14 04:21:35,ROBOT_02,57.28,10.702,2.19,47.203,35.77,20,정상
2026-07-14 04:21:35,ROBOT_03,58.07,9.403,2.315,47.715,37.46,32,정상
2026-07-14 04:21:35,ROBOT_04,52.95,9.868,1.455,47.8,34.89,13,정상
2026-07-14 05:14:36,ROBOT_01,68.29,14.358,5.152,45.317,49.1,27,위험
2026-07-14 05:14:36,ROBOT_02,52.05,8.897,1.495,47.964,34.26,20,정상
2026-07-14 05:14:36,ROBOT_03,51.75,10.997,1.804,47.807,33.25,32,정상
2026-07-14 05:14:36,ROBOT_04,54.47,8.496,1.959,47.771,37.11,13,정상
2026-07-14 06:07:37,ROBOT_01,66.51,13.634,5.328,44.683,47.46,27,위험
2026-07-14 06:07:37,ROBOT_02,52.15,10.252,2.054,47.528,32.49,20,정상
2026-07-14 06:07:37,ROBOT_03,51.53,9.875,2.159,47.406,38.59,32,정상
2026-07-14 06:07:37,ROBOT_04,54.91,8.064,2.2,47.154,35.97,13,정상
2026-07-14 07:00:38,ROBOT_01,67.94,13.391,5.351,45.416,48.91,27,위험
2026-07-14 07:00:38,ROBOT_02,50.09,9.954,1.852,47.399,33.27,20,정상
2026-07-14 07:00:38,ROBOT_03,53.92,9.54,2.126,47.653,36.91,32,정상
2026-07-14 07:00:38,ROBOT_04,54.16,8.799,2.329,48.104,36.47,13,정상
2026-07-14 07:53:38,ROBOT_01,67.59,14.44,5.282,44.865,48.01,27,위험
2026-07-14 07:53:38,ROBOT_02,51.89,9.939,2.015,46.354,35.67,20,정상
2026-07-14 07:53:38,ROBOT_03,51.87,9.156,2.421,47.998,37.02,32,정상
2026-07-14 07:53:38,ROBOT_04,54.37,9.452,2.122,47.846,34.89,13,정상
2026-07-14 08:46:39,ROBOT_01,64.75,13.68,5.146,44.321,50.82,27,위험
2026-07-14 08:46:39,ROBOT_02,52.59,9.929,2.303,47.881,34.81,20,정상
2026-07-14 08:46:39,ROBOT_03,51.46,9.149,1.923,47.52,32.83,32,정상
2026-07-14 08:46:39,ROBOT_04,50.15,8.264,1.68,48.067,32.41,13,정상
2026-07-14 09:39:40,ROBOT_01,68.43,13.547,5.672,45.029,48.17,27,주의
2026-07-14 09:39:40,ROBOT_02,51.73,9.23,1.704,47.478,36.09,20,정상
2026-07-14 09:39:40,ROBOT_03,52.29,8.995,2.366,47.893,32.61,32,정상
2026-07-14 09:39:40,ROBOT_04,47.63,8.258,1.55,48.466,32.29,13,정상
2026-07-14 10:32:41,ROBOT_01,67.14,15.396,5.466,45.623,48.01,27,위험
2026-07-14 10:32:41,ROBOT_02,50.66,9.434,2.144,47.758,35.55,20,정상
2026-07-14 10:32:41,ROBOT_03,51.06,8.789,2.442,47.928,32.61,32,정상
2026-07-14 10:32:41,ROBOT_04,53.2,9.384,1.953,47.657,32.36,13,정상
2026-07-14 11:25:42,ROBOT_01,72.32,16.505,6.202,44.274,52.18,27,위험
2026-07-14 11:25:42,ROBOT_02,52.94,10.278,1.957,46.636,39.14,20,정상
2026-07-14 11:25:42,ROBOT_03,55.99,11.002,2.669,47.41,37.49,32,정상
2026-07-14 11:25:42,ROBOT_04,46.74,8.665,2.157,46.806,35.74,13,정상
2026-07-14 12:18:42,ROBOT_01,68.14,14.765,5.64,45.387,46.09,27,위험
2026-07-14 12:18:42,ROBOT_02,50.36,9.56,2.397,47.337,34.6,20,정상
2026-07-14 12:18:42,ROBOT_03,56.03,10.1,2.588,46.829,36.86,32,정상
2026-07-14 12:18:42,ROBOT_04,53.44,9.46,1.923,46.612,39.68,13,정상
2026-07-14 13:11:43,ROBOT_01,67.68,13.435,5.221,45.894,44.93,27,위험
2026-07-14 13:11:43,ROBOT_02,52.65,9.502,2.11,47.889,39.29,20,정상
2026-07-14 13:11:43,ROBOT_03,53.81,10.91,2.186,47.329,35.28,32,정상
2026-07-14 13:11:43,ROBOT_04,50.67,7.289,1.806,47.344,31.19,13,정상
2026-07-14 14:04:44,ROBOT_01,72.41,14.948,5.287,44.755,48.3,27,주의
2026-07-14 14:04:44,ROBOT_02,51.7,10.212,2.143,47.015,35.78,20,정상
2026-07-14 14:04:44,ROBOT_03,55.43,9.436,2.532,47.233,37.24,32,정상
2026-07-14 14:04:44,ROBOT_04,54.48,10.684,1.98,47.267,33.67,13,정상
2026-07-14 14:57:45,ROBOT_01,67.96,13.978,4.746,44.334,46,27,위험
2026-07-14 14:57:45,ROBOT_02,52.16,9.367,2.28,47.297,36.56,20,정상
2026-07-14 14:57:45,ROBOT_03,56.34,9.473,2.24,47.348,36.54,32,정상
2026-07-14 14:57:45,ROBOT_04,57.69,9.743,2.625,46.992,37.32,13,정상
2026-07-14 15:50:46,ROBOT_01,71.3,13.108,5.676,44.925,49.64,27,위험
2026-07-14 15:50:46,ROBOT_02,58.77,10.926,2.656,47.174,34.31,20,정상
2026-07-14 15:50:46,ROBOT_03,56.75,10.955,2.32,46.765,38.85,32,정상
2026-07-14 15:50:46,ROBOT_04,59.45,11.134,2.127,46.865,37.7,13,정상
2026-07-14 16:43:46,ROBOT_01,71.29,14.018,5.472,45.338,51.58,27,주의
2026-07-14 16:43:46,ROBOT_02,49.96,10.243,2.187,46.681,38.98,20,정상
2026-07-14 16:43:46,ROBOT_03,56.97,11.003,2.568,46.752,36.92,32,정상
2026-07-14 16:43:46,ROBOT_04,51.33,9.68,2.05,47.667,35.22,13,정상
2026-07-14 17:36:47,ROBOT_01,68.09,14.987,5.487,44.416,47.57,27,위험
2026-07-14 17:36:47,ROBOT_02,51.45,9.277,2.126,47.128,35.92,20,정상
2026-07-14 17:36:47,ROBOT_03,55.02,10.739,2.525,47.558,38.56,32,정상
2026-07-14 17:36:47,ROBOT_04,55.69,10.029,1.618,47.106,40.08,13,정상
2026-07-14 18:29:48,ROBOT_01,66.81,14.482,5.24,45.599,50.81,27,위험
2026-07-14 18:29:48,ROBOT_02,57.1,10.091,1.979,46.918,37.55,20,정상
2026-07-14 18:29:48,ROBOT_03,58.32,11.52,1.936,46.69,41.83,32,주의
2026-07-14 18:29:48,ROBOT_04,56.31,9.696,2.435,47.026,33.5,13,정상
2026-07-14 19:22:49,ROBOT_01,70.98,14.429,5.191,45.829,46.85,27,주의
2026-07-14 19:22:49,ROBOT_02,56.57,10.885,2.62,47.302,33.83,20,정상
2026-07-14 19:22:49,ROBOT_03,60.83,11.804,2.412,47.586,39.37,32,정상
2026-07-14 19:22:49,ROBOT_04,53.19,10.304,1.625,46.655,38.45,13,정상
2026-07-14 20:15:49,ROBOT_01,72.56,15.038,4.841,45.223,49.87,27,주의
2026-07-14 20:15:49,ROBOT_02,50.84,9.712,2.243,46.927,36.37,20,정상
2026-07-14 20:15:49,ROBOT_03,57.05,11.302,2.307,47.505,35.73,32,정상
2026-07-14 20:15:49,ROBOT_04,56.59,8.267,1.926,46.927,36.82,13,정상
2026-07-14 21:08:50,ROBOT_01,69,15.161,4.51,45.198,48.48,27,주의
2026-07-14 21:08:50,ROBOT_02,57.3,10.532,2.417,47.313,35.65,20,정상
2026-07-14 21:08:50,ROBOT_03,55.98,10.355,2.278,47.688,35.07,32,정상
2026-07-14 21:08:50,ROBOT_04,51.02,9.607,2.312,46.374,38.47,13,정상
2026-07-14 22:01:51,ROBOT_01,69.76,15.64,4.858,44.382,47.67,27,위험
2026-07-14 22:01:51,ROBOT_02,58.6,10.367,2.43,47.214,40.91,20,정상
2026-07-14 22:01:51,ROBOT_03,58.74,10.352,2.659,47.316,41.96,32,정상
2026-07-14 22:01:51,ROBOT_04,55.92,10.458,1.985,47.311,35.4,13,정상
2026-07-14 22:54:52,ROBOT_01,68.51,15.188,5.133,45.347,47.3,27,위험
2026-07-14 22:54:52,ROBOT_02,59.21,10.909,2.497,47.171,36.29,20,정상
2026-07-14 22:54:52,ROBOT_03,56.4,10.554,2.805,46.874,38.8,32,정상
2026-07-14 22:54:52,ROBOT_04,59.09,8.74,2.2,46.879,36.93,13,정상
2026-07-14 23:47:53,ROBOT_01,66.79,15.255,4.955,45.542,46.38,27,위험
2026-07-14 23:47:53,ROBOT_02,57.21,10.004,2.21,46.693,36.67,20,정상
2026-07-14 23:47:53,ROBOT_03,58.63,11.652,3.065,47.989,37.97,32,정상
2026-07-14 23:47:53,ROBOT_04,53.22,9.17,1.97,46.657,35.72,13,정상
2026-07-15 00:40:53,ROBOT_01,63.52,13.648,4.519,46.089,46.48,28,주의
2026-07-15 00:40:53,ROBOT_02,51.08,10.339,2.02,47.64,37.5,21,정상
2026-07-15 00:40:53,ROBOT_03,59.35,11.634,2.327,47.712,37.4,33,정상
2026-07-15 00:40:53,ROBOT_04,49.55,9.666,1.443,47.735,36.21,14,정상
2026-07-15 01:33:54,ROBOT_01,66.72,12.243,4.543,45.243,44.34,28,위험
2026-07-15 01:33:54,ROBOT_02,48.66,9.664,2.914,47.549,34.43,21,정상
2026-07-15 01:33:54,ROBOT_03,53.16,10.939,2.451,47.061,32.81,33,정상
2026-07-15 01:33:54,ROBOT_04,51.78,8.721,1.922,47.646,35.04,14,정상
2026-07-15 02:26:55,ROBOT_01,69.47,13.183,5.137,46.047,47.7,28,위험
2026-07-15 02:26:55,ROBOT_02,50.57,9.611,2.175,47.683,32.09,21,정상
2026-07-15 02:26:55,ROBOT_03,49.4,9.998,1.727,47.556,35.39,33,정상
2026-07-15 02:26:55,ROBOT_04,51.02,8.411,1.736,47.476,33.13,14,정상
2026-07-15 03:19:56,ROBOT_01,67.36,12.12,4.416,45.982,43.39,28,주의
2026-07-15 03:19:56,ROBOT_02,48.69,8.507,1.973,47.1,36.36,21,정상
2026-07-15 03:19:56,ROBOT_03,52.83,9.937,1.898,47.898,35.93,33,정상
2026-07-15 03:19:56,ROBOT_04,54.36,7.665,1.882,47.401,34.02,14,정상
2026-07-15 04:12:57,ROBOT_01,69.84,14.554,4.449,45.607,42.83,28,주의
2026-07-15 04:12:57,ROBOT_02,48.58,8.491,2.176,48.164,31.79,21,정상
2026-07-15 04:12:57,ROBOT_03,49.73,9.847,2.003,47.84,37.62,33,정상
2026-07-15 04:12:57,ROBOT_04,51.62,11.061,2.14,47.173,33.6,14,정상
2026-07-15 05:05:57,ROBOT_01,63.84,13.211,4.962,46.22,42.91,28,주의
2026-07-15 05:05:57,ROBOT_02,54.33,10.003,2.175,47.22,37.62,21,정상
2026-07-15 05:05:57,ROBOT_03,51.81,9.171,2.408,47.406,40.37,33,정상
2026-07-15 05:05:57,ROBOT_04,46.88,8.956,2.044,47.462,32.94,14,정상
2026-07-15 05:58:58,ROBOT_01,64.36,11.793,4.089,45.681,43.31,28,주의
2026-07-15 05:58:58,ROBOT_02,52.68,8.906,1.803,47.462,37.33,21,정상
2026-07-15 05:58:58,ROBOT_03,52.7,9.194,2.19,47.796,35.51,33,정상
2026-07-15 05:58:58,ROBOT_04,48.86,8.058,1.568,47.584,34.71,14,정상
2026-07-15 06:51:59,ROBOT_01,69.74,13.408,4.871,46.08,43.59,28,주의
2026-07-15 06:51:59,ROBOT_02,52.15,9.347,2.26,48.039,34.66,21,정상
2026-07-15 06:51:59,ROBOT_03,52.42,11.002,1.88,48.135,39.43,33,정상
2026-07-15 06:51:59,ROBOT_04,51.31,8.322,1.988,47.991,31.23,14,정상
2026-07-15 07:45:00,ROBOT_01,64.67,11.409,4.52,46.515,42.32,28,주의
2026-07-15 07:45:00,ROBOT_02,52.68,9.499,1.871,47.53,30.63,21,정상
2026-07-15 07:45:00,ROBOT_03,56.57,10.724,2.294,47.09,34.74,33,정상
2026-07-15 07:45:00,ROBOT_04,50.01,8.985,1.056,47.475,37.1,14,정상
2026-07-15 08:38:01,ROBOT_01,64.8,13.468,4.419,45.96,40.89,28,주의
2026-07-15 08:38:01,ROBOT_02,49.54,8.467,2.02,46.838,34.08,21,정상
2026-07-15 08:38:01,ROBOT_03,53.33,10.343,2.785,47.409,35.38,33,정상
2026-07-15 08:38:01,ROBOT_04,51.66,9.359,2.373,47.123,35.97,14,정상
2026-07-15 09:31:01,ROBOT_01,58.7,11.607,4.256,45.605,38.88,28,주의
2026-07-15 09:31:01,ROBOT_02,51.69,9.544,2.614,47.196,35.5,21,정상
2026-07-15 09:31:01,ROBOT_03,52.73,9.292,2.488,47.48,37.06,33,정상
2026-07-15 09:31:01,ROBOT_04,49.54,9.574,2.007,47.614,35.35,14,정상
2026-07-15 10:24:02,ROBOT_01,67.11,14.241,4.665,45.195,46.67,28,위험
2026-07-15 10:24:02,ROBOT_02,52.26,11.2,2.807,47.949,37.92,21,정상
2026-07-15 10:24:02,ROBOT_03,50.58,9.691,1.559,47.636,32.22,33,정상
2026-07-15 10:24:02,ROBOT_04,55.9,8.62,1.747,48.133,36.16,14,정상
2026-07-15 11:17:03,ROBOT_01,63.87,13.217,4.36,46.383,43.66,28,주의
2026-07-15 11:17:03,ROBOT_02,53.01,9.202,2.078,47.443,35.37,21,정상
2026-07-15 11:17:03,ROBOT_03,49.27,10.469,2.158,47.596,36.77,33,정상
2026-07-15 11:17:03,ROBOT_04,52.57,8.68,1.955,47.59,34.85,14,정상
2026-07-15 12:10:04,ROBOT_01,66.06,14.084,3.862,45.749,47.5,28,주의
2026-07-15 12:10:04,ROBOT_02,55.62,9.81,2.365,47.679,32.53,21,정상
2026-07-15 12:10:04,ROBOT_03,53.56,9.501,1.987,48.082,35.57,33,정상
2026-07-15 12:10:04,ROBOT_04,52.49,8.17,2.315,48.383,34.29,14,정상
2026-07-15 13:03:05,ROBOT_01,62.28,13.199,3.918,45.766,47.29,28,주의
2026-07-15 13:03:05,ROBOT_02,56.57,9.632,1.981,47.946,36.51,21,정상
2026-07-15 13:03:05,ROBOT_03,57.74,12.47,2.577,46.651,37.82,33,정상
2026-07-15 13:03:05,ROBOT_04,55.41,10.035,2.198,47.101,35.23,14,정상
2026-07-15 13:56:05,ROBOT_01,60.69,12.506,3.978,46.161,44.18,28,주의
2026-07-15 13:56:05,ROBOT_02,55.89,10.388,2.125,46.701,36.76,21,정상
2026-07-15 13:56:05,ROBOT_03,54.46,10.857,2.355,47.794,37.3,33,정상
2026-07-15 13:56:05,ROBOT_04,55.13,8.034,1.963,46.581,36.94,14,정상
2026-07-15 14:49:06,ROBOT_01,66.16,12.123,3.798,45.393,44,28,주의
2026-07-15 14:49:06,ROBOT_02,56.95,10.681,2.521,47.36,39.61,21,정상
2026-07-15 14:49:06,ROBOT_03,52.55,9.662,2.572,47.064,37.66,33,정상
2026-07-15 14:49:06,ROBOT_04,54.59,10.866,2.208,46.604,39.09,14,정상
2026-07-15 15:42:07,ROBOT_01,62.5,13.235,3.54,46.181,42.86,28,정상
2026-07-15 15:42:07,ROBOT_02,58.54,10.33,2.627,46.944,38.83,21,정상
2026-07-15 15:42:07,ROBOT_03,61.19,11.108,2.476,47.424,41.63,33,정상
2026-07-15 15:42:07,ROBOT_04,52.51,9.982,1.666,47.039,36.53,14,정상
2026-07-15 16:35:08,ROBOT_01,66.35,12.979,4.03,45.821,46.23,28,주의
2026-07-15 16:35:08,ROBOT_02,55.41,9.796,2.29,46.894,36.94,21,정상
2026-07-15 16:35:08,ROBOT_03,54.31,9.283,2.848,47.977,34.79,33,정상
2026-07-15 16:35:08,ROBOT_04,52.36,10.525,2.197,47.558,34.17,14,정상
2026-07-15 17:28:08,ROBOT_01,59.99,11.598,3.672,46.323,42.99,28,주의
2026-07-15 17:28:08,ROBOT_02,59.92,10.666,2.667,47.216,40.42,21,정상
2026-07-15 17:28:08,ROBOT_03,59.26,11.423,2.2,46.341,38.66,33,주의
2026-07-15 17:28:08,ROBOT_04,56.36,9.075,1.746,47.252,36.75,14,정상
2026-07-15 18:21:09,ROBOT_01,67.08,13.167,4.421,45.029,45.05,28,주의
2026-07-15 18:21:09,ROBOT_02,57.52,11.379,2.463,47.345,37.04,21,정상
2026-07-15 18:21:09,ROBOT_03,54.32,10.747,2.535,46.882,38.55,33,정상
2026-07-15 18:21:09,ROBOT_04,56.76,9.851,2.378,47.428,38.07,14,정상
2026-07-15 19:14:10,ROBOT_01,65.62,13.517,3.329,45.532,43.82,28,주의
2026-07-15 19:14:10,ROBOT_02,57.01,10.644,2.198,46.759,39.91,21,주의
2026-07-15 19:14:10,ROBOT_03,59.59,11.957,2.497,46.545,38.28,33,정상
2026-07-15 19:14:10,ROBOT_04,50.97,10.075,2.065,47.226,34.4,14,정상
2026-07-15 20:07:11,ROBOT_01,61.8,11.781,3.864,46.477,42.79,28,주의
2026-07-15 20:07:11,ROBOT_02,59.02,11.167,2.197,47.373,38.63,21,정상
2026-07-15 20:07:11,ROBOT_03,52.14,11.091,2.891,47.879,38.04,33,정상
2026-07-15 20:07:11,ROBOT_04,55.75,9.847,2.628,47.057,34.92,14,정상
2026-07-15 21:00:12,ROBOT_01,58.83,12.268,4.171,45.694,41.85,28,주의
2026-07-15 21:00:12,ROBOT_02,55.96,10.047,2.239,46.674,38.13,21,정상
2026-07-15 21:00:12,ROBOT_03,58.77,9.571,2.661,47.15,40.61,33,정상
2026-07-15 21:00:12,ROBOT_04,53.26,9.466,2.219,47.509,38.33,14,정상
2026-07-15 21:53:12,ROBOT_01,65.06,13.411,3.39,45.917,44.09,28,주의
2026-07-15 21:53:12,ROBOT_02,55.98,9.778,2.483,46.65,38.36,21,정상
2026-07-15 21:53:12,ROBOT_03,57.57,11.11,2.716,47.121,36.18,33,정상
2026-07-15 21:53:12,ROBOT_04,55.66,10.16,1.891,47.173,34.93,14,정상
2026-07-15 22:46:13,ROBOT_01,60.69,13.016,3.349,47.043,39.82,28,정상
2026-07-15 22:46:13,ROBOT_02,58.02,10.09,2.435,47.067,34.73,21,정상
2026-07-15 22:46:13,ROBOT_03,56.91,9.423,1.843,46.801,40.53,33,정상
2026-07-15 22:46:13,ROBOT_04,56.7,8.941,2.336,47.796,33.46,14,정상
2026-07-15 23:39:14,ROBOT_01,61.05,12.557,3.556,46.26,41.06,28,주의
2026-07-15 23:39:14,ROBOT_02,56.06,9.274,2.197,47.538,38.94,21,정상
2026-07-15 23:39:14,ROBOT_03,56.24,9.786,2.497,47.271,37,33,정상
2026-07-15 23:39:14,ROBOT_04,55.06,10.04,2.79,47.482,35.81,14,정상
2026-07-16 00:32:15,ROBOT_01,60.47,12.049,3.175,46,41.62,29,주의
2026-07-16 00:32:15,ROBOT_02,52.44,8.741,2.822,46.895,34.96,22,정상
2026-07-16 00:32:15,ROBOT_03,58.14,10.584,2.609,46.777,36.71,34,정상
2026-07-16 00:32:15,ROBOT_04,49.68,7.501,1.642,47.145,35.67,15,정상
2026-07-16 01:25:16,ROBOT_01,58.08,12.085,3.848,46.492,42.01,29,정상
2026-07-16 01:25:16,ROBOT_02,57.48,10.01,2.622,47.141,38.35,22,정상
2026-07-16 01:25:16,ROBOT_03,54.63,9.749,2.622,47.286,34.22,34,정상
2026-07-16 01:25:16,ROBOT_04,53.89,9.116,1.883,47.572,37.92,15,정상
2026-07-16 02:18:16,ROBOT_01,53.18,11.123,3.401,47.488,39.92,29,정상
2026-07-16 02:18:16,ROBOT_02,56.28,10.04,1.763,47.068,37.78,22,정상
2026-07-16 02:18:16,ROBOT_03,53.99,9.841,2.669,47.99,36.37,34,정상
2026-07-16 02:18:16,ROBOT_04,55.45,9.93,1.886,47.209,35.05,15,정상
2026-07-16 03:11:17,ROBOT_01,63.12,12.431,3.116,46.607,40.27,29,주의
2026-07-16 03:11:17,ROBOT_02,59.16,11.131,2.768,46.695,37.53,22,정상
2026-07-16 03:11:17,ROBOT_03,60.09,9.138,2.51,48.152,35.69,34,정상
2026-07-16 03:11:17,ROBOT_04,51.92,9.381,2.184,47.339,36.83,15,정상
2026-07-16 04:04:18,ROBOT_01,61.26,10.625,3.572,47.315,38.48,29,주의
2026-07-16 04:04:18,ROBOT_02,51.34,8.839,2.429,47.744,36.2,22,정상
2026-07-16 04:04:18,ROBOT_03,50.82,9.859,2.508,47.232,35.44,34,정상
2026-07-16 04:04:18,ROBOT_04,52.31,10.155,1.735,47.096,34.13,15,정상
2026-07-16 04:57:19,ROBOT_01,58.89,11.25,3.567,46.466,37.38,29,정상
2026-07-16 04:57:19,ROBOT_02,50.34,10.069,2.143,47.352,38.29,22,정상
2026-07-16 04:57:19,ROBOT_03,54.96,10.544,2.082,47.841,37.19,34,정상
2026-07-16 04:57:19,ROBOT_04,49.46,8.678,2.021,47.314,34.19,15,정상
2026-07-16 05:50:20,ROBOT_01,60.14,10.525,3.242,47.144,41.09,29,정상
2026-07-16 05:50:20,ROBOT_02,53.26,10.341,2.349,47.211,36.59,22,정상
2026-07-16 05:50:20,ROBOT_03,55.19,10.521,2.238,47.818,37.31,34,정상
2026-07-16 05:50:20,ROBOT_04,52.05,7.832,1.731,46.899,34.13,15,정상
2026-07-16 06:43:20,ROBOT_01,58.27,11.36,3.457,47.013,37.92,29,정상
2026-07-16 06:43:20,ROBOT_02,53.38,9.813,2.088,48.014,34.31,22,정상
2026-07-16 06:43:20,ROBOT_03,52.34,9.928,2.553,47.733,34.78,34,정상
2026-07-16 06:43:20,ROBOT_04,47.96,7.981,1.601,47.184,35.37,15,정상
2026-07-16 07:36:21,ROBOT_01,59.9,9.958,3.03,47.215,37.24,29,정상
2026-07-16 07:36:21,ROBOT_02,52.11,9.647,2.146,47.219,36.27,22,정상
2026-07-16 07:36:21,ROBOT_03,51.7,9.743,2.242,48.037,34.77,34,정상
2026-07-16 07:36:21,ROBOT_04,46.45,8.586,1.975,48.046,35.53,15,정상
2026-07-16 08:29:22,ROBOT_01,54.81,11.646,2.941,47.183,37.03,29,정상
2026-07-16 08:29:22,ROBOT_02,55.51,10.055,2.71,47.192,35.44,22,정상
2026-07-16 08:29:22,ROBOT_03,50.43,8.861,2.782,47.015,34.09,34,정상
2026-07-16 08:29:22,ROBOT_04,53.96,9.535,2.235,46.898,32.54,15,정상
2026-07-16 09:22:23,ROBOT_01,55.85,10.573,3.376,47.056,38.59,29,정상
2026-07-16 09:22:23,ROBOT_02,53.25,9.149,1.777,48.124,35.3,22,정상
2026-07-16 09:22:23,ROBOT_03,53.43,10.326,2.198,47.197,37.88,34,정상
2026-07-16 09:22:23,ROBOT_04,53.55,8.875,2.199,46.827,36.11,15,정상
2026-07-16 10:15:24,ROBOT_01,57.86,10.913,3.093,46.732,36.88,29,정상
2026-07-16 10:15:24,ROBOT_02,52.73,8.594,2.361,47.796,37.85,22,정상
2026-07-16 10:15:24,ROBOT_03,54.94,10.507,2.327,46.85,35.82,34,정상
2026-07-16 10:15:24,ROBOT_04,55.65,10.589,1.766,47.876,33.32,15,정상
2026-07-16 11:08:24,ROBOT_01,58.52,11.544,3.024,46.629,41.81,29,정상
2026-07-16 11:08:24,ROBOT_02,52.38,8.512,2.322,48.049,40.35,22,정상
2026-07-16 11:08:24,ROBOT_03,52.08,10.865,2.486,47.82,37.83,34,정상
2026-07-16 11:08:24,ROBOT_04,50.72,7.997,2.314,47.068,31.04,15,정상
2026-07-16 12:01:25,ROBOT_01,58.58,10.692,2.79,47.497,39.81,29,정상
2026-07-16 12:01:25,ROBOT_02,50.94,10.746,1.733,46.314,35.6,22,정상
2026-07-16 12:01:25,ROBOT_03,54.71,9.614,1.732,46.951,36.16,34,정상
2026-07-16 12:01:25,ROBOT_04,55.24,9.048,1.782,46.91,38.2,15,정상
2026-07-16 12:54:26,ROBOT_01,59.14,11.948,3.279,46.544,41.74,29,정상
2026-07-16 12:54:26,ROBOT_02,53.08,9.34,2.075,46.693,33.25,22,정상
2026-07-16 12:54:26,ROBOT_03,55.67,11.186,2.598,47.409,42.03,34,정상
2026-07-16 12:54:26,ROBOT_04,55.33,9.255,1.791,46.667,39.14,15,정상
2026-07-16 13:47:27,ROBOT_01,60.86,10.799,3.001,47.076,41.46,29,정상
2026-07-16 13:47:27,ROBOT_02,54.26,9.256,2.325,47.025,38.56,22,정상
2026-07-16 13:47:27,ROBOT_03,59.3,10.944,2.356,46.62,38.92,34,정상
2026-07-16 13:47:27,ROBOT_04,50.95,9.762,1.843,47.43,35.28,15,정상
2026-07-16 14:40:27,ROBOT_01,57.31,11.183,2.802,47.184,38.47,29,정상
2026-07-16 14:40:27,ROBOT_02,56,9.851,2.672,46.759,35.22,22,정상
2026-07-16 14:40:27,ROBOT_03,55.68,10.266,2.639,47.096,39.59,34,정상
2026-07-16 14:40:27,ROBOT_04,56.68,10.113,2.371,46.89,37.58,15,정상
2026-07-16 15:33:28,ROBOT_01,58.47,11.793,3.086,46.855,36.62,29,주의
2026-07-16 15:33:28,ROBOT_02,54.19,9.356,1.872,47.155,37.23,22,정상
2026-07-16 15:33:28,ROBOT_03,58.96,10.985,3.051,47.603,36.03,34,정상
2026-07-16 15:33:28,ROBOT_04,58.36,10.464,2.009,47.155,37.5,15,정상
2026-07-16 16:26:29,ROBOT_01,62.74,12.352,2.752,46.412,40.15,29,정상
2026-07-16 16:26:29,ROBOT_02,56.42,11.181,1.909,47.084,37.13,22,정상
2026-07-16 16:26:29,ROBOT_03,53.93,10.012,3.133,47.089,37.15,34,정상
2026-07-16 16:26:29,ROBOT_04,52.54,9.386,1.915,46.835,36.28,15,정상
2026-07-16 17:19:30,ROBOT_01,60,11.245,3.448,46.582,41.63,29,주의
2026-07-16 17:19:30,ROBOT_02,55.65,10.026,2.443,46.974,38.98,22,정상
2026-07-16 17:19:30,ROBOT_03,54.31,9.98,2.303,47.615,38.11,34,정상
2026-07-16 17:19:30,ROBOT_04,55.48,10.084,1.88,47.683,38.68,15,정상
2026-07-16 18:12:31,ROBOT_01,61.44,10.891,2.444,47.348,38.24,29,정상
2026-07-16 18:12:31,ROBOT_02,57.2,10.607,2.184,46.341,38.24,22,정상
2026-07-16 18:12:31,ROBOT_03,57.5,11.416,2.977,46.46,35.82,34,정상
2026-07-16 18:12:31,ROBOT_04,57.86,9.509,2.441,46.803,40.63,15,정상
2026-07-16 19:05:31,ROBOT_01,63.6,11.89,2.782,45.768,37.95,29,정상
2026-07-16 19:05:31,ROBOT_02,54.28,10.19,2.384,47.801,33.87,22,정상
2026-07-16 19:05:31,ROBOT_03,58.4,11.065,2.314,46.735,41.49,34,정상
2026-07-16 19:05:31,ROBOT_04,53.93,9.577,1.501,46.939,35.8,15,정상
2026-07-16 19:58:32,ROBOT_01,54.06,9.782,2.509,47.057,40.33,29,정상
2026-07-16 19:58:32,ROBOT_02,57.12,11.453,2.366,46.151,41.61,22,주의
2026-07-16 19:58:32,ROBOT_03,58.73,10.258,2.791,46.573,38.37,34,정상
2026-07-16 19:58:32,ROBOT_04,56.76,10.329,1.688,47.313,37.53,15,정상
2026-07-16 20:51:33,ROBOT_01,61.9,12.348,2.651,46.232,39.76,29,주의
2026-07-16 20:51:33,ROBOT_02,53.86,10.218,2.101,46.572,36.85,22,정상
2026-07-16 20:51:33,ROBOT_03,53.95,10.434,3.183,47.231,40.33,34,정상
2026-07-16 20:51:33,ROBOT_04,58.31,9.872,2.346,47.61,38.82,15,정상
2026-07-16 21:44:34,ROBOT_01,56.32,10.956,2.749,47.076,40.57,29,정상
2026-07-16 21:44:34,ROBOT_02,50.32,10.564,2.173,47.281,35.9,22,정상
2026-07-16 21:44:34,ROBOT_03,54.71,10.732,2.399,46.917,39.05,34,정상
2026-07-16 21:44:34,ROBOT_04,54.78,9.98,1.736,47.352,36.55,15,정상
2026-07-16 22:37:35,ROBOT_01,57.04,10.738,2.617,46.738,35.22,29,정상
2026-07-16 22:37:35,ROBOT_02,55.48,10.893,2.192,46.89,36.64,22,정상
2026-07-16 22:37:35,ROBOT_03,52.69,10.548,2.318,47.651,37.04,34,정상
2026-07-16 22:37:35,ROBOT_04,56.55,10.601,1.906,46.911,33.6,15,정상
2026-07-16 23:30:35,ROBOT_01,54.69,10.642,2.684,46.765,40.18,29,정상
2026-07-16 23:30:35,ROBOT_02,57.9,9.747,1.962,46.598,37.5,22,정상
2026-07-16 23:30:35,ROBOT_03,55.77,10.45,2.369,46.877,36.39,34,정상
2026-07-16 23:30:35,ROBOT_04,53.3,8.98,2.298,47.364,37.19,15,정상
2026-07-17 00:23:36,ROBOT_01,59.3,10.336,3.032,46.899,39.21,30,주의
2026-07-17 00:23:36,ROBOT_02,54.02,10.196,2.514,47.567,35.92,23,정상
2026-07-17 00:23:36,ROBOT_03,53.8,9.663,2.327,47.398,35.83,35,정상
2026-07-17 00:23:36,ROBOT_04,51.09,9.729,1.816,47.849,36.52,16,정상
2026-07-17 01:16:37,ROBOT_01,57.51,10.814,2.78,48.099,39.7,30,정상
2026-07-17 01:16:37,ROBOT_02,54.31,9.944,2.235,46.861,34.38,23,정상
2026-07-17 01:16:37,ROBOT_03,52.62,10.662,2.674,47.21,36,35,정상
2026-07-17 01:16:37,ROBOT_04,52.79,9.266,1.932,47.128,37.62,16,정상
2026-07-17 02:09:38,ROBOT_01,55.35,9.974,3.023,47.332,35.55,30,정상
2026-07-17 02:09:38,ROBOT_02,61.88,12.726,4.244,46.089,45.4,23,주의
2026-07-17 02:09:38,ROBOT_03,51.85,9.989,2.438,47.696,35.57,35,정상
2026-07-17 02:09:38,ROBOT_04,49.85,8.481,1.708,47.627,33.3,16,정상
2026-07-17 03:02:39,ROBOT_01,55,10.085,2.836,46.733,37.6,30,정상
2026-07-17 03:02:39,ROBOT_02,56.08,8.962,1.962,47.366,33.9,23,정상
2026-07-17 03:02:39,ROBOT_03,56.51,10.671,2.527,47.409,37.89,35,정상
2026-07-17 03:02:39,ROBOT_04,54.21,9.974,2.113,46.7,36.98,16,정상
2026-07-17 03:55:39,ROBOT_01,53.21,10.2,2.741,47.064,36.71,30,정상
2026-07-17 03:55:39,ROBOT_02,55.95,8.978,2.23,46.934,34.88,23,정상
2026-07-17 03:55:39,ROBOT_03,55.37,10.871,2.637,46.908,34.82,35,정상
2026-07-17 03:55:39,ROBOT_04,52.28,10.842,2.054,46.728,35.18,16,정상
2026-07-17 04:48:40,ROBOT_01,54.53,9.991,2.82,47.528,36.08,30,정상
2026-07-17 04:48:40,ROBOT_02,52.21,10.727,2.437,47.653,35.02,23,정상
2026-07-17 04:48:40,ROBOT_03,47.12,9.084,2.33,47.809,35.38,35,정상
2026-07-17 04:48:40,ROBOT_04,50.53,9.518,1.787,48.387,37.44,16,정상
2026-07-17 05:41:41,ROBOT_01,55.36,11.549,3.219,47.601,36.72,30,주의
2026-07-17 05:41:41,ROBOT_02,56.11,9.361,2.295,46.528,39.48,23,정상
2026-07-17 05:41:41,ROBOT_03,55.09,11.779,2.656,47.239,32.44,35,정상
2026-07-17 05:41:41,ROBOT_04,51.26,8.574,2.234,47.068,34.4,16,정상
2026-07-17 06:34:42,ROBOT_01,50.52,10.702,2.553,47.321,40.1,30,정상
2026-07-17 06:34:42,ROBOT_02,52.48,8.206,2.422,47.962,34.82,23,정상
2026-07-17 06:34:42,ROBOT_03,56.13,9.951,2.226,47.507,36.53,35,정상
2026-07-17 06:34:42,ROBOT_04,53.31,9.058,1.671,47.643,35.86,16,정상
2026-07-17 07:27:43,ROBOT_01,52.47,9.805,2.456,47.192,38.29,30,정상
2026-07-17 07:27:43,ROBOT_02,51.91,10.112,2.415,47.009,36.08,23,정상
2026-07-17 07:27:43,ROBOT_03,50.06,9.84,2.164,47.398,34.7,35,정상
2026-07-17 07:27:43,ROBOT_04,53.42,9.296,2.024,47.022,34.3,16,정상
2026-07-17 08:20:43,ROBOT_01,52.75,8.599,2.536,47.592,35.2,30,정상
2026-07-17 08:20:43,ROBOT_02,49.71,9.795,2.936,48.091,36.58,23,정상
2026-07-17 08:20:43,ROBOT_03,52.34,9.682,2.755,47.071,34.65,35,정상
2026-07-17 08:20:43,ROBOT_04,51.93,10.384,1.883,47.522,34.86,16,정상
2026-07-17 09:13:44,ROBOT_01,56.95,10.569,2.253,46.753,36.9,30,정상
2026-07-17 09:13:44,ROBOT_02,55.41,9.651,1.599,47.631,36.7,23,정상
2026-07-17 09:13:44,ROBOT_03,49.76,10.514,1.952,47.37,37.78,35,정상
2026-07-17 09:13:44,ROBOT_04,51.98,9.345,2.366,47.801,33.24,16,정상
2026-07-17 10:06:45,ROBOT_01,52.26,9.356,2.567,47.889,32.98,30,정상
2026-07-17 10:06:45,ROBOT_02,53.42,9.616,2.1,46.716,38.5,23,정상
2026-07-17 10:06:45,ROBOT_03,55.09,9.753,2.436,47.538,37.18,35,정상
2026-07-17 10:06:45,ROBOT_04,52.44,7.715,2.199,47.814,37.34,16,정상
2026-07-17 10:59:46,ROBOT_01,59.76,9.841,2.801,46.987,37.33,30,정상
2026-07-17 10:59:46,ROBOT_02,50.5,9.36,1.927,47.019,36.08,23,정상
2026-07-17 10:59:46,ROBOT_03,53.66,10.823,2.443,48.171,38.67,35,정상
2026-07-17 10:59:46,ROBOT_04,51.35,9.25,2.173,47.024,35.55,16,정상
2026-07-17 11:52:46,ROBOT_01,55.08,10.989,2.678,47.61,35.71,30,정상
2026-07-17 11:52:46,ROBOT_02,54.24,10.217,2.405,47.845,35.45,23,정상
2026-07-17 11:52:46,ROBOT_03,56.84,9.964,2.203,46.781,36.72,35,정상
2026-07-17 11:52:46,ROBOT_04,54.42,7.901,2.278,46.572,34.94,16,정상
2026-07-17 12:45:47,ROBOT_01,61.23,10.379,2.322,47.787,39.3,30,정상
2026-07-17 12:45:47,ROBOT_02,56.23,10.865,1.926,47.229,36.81,23,정상
2026-07-17 12:45:47,ROBOT_03,53.96,10.276,2.17,47.201,36.63,35,정상
2026-07-17 12:45:47,ROBOT_04,52.98,9.711,1.676,47.464,36.76,16,정상
2026-07-17 13:38:48,ROBOT_01,56.5,11.03,2.219,47.256,37,30,정상
2026-07-17 13:38:48,ROBOT_02,55.94,9.508,2.362,46.952,38.58,23,정상
2026-07-17 13:38:48,ROBOT_03,56.03,11.332,2.5,47.464,39.41,35,주의
2026-07-17 13:38:48,ROBOT_04,59.54,9.67,1.857,47.305,37.78,16,정상
2026-07-17 14:31:49,ROBOT_01,54.56,10.264,2.444,46.784,36.79,30,정상
2026-07-17 14:31:49,ROBOT_02,56.93,10.252,2.692,46.92,40.78,23,정상
2026-07-17 14:31:49,ROBOT_03,54.51,9.78,2.39,47.15,34.93,35,정상
2026-07-17 14:31:49,ROBOT_04,49.65,9.189,2.153,47.381,33.91,16,정상
2026-07-17 15:24:50,ROBOT_01,55.22,10.505,2.403,46.517,40.04,30,정상
2026-07-17 15:24:50,ROBOT_02,52.63,11.348,2.522,46.387,37.51,23,정상
2026-07-17 15:24:50,ROBOT_03,59.79,9.962,2.313,47.319,33.7,35,정상
2026-07-17 15:24:50,ROBOT_04,55.08,10.13,2.007,46.566,36.33,16,정상
2026-07-17 16:17:50,ROBOT_01,60.24,9.982,2.465,46.42,39.24,30,정상
2026-07-17 16:17:50,ROBOT_02,60.01,10.815,1.81,46.936,34.37,23,정상
2026-07-17 16:17:50,ROBOT_03,53.11,11.227,2.784,46.942,36.5,35,주의
2026-07-17 16:17:50,ROBOT_04,54.22,9.351,1.87,47.325,40.73,16,정상
2026-07-17 17:10:51,ROBOT_01,60.67,10.613,2.483,47.277,40.55,30,정상
2026-07-17 17:10:51,ROBOT_02,54.46,10.992,2.127,47.556,37.01,23,정상
2026-07-17 17:10:51,ROBOT_03,67.99,10.891,2.565,47.352,39.06,35,정상
2026-07-17 17:10:51,ROBOT_04,58.06,10.489,1.935,46.534,39.13,16,정상
2026-07-17 18:03:52,ROBOT_01,55.42,11.885,2.481,46.273,39.12,30,정상
2026-07-17 18:03:52,ROBOT_02,53.1,8.066,2.144,46.169,38.25,23,정상
2026-07-17 18:03:52,ROBOT_03,59.06,10.197,2.571,47.188,42.5,35,정상
2026-07-17 18:03:52,ROBOT_04,52.84,9.582,1.661,47.748,36.42,16,정상
2026-07-17 18:56:53,ROBOT_01,61.15,11.738,2.483,47.026,40.29,30,정상
2026-07-17 18:56:53,ROBOT_02,55.22,11.191,2.961,46.604,41.46,23,주의
2026-07-17 18:56:53,ROBOT_03,60.57,10.691,2.543,47.035,38.02,35,정상
2026-07-17 18:56:53,ROBOT_04,57.37,9.919,2.575,46.798,34.2,16,정상
2026-07-17 19:49:54,ROBOT_01,56.31,10.291,2.609,47.138,38.95,30,정상
2026-07-17 19:49:54,ROBOT_02,55.42,9.873,2.291,46.407,37.16,23,정상
2026-07-17 19:49:54,ROBOT_03,59.26,11.025,2.557,47.533,40.34,35,정상
2026-07-17 19:49:54,ROBOT_04,53.37,8.138,2.587,46.955,33.28,16,정상
2026-07-17 20:42:54,ROBOT_01,63.79,9.386,2.56,47.139,38.34,30,정상
2026-07-17 20:42:54,ROBOT_02,58.44,8.851,2.806,47.456,38.18,23,정상
2026-07-17 20:42:54,ROBOT_03,64.83,12.078,2.308,46.827,39.01,35,정상
2026-07-17 20:42:54,ROBOT_04,62.74,9.976,1.613,46.8,40,16,정상
2026-07-17 21:35:55,ROBOT_01,54.18,10.901,3.136,47.649,40.81,30,정상
2026-07-17 21:35:55,ROBOT_02,55.06,11.504,2.581,47.117,38.96,23,정상
2026-07-17 21:35:55,ROBOT_03,55.63,10.342,2.288,47.459,36.26,35,정상
2026-07-17 21:35:55,ROBOT_04,62.57,11.427,3.426,45.957,42.58,16,주의
2026-07-17 22:28:56,ROBOT_01,56.28,9.484,2.395,46.582,37.26,30,정상
2026-07-17 22:28:56,ROBOT_02,56.61,9.646,2.454,47.709,36.15,23,정상
2026-07-17 22:28:56,ROBOT_03,57.62,11.077,2.088,48.043,35.37,35,정상
2026-07-17 22:28:56,ROBOT_04,50.64,9.677,1.958,47.765,35.33,16,정상
2026-07-17 23:21:57,ROBOT_01,52.96,11.531,3.08,46.828,38.48,30,정상
2026-07-17 23:21:57,ROBOT_02,53.03,9.611,1.734,46.049,37.48,23,정상
2026-07-17 23:21:57,ROBOT_03,55.72,10.311,2.574,46.963,39.78,35,주의
2026-07-17 23:21:57,ROBOT_04,54.93,9.158,2.004,47.219,34.72,16,정상
2026-07-18 00:14:58,ROBOT_01,58.38,10.349,2.276,47.248,36.01,31,정상
2026-07-18 00:14:58,ROBOT_02,57.12,8.761,1.996,47.219,34.33,24,정상
2026-07-18 00:14:58,ROBOT_03,61.14,10.887,2.136,46.872,37.42,36,정상
2026-07-18 00:14:58,ROBOT_04,55.35,10.416,2.028,47.299,38.15,17,정상
2026-07-18 01:07:58,ROBOT_01,59.71,9.861,2.147,46.414,35.95,31,정상
2026-07-18 01:07:58,ROBOT_02,57.33,10.724,3.01,46.675,37.58,24,주의
2026-07-18 01:07:58,ROBOT_03,53.61,9.816,2.891,47.26,39.61,36,정상
2026-07-18 01:07:58,ROBOT_04,52.86,8.705,1.668,47.058,37.61,17,정상
2026-07-18 02:00:59,ROBOT_01,51.93,8.622,2.792,46.871,37.03,31,정상
2026-07-18 02:00:59,ROBOT_02,55.9,9.572,1.923,47.501,36,24,정상
2026-07-18 02:00:59,ROBOT_03,61.39,10.979,2.341,47.11,34.96,36,정상
2026-07-18 02:00:59,ROBOT_04,47.92,9.433,2.161,47.634,35.73,17,정상
2026-07-18 02:54:00,ROBOT_01,52.47,9.79,2.044,47.266,33.8,31,정상
2026-07-18 02:54:00,ROBOT_02,52.69,8.745,2.048,47.363,35.42,24,정상
2026-07-18 02:54:00,ROBOT_03,55.26,10.165,2.382,47.587,38.19,36,정상
2026-07-18 02:54:00,ROBOT_04,46.77,9.476,2.363,46.76,35.3,17,정상
2026-07-18 03:47:01,ROBOT_01,49.07,10.444,2.373,47.487,37.38,31,정상
2026-07-18 03:47:01,ROBOT_02,49.75,9.203,2.043,47.681,34.96,24,정상
2026-07-18 03:47:01,ROBOT_03,53.09,10.016,2.776,47.557,38.2,36,정상
2026-07-18 03:47:01,ROBOT_04,52.26,8.517,2.01,47.034,34.21,17,정상
2026-07-18 04:40:02,ROBOT_01,56.8,10.673,2.586,46.547,36.06,31,정상
2026-07-18 04:40:02,ROBOT_02,54.13,9.108,2.204,46.787,32.97,24,정상
2026-07-18 04:40:02,ROBOT_03,59.69,10.271,2.173,47.861,35.47,36,정상
2026-07-18 04:40:02,ROBOT_04,54.57,8.514,2.576,47.69,32.26,17,정상
2026-07-18 05:33:02,ROBOT_01,52.81,10.613,2.081,47.611,39.1,31,정상
2026-07-18 05:33:02,ROBOT_02,54.34,9.703,2.433,47.428,36.25,24,정상
2026-07-18 05:33:02,ROBOT_03,49.86,9.617,2.314,47.949,36.52,36,정상
2026-07-18 05:33:02,ROBOT_04,49.01,8.339,2.126,48.143,31.09,17,정상
2026-07-18 06:26:03,ROBOT_01,57.1,10.023,1.961,47.276,38.5,31,정상
2026-07-18 06:26:03,ROBOT_02,46.07,8.472,2.28,48.355,32.16,24,정상
2026-07-18 06:26:03,ROBOT_03,49.7,10.088,2.849,47.845,33.96,36,정상
2026-07-18 06:26:03,ROBOT_04,49.47,9.473,1.917,47.531,33.15,17,정상
2026-07-18 07:19:04,ROBOT_01,54.19,8.033,2.508,47.392,37.37,31,정상
2026-07-18 07:19:04,ROBOT_02,53.9,9.792,1.703,47.576,36.56,24,정상
2026-07-18 07:19:04,ROBOT_03,50.99,8.875,2.615,47.367,37.13,36,정상
2026-07-18 07:19:04,ROBOT_04,50.63,9.758,1.765,47.446,35.44,17,정상
2026-07-18 08:12:05,ROBOT_01,49,10.405,2.847,47.425,35.83,31,정상
2026-07-18 08:12:05,ROBOT_02,57.24,9.175,2.918,47.259,35.68,24,정상
2026-07-18 08:12:05,ROBOT_03,55.63,10.445,2.741,47.686,33.66,36,정상
2026-07-18 08:12:05,ROBOT_04,54.03,9.427,2.305,47.622,33.29,17,정상
2026-07-18 09:05:05,ROBOT_01,51.4,9.3,2.268,47.661,35.9,31,정상
2026-07-18 09:05:05,ROBOT_02,53.67,10.661,2.469,47.012,35.12,24,정상
2026-07-18 09:05:05,ROBOT_03,55.21,9.482,2.417,47.228,33.78,36,정상
2026-07-18 09:05:05,ROBOT_04,50.81,8.516,2.212,48.357,35.71,17,정상
2026-07-18 09:58:06,ROBOT_01,50.22,10.769,2.451,47.655,34.23,31,정상
2026-07-18 09:58:06,ROBOT_02,50.78,8.482,2.105,47.841,34.38,24,정상
2026-07-18 09:58:06,ROBOT_03,51.7,10.803,2.978,46.743,40.32,36,정상
2026-07-18 09:58:06,ROBOT_04,56.1,9.43,2.207,47.054,36.66,17,정상
2026-07-18 10:51:07,ROBOT_01,49.63,10.515,2.124,48.101,36.55,31,정상
2026-07-18 10:51:07,ROBOT_02,53.05,9.022,2.181,48.184,31.67,24,정상
2026-07-18 10:51:07,ROBOT_03,54.3,9.792,2.076,48.083,34.25,36,정상
2026-07-18 10:51:07,ROBOT_04,55.84,9.641,2.01,47.746,38.29,17,정상
2026-07-18 11:44:08,ROBOT_01,56.98,9.678,2.383,47.35,32.07,31,정상
2026-07-18 11:44:08,ROBOT_02,51.95,9.521,2.339,47.036,35.9,24,정상
2026-07-18 11:44:08,ROBOT_03,57.36,10.53,2.843,47.558,38.78,36,정상
2026-07-18 11:44:08,ROBOT_04,56.99,10.402,1.842,46.205,40.52,17,정상
2026-07-18 12:37:09,ROBOT_01,53.68,11.081,1.903,47.022,37.53,31,정상
2026-07-18 12:37:09,ROBOT_02,52.99,9.647,2.443,47.292,37.11,24,정상
2026-07-18 12:37:09,ROBOT_03,55.36,9.473,2.203,46.738,35.1,36,정상
2026-07-18 12:37:09,ROBOT_04,49,8.127,2.132,47.661,35.64,17,정상
2026-07-18 13:30:09,ROBOT_01,55.79,10.991,2.509,46.937,37.74,31,정상
2026-07-18 13:30:09,ROBOT_02,58.58,10.836,2.091,47.641,38.67,24,정상
2026-07-18 13:30:09,ROBOT_03,56.25,10.374,2.306,47.211,39.76,36,정상
2026-07-18 13:30:09,ROBOT_04,53.41,9.561,2.355,47.058,34.92,17,정상
2026-07-18 14:23:10,ROBOT_01,57.34,10.297,3.007,47.915,35.51,31,정상
2026-07-18 14:23:10,ROBOT_02,56.83,10.286,2.479,47.208,38.32,24,정상
2026-07-18 14:23:10,ROBOT_03,59.76,10.406,2.673,47.337,42.38,36,정상
2026-07-18 14:23:10,ROBOT_04,55.91,10.079,2.198,47.193,36.73,17,정상
2026-07-18 15:16:11,ROBOT_01,58.83,10.522,2.18,47.053,38.66,31,주의
2026-07-18 15:16:11,ROBOT_02,56.27,7.993,2.461,47.267,37.42,24,정상
2026-07-18 15:16:11,ROBOT_03,55.08,10.145,2.219,47.83,36.83,36,정상
2026-07-18 15:16:11,ROBOT_04,51.27,8.832,1.766,46.815,32.05,17,정상
2026-07-18 16:09:12,ROBOT_01,54.87,9.615,2.546,47.248,36.83,31,정상
2026-07-18 16:09:12,ROBOT_02,57.95,10.462,2.631,46.43,41.06,24,정상
2026-07-18 16:09:12,ROBOT_03,56.09,11.519,2.526,47.676,39.39,36,정상
2026-07-18 16:09:12,ROBOT_04,55.49,10.031,2.169,47.57,39.79,17,정상
2026-07-18 17:02:13,ROBOT_01,59.5,10.369,2.193,46.484,38.78,31,주의
2026-07-18 17:02:13,ROBOT_02,55.01,10.177,2.543,46.568,36.61,24,정상
2026-07-18 17:02:13,ROBOT_03,57.55,11.558,2.702,47.699,37.3,36,정상
2026-07-18 17:02:13,ROBOT_04,56.6,10.121,2.459,46.443,40.01,17,정상
2026-07-18 17:55:13,ROBOT_01,59.69,10.171,2.293,47.239,37.25,31,정상
2026-07-18 17:55:13,ROBOT_02,50.59,10.969,2.689,47.401,38.14,24,정상
2026-07-18 17:55:13,ROBOT_03,68.56,14.256,4.89,45.771,46.44,36,위험
2026-07-18 17:55:13,ROBOT_04,51.45,8.976,1.978,46.61,36.58,17,정상
2026-07-18 18:48:14,ROBOT_01,57.52,11.637,2.956,47.158,38.74,31,정상
2026-07-18 18:48:14,ROBOT_02,55.08,11.433,2.58,46.485,38.07,24,정상
2026-07-18 18:48:14,ROBOT_03,54.12,10.565,2.375,47.903,35.54,36,정상
2026-07-18 18:48:14,ROBOT_04,59.93,9.445,1.772,46.81,37.79,17,정상
2026-07-18 19:41:15,ROBOT_01,55.09,11.388,2.792,46.512,39.98,31,정상
2026-07-18 19:41:15,ROBOT_02,57.11,9.932,2.054,47.457,37.35,24,정상
2026-07-18 19:41:15,ROBOT_03,54.3,9.379,2.473,46.713,36.88,36,정상
2026-07-18 19:41:15,ROBOT_04,58.49,8.506,2.074,47.428,36.42,17,정상
2026-07-18 20:34:16,ROBOT_01,54.64,11.197,2.465,46.459,37.37,31,주의
2026-07-18 20:34:16,ROBOT_02,56.49,10.104,2.286,47.084,34.91,24,정상
2026-07-18 20:34:16,ROBOT_03,58.63,10.252,2.133,46.982,38.95,36,정상
2026-07-18 20:34:16,ROBOT_04,58.04,11.353,2.216,46.72,38.1,17,정상
2026-07-18 21:27:17,ROBOT_01,61.08,11.229,2.382,47.431,37.75,31,정상
2026-07-18 21:27:17,ROBOT_02,55.53,11.567,2.523,47.015,36.51,24,정상
2026-07-18 21:27:17,ROBOT_03,56.23,9.637,2.784,46.698,36.31,36,정상
2026-07-18 21:27:17,ROBOT_04,61.24,9.788,2.554,47.317,37.82,17,정상
2026-07-18 22:20:17,ROBOT_01,58.59,10.435,2.174,46.573,37.57,31,주의
2026-07-18 22:20:17,ROBOT_02,54.79,10.208,2.16,47.898,38.44,24,정상
2026-07-18 22:20:17,ROBOT_03,55.83,9.435,2.84,47.483,37.09,36,정상
2026-07-18 22:20:17,ROBOT_04,56.52,9.38,2.348,47.545,35.36,17,정상
2026-07-18 23:13:18,ROBOT_01,60.73,9.711,2.396,46.615,37.75,31,정상
2026-07-18 23:13:18,ROBOT_02,54.51,9.904,2.51,47.683,36.11,24,정상
2026-07-18 23:13:18,ROBOT_03,62.69,11.552,2.822,47.217,39.49,36,정상
2026-07-18 23:13:18,ROBOT_04,51.76,9.521,1.742,47.031,36.88,17,정상
2026-07-19 00:06:19,ROBOT_01,54.89,10.245,2.865,47.294,38.85,32,정상
2026-07-19 00:06:19,ROBOT_02,55.71,9.514,1.829,46.601,38.29,25,정상
2026-07-19 00:06:19,ROBOT_03,53.23,11.182,3.128,47.698,39.61,37,정상
2026-07-19 00:06:19,ROBOT_04,59.69,10.598,1.829,47.347,37.43,18,정상
2026-07-19 00:59:20,ROBOT_01,52.26,9.97,1.744,47.564,36.16,32,정상
2026-07-19 00:59:20,ROBOT_02,57,11.118,2.25,46.217,40.62,25,주의
2026-07-19 00:59:20,ROBOT_03,58.82,11.323,2.5,46.788,38.01,37,정상
2026-07-19 00:59:20,ROBOT_04,52.71,10.698,1.872,46.357,35.81,18,정상
2026-07-19 01:52:21,ROBOT_01,56.64,9.429,2.427,47.657,37.94,32,정상
2026-07-19 01:52:21,ROBOT_02,55.78,9.4,2.278,47.27,37.7,25,정상
2026-07-19 01:52:21,ROBOT_03,55.88,11.586,2.991,47.432,41.81,37,정상
2026-07-19 01:52:21,ROBOT_04,52.75,10.514,2.79,47.197,36.61,18,정상
2026-07-19 02:45:21,ROBOT_01,56.35,11.244,2.787,47.714,39.55,32,정상
2026-07-19 02:45:21,ROBOT_02,55.73,10.549,1.918,47.081,38.17,25,정상
2026-07-19 02:45:21,ROBOT_03,52.41,10.093,2.733,47.264,36.86,37,주의
2026-07-19 02:45:21,ROBOT_04,57.12,10.329,2.025,47.154,37.43,18,정상
2026-07-19 03:38:22,ROBOT_01,50.34,9.478,2.511,47.132,36.07,32,정상
2026-07-19 03:38:22,ROBOT_02,54.13,9.06,1.826,46.87,35.48,25,정상
2026-07-19 03:38:22,ROBOT_03,54.43,9.751,2.649,47.568,36.47,37,정상
2026-07-19 03:38:22,ROBOT_04,47,7.706,2.184,47.235,34.65,18,정상
2026-07-19 04:31:23,ROBOT_01,52.79,10.467,2.103,47.328,35.59,32,정상
2026-07-19 04:31:23,ROBOT_02,56.25,10.216,2.741,47.143,41.1,25,정상
2026-07-19 04:31:23,ROBOT_03,55.88,10.752,2.26,47.6,35.65,37,정상
2026-07-19 04:31:23,ROBOT_04,54.4,9.768,2.235,46.819,37.06,18,정상
2026-07-19 05:24:24,ROBOT_01,51.66,9.829,2.301,45.882,33.7,32,정상
2026-07-19 05:24:24,ROBOT_02,52.73,10.364,2.367,47.631,32.59,25,정상
2026-07-19 05:24:24,ROBOT_03,50.81,8.599,2.476,47.656,38.29,37,정상
2026-07-19 05:24:24,ROBOT_04,53.57,8.177,1.951,48.431,33.54,18,정상
2026-07-19 06:17:24,ROBOT_01,53.05,11.282,2.628,47.378,35.54,32,정상
2026-07-19 06:17:24,ROBOT_02,54.47,8.992,2.306,46.722,33.5,25,정상
2026-07-19 06:17:24,ROBOT_03,61.13,9.463,1.979,47.656,38.54,37,정상
2026-07-19 06:17:24,ROBOT_04,54.28,9.112,1.718,48.002,34.61,18,정상
2026-07-19 07:10:25,ROBOT_01,49.85,8.466,2.148,47.056,34.73,32,정상
2026-07-19 07:10:25,ROBOT_02,52.12,10.154,2.274,47.694,34.42,25,정상
2026-07-19 07:10:25,ROBOT_03,52.63,11.003,2.67,47.366,38.9,37,정상
2026-07-19 07:10:25,ROBOT_04,48.76,8.734,1.988,47.101,32.39,18,정상
2026-07-19 08:03:26,ROBOT_01,51.73,9.665,2.431,48.243,37.21,32,정상
2026-07-19 08:03:26,ROBOT_02,47.83,8.805,1.858,47.031,34.35,25,정상
2026-07-19 08:03:26,ROBOT_03,56.02,10.346,2.767,47.855,33.26,37,정상
2026-07-19 08:03:26,ROBOT_04,53.4,9.145,2.131,47.648,34.28,18,정상
2026-07-19 08:56:27,ROBOT_01,52.18,9.842,2.756,47.913,36.29,32,정상
2026-07-19 08:56:27,ROBOT_02,56.75,10.079,2.451,47.344,37.86,25,정상
2026-07-19 08:56:27,ROBOT_03,53.67,10.574,2.644,47.356,37.13,37,정상
2026-07-19 08:56:27,ROBOT_04,50.58,9.382,1.65,47.456,33.2,18,정상
2026-07-19 09:49:28,ROBOT_01,53.2,9.774,2.55,47.202,37.2,32,정상
2026-07-19 09:49:28,ROBOT_02,50.6,6.872,2.141,47.458,34.1,25,정상
2026-07-19 09:49:28,ROBOT_03,52.37,10.144,2.483,47.397,38.45,37,주의
2026-07-19 09:49:28,ROBOT_04,56.95,8.795,2.177,47.551,34.48,18,정상
2026-07-19 10:42:28,ROBOT_01,52.04,10.146,2.232,47.066,36.82,32,주의
2026-07-19 10:42:28,ROBOT_02,51.1,9.086,2.005,47.587,37.15,25,정상
2026-07-19 10:42:28,ROBOT_03,44.82,10.226,2.589,47.102,36.32,37,정상
2026-07-19 10:42:28,ROBOT_04,60.8,10.199,2.119,46.955,34.3,18,정상
2026-07-19 11:35:29,ROBOT_01,54.45,10.779,2.108,47.093,35.46,32,정상
2026-07-19 11:35:29,ROBOT_02,53.54,10.767,2.431,47.164,36.56,25,정상
2026-07-19 11:35:29,ROBOT_03,59.16,10.822,2.335,47.187,35.7,37,정상
2026-07-19 11:35:29,ROBOT_04,53.7,10.137,1.755,47.046,32.59,18,정상
2026-07-19 12:28:30,ROBOT_01,53.95,11.066,2.316,47.544,37.89,32,정상
2026-07-19 12:28:30,ROBOT_02,58.5,10.057,2.959,47.386,37.39,25,정상
2026-07-19 12:28:30,ROBOT_03,54.11,10.003,2.9,46.705,36.33,37,정상
2026-07-19 12:28:30,ROBOT_04,58.3,9.175,1.702,46.549,35.49,18,정상
2026-07-19 13:21:31,ROBOT_01,58.27,10.609,2.407,47.121,35.54,32,정상
2026-07-19 13:21:31,ROBOT_02,49.88,9.94,1.533,46.897,37.76,25,정상
2026-07-19 13:21:31,ROBOT_03,51.93,9.707,2.464,47.23,38.33,37,정상
2026-07-19 13:21:31,ROBOT_04,55.99,9.53,2.168,47.475,36.94,18,정상
2026-07-19 14:14:32,ROBOT_01,59.44,10.627,2.648,47.074,37.98,32,정상
2026-07-19 14:14:32,ROBOT_02,52.54,9.88,2.185,47.022,34.95,25,정상
2026-07-19 14:14:32,ROBOT_03,55.48,11.291,2.864,46.735,40.4,37,정상
2026-07-19 14:14:32,ROBOT_04,53.56,10.211,2.398,46.94,36.04,18,정상
2026-07-19 15:07:32,ROBOT_01,52.86,9.914,2.45,47.252,35.46,32,정상
2026-07-19 15:07:32,ROBOT_02,54.02,10.782,2.961,46.849,38.42,25,정상
2026-07-19 15:07:32,ROBOT_03,60.44,9.342,2.344,46.855,38.78,37,정상
2026-07-19 15:07:32,ROBOT_04,55.36,9.084,2.46,46.685,38.03,18,정상
2026-07-19 16:00:33,ROBOT_01,58.31,10.694,2.417,45.934,39.85,32,정상
2026-07-19 16:00:33,ROBOT_02,56.73,9.492,2.439,47.191,38.81,25,정상
2026-07-19 16:00:33,ROBOT_03,58.81,11.226,2.411,46.689,40.97,37,주의
2026-07-19 16:00:33,ROBOT_04,53.55,9.138,2.044,47.844,37.53,18,정상
2026-07-19 16:53:34,ROBOT_01,61.06,10.942,2.384,46.726,35.77,32,정상
2026-07-19 16:53:34,ROBOT_02,61.56,12.189,2.695,46.631,42.26,25,주의
2026-07-19 16:53:34,ROBOT_03,58.72,11.747,2.784,46.371,37.16,37,주의
2026-07-19 16:53:34,ROBOT_04,54.94,10.719,2.533,46.799,37.76,18,정상
2026-07-19 17:46:35,ROBOT_01,58.98,9.415,1.422,47.442,35.87,32,정상
2026-07-19 17:46:35,ROBOT_02,59.85,11.479,2.631,46.542,39.65,25,정상
2026-07-19 17:46:35,ROBOT_03,58.61,11.566,2.463,47.643,38.72,37,정상
2026-07-19 17:46:35,ROBOT_04,62,8.996,2.227,46.992,39.37,18,정상
2026-07-19 18:39:36,ROBOT_01,55.83,10.618,2.367,47.818,37.8,32,정상
2026-07-19 18:39:36,ROBOT_02,56.85,10.885,2.051,46.725,40.04,25,정상
2026-07-19 18:39:36,ROBOT_03,52.5,10.112,2.664,47.311,38.84,37,정상
2026-07-19 18:39:36,ROBOT_04,59.75,10.08,1.835,47.316,39.12,18,정상
2026-07-19 19:32:36,ROBOT_01,58.26,10.817,2.302,47.139,35.35,32,정상
2026-07-19 19:32:36,ROBOT_02,57.67,11.474,2.723,46.392,38.56,25,주의
2026-07-19 19:32:36,ROBOT_03,59.01,10.581,2.848,46.949,36.76,37,정상
2026-07-19 19:32:36,ROBOT_04,56.47,11.603,2.016,46.873,38.93,18,정상
2026-07-19 20:25:37,ROBOT_01,58.16,11.676,2.38,46.455,38.31,32,정상
2026-07-19 20:25:37,ROBOT_02,62.93,10.5,2.63,46.368,43.74,25,주의
2026-07-19 20:25:37,ROBOT_03,55.52,10.923,3.308,47.509,37.98,37,정상
2026-07-19 20:25:37,ROBOT_04,56.12,10.773,1.761,47.1,34.52,18,정상
2026-07-19 21:18:38,ROBOT_01,58.44,11.702,2.732,46.084,41.16,32,정상
2026-07-19 21:18:38,ROBOT_02,57.82,9.213,2.101,47.162,38.72,25,정상
2026-07-19 21:18:38,ROBOT_03,58.21,11.46,2.711,46.399,38.35,37,정상
2026-07-19 21:18:38,ROBOT_04,58.09,9.577,1.851,46.631,36.56,18,정상
2026-07-19 22:11:39,ROBOT_01,57.23,10.833,2.369,46.811,39.56,32,정상
2026-07-19 22:11:39,ROBOT_02,56.28,9.955,1.964,47.061,38.2,25,정상
2026-07-19 22:11:39,ROBOT_03,51.42,9.566,2.502,47.288,39.5,37,정상
2026-07-19 22:11:39,ROBOT_04,55.12,10.611,2.224,46.476,33.06,18,정상
2026-07-19 23:04:40,ROBOT_01,57.15,10.085,2.355,47.423,40.84,32,정상
2026-07-19 23:04:40,ROBOT_02,54.3,9.906,2.326,47.115,36.13,25,정상
2026-07-19 23:04:40,ROBOT_03,57.97,10.034,2.585,48.337,37.28,37,정상
2026-07-19 23:04:40,ROBOT_04,54.36,10.345,1.837,47.262,37,18,정상
2026-07-19 23:57:40,ROBOT_01,56.07,10.345,2.628,47.161,42.59,32,정상
2026-07-19 23:57:40,ROBOT_02,54.54,10.168,2.458,47.36,36.56,25,정상
2026-07-19 23:57:40,ROBOT_03,57.27,10.517,2.384,47.145,35.65,37,정상
2026-07-19 23:57:40,ROBOT_04,55.5,9.979,2.067,46.57,37.88,18,정상
2026-07-20 00:50:41,ROBOT_01,57.39,11.381,2.084,46.832,39.59,33,정상
2026-07-20 00:50:41,ROBOT_02,58.5,10.062,2.252,46.46,35.18,26,정상
2026-07-20 00:50:41,ROBOT_03,57.25,10.533,2.377,47.726,37.33,38,정상
2026-07-20 00:50:41,ROBOT_04,56.81,8.779,2.522,46.81,34.93,19,정상
2026-07-20 01:43:42,ROBOT_01,58.43,9.982,2.397,48.14,38.34,33,정상
2026-07-20 01:43:42,ROBOT_02,53.47,9.685,2.567,46.766,38.22,26,정상
2026-07-20 01:43:42,ROBOT_03,54.86,10.809,2.067,46.885,40.27,38,정상
2026-07-20 01:43:42,ROBOT_04,56.25,8.781,1.636,47.053,36.32,19,정상
2026-07-20 02:36:43,ROBOT_01,53.86,10.556,2.568,47.747,36.94,33,정상
2026-07-20 02:36:43,ROBOT_02,55.96,9.821,2.455,46.672,39.35,26,정상
2026-07-20 02:36:43,ROBOT_03,53.43,9.618,2.548,47.055,34.91,38,정상
2026-07-20 02:36:43,ROBOT_04,52.95,9.249,2.497,47.042,35.59,19,정상
2026-07-20 03:29:44,ROBOT_01,57.13,9.785,2.67,47.202,36.49,33,주의
2026-07-20 03:29:44,ROBOT_02,54.65,10.583,2.229,47.094,35.11,26,정상
2026-07-20 03:29:44,ROBOT_03,56.83,10.551,2.564,48.02,38.62,38,정상
2026-07-20 03:29:44,ROBOT_04,54.82,9.841,2.301,47.184,34.6,19,정상
2026-07-20 04:22:44,ROBOT_01,52.07,8.891,2.918,47.587,34.81,33,정상
2026-07-20 04:22:44,ROBOT_02,53.69,9.214,2.082,47.462,34.56,26,정상
2026-07-20 04:22:44,ROBOT_03,56.15,10.72,2.766,46.67,37.33,38,주의
2026-07-20 04:22:44,ROBOT_04,59.37,10.537,1.845,46.871,37.39,19,정상
2026-07-20 05:15:45,ROBOT_01,51.73,9.554,2.382,48.3,39.41,33,정상
2026-07-20 05:15:45,ROBOT_02,54.35,10.284,2.347,47.273,35.91,26,정상
2026-07-20 05:15:45,ROBOT_03,56.24,10.741,2.222,47.185,33.44,38,정상
2026-07-20 05:15:45,ROBOT_04,53.39,9.874,1.861,46.751,37.78,19,정상
2026-07-20 06:08:46,ROBOT_01,57.9,10.409,2.216,47.352,34.05,33,정상
2026-07-20 06:08:46,ROBOT_02,55.97,10.139,1.848,46.918,36.49,26,정상
2026-07-20 06:08:46,ROBOT_03,56.53,11.904,2.134,47.26,37.15,38,정상
2026-07-20 06:08:46,ROBOT_04,50.4,9.159,1.893,47.116,35.19,19,정상
2026-07-20 07:01:47,ROBOT_01,57.24,10.051,1.985,47.238,36.96,33,정상
2026-07-20 07:01:47,ROBOT_02,52.73,8.57,2.298,46.709,34.95,26,정상
2026-07-20 07:01:47,ROBOT_03,47.15,10.132,2.283,47.382,36.99,38,정상
2026-07-20 07:01:47,ROBOT_04,47.69,9.528,1.641,47.921,34.63,19,정상
2026-07-20 07:54:47,ROBOT_01,45.14,8.724,2.801,47.574,32.19,33,정상
2026-07-20 07:54:47,ROBOT_02,51.49,10.143,2.08,47.412,37.59,26,정상
2026-07-20 07:54:47,ROBOT_03,55.84,11.447,3.073,46.659,36.58,38,정상
2026-07-20 07:54:47,ROBOT_04,50.15,9.507,1.974,47.91,30.26,19,정상
2026-07-20 08:47:48,ROBOT_01,52.24,10.909,2.56,47.265,36.07,33,정상
2026-07-20 08:47:48,ROBOT_02,51.21,10.02,2.416,46.813,40.02,26,정상
2026-07-20 08:47:48,ROBOT_03,55.87,9.657,2.489,47.474,34.83,38,정상
2026-07-20 08:47:48,ROBOT_04,53.4,9.703,2.04,46.893,37.78,19,정상
2026-07-20 09:40:49,ROBOT_01,54.91,9.26,3.027,47.308,35.65,33,정상
2026-07-20 09:40:49,ROBOT_02,56.54,11.114,2.34,46.297,39.38,26,정상
2026-07-20 09:40:49,ROBOT_03,55.45,10.531,1.88,47.158,34.38,38,정상
2026-07-20 09:40:49,ROBOT_04,50.02,9.012,1.862,48.045,34.98,19,정상
2026-07-20 10:33:50,ROBOT_01,55.35,10.054,2.537,47.606,36.94,33,정상
2026-07-20 10:33:50,ROBOT_02,55.03,9.544,2.378,47.353,36.71,26,정상
2026-07-20 10:33:50,ROBOT_03,55.65,10.28,2.509,48.13,36.78,38,정상
2026-07-20 10:33:50,ROBOT_04,50.62,9.672,1.96,47.331,34.02,19,정상
2026-07-20 11:26:51,ROBOT_01,54.95,9.944,2.251,47.929,34.68,33,정상
2026-07-20 11:26:51,ROBOT_02,54.66,9.584,2.321,48.289,34.98,26,정상
2026-07-20 11:26:51,ROBOT_03,52.07,9.736,2.297,47.402,37.24,38,정상
2026-07-20 11:26:51,ROBOT_04,56.84,9.666,1.973,47.239,37.87,19,정상
2026-07-20 12:19:51,ROBOT_01,54.05,10.309,1.979,46.397,36.82,33,정상
2026-07-20 12:19:51,ROBOT_02,49.61,9.524,2.725,47.961,36.76,26,정상
2026-07-20 12:19:51,ROBOT_03,58.38,11.187,2.487,47.357,37.8,38,정상
2026-07-20 12:19:51,ROBOT_04,54.16,8.934,2.554,47.244,34.51,19,정상
2026-07-20 13:12:52,ROBOT_01,51.72,10.365,2.582,47.408,37.32,33,정상
2026-07-20 13:12:52,ROBOT_02,55.38,9.59,2.292,47.069,38.88,26,정상
2026-07-20 13:12:52,ROBOT_03,61.44,10.655,2.658,47.386,38.65,38,주의
2026-07-20 13:12:52,ROBOT_04,55.93,10.767,2.05,47.645,34.47,19,정상
2026-07-20 14:05:53,ROBOT_01,60.05,10.505,2.079,46.76,34.81,33,정상
2026-07-20 14:05:53,ROBOT_02,58.36,10.262,1.912,47.507,39.41,26,정상
2026-07-20 14:05:53,ROBOT_03,53.62,11.086,3.052,47.499,39.71,38,정상
2026-07-20 14:05:53,ROBOT_04,55.03,10.765,2.058,47.127,40.26,19,정상
2026-07-20 14:58:54,ROBOT_01,59.49,9.602,2.369,46.589,38.98,33,정상
2026-07-20 14:58:54,ROBOT_02,60.99,10.638,2.443,47.584,36.96,26,정상
2026-07-20 14:58:54,ROBOT_03,60.55,10.892,2.722,47.332,39.6,38,정상
2026-07-20 14:58:54,ROBOT_04,54.15,8.989,2.053,46.924,35.76,19,정상
2026-07-20 15:51:55,ROBOT_01,59.36,10.69,2.649,46.746,36.52,33,정상
2026-07-20 15:51:55,ROBOT_02,60.8,10.848,2.58,46.693,37.2,26,주의
2026-07-20 15:51:55,ROBOT_03,54.14,12.591,2.576,47.479,41.54,38,주의
2026-07-20 15:51:55,ROBOT_04,54.44,10.431,1.943,46.967,35.61,19,정상
2026-07-20 16:44:55,ROBOT_01,57.57,10.264,3.209,47.169,34.94,33,정상
2026-07-20 16:44:55,ROBOT_02,59.74,10.164,2.442,46.864,38.6,26,정상
2026-07-20 16:44:55,ROBOT_03,55.31,10.529,3.065,47.659,43.66,38,정상
2026-07-20 16:44:55,ROBOT_04,56.06,9.862,2.371,47.777,39.29,19,정상
2026-07-20 17:37:56,ROBOT_01,58.55,11.109,2.836,47.171,38.88,33,정상
2026-07-20 17:37:56,ROBOT_02,58.31,10.925,2.036,46.33,40.54,26,정상
2026-07-20 17:37:56,ROBOT_03,58.72,10.416,3.015,47.818,34.83,38,정상
2026-07-20 17:37:56,ROBOT_04,56.06,10.028,1.851,46.71,37.81,19,정상
2026-07-20 18:30:57,ROBOT_01,57.34,10.71,2.488,46.712,35.57,33,정상
2026-07-20 18:30:57,ROBOT_02,57.88,9.719,1.846,47.495,40,26,정상
2026-07-20 18:30:57,ROBOT_03,56.9,11.366,2.489,47.516,40.14,38,정상
2026-07-20 18:30:57,ROBOT_04,58.28,9.911,2.604,47.045,34,19,정상
2026-07-20 19:23:58,ROBOT_01,55.5,11.232,2.716,47.974,39.99,33,정상
2026-07-20 19:23:58,ROBOT_02,59.02,11.262,2.343,47.334,38.41,26,정상
2026-07-20 19:23:58,ROBOT_03,54.99,11.177,2.428,47.696,37.38,38,정상
2026-07-20 19:23:58,ROBOT_04,52.27,9.294,2.203,47.55,35.43,19,정상
2026-07-20 20:16:59,ROBOT_01,58.56,11.089,3.19,47.357,38.46,33,주의
2026-07-20 20:16:59,ROBOT_02,58.58,10.048,2.493,46.476,36.64,26,정상
2026-07-20 20:16:59,ROBOT_03,55.81,10.385,3.057,47.124,37.07,38,주의
2026-07-20 20:16:59,ROBOT_04,57.6,10.297,2.257,46.817,37.28,19,정상
2026-07-20 21:09:59,ROBOT_01,58.74,10.479,2.032,46.426,37.49,33,정상
2026-07-20 21:09:59,ROBOT_02,51.73,11.924,2.459,46.476,38.29,26,정상
2026-07-20 21:09:59,ROBOT_03,56.71,11.165,2.833,46.141,37.5,38,정상
2026-07-20 21:09:59,ROBOT_04,51.64,10.869,2.233,47.046,35.95,19,정상
2026-07-20 22:03:00,ROBOT_01,56.5,10.288,2.596,47.709,38.78,33,정상
2026-07-20 22:03:00,ROBOT_02,60.67,10.322,2.847,46.731,37.16,26,정상
2026-07-20 22:03:00,ROBOT_03,56.51,10.866,2.921,47.682,42.07,38,주의
2026-07-20 22:03:00,ROBOT_04,55.64,9.974,1.65,47.285,35.96,19,정상
2026-07-20 22:56:01,ROBOT_01,59.89,11.195,3.043,47.062,38.4,33,정상
2026-07-20 22:56:01,ROBOT_02,57.13,10.708,1.937,46.24,40.19,26,정상
2026-07-20 22:56:01,ROBOT_03,54.61,10.552,2.581,47.397,38.21,38,정상
2026-07-20 22:56:01,ROBOT_04,56.45,9.451,2.259,46.954,35.12,19,정상
2026-07-20 23:49:02,ROBOT_01,57.03,10.482,1.77,47.498,38.58,33,정상
2026-07-20 23:49:02,ROBOT_02,58.83,9.61,2.424,46.536,37.94,26,정상
2026-07-20 23:49:02,ROBOT_03,56.38,11.187,2.452,47.238,37.02,38,정상
2026-07-20 23:49:02,ROBOT_04,47.66,8.727,2.258,46.91,35.27,19,정상
2026-07-21 00:42:03,ROBOT_01,56.16,10.18,2.958,48.237,37.25,34,정상
2026-07-21 00:42:03,ROBOT_02,52.69,10.75,2.657,46.832,34.63,27,정상
2026-07-21 00:42:03,ROBOT_03,62.12,10.707,2.848,46.684,40.12,39,주의
2026-07-21 00:42:03,ROBOT_04,49.04,8.374,2.281,47.564,36.9,20,정상
2026-07-21 01:35:03,ROBOT_01,59.05,10.094,3.012,46.659,37.03,34,정상
2026-07-21 01:35:03,ROBOT_02,55.07,10.427,2.45,46.807,38.28,27,정상
2026-07-21 01:35:03,ROBOT_03,57.57,10.129,2.528,47.833,37.16,39,정상
2026-07-21 01:35:03,ROBOT_04,58.34,10.015,2.125,46.999,39.26,20,정상
2026-07-21 02:28:04,ROBOT_01,54.83,10.426,2.658,47.061,34.97,34,정상
2026-07-21 02:28:04,ROBOT_02,62.56,12.715,4.6,45.558,45.26,27,주의
2026-07-21 02:28:04,ROBOT_03,53.38,10.028,3.169,47.668,36.9,39,정상
2026-07-21 02:28:04,ROBOT_04,53.99,10.323,2.107,46.679,37.1,20,정상
2026-07-21 03:21:05,ROBOT_01,57.47,10.502,2.712,47.16,37.66,34,주의
2026-07-21 03:21:05,ROBOT_02,58.18,10.513,2.616,46.43,40.27,27,정상
2026-07-21 03:21:05,ROBOT_03,54.35,10.739,3.048,47.315,40.79,39,정상
2026-07-21 03:21:05,ROBOT_04,52.86,10.726,2.083,47.919,35,20,정상
2026-07-21 04:14:06,ROBOT_01,51.69,10.505,2.572,47.608,31.73,34,정상
2026-07-21 04:14:06,ROBOT_02,50.95,9.145,2.622,46.77,35.25,27,정상
2026-07-21 04:14:06,ROBOT_03,58.67,10.522,2.289,46.808,38.44,39,정상
2026-07-21 04:14:06,ROBOT_04,53.9,9.698,1.778,47.725,37.01,20,정상
2026-07-21 05:07:06,ROBOT_01,54.3,10.283,2.68,47,40.32,34,정상
2026-07-21 05:07:06,ROBOT_02,57.4,10.346,2.397,46.759,37.52,27,정상
2026-07-21 05:07:06,ROBOT_03,53.78,10.032,2.611,48.221,35.04,39,정상
2026-07-21 05:07:06,ROBOT_04,52.21,10.459,2.054,47.186,36.09,20,정상
2026-07-21 06:00:07,ROBOT_01,55.96,10.513,2.733,47.123,34.59,34,정상
2026-07-21 06:00:07,ROBOT_02,50.71,8.643,2.477,47.49,35.66,27,정상
2026-07-21 06:00:07,ROBOT_03,57.37,9.081,2.302,47.424,37.05,39,정상
2026-07-21 06:00:07,ROBOT_04,49.66,9.622,2.153,47.493,38,20,정상
2026-07-21 06:53:08,ROBOT_01,52.62,10.954,2.594,47.361,38.4,34,정상
2026-07-21 06:53:08,ROBOT_02,54.18,9.645,2.122,46.967,35.98,27,정상
2026-07-21 06:53:08,ROBOT_03,51.39,10.574,2.694,47.411,34.03,39,정상
2026-07-21 06:53:08,ROBOT_04,52.77,9.912,1.944,46.531,33.62,20,정상
2026-07-21 07:46:09,ROBOT_01,58.73,10.344,2.778,46.818,39.35,34,정상
2026-07-21 07:46:09,ROBOT_02,50.6,9.8,2.136,46.65,37.48,27,정상
2026-07-21 07:46:09,ROBOT_03,56.27,10.33,2.742,47.125,37.09,39,정상
2026-07-21 07:46:09,ROBOT_04,51.64,9.233,2.37,48.017,35.17,20,정상
2026-07-21 08:39:10,ROBOT_01,56.45,9.237,2.416,47.163,35.83,34,정상
2026-07-21 08:39:10,ROBOT_02,53.44,8.509,2.03,48.168,36.93,27,정상
2026-07-21 08:39:10,ROBOT_03,51.2,9.792,2.379,47.836,34.1,39,정상
2026-07-21 08:39:10,ROBOT_04,50.17,8.772,2.354,47.847,32.26,20,정상
2026-07-21 09:32:10,ROBOT_01,55.34,10.228,2.226,47.325,37.85,34,정상
2026-07-21 09:32:10,ROBOT_02,50.84,8.916,2.192,47.112,35.45,27,정상
2026-07-21 09:32:10,ROBOT_03,56.07,9.248,2.703,48.239,36.56,39,정상
2026-07-21 09:32:10,ROBOT_04,52.53,8.879,1.867,46.894,34.66,20,정상
2026-07-21 10:25:11,ROBOT_01,51.26,9.041,2.147,46.958,36.35,34,정상
2026-07-21 10:25:11,ROBOT_02,57.37,9.346,2.369,47.059,34.19,27,정상
2026-07-21 10:25:11,ROBOT_03,51.77,10.622,2.38,47.608,37.4,39,정상
2026-07-21 10:25:11,ROBOT_04,53.19,9.31,1.896,47.278,34.64,20,정상
2026-07-21 11:18:12,ROBOT_01,66.84,12.884,4.774,45.927,46.2,34,주의
2026-07-21 11:18:12,ROBOT_02,53.81,9.757,2.855,47.116,35.66,27,정상
2026-07-21 11:18:12,ROBOT_03,57.94,12.017,2.41,46.937,35.21,39,정상
2026-07-21 11:18:12,ROBOT_04,53.07,9.021,2.086,47.801,34.45,20,정상
2026-07-21 12:11:13,ROBOT_01,56.9,10.091,2.94,47.223,39.41,34,정상
2026-07-21 12:11:13,ROBOT_02,55.36,10.456,2.155,47.755,37.77,27,정상
2026-07-21 12:11:13,ROBOT_03,57.19,11.057,1.811,47.355,39.33,39,정상
2026-07-21 12:11:13,ROBOT_04,49.24,7.896,2.177,46.91,36.18,20,정상
2026-07-21 13:04:14,ROBOT_01,51.49,10.899,2.921,47.301,34.52,34,정상
2026-07-21 13:04:14,ROBOT_02,54.09,9.664,2.247,47.27,39.69,27,정상
2026-07-21 13:04:14,ROBOT_03,58.92,11.065,2.552,47.725,34.98,39,정상
2026-07-21 13:04:14,ROBOT_04,55.25,9.961,2.378,46.766,37.02,20,정상
2026-07-21 13:57:14,ROBOT_01,55.68,11.082,2.222,47.929,40.66,34,정상
2026-07-21 13:57:14,ROBOT_02,59.2,10.742,2.206,46.44,39.45,27,정상
2026-07-21 13:57:14,ROBOT_03,60.51,10.059,3.163,47.742,35.21,39,정상
2026-07-21 13:57:14,ROBOT_04,50.85,9.838,1.842,47.335,38.1,20,정상
2026-07-21 14:50:15,ROBOT_01,61.14,11.316,2.935,46.554,39.05,34,정상
2026-07-21 14:50:15,ROBOT_02,57.84,12.176,2.384,47.241,38.01,27,정상
2026-07-21 14:50:15,ROBOT_03,56.92,10.09,2.452,47.054,34.73,39,정상
2026-07-21 14:50:15,ROBOT_04,51.03,8.56,1.602,47.64,40,20,정상
2026-07-21 15:43:16,ROBOT_01,62.32,11.929,2.405,47.11,42.31,34,정상
2026-07-21 15:43:16,ROBOT_02,58.41,10.954,2.475,46.109,42.28,27,정상
2026-07-21 15:43:16,ROBOT_03,61.45,11.282,2.229,46.923,41.26,39,정상
2026-07-21 15:43:16,ROBOT_04,57.48,10.308,1.837,46.763,37.91,20,정상
2026-07-21 16:36:17,ROBOT_01,55.97,12.071,2.569,47.949,42.33,34,정상
2026-07-21 16:36:17,ROBOT_02,58.82,10.749,2.474,46.688,39.55,27,정상
2026-07-21 16:36:17,ROBOT_03,59.06,11.627,2.768,47.469,41.13,39,정상
2026-07-21 16:36:17,ROBOT_04,52.48,10.012,2.565,46.813,34.35,20,정상
2026-07-21 17:29:18,ROBOT_01,65.03,11.855,2.681,47.118,42.01,34,정상
2026-07-21 17:29:18,ROBOT_02,60.56,10.784,2.746,46.71,38.4,27,정상
2026-07-21 17:29:18,ROBOT_03,58.17,10.359,2.375,46.331,38.88,39,정상
2026-07-21 17:29:18,ROBOT_04,59.63,10.214,2.051,46.532,38.19,20,정상
2026-07-21 18:22:18,ROBOT_01,57.62,11.766,2.584,46.161,39.5,34,정상
2026-07-21 18:22:18,ROBOT_02,61.7,11.201,2.28,47.046,43.04,27,정상
2026-07-21 18:22:18,ROBOT_03,56.99,10.567,2.841,46.536,40.36,39,정상
2026-07-21 18:22:18,ROBOT_04,58.32,10.105,2.038,46.593,39.49,20,정상
2026-07-21 19:15:19,ROBOT_01,60.55,11.599,2.544,46.618,41.8,34,주의
2026-07-21 19:15:19,ROBOT_02,59.36,10.467,2.882,46.147,38.78,27,정상
2026-07-21 19:15:19,ROBOT_03,61.49,11.483,2.443,46.463,40.73,39,주의
2026-07-21 19:15:19,ROBOT_04,55.25,10.744,2.734,46.863,37.41,20,정상
2026-07-21 20:08:20,ROBOT_01,58.1,10.895,2.574,46.999,42.17,34,주의
2026-07-21 20:08:20,ROBOT_02,59.3,11.237,2.473,47.422,38.1,27,정상
2026-07-21 20:08:20,ROBOT_03,59.31,11.873,2.523,46.474,36.56,39,정상
2026-07-21 20:08:20,ROBOT_04,51.76,9.995,2.376,46.072,38.98,20,정상
2026-07-21 21:01:21,ROBOT_01,61.82,11.406,2.903,46.905,37.48,34,주의
2026-07-21 21:01:21,ROBOT_02,54.58,11.04,2.453,46.624,36.23,27,정상
2026-07-21 21:01:21,ROBOT_03,56.17,10.681,2.764,46.869,37.79,39,정상
2026-07-21 21:01:21,ROBOT_04,56.91,10.52,2.482,46.726,37.59,20,정상
2026-07-21 21:54:22,ROBOT_01,57.6,10.928,2.23,46.78,39.09,34,정상
2026-07-21 21:54:22,ROBOT_02,60.24,12.314,2.062,46.328,40.48,27,정상
2026-07-21 21:54:22,ROBOT_03,57.01,9.619,2.686,47.616,36.67,39,정상
2026-07-21 21:54:22,ROBOT_04,55.7,10.168,2.023,47.345,36.37,20,정상
2026-07-21 22:47:22,ROBOT_01,59.39,11.453,2.91,47.619,41.58,34,주의
2026-07-21 22:47:22,ROBOT_02,57.17,10.387,2.632,46.722,37.06,27,주의
2026-07-21 22:47:22,ROBOT_03,55.55,9.932,2.427,47.185,41.05,39,정상
2026-07-21 22:47:22,ROBOT_04,55.56,10.497,2.069,47.46,35.5,20,정상
2026-07-21 23:40:23,ROBOT_01,60.05,11.095,2.837,47.081,37.29,34,정상
2026-07-21 23:40:23,ROBOT_02,53.2,10.697,2.168,47.23,36.87,27,정상
2026-07-21 23:40:23,ROBOT_03,59.65,11.265,2.885,47.447,37.44,39,정상
2026-07-21 23:40:23,ROBOT_04,58.96,9.841,2.243,46.624,39.84,20,주의
2026-07-22 00:33:24,ROBOT_01,55.9,11.001,1.727,46.809,38.2,35,정상
2026-07-22 00:33:24,ROBOT_02,53.78,9.44,2.688,47.283,38.3,28,정상
2026-07-22 00:33:24,ROBOT_03,57.35,11.364,2.522,46.34,39.33,40,정상
2026-07-22 00:33:24,ROBOT_04,51.42,9.472,2.315,47.225,35.5,21,정상
2026-07-22 01:26:25,ROBOT_01,53.52,8.47,2.231,47.853,36.76,35,정상
2026-07-22 01:26:25,ROBOT_02,52.55,9.428,1.81,47.135,36.24,28,정상
2026-07-22 01:26:25,ROBOT_03,53.5,10.072,2.766,47.632,35.29,40,정상
2026-07-22 01:26:25,ROBOT_04,52.14,10.051,2.326,47.065,34.52,21,정상
2026-07-22 02:19:25,ROBOT_01,57.61,10.603,2.212,46.943,37.89,35,정상
2026-07-22 02:19:25,ROBOT_02,53.46,10.49,2.401,47.172,40.83,28,정상
2026-07-22 02:19:25,ROBOT_03,59.61,9.577,2.386,47.313,39.73,40,정상
2026-07-22 02:19:25,ROBOT_04,52.09,9.145,2.417,46.267,34.77,21,정상
2026-07-22 03:12:26,ROBOT_01,57.04,10.769,2.618,46.936,35.51,35,정상
2026-07-22 03:12:26,ROBOT_02,55.03,9.531,2.079,46.888,31.71,28,정상
2026-07-22 03:12:26,ROBOT_03,56.1,11.061,2.681,47.936,36.27,40,주의
2026-07-22 03:12:26,ROBOT_04,56.72,9.871,1.751,47.973,37.93,21,정상
2026-07-22 04:05:27,ROBOT_01,56.57,11.191,1.993,47.813,37.47,35,정상
2026-07-22 04:05:27,ROBOT_02,55.38,10.73,2.192,46.796,34.29,28,정상
2026-07-22 04:05:27,ROBOT_03,55.49,10.504,2.459,47.194,36.17,40,정상
2026-07-22 04:05:27,ROBOT_04,52.93,9.285,1.977,48.086,34.25,21,정상
2026-07-22 04:58:28,ROBOT_01,54.34,10.041,2.936,47.285,40.31,35,정상
2026-07-22 04:58:28,ROBOT_02,54.99,8.528,2.657,47.14,33.73,28,정상
2026-07-22 04:58:28,ROBOT_03,55.44,10.665,2.877,47.51,34.15,40,정상
2026-07-22 04:58:28,ROBOT_04,52.06,8.929,1.931,47.536,34.42,21,정상
2026-07-22 05:51:29,ROBOT_01,53.44,10.092,2.622,47.248,35.22,35,정상
2026-07-22 05:51:29,ROBOT_02,49.12,9.338,2.372,47.659,34.71,28,정상
2026-07-22 05:51:29,ROBOT_03,61.67,10.536,2.801,47.041,35.83,40,정상
2026-07-22 05:51:29,ROBOT_04,50.18,9.976,2.165,47.992,35.84,21,정상
2026-07-22 06:44:29,ROBOT_01,55.93,10.193,2.183,47.177,37.7,35,정상
2026-07-22 06:44:29,ROBOT_02,52.23,9.758,2.834,46.952,37.11,28,정상
2026-07-22 06:44:29,ROBOT_03,52.51,9.384,2.912,46.709,36.27,40,정상
2026-07-22 06:44:29,ROBOT_04,54.88,9.539,2.299,47.059,33.64,21,정상
2026-07-22 07:37:30,ROBOT_01,58.72,10.769,1.931,47.509,37.39,35,정상
2026-07-22 07:37:30,ROBOT_02,59.33,10.727,2.175,47.31,34.82,28,정상
2026-07-22 07:37:30,ROBOT_03,53.28,10.714,2.433,47.223,37.12,40,정상
2026-07-22 07:37:30,ROBOT_04,53.15,8.334,1.829,47.891,35.41,21,정상
2026-07-22 08:30:31,ROBOT_01,51.8,9.116,2.604,47.74,36.67,35,정상
2026-07-22 08:30:31,ROBOT_02,49.48,9.166,2.048,48.078,37.98,28,정상
2026-07-22 08:30:31,ROBOT_03,54.83,9.218,2.23,47.954,36.45,40,정상
2026-07-22 08:30:31,ROBOT_04,52.44,8.425,1.643,47.579,36.38,21,정상
2026-07-22 09:23:32,ROBOT_01,52.72,11.177,2.016,47.431,36.71,35,정상
2026-07-22 09:23:32,ROBOT_02,52.31,8.425,2.989,46.694,33.76,28,정상
2026-07-22 09:23:32,ROBOT_03,51.3,11.339,2.591,47.735,35.18,40,정상
2026-07-22 09:23:32,ROBOT_04,52.24,9.138,2.114,47.096,34.71,21,정상
2026-07-22 10:16:33,ROBOT_01,55.81,9.575,2.375,47.073,33.48,35,정상
2026-07-22 10:16:33,ROBOT_02,56.76,10.298,2.188,46.449,38.12,28,정상
2026-07-22 10:16:33,ROBOT_03,50.94,9.865,3.077,47.981,34.07,40,정상
2026-07-22 10:16:33,ROBOT_04,52.97,9.934,2.124,47.323,37.19,21,정상
2026-07-22 11:09:33,ROBOT_01,54.33,9.47,2.646,47.746,39.02,35,정상
2026-07-22 11:09:33,ROBOT_02,56.09,9.869,2.527,48.107,34.36,28,정상
2026-07-22 11:09:33,ROBOT_03,54.28,9.739,2.562,48.224,37.45,40,정상
2026-07-22 11:09:33,ROBOT_04,49.23,8.061,1.787,46.788,35.08,21,정상
2026-07-22 12:02:34,ROBOT_01,56.61,9.502,2.61,46.823,36.69,35,정상
2026-07-22 12:02:34,ROBOT_02,53.11,9.88,2.507,47.891,35.96,28,정상
2026-07-22 12:02:34,ROBOT_03,54.52,9.999,2.801,46.993,33.9,40,주의
2026-07-22 12:02:34,ROBOT_04,51.15,8.47,2.696,47.211,34.52,21,정상
2026-07-22 12:55:35,ROBOT_01,51.41,10.678,2.046,47.712,36.35,35,정상
2026-07-22 12:55:35,ROBOT_02,57.49,8.638,1.725,47.489,38.22,28,정상
2026-07-22 12:55:35,ROBOT_03,57.12,10.857,2.719,46.708,40.07,40,정상
2026-07-22 12:55:35,ROBOT_04,53.96,10.416,1.821,46.674,37.62,21,정상
2026-07-22 13:48:36,ROBOT_01,57.29,10.473,2.228,45.959,37.44,35,정상
2026-07-22 13:48:36,ROBOT_02,59.85,9.934,2.064,46.412,39.26,28,정상
2026-07-22 13:48:36,ROBOT_03,55.94,9.852,2.487,46.94,40.2,40,정상
2026-07-22 13:48:36,ROBOT_04,58.67,11.036,1.853,47.085,36.41,21,정상
2026-07-22 14:41:37,ROBOT_01,55.8,9.945,2.716,47.736,36.55,35,정상
2026-07-22 14:41:37,ROBOT_02,55.42,9.334,2.448,47.19,36.98,28,정상
2026-07-22 14:41:37,ROBOT_03,56.19,10.225,2.757,46.66,38.77,40,정상
2026-07-22 14:41:37,ROBOT_04,52.59,10.093,2.139,46.755,39.57,21,정상
2026-07-22 15:34:37,ROBOT_01,56.29,11.629,2.969,47.656,36.55,35,정상
2026-07-22 15:34:37,ROBOT_02,57.4,10.537,3.131,46.915,36.78,28,정상
2026-07-22 15:34:37,ROBOT_03,52.97,11.144,3.01,47.33,36.68,40,정상
2026-07-22 15:34:37,ROBOT_04,54.56,9.37,2.391,46.984,33.3,21,정상
2026-07-22 16:27:38,ROBOT_01,57.51,10.384,2.952,46.818,40.41,35,정상
2026-07-22 16:27:38,ROBOT_02,59.4,10.934,2.87,45.694,38.61,28,정상
2026-07-22 16:27:38,ROBOT_03,58.42,10.137,3.013,47.268,38.63,40,정상
2026-07-22 16:27:38,ROBOT_04,57.42,11.242,2.129,46.32,37.66,21,정상
2026-07-22 17:20:39,ROBOT_01,58.23,11.18,2.594,46.383,37.74,35,정상
2026-07-22 17:20:39,ROBOT_02,52.52,10.158,2.47,46.846,35.35,28,정상
2026-07-22 17:20:39,ROBOT_03,63.22,12.002,2.521,46.149,42.05,40,정상
2026-07-22 17:20:39,ROBOT_04,56.7,10.511,2.315,46.629,38.92,21,정상
2026-07-22 18:13:40,ROBOT_01,55.67,10.692,2.559,46.242,37.82,35,정상
2026-07-22 18:13:40,ROBOT_02,60.09,10.036,2.114,47.098,38.84,28,정상
2026-07-22 18:13:40,ROBOT_03,58.39,12.519,3.14,46.636,43.83,40,정상
2026-07-22 18:13:40,ROBOT_04,55.27,10.065,1.662,46.395,38.51,21,정상
2026-07-22 19:06:41,ROBOT_01,59.37,11.707,2.625,46.803,40.94,35,정상
2026-07-22 19:06:41,ROBOT_02,57.16,10.573,2.683,45.908,38.5,28,주의
2026-07-22 19:06:41,ROBOT_03,59.17,10.58,2.416,46.905,38.77,40,정상
2026-07-22 19:06:41,ROBOT_04,55.12,11.623,2.323,46.487,37.99,21,정상
2026-07-22 19:59:41,ROBOT_01,59.22,11.56,2.502,46.432,37.89,35,정상
2026-07-22 19:59:41,ROBOT_02,57.01,11.183,2.314,47.055,39.56,28,정상
2026-07-22 19:59:41,ROBOT_03,54.91,10.732,2.995,47.82,36.63,40,정상
2026-07-22 19:59:41,ROBOT_04,57,10.219,2.293,47.474,38.01,21,정상
2026-07-22 20:52:42,ROBOT_01,57.85,11.579,2.652,46.899,39.64,35,주의
2026-07-22 20:52:42,ROBOT_02,59.92,10.375,2.377,47.339,39.99,28,정상
2026-07-22 20:52:42,ROBOT_03,60.35,10.725,2.647,46.997,39.07,40,정상
2026-07-22 20:52:42,ROBOT_04,55.93,8.981,2.54,46.863,36.51,21,정상
2026-07-22 21:45:43,ROBOT_01,56.05,10.239,2.355,47.218,36.28,35,정상
2026-07-22 21:45:43,ROBOT_02,52.91,10.424,2.718,46.98,41.27,28,정상
2026-07-22 21:45:43,ROBOT_03,59.18,11.56,2.189,47.002,37.9,40,정상
2026-07-22 21:45:43,ROBOT_04,59.24,11.119,2.206,46.018,36.92,21,주의
2026-07-22 22:38:44,ROBOT_01,56.08,11.028,2.246,46.785,39.84,35,정상
2026-07-22 22:38:44,ROBOT_02,58.26,9.953,2.938,46.617,39.17,28,정상
2026-07-22 22:38:44,ROBOT_03,60.99,11.227,2.938,47.381,39.96,40,정상
2026-07-22 22:38:44,ROBOT_04,56.79,9.593,1.845,46.918,41.04,21,정상
2026-07-22 23:31:44,ROBOT_01,55.23,10.521,2.073,48.214,42.72,35,정상
2026-07-22 23:31:44,ROBOT_02,55.54,10.265,3.026,46.739,37.95,28,정상
2026-07-22 23:31:44,ROBOT_03,57.58,11.261,2.93,46.639,37.77,40,주의
2026-07-22 23:31:44,ROBOT_04,55.63,10.916,2.391,46.194,38.71,21,정상
2026-07-23 00:24:45,ROBOT_01,55.42,10.118,2.362,47.318,34.02,36,정상
2026-07-23 00:24:45,ROBOT_02,58.81,9.13,2.649,47.156,37.94,29,정상
2026-07-23 00:24:45,ROBOT_03,53.46,11.021,2.499,47.479,39.56,41,정상
2026-07-23 00:24:45,ROBOT_04,57.05,9.979,1.959,47.697,39.31,22,정상
2026-07-23 01:17:46,ROBOT_01,54.74,10.57,2.394,46.596,38.03,36,정상
2026-07-23 01:17:46,ROBOT_02,54.44,10.555,2.526,47.319,39.88,29,정상
2026-07-23 01:17:46,ROBOT_03,59.04,11.207,2.823,46.885,36.89,41,정상
2026-07-23 01:17:46,ROBOT_04,54.84,10.427,2.014,46.756,37.05,22,정상
2026-07-23 02:10:47,ROBOT_01,55.35,9.911,2.318,47.546,36.1,36,정상
2026-07-23 02:10:47,ROBOT_02,54.29,10.85,2.913,48.353,35.35,29,정상
2026-07-23 02:10:47,ROBOT_03,53.92,10.572,2.713,46.458,41.61,41,정상
2026-07-23 02:10:47,ROBOT_04,55.7,10.354,2.043,46.411,38.51,22,주의
2026-07-23 03:03:48,ROBOT_01,54.68,9.467,2.208,46.791,35.16,36,정상
2026-07-23 03:03:48,ROBOT_02,56.03,9.645,1.949,46.383,34.81,29,정상
2026-07-23 03:03:48,ROBOT_03,53.18,9.838,3.015,47.505,36.44,41,정상
2026-07-23 03:03:48,ROBOT_04,49.1,8.168,1.645,47.539,33.6,22,정상
2026-07-23 03:56:48,ROBOT_01,57.65,10.084,2.349,47.031,33.49,36,정상
2026-07-23 03:56:48,ROBOT_02,55.14,10.38,2.837,47.279,34.55,29,정상
2026-07-23 03:56:48,ROBOT_03,59.02,10.4,3.349,46.731,37.94,41,정상
2026-07-23 03:56:48,ROBOT_04,54.47,10.575,1.097,47.481,36.68,22,정상
2026-07-23 04:49:49,ROBOT_01,54.31,10.661,2.522,47.886,36.65,36,정상
2026-07-23 04:49:49,ROBOT_02,55.54,9.852,2.622,47.521,34.73,29,정상
2026-07-23 04:49:49,ROBOT_03,50.22,9.654,2.904,48.122,35.98,41,정상
2026-07-23 04:49:49,ROBOT_04,49.74,9.873,2.418,47.534,36.22,22,정상
2026-07-23 05:42:50,ROBOT_01,47.92,9.114,2.667,47.485,36.71,36,정상
2026-07-23 05:42:50,ROBOT_02,50.05,8.737,2.455,47.543,33.69,29,정상
2026-07-23 05:42:50,ROBOT_03,60.25,11.115,3.43,47.134,39.67,41,주의
2026-07-23 05:42:50,ROBOT_04,49.97,9.98,1.698,47.597,34.17,22,정상
2026-07-23 06:35:51,ROBOT_01,56.92,10.701,2.486,47.089,38.05,36,정상
2026-07-23 06:35:51,ROBOT_02,54.24,9.534,2.54,47.072,33.91,29,정상
2026-07-23 06:35:51,ROBOT_03,52.18,11.121,2.752,47.679,37.76,41,정상
2026-07-23 06:35:51,ROBOT_04,55.8,10.706,1.928,46.399,38.19,22,정상
2026-07-23 07:28:52,ROBOT_01,52.24,9.873,2.505,47.404,33.54,36,정상
2026-07-23 07:28:52,ROBOT_02,52.34,8.427,2.598,47.561,33.41,29,정상
2026-07-23 07:28:52,ROBOT_03,52.71,9.912,2.631,47.545,34.3,41,정상
2026-07-23 07:28:52,ROBOT_04,52.1,8.861,2.102,47.309,35.17,22,정상
2026-07-23 08:21:52,ROBOT_01,57.39,10.563,2.856,47.606,35.05,36,주의
2026-07-23 08:21:52,ROBOT_02,59.31,9.524,2.027,48.617,35.3,29,정상
2026-07-23 08:21:52,ROBOT_03,56.93,10.093,3.307,47.628,35.26,41,정상
2026-07-23 08:21:52,ROBOT_04,51.67,7.66,2.33,48.194,34.43,22,정상
2026-07-23 09:14:53,ROBOT_01,55.62,10.27,3.19,46.37,35.47,36,정상
2026-07-23 09:14:53,ROBOT_02,55.49,10.465,2.27,47.874,34.53,29,정상
2026-07-23 09:14:53,ROBOT_03,55.36,11.105,2.622,48.057,36.54,41,정상
2026-07-23 09:14:53,ROBOT_04,52.41,10.055,2.167,47.118,34.82,22,정상
2026-07-23 10:07:54,ROBOT_01,52.48,10.534,2.292,47.542,36.67,36,정상
2026-07-23 10:07:54,ROBOT_02,52.64,9.914,2.864,47.662,36.7,29,정상
2026-07-23 10:07:54,ROBOT_03,51.69,8.885,2.272,47.557,37.2,41,정상
2026-07-23 10:07:54,ROBOT_04,54.46,10.169,2.457,46.929,35.23,22,정상
2026-07-23 11:00:55,ROBOT_01,59.02,9.576,2.369,47.702,31.67,36,정상
2026-07-23 11:00:55,ROBOT_02,56.56,9.868,2.253,47.588,39.47,29,정상
2026-07-23 11:00:55,ROBOT_03,58.94,10.809,2.513,46.843,36.54,41,정상
2026-07-23 11:00:55,ROBOT_04,54.53,9.254,2.364,47.476,34.81,22,정상
2026-07-23 11:53:56,ROBOT_01,53.74,10.412,2.396,47.782,36.08,36,정상
2026-07-23 11:53:56,ROBOT_02,53.5,8.862,2.475,47.141,39.38,29,정상
2026-07-23 11:53:56,ROBOT_03,51.76,10.336,2.16,47.116,39.14,41,정상
2026-07-23 11:53:56,ROBOT_04,56.71,9.803,1.922,47.098,34.69,22,정상
2026-07-23 12:46:56,ROBOT_01,57.56,9.734,2.444,47.258,34.62,36,정상
2026-07-23 12:46:56,ROBOT_02,56.06,10.432,2.421,47.688,36.38,29,정상
2026-07-23 12:46:56,ROBOT_03,58.03,10.61,2.488,47.084,39.67,41,정상
2026-07-23 12:46:56,ROBOT_04,56.26,9.571,2.208,48.006,34.97,22,정상
2026-07-23 13:39:57,ROBOT_01,58.9,10.48,2.596,46.798,39.91,36,정상
2026-07-23 13:39:57,ROBOT_02,54.1,10.499,2.478,46.735,38.36,29,정상
2026-07-23 13:39:57,ROBOT_03,54.05,9.734,2.509,46.49,38.99,41,정상
2026-07-23 13:39:57,ROBOT_04,56.35,9.776,2.637,46.165,42.05,22,정상
2026-07-23 14:32:58,ROBOT_01,55.87,11.062,2.645,46.537,38.79,36,정상
2026-07-23 14:32:58,ROBOT_02,54.79,9.818,2.554,47.735,35.17,29,정상
2026-07-23 14:32:58,ROBOT_03,58.18,11.076,2.871,47.566,38.3,41,정상
2026-07-23 14:32:58,ROBOT_04,53.19,9.385,1.921,46.994,37.96,22,정상
2026-07-23 15:25:59,ROBOT_01,59.82,11.174,2.42,47.054,38.7,36,정상
2026-07-23 15:25:59,ROBOT_02,54.9,11.396,2.365,47.385,36.62,29,정상
2026-07-23 15:25:59,ROBOT_03,54.88,10.895,2.722,46.051,37.64,41,정상
2026-07-23 15:25:59,ROBOT_04,56.73,10.555,2.258,47.165,37.43,22,정상
2026-07-23 16:19:00,ROBOT_01,58.44,10.902,2.543,47.059,40.69,36,정상
2026-07-23 16:19:00,ROBOT_02,57.18,11.062,2.734,46.655,42.93,29,정상
2026-07-23 16:19:00,ROBOT_03,59.62,9.838,2.705,47.44,40.23,41,정상
2026-07-23 16:19:00,ROBOT_04,59.07,10.405,1.957,46.51,38.81,22,정상
2026-07-23 17:12:00,ROBOT_01,63.42,10.251,2.406,46.601,41.63,36,주의
2026-07-23 17:12:00,ROBOT_02,54.68,9.774,2.623,46.565,40.34,29,정상
2026-07-23 17:12:00,ROBOT_03,60.46,11.986,2.38,46.71,39.98,41,주의
2026-07-23 17:12:00,ROBOT_04,57.74,11.508,2.155,46.707,41.26,22,정상
2026-07-23 18:05:01,ROBOT_01,60.31,11.337,2.573,46.885,39.38,36,주의
2026-07-23 18:05:01,ROBOT_02,56.8,10.958,2.916,46.995,37.74,29,정상
2026-07-23 18:05:01,ROBOT_03,62.06,11.393,3.576,46.637,42.48,41,주의
2026-07-23 18:05:01,ROBOT_04,55.94,8.939,2.594,46.883,35.46,22,정상
2026-07-23 18:58:02,ROBOT_01,63.03,10.523,2.784,46.33,38.78,36,정상
2026-07-23 18:58:02,ROBOT_02,57.96,12.646,2.765,46.416,40.02,29,주의
2026-07-23 18:58:02,ROBOT_03,59.68,12.094,2.89,46.296,40.08,41,주의
2026-07-23 18:58:02,ROBOT_04,58.99,10.444,2.154,46.659,39.36,22,정상
2026-07-23 19:51:03,ROBOT_01,58.54,10.679,3.08,47.234,41.36,36,정상
2026-07-23 19:51:03,ROBOT_02,57.47,10.269,2.655,46.959,38.84,29,정상
2026-07-23 19:51:03,ROBOT_03,60.81,11.568,3.073,46.304,43.5,41,정상
2026-07-23 19:51:03,ROBOT_04,60.46,10.836,2.63,46.403,38.75,22,정상
2026-07-23 20:44:03,ROBOT_01,57.2,10.906,2.21,46.771,34.99,36,정상
2026-07-23 20:44:03,ROBOT_02,52.84,9.908,2.598,46.837,39.72,29,정상
2026-07-23 20:44:03,ROBOT_03,57.52,11.308,2.614,47.411,42.41,41,정상
2026-07-23 20:44:03,ROBOT_04,59.78,10.047,2.528,46.869,40.94,22,정상
2026-07-23 21:37:04,ROBOT_01,56.59,11.279,2.395,46.426,41.76,36,주의
2026-07-23 21:37:04,ROBOT_02,58.02,9.592,2.098,46.21,39.24,29,정상
2026-07-23 21:37:04,ROBOT_03,58.19,11.273,2.915,47.444,39.18,41,정상
2026-07-23 21:37:04,ROBOT_04,52.74,9.927,2.29,47.03,38.37,22,정상
2026-07-23 22:30:05,ROBOT_01,57.17,10.671,2.946,46.738,38.88,36,정상
2026-07-23 22:30:05,ROBOT_02,58.15,11.251,2.764,46.37,39.24,29,정상
2026-07-23 22:30:05,ROBOT_03,55.52,10.946,2.797,47.224,41.48,41,정상
2026-07-23 22:30:05,ROBOT_04,54.79,10.448,1.843,46.812,40.3,22,정상
2026-07-23 23:23:06,ROBOT_01,60.13,10.17,2.305,47.104,37.01,36,정상
2026-07-23 23:23:06,ROBOT_02,59.02,11.061,2.967,47.374,37.05,29,정상
2026-07-23 23:23:06,ROBOT_03,56.51,11.36,2.845,47.396,38.51,41,정상
2026-07-23 23:23:06,ROBOT_04,58.29,10.332,2.097,47.038,35.6,22,정상
2026-07-24 00:16:07,ROBOT_01,54.81,10.557,2.555,47.152,39.27,37,주의
2026-07-24 00:16:07,ROBOT_02,59.89,9.77,2.437,46.932,39.15,30,정상
2026-07-24 00:16:07,ROBOT_03,57.67,10.297,2.465,46.627,35.75,42,주의
2026-07-24 00:16:07,ROBOT_04,51.12,9.71,2.554,47.132,34.23,23,정상
2026-07-24 01:09:07,ROBOT_01,60.69,11.46,2.925,46.507,38.48,37,주의
2026-07-24 01:09:07,ROBOT_02,59.13,10.266,2.619,47.237,37.88,30,정상
2026-07-24 01:09:07,ROBOT_03,53.74,12.462,2.71,47.882,36.29,42,정상
2026-07-24 01:09:07,ROBOT_04,52.23,9.701,2.152,46.91,35.85,23,정상
2026-07-24 02:02:08,ROBOT_01,55.89,11.473,2.377,47.746,39.47,37,정상
2026-07-24 02:02:08,ROBOT_02,57.87,10.6,2.371,46.775,37.86,30,정상
2026-07-24 02:02:08,ROBOT_03,56.35,10.812,2.688,46.809,43.1,42,주의
2026-07-24 02:02:08,ROBOT_04,55.74,10.138,2.156,46.885,38.23,23,정상
2026-07-24 02:55:09,ROBOT_01,55.05,8.99,2.697,46.907,37.07,37,정상
2026-07-24 02:55:09,ROBOT_02,59.5,9.722,2.452,47.41,38.85,30,정상
2026-07-24 02:55:09,ROBOT_03,49.86,10.175,2.611,47.838,37,42,정상
2026-07-24 02:55:09,ROBOT_04,55.3,8.59,1.925,47.992,36.32,23,정상
2026-07-24 03:48:10,ROBOT_01,57.78,10.028,2.274,47.232,33.94,37,정상
2026-07-24 03:48:10,ROBOT_02,54.8,8.411,2.455,46.985,36.89,30,정상
2026-07-24 03:48:10,ROBOT_03,55.78,10.384,2.741,47.112,36.22,42,정상
2026-07-24 03:48:10,ROBOT_04,50.07,9.067,2.211,46.755,36.11,23,정상
2026-07-24 04:41:11,ROBOT_01,60.07,10.125,2.618,46.912,35.65,37,정상
2026-07-24 04:41:11,ROBOT_02,54.32,10.659,2.321,47.413,34.16,30,정상
2026-07-24 04:41:11,ROBOT_03,57.15,10.6,2.394,47.255,36.98,42,정상
2026-07-24 04:41:11,ROBOT_04,53.8,10.627,2.679,47.272,37.8,23,정상
2026-07-24 05:34:11,ROBOT_01,56.84,10.326,2.594,47.191,37.75,37,정상
2026-07-24 05:34:11,ROBOT_02,53.42,9.85,2.581,47.035,37.13,30,정상
2026-07-24 05:34:11,ROBOT_03,60.77,10.759,2.789,46.647,38.5,42,정상
2026-07-24 05:34:11,ROBOT_04,49.78,8.918,2.22,47.759,34.26,23,정상
2026-07-24 06:27:12,ROBOT_01,55.41,11.297,2.894,47.709,40.51,37,정상
2026-07-24 06:27:12,ROBOT_02,55.51,10.195,2.559,47.303,35.03,30,정상
2026-07-24 06:27:12,ROBOT_03,51.46,10.062,2.632,48.403,37.35,42,정상
2026-07-24 06:27:12,ROBOT_04,56.06,9.305,1.716,47.051,32.32,23,정상
2026-07-24 07:20:13,ROBOT_01,53.06,9.673,2.077,47.777,35.58,37,정상
2026-07-24 07:20:13,ROBOT_02,49.88,10.289,1.752,47.131,37.75,30,정상
2026-07-24 07:20:13,ROBOT_03,56.11,10.745,2.598,47.204,34.52,42,정상
2026-07-24 07:20:13,ROBOT_04,51.73,9.644,1.958,47.042,33,23,정상
2026-07-24 08:13:14,ROBOT_01,50.21,9.501,2.299,47.639,36.46,37,정상
2026-07-24 08:13:14,ROBOT_02,52.65,9.923,2.661,47.054,35.36,30,정상
2026-07-24 08:13:14,ROBOT_03,54.67,9.574,2.084,47.407,42.79,42,정상
2026-07-24 08:13:14,ROBOT_04,55.35,9.641,2.234,46.873,34.84,23,정상
2026-07-24 09:06:15,ROBOT_01,51.69,10.324,2.271,46.642,36.91,37,정상
2026-07-24 09:06:15,ROBOT_02,59.74,11.468,2.694,47.293,41.25,30,정상
2026-07-24 09:06:15,ROBOT_03,53.27,9.872,2.327,47.382,36.65,42,정상
2026-07-24 09:06:15,ROBOT_04,54.37,10.442,2.462,47.498,33.64,23,정상
2026-07-24 09:59:15,ROBOT_01,49.85,9.218,2.388,47.215,34.37,37,정상
2026-07-24 09:59:15,ROBOT_02,57.54,9.924,2.234,47.16,37.57,30,정상
2026-07-24 09:59:15,ROBOT_03,50.07,10.915,2.798,47.861,36.22,42,정상
2026-07-24 09:59:15,ROBOT_04,55.64,9.454,1.922,47.788,35.85,23,정상
2026-07-24 10:52:16,ROBOT_01,55.17,10.46,2.963,47.788,36.94,37,정상
2026-07-24 10:52:16,ROBOT_02,56.6,9.927,2.564,47.736,35.84,30,정상
2026-07-24 10:52:16,ROBOT_03,55.72,11.982,3.027,47.224,39.05,42,정상
2026-07-24 10:52:16,ROBOT_04,55.36,9.155,2.382,47.691,32.53,23,정상
2026-07-24 11:45:17,ROBOT_01,57.19,10.322,2.939,47.011,33.28,37,정상
2026-07-24 11:45:17,ROBOT_02,54.04,9.48,2.278,46.882,36.1,30,정상
2026-07-24 11:45:17,ROBOT_03,56.39,11.131,2.42,47.413,37.97,42,정상
2026-07-24 11:45:17,ROBOT_04,53.92,9.306,2.055,46.694,33.17,23,정상
2026-07-24 12:38:18,ROBOT_01,64.2,12.65,4.49,45.91,43.51,37,주의
2026-07-24 12:38:18,ROBOT_02,57.8,13.035,2.44,46.526,39.24,30,정상
2026-07-24 12:38:18,ROBOT_03,53.8,12.617,3.015,47.546,40.7,42,주의
2026-07-24 12:38:18,ROBOT_04,54.51,9.793,1.605,47.05,35.1,23,정상
2026-07-24 13:31:19,ROBOT_01,52.08,9.928,2.326,47.144,37.17,37,정상
2026-07-24 13:31:19,ROBOT_02,56.23,11.523,2.642,46.698,41.47,30,정상
2026-07-24 13:31:19,ROBOT_03,57.1,10.159,2.502,47.035,40.52,42,정상
2026-07-24 13:31:19,ROBOT_04,52.83,10.687,2.612,47.403,34.84,23,정상
2026-07-24 14:24:19,ROBOT_01,57.02,11.608,3.056,48,37.98,37,정상
2026-07-24 14:24:19,ROBOT_02,52.53,11.337,2.386,46.637,38.36,30,정상
2026-07-24 14:24:19,ROBOT_03,57.63,10.678,2.653,47.07,38.47,42,정상
2026-07-24 14:24:19,ROBOT_04,56.28,9.614,2.092,47.561,37.04,23,정상
2026-07-24 15:17:20,ROBOT_01,56.8,11.005,2.131,46.546,38.73,37,정상
2026-07-24 15:17:20,ROBOT_02,54.17,11.058,2.124,46.86,37.26,30,정상
2026-07-24 15:17:20,ROBOT_03,58.61,11.561,2.976,47.016,39.12,42,정상
2026-07-24 15:17:20,ROBOT_04,61.88,11.201,2.542,46.654,40.27,23,정상
2026-07-24 16:10:21,ROBOT_01,54.47,11.159,2.441,47.856,37.28,37,정상
2026-07-24 16:10:21,ROBOT_02,58.77,10.588,2.545,47.46,38.71,30,정상
2026-07-24 16:10:21,ROBOT_03,57.37,12.221,2.712,46.664,39.17,42,정상
2026-07-24 16:10:21,ROBOT_04,57.14,10.604,1.99,47.088,40.49,23,정상
2026-07-24 17:03:22,ROBOT_01,55.4,11.783,2.713,46.541,41.97,37,정상
2026-07-24 17:03:22,ROBOT_02,61.04,10.819,2.551,46.891,40.29,30,정상
2026-07-24 17:03:22,ROBOT_03,63.04,11.262,3.159,46.769,39.97,42,정상
2026-07-24 17:03:22,ROBOT_04,57.27,9.806,1.913,46.883,36.99,23,정상
2026-07-24 17:56:22,ROBOT_01,61.3,10.816,3.095,46.551,38.66,37,정상
2026-07-24 17:56:22,ROBOT_02,58.21,11.126,2.843,46.849,41.39,30,정상
2026-07-24 17:56:22,ROBOT_03,62.23,12.24,2.83,45.997,44.21,42,주의
2026-07-24 17:56:22,ROBOT_04,56.64,10.59,2.658,46.035,36.95,23,정상
2026-07-24 18:49:23,ROBOT_01,58.8,9.488,2.676,47.128,39.37,37,정상
2026-07-24 18:49:23,ROBOT_02,53.35,11.053,2.299,46.347,36.84,30,정상
2026-07-24 18:49:23,ROBOT_03,56.41,10.084,2.387,47.154,35.13,42,정상
2026-07-24 18:49:23,ROBOT_04,56.49,9.222,2.583,46.842,34.65,23,정상
2026-07-24 19:42:24,ROBOT_01,54.62,11.286,2.48,47.196,38.47,37,정상
2026-07-24 19:42:24,ROBOT_02,55.82,9.373,2.617,47.607,38.36,30,정상
2026-07-24 19:42:24,ROBOT_03,57.78,10.395,3,47.206,37.98,42,정상
2026-07-24 19:42:24,ROBOT_04,59.15,10.706,2.582,47.605,40.74,23,정상
2026-07-24 20:35:25,ROBOT_01,60.72,11,2.375,46.569,39.53,37,정상
2026-07-24 20:35:25,ROBOT_02,60.35,10.258,2.22,46.861,41.56,30,주의
2026-07-24 20:35:25,ROBOT_03,57.89,12.076,2.77,46.631,40.77,42,주의
2026-07-24 20:35:25,ROBOT_04,53.23,10.429,2.496,46.7,40.89,23,정상
2026-07-24 21:28:26,ROBOT_01,62.73,11.643,2.476,47.417,39.12,37,정상
2026-07-24 21:28:26,ROBOT_02,60.13,11.275,2.677,46.583,37.91,30,정상
2026-07-24 21:28:26,ROBOT_03,58.56,11.142,2.371,46.554,41.42,42,정상
2026-07-24 21:28:26,ROBOT_04,58.5,10.68,1.854,45.995,39.9,23,정상
2026-07-24 22:21:26,ROBOT_01,59.19,10.199,2.536,46.639,39.77,37,정상
2026-07-24 22:21:26,ROBOT_02,57.08,10.301,2.718,46.044,38.09,30,주의
2026-07-24 22:21:26,ROBOT_03,55.52,10.482,2.984,47.467,36.94,42,정상
2026-07-24 22:21:26,ROBOT_04,53.09,8.971,2.507,47.919,38.11,23,정상
2026-07-24 23:14:27,ROBOT_01,57.05,10.67,2.998,47.9,34.74,37,정상
2026-07-24 23:14:27,ROBOT_02,54.53,11.369,2.772,46.535,35.93,30,주의
2026-07-24 23:14:27,ROBOT_03,55.99,10.668,2.961,47.312,38.19,42,주의
2026-07-24 23:14:27,ROBOT_04,56.7,10.33,2.313,46.74,37.03,23,정상
2026-07-25 00:07:28,ROBOT_01,58.52,10.963,2.776,47.508,44.2,38,주의
2026-07-25 00:07:28,ROBOT_02,55.75,10.191,2.631,46.434,38.84,31,정상
2026-07-25 00:07:28,ROBOT_03,56.7,10.879,3.151,47.653,38.83,43,주의
2026-07-25 00:07:28,ROBOT_04,54.03,11.263,2.471,47.335,35.49,24,정상
2026-07-25 01:00:29,ROBOT_01,54.08,12.286,2.684,47.737,37.94,38,정상
2026-07-25 01:00:29,ROBOT_02,58.46,10.54,2.45,46.308,35.08,31,정상
2026-07-25 01:00:29,ROBOT_03,59.36,10.843,2.172,46.659,40.49,43,정상
2026-07-25 01:00:29,ROBOT_04,58.85,10.123,1.814,46.893,38.6,24,정상
2026-07-25 01:53:30,ROBOT_01,60.31,11.575,2.825,47.29,35.36,38,주의
2026-07-25 01:53:30,ROBOT_02,59.66,10.357,2.414,47.003,35.76,31,정상
2026-07-25 01:53:30,ROBOT_03,55.55,10.099,2.532,46.687,37.14,43,정상
2026-07-25 01:53:30,ROBOT_04,55.31,10.233,2.604,47.072,35.56,24,정상
2026-07-25 02:46:30,ROBOT_01,57.89,9.701,2.831,47.153,33.55,38,정상
2026-07-25 02:46:30,ROBOT_02,58.91,10.11,2.088,47.226,38.37,31,정상
2026-07-25 02:46:30,ROBOT_03,52.95,11.589,2.778,46.859,36.3,43,정상
2026-07-25 02:46:30,ROBOT_04,55.78,8.748,2.426,47.055,37.79,24,정상
2026-07-25 03:39:31,ROBOT_01,54.01,11.289,2.941,47.711,38.29,38,정상
2026-07-25 03:39:31,ROBOT_02,59.47,10.161,2.625,47.329,38.03,31,정상
2026-07-25 03:39:31,ROBOT_03,54,10.924,2.795,47.569,38.02,43,정상
2026-07-25 03:39:31,ROBOT_04,58.25,9.232,2.273,46.78,36.51,24,정상
2026-07-25 04:32:32,ROBOT_01,56.31,10.574,2.183,47.027,38.01,38,정상
2026-07-25 04:32:32,ROBOT_02,57.81,10.498,2.431,47.611,36.67,31,정상
2026-07-25 04:32:32,ROBOT_03,53.27,11.102,2.952,47.964,37.37,43,정상
2026-07-25 04:32:32,ROBOT_04,56.03,9.251,2.188,46.815,34.26,24,정상
2026-07-25 05:25:33,ROBOT_01,53.23,11.161,2.646,47.44,37.77,38,정상
2026-07-25 05:25:33,ROBOT_02,51.94,9.844,1.598,47.37,34.08,31,정상
2026-07-25 05:25:33,ROBOT_03,54.85,9.71,2.758,47.566,40.34,43,정상
2026-07-25 05:25:33,ROBOT_04,54.43,9.567,1.952,47.238,37.08,24,정상
2026-07-25 06:18:34,ROBOT_01,53.22,10.227,2.173,47.07,35.54,38,정상
2026-07-25 06:18:34,ROBOT_02,53.77,7.717,2.868,47.653,38.1,31,정상
2026-07-25 06:18:34,ROBOT_03,54.72,9.832,2.127,48.016,36.96,43,정상
2026-07-25 06:18:34,ROBOT_04,54.58,9.625,2.444,47.807,37.36,24,정상
2026-07-25 07:11:34,ROBOT_01,54,10.563,2.325,47.109,36.82,38,정상
2026-07-25 07:11:34,ROBOT_02,59.93,9.713,2.725,47.01,37.96,31,정상
2026-07-25 07:11:34,ROBOT_03,56.24,9.792,2.465,46.932,37.54,43,정상
2026-07-25 07:11:34,ROBOT_04,53.73,9.591,2.297,46.676,35.18,24,정상
2026-07-25 08:04:35,ROBOT_01,54.82,9.831,2.192,47.12,36.27,38,정상
2026-07-25 08:04:35,ROBOT_02,62.37,10.132,2.215,46.708,37.58,31,주의
2026-07-25 08:04:35,ROBOT_03,55.37,9.084,2.301,47.463,33.66,43,정상
2026-07-25 08:04:35,ROBOT_04,54.05,9.622,2.312,47.797,35.69,24,정상
2026-07-25 08:57:36,ROBOT_01,52.91,10.039,2.406,47.366,35.41,38,정상
2026-07-25 08:57:36,ROBOT_02,52.6,9.822,2.101,47.506,37.04,31,정상
2026-07-25 08:57:36,ROBOT_03,54.64,9.153,2.824,47.324,36.55,43,정상
2026-07-25 08:57:36,ROBOT_04,54.63,8.639,2.387,47.251,34.82,24,정상
2026-07-25 09:50:37,ROBOT_01,57.99,10.213,2.332,46.809,36.09,38,정상
2026-07-25 09:50:37,ROBOT_02,53.7,10.163,2.501,47.384,36.43,31,정상
2026-07-25 09:50:37,ROBOT_03,61.96,11.666,2.835,47.564,38.58,43,주의
2026-07-25 09:50:37,ROBOT_04,51.56,9.615,1.952,47.959,33.11,24,정상
2026-07-25 10:43:38,ROBOT_01,56.17,9.02,2.369,47.498,36.69,38,정상
2026-07-25 10:43:38,ROBOT_02,55.18,11.474,2.361,47.961,37.05,31,정상
2026-07-25 10:43:38,ROBOT_03,54.66,11.183,2.731,47.332,38.83,43,정상
2026-07-25 10:43:38,ROBOT_04,53.78,10.065,2.098,46.125,34.63,24,정상
2026-07-25 11:36:38,ROBOT_01,58.38,10.462,2.938,47.212,36.98,38,정상
2026-07-25 11:36:38,ROBOT_02,58.79,10.049,2.375,47.208,36.76,31,정상
2026-07-25 11:36:38,ROBOT_03,55.22,10.989,3.05,46.902,37,43,정상
2026-07-25 11:36:38,ROBOT_04,54.5,9.306,2.457,46.953,36.28,24,정상
2026-07-25 12:29:39,ROBOT_01,52.85,11.83,2.8,46.647,36.95,38,정상
2026-07-25 12:29:39,ROBOT_02,54.34,9.431,2.112,47.019,37.3,31,정상
2026-07-25 12:29:39,ROBOT_03,52.45,10.839,2.725,47.56,35.45,43,정상
2026-07-25 12:29:39,ROBOT_04,58.3,9.603,2.389,47.653,36.38,24,정상
2026-07-25 13:22:40,ROBOT_01,54.01,11.228,2.495,47.64,37.81,38,정상
2026-07-25 13:22:40,ROBOT_02,55.34,11.389,2.588,47.544,37.71,31,정상
2026-07-25 13:22:40,ROBOT_03,55.23,10.843,2.956,46.948,40.06,43,정상
2026-07-25 13:22:40,ROBOT_04,53.02,9.536,2.359,47.032,38.71,24,정상
2026-07-25 14:15:41,ROBOT_01,57.77,10.451,2.539,46.815,35.5,38,정상
2026-07-25 14:15:41,ROBOT_02,57.23,10.867,2.302,46.267,41.18,31,정상
2026-07-25 14:15:41,ROBOT_03,60.54,10.394,2.658,46.605,37.58,43,정상
2026-07-25 14:15:41,ROBOT_04,56.69,10.199,2.188,46.301,36.8,24,정상
2026-07-25 15:08:41,ROBOT_01,61.59,10.949,3.028,46.923,39.46,38,정상
2026-07-25 15:08:41,ROBOT_02,60.14,10.707,2.994,46.719,39.39,31,정상
2026-07-25 15:08:41,ROBOT_03,61.66,10.874,2.277,46.889,38.38,43,주의
2026-07-25 15:08:41,ROBOT_04,53.95,8.613,1.874,47.629,35.59,24,정상
2026-07-25 16:01:42,ROBOT_01,61.77,11.041,2.487,46.826,37.31,38,정상
2026-07-25 16:01:42,ROBOT_02,58.83,12.55,2.702,46.881,35.34,31,정상
2026-07-25 16:01:42,ROBOT_03,58.37,12.091,2.834,46.975,40.67,43,정상
2026-07-25 16:01:42,ROBOT_04,54.6,10.188,2.936,46.602,40.79,24,정상
2026-07-25 16:54:43,ROBOT_01,56.75,11.589,2.916,46.424,40.84,38,주의
2026-07-25 16:54:43,ROBOT_02,58.13,10.33,2.857,47.031,41.16,31,정상
2026-07-25 16:54:43,ROBOT_03,63.7,11.801,2.67,46.616,42.03,43,주의
2026-07-25 16:54:43,ROBOT_04,56.65,11.088,1.828,47.494,34.75,24,정상
2026-07-25 17:47:44,ROBOT_01,54.74,9.955,2.309,47.336,36.84,38,정상
2026-07-25 17:47:44,ROBOT_02,64.55,13.533,2.571,45.43,38.56,31,주의
2026-07-25 17:47:44,ROBOT_03,64.73,12.649,2.773,46.895,40.98,43,주의
2026-07-25 17:47:44,ROBOT_04,61.58,10.725,2.655,46.39,38.44,24,정상
2026-07-25 18:40:45,ROBOT_01,61.23,10.745,2.648,47.545,36.33,38,정상
2026-07-25 18:40:45,ROBOT_02,56.57,10.336,2.416,45.988,37.8,31,정상
2026-07-25 18:40:45,ROBOT_03,63.17,11.359,2.603,46.468,39.76,43,주의
2026-07-25 18:40:45,ROBOT_04,59.04,11.494,2.702,46.432,42.38,24,정상
2026-07-25 19:33:45,ROBOT_01,56.05,10.548,3.165,46.673,40.29,38,정상
2026-07-25 19:33:45,ROBOT_02,58.57,10.823,2.668,45.995,37.79,31,정상
2026-07-25 19:33:45,ROBOT_03,59.32,10.935,2.573,46.829,41.43,43,정상
2026-07-25 19:33:45,ROBOT_04,55.45,10.545,2.131,46.94,36.79,24,정상
2026-07-25 20:26:46,ROBOT_01,55.29,11.901,2.529,46.988,37.62,38,정상
2026-07-25 20:26:46,ROBOT_02,54.91,9.784,2.216,47.296,37.11,31,정상
2026-07-25 20:26:46,ROBOT_03,59.02,11.308,3.115,46.489,39.36,43,주의
2026-07-25 20:26:46,ROBOT_04,58.43,11.262,2.288,47.305,40.85,24,정상
2026-07-25 21:19:47,ROBOT_01,57.25,11.329,2.89,46.621,42.69,38,정상
2026-07-25 21:19:47,ROBOT_02,61.55,9.469,1.946,46.519,40.68,31,정상
2026-07-25 21:19:47,ROBOT_03,61.22,9.852,2.646,46.119,37.16,43,정상
2026-07-25 21:19:47,ROBOT_04,57.27,11.267,2.429,46.033,38.46,24,정상
2026-07-25 22:12:48,ROBOT_01,59.55,12.453,2.872,47.387,38.46,38,정상
2026-07-25 22:12:48,ROBOT_02,62.21,11.902,2.574,45.881,40.04,31,주의
2026-07-25 22:12:48,ROBOT_03,55.65,11.445,3.023,47.187,41.67,43,주의
2026-07-25 22:12:48,ROBOT_04,54.37,9.935,2.228,46.603,38.33,24,정상
2026-07-25 23:05:49,ROBOT_01,55.36,11.244,2.352,46.845,38.92,38,주의
2026-07-25 23:05:49,ROBOT_02,58.05,10.743,2.223,46.596,41.84,31,정상
2026-07-25 23:05:49,ROBOT_03,54.07,11.814,2.414,46.565,39.07,43,주의
2026-07-25 23:05:49,ROBOT_04,58.82,10.835,1.842,46.85,38.95,24,정상
2026-07-25 23:58:49,ROBOT_01,60.51,10.547,2.86,47.138,40.18,38,정상
2026-07-25 23:58:49,ROBOT_02,60.97,10.55,2.808,46.737,38.85,31,정상
2026-07-25 23:58:49,ROBOT_03,60.58,10.837,3.376,46.943,37.26,43,주의
2026-07-25 23:58:49,ROBOT_04,56.11,9.883,2.753,46.932,38.54,24,주의
2026-07-26 00:51:50,ROBOT_01,56.51,11.302,2.566,46.821,40.48,39,정상
2026-07-26 00:51:50,ROBOT_02,57.9,10.926,2.521,47.137,38.21,32,정상
2026-07-26 00:51:50,ROBOT_03,57.87,10.842,2.902,46.899,38.6,44,정상
2026-07-26 00:51:50,ROBOT_04,54.21,10.332,1.5,46.138,37.77,25,정상
2026-07-26 01:44:51,ROBOT_01,54.57,10.761,2.916,46.95,38.73,39,정상
2026-07-26 01:44:51,ROBOT_02,55.15,11.309,3.002,47.536,36.51,32,정상
2026-07-26 01:44:51,ROBOT_03,58.48,10.447,2.471,47.086,40.52,44,정상
2026-07-26 01:44:51,ROBOT_04,58.23,9.691,2.538,46.39,38.35,25,정상
2026-07-26 02:37:52,ROBOT_01,53.91,11.769,2.896,47.27,38.38,39,정상
2026-07-26 02:37:52,ROBOT_02,51.53,10.149,2.281,47.452,38.04,32,정상
2026-07-26 02:37:52,ROBOT_03,57.97,10.878,2.975,46.12,39.48,44,정상
2026-07-26 02:37:52,ROBOT_04,58.26,10,2.48,46.65,37.14,25,정상
2026-07-26 03:30:53,ROBOT_01,55.43,10.394,2.379,47.098,37.14,39,정상
2026-07-26 03:30:53,ROBOT_02,52.44,11.182,2.266,47.107,41.3,32,정상
2026-07-26 03:30:53,ROBOT_03,60.94,12.245,3.223,46.262,39.06,44,주의
2026-07-26 03:30:53,ROBOT_04,55.14,11.715,2.195,46.384,37.1,25,정상
2026-07-26 04:23:53,ROBOT_01,56.94,10.064,3.006,47.554,36.03,39,정상
2026-07-26 04:23:53,ROBOT_02,57.56,10.552,2.778,47.003,37.47,32,정상
2026-07-26 04:23:53,ROBOT_03,59.62,10.287,2.684,47.06,38.56,44,정상
2026-07-26 04:23:53,ROBOT_04,56.75,8.73,2.919,46.697,37.03,25,정상
2026-07-26 05:16:54,ROBOT_01,54.34,10.149,2.561,46.951,36.14,39,정상
2026-07-26 05:16:54,ROBOT_02,56.47,9.486,2.332,47.417,40.72,32,정상
2026-07-26 05:16:54,ROBOT_03,55.37,10.567,3.02,47.24,37.09,44,정상
2026-07-26 05:16:54,ROBOT_04,57.3,9.784,2.115,47.164,37.23,25,정상
2026-07-26 06:09:55,ROBOT_01,60.72,9.927,2.789,47.145,36.94,39,정상
2026-07-26 06:09:55,ROBOT_02,58.84,9.066,2.302,47.042,37.8,32,정상
2026-07-26 06:09:55,ROBOT_03,57.23,10.355,2.763,46.747,40.06,44,정상
2026-07-26 06:09:55,ROBOT_04,55.99,9.464,2.565,46.815,35.19,25,정상
2026-07-26 07:02:56,ROBOT_01,55.42,10.567,2.104,47.215,35.5,39,정상
2026-07-26 07:02:56,ROBOT_02,57.53,9.745,2.636,46.657,38.19,32,정상
2026-07-26 07:02:56,ROBOT_03,54.78,9.989,3.403,47.393,36.93,44,정상
2026-07-26 07:02:56,ROBOT_04,54.48,9.879,2.157,46.58,36.21,25,정상
2026-07-26 07:55:57,ROBOT_01,61.04,10.523,2.972,46.796,37.54,39,정상
2026-07-26 07:55:57,ROBOT_02,54.23,10.104,2.386,47.318,36.46,32,정상
2026-07-26 07:55:57,ROBOT_03,52.57,9.552,2.154,47.347,36.1,44,정상
2026-07-26 07:55:57,ROBOT_04,53.19,10.206,2.14,47.742,36.35,25,정상
2026-07-26 08:48:57,ROBOT_01,55.58,10.55,2.439,47.098,40.93,39,정상
2026-07-26 08:48:57,ROBOT_02,52.7,10.895,1.94,46.905,36.25,32,정상
2026-07-26 08:48:57,ROBOT_03,53.51,12.238,2.455,47.155,39.02,44,정상
2026-07-26 08:48:57,ROBOT_04,51.92,9.891,2.316,45.72,34.12,25,정상
2026-07-26 09:41:58,ROBOT_01,56.6,9.131,2.603,47.768,35.15,39,정상
2026-07-26 09:41:58,ROBOT_02,53.25,10.577,2.343,46.881,36.88,32,정상
2026-07-26 09:41:58,ROBOT_03,57.11,11.657,2.955,46.884,36.21,44,주의
2026-07-26 09:41:58,ROBOT_04,53,10.223,1.942,45.987,33.07,25,정상
2026-07-26 10:34:59,ROBOT_01,55.98,10.52,2.49,46.485,37.02,39,정상
2026-07-26 10:34:59,ROBOT_02,53.74,9.974,2.83,47.751,34.24,32,정상
2026-07-26 10:34:59,ROBOT_03,58.79,11.481,2.079,47.414,35.34,44,정상
2026-07-26 10:34:59,ROBOT_04,55.77,9.836,2.293,47.691,35.22,25,정상
2026-07-26 11:28:00,ROBOT_01,56.15,10.223,2.985,46.35,38.07,39,정상
2026-07-26 11:28:00,ROBOT_02,57.04,11.043,2.621,47.492,37.17,32,정상
2026-07-26 11:28:00,ROBOT_03,51.12,10.181,2.889,47.283,39.22,44,정상
2026-07-26 11:28:00,ROBOT_04,56.35,10.121,2.558,47.325,37.29,25,정상
2026-07-26 12:21:01,ROBOT_01,57.59,10.786,2.415,47.749,36.18,39,정상
2026-07-26 12:21:01,ROBOT_02,57.76,12.186,2.874,46.817,39.49,32,주의
2026-07-26 12:21:01,ROBOT_03,55.21,11.713,2.808,47.123,37.05,44,정상
2026-07-26 12:21:01,ROBOT_04,57.29,10.114,2.76,46.716,38.38,25,정상
2026-07-26 13:14:01,ROBOT_01,54.31,10.669,2.984,47.224,40.38,39,정상
2026-07-26 13:14:01,ROBOT_02,54.28,10.745,2.55,47.5,39.72,32,정상
2026-07-26 13:14:01,ROBOT_03,59.3,9.767,2.507,47.167,35.84,44,정상
2026-07-26 13:14:01,ROBOT_04,57.53,9.947,2.767,46.719,38.65,25,정상
2026-07-26 14:07:02,ROBOT_01,59.19,12.041,2.757,47.12,38.99,39,정상
2026-07-26 14:07:02,ROBOT_02,56.99,11.342,2.919,46.413,38.98,32,정상
2026-07-26 14:07:02,ROBOT_03,57.74,11.022,1.943,46.417,40.95,44,주의
2026-07-26 14:07:02,ROBOT_04,52.53,8.294,2.407,46.591,36.3,25,정상
2026-07-26 15:00:03,ROBOT_01,58.4,11.061,2.853,46.947,41.67,39,정상
2026-07-26 15:00:03,ROBOT_02,60.83,10.748,2.231,46.763,39.85,32,정상
2026-07-26 15:00:03,ROBOT_03,58.88,11.155,3.04,47.415,41.31,44,정상
2026-07-26 15:00:03,ROBOT_04,54.25,10.483,2.313,46.212,40.87,25,정상
2026-07-26 15:53:04,ROBOT_01,60.29,11.923,2.689,46.494,41.04,39,주의
2026-07-26 15:53:04,ROBOT_02,58.78,10.939,2.928,46.676,40.1,32,주의
2026-07-26 15:53:04,ROBOT_03,59.12,11.257,2.916,46.65,39.03,44,주의
2026-07-26 15:53:04,ROBOT_04,56.14,10.145,1.942,47.304,38.53,25,정상
2026-07-26 16:46:04,ROBOT_01,57.01,12.346,2.619,46.424,37.8,39,주의
2026-07-26 16:46:04,ROBOT_02,56.27,10.736,2.719,46.128,36.53,32,주의
2026-07-26 16:46:04,ROBOT_03,56.45,11.879,2.855,46.282,40.74,44,주의
2026-07-26 16:46:04,ROBOT_04,54.98,8.94,2.179,47.352,35.8,25,정상
2026-07-26 17:39:05,ROBOT_01,59.51,11.056,2.438,47.01,40.48,39,정상
2026-07-26 17:39:05,ROBOT_02,56.79,10.624,2.898,47.182,40.81,32,정상
2026-07-26 17:39:05,ROBOT_03,58.19,11.008,2.413,47.393,34.64,44,정상
2026-07-26 17:39:05,ROBOT_04,57.09,10.355,2.21,46.418,35.78,25,정상
2026-07-26 18:32:06,ROBOT_01,58.78,11.05,2.575,46.911,40.24,39,정상
2026-07-26 18:32:06,ROBOT_02,59.41,10.05,2.455,47.013,38.76,32,정상
2026-07-26 18:32:06,ROBOT_03,54.66,11.491,2.363,46.632,40.67,44,정상
2026-07-26 18:32:06,ROBOT_04,58.28,9.885,2.266,47.003,41.91,25,정상
2026-07-26 19:25:07,ROBOT_01,62.71,11.353,2.87,47.003,40.69,39,정상
2026-07-26 19:25:07,ROBOT_02,62.77,11.933,2.235,47.419,42.38,32,정상
2026-07-26 19:25:07,ROBOT_03,63.56,10.157,3.169,46.442,38.46,44,정상
2026-07-26 19:25:07,ROBOT_04,58.78,9.892,2.201,46.581,41.49,25,정상
2026-07-26 20:18:08,ROBOT_01,58.2,9.991,2.453,47.3,38.36,39,정상
2026-07-26 20:18:08,ROBOT_02,57.8,11.899,2.31,47.222,38.39,32,주의
2026-07-26 20:18:08,ROBOT_03,55.71,11.903,2.542,47.019,42.85,44,정상
2026-07-26 20:18:08,ROBOT_04,54.17,10.631,1.964,46.204,37.69,25,정상
2026-07-26 21:11:08,ROBOT_01,63.16,11.872,2.627,46.934,40.3,39,정상
2026-07-26 21:11:08,ROBOT_02,54.38,10.767,2.671,46.462,36.84,32,정상
2026-07-26 21:11:08,ROBOT_03,57.88,11.719,2.731,47.081,40.06,44,정상
2026-07-26 21:11:08,ROBOT_04,57.75,11.303,2.274,46.356,41.64,25,정상
2026-07-26 22:04:09,ROBOT_01,54.98,10.759,3.219,46.982,38.51,39,정상
2026-07-26 22:04:09,ROBOT_02,61.76,12.108,2.456,45.646,40.9,32,주의
2026-07-26 22:04:09,ROBOT_03,60.17,12.912,2.948,46.558,40.17,44,정상
2026-07-26 22:04:09,ROBOT_04,57.81,10.233,2.166,47.955,37.17,25,정상
2026-07-26 22:57:10,ROBOT_01,55.93,11.285,2.531,46.976,36.98,39,정상
2026-07-26 22:57:10,ROBOT_02,55.21,10.052,2.511,46.862,36.72,32,정상
2026-07-26 22:57:10,ROBOT_03,57.04,10.358,2.627,46.418,39.53,44,정상
2026-07-26 22:57:10,ROBOT_04,53.14,9.381,2.463,46.673,35.56,25,정상
2026-07-26 23:50:11,ROBOT_01,58.09,9.862,2.868,46.613,39.98,39,정상
2026-07-26 23:50:11,ROBOT_02,61.22,10.683,2.61,46.652,36.37,32,정상
2026-07-26 23:50:11,ROBOT_03,57.86,9.257,1.94,46.841,37.09,44,정상
2026-07-26 23:50:11,ROBOT_04,60.71,10.384,2.052,46.873,41.19,25,정상
2026-07-27 00:43:12,ROBOT_01,53.94,9.84,2.738,47.865,39.81,40,정상
2026-07-27 00:43:12,ROBOT_02,49.59,10.859,2.388,47.484,39.58,33,정상
2026-07-27 00:43:12,ROBOT_03,57.71,11.261,2.717,47.713,37.58,45,정상
2026-07-27 00:43:12,ROBOT_04,58.01,9.534,2.265,46.211,38.79,26,정상
2026-07-27 01:36:12,ROBOT_01,52.56,9.153,2.401,46.95,35.27,40,정상
2026-07-27 01:36:12,ROBOT_02,59.6,10.524,2.576,46.564,38.07,33,정상
2026-07-27 01:36:12,ROBOT_03,53.67,10.828,2.489,46.878,38.95,45,정상
2026-07-27 01:36:12,ROBOT_04,54.6,9.754,2.62,46.531,35.98,26,정상
2026-07-27 02:29:13,ROBOT_01,54.97,10.277,2.326,47.374,35.62,40,정상
2026-07-27 02:29:13,ROBOT_02,54.21,10.601,2.722,45.992,39.69,33,정상
2026-07-27 02:29:13,ROBOT_03,54.67,9.984,2.67,47.03,38.5,45,정상
2026-07-27 02:29:13,ROBOT_04,52.71,11.327,2.688,47.261,36.23,26,정상
2026-07-27 03:22:14,ROBOT_01,57.33,11.392,2.726,47.2,38.39,40,정상
2026-07-27 03:22:14,ROBOT_02,52.76,9.064,2.571,47.663,36.64,33,정상
2026-07-27 03:22:14,ROBOT_03,53.01,10.481,3.202,46.934,32.98,45,정상
2026-07-27 03:22:14,ROBOT_04,53.92,9.794,1.946,48.092,36.94,26,정상
2026-07-27 04:15:15,ROBOT_01,51.92,11.368,2.824,46.852,35.88,40,정상
2026-07-27 04:15:15,ROBOT_02,56.34,10.619,2.186,46.501,37.11,33,정상
2026-07-27 04:15:15,ROBOT_03,56.18,10.447,2.609,47.825,36.16,45,정상
2026-07-27 04:15:15,ROBOT_04,52.2,10.126,2.383,47.549,36.39,26,정상
2026-07-27 05:08:16,ROBOT_01,55.96,9.693,2.32,48.36,35.13,40,정상
2026-07-27 05:08:16,ROBOT_02,50.2,9.095,2.608,47.111,37.63,33,정상
2026-07-27 05:08:16,ROBOT_03,53.77,11.166,2.435,47.82,36.02,45,정상
2026-07-27 05:08:16,ROBOT_04,57.85,9.013,2.638,47.728,33.99,26,정상
2026-07-27 06:01:16,ROBOT_01,58.84,12.445,3.564,46.211,40.64,40,주의
2026-07-27 06:01:16,ROBOT_02,54.18,9.935,2.11,47.649,35.19,33,정상
2026-07-27 06:01:16,ROBOT_03,53.75,10.068,2.868,47.162,36.92,45,정상
2026-07-27 06:01:16,ROBOT_04,51.81,9.73,2.863,47.116,35.04,26,정상
2026-07-27 06:54:17,ROBOT_01,56.09,10.631,2.98,46.951,38.74,40,정상
2026-07-27 06:54:17,ROBOT_02,58.64,10.862,3.047,46.672,35.7,33,정상
2026-07-27 06:54:17,ROBOT_03,58.19,8.974,2.6,46.76,38.28,45,정상
2026-07-27 06:54:17,ROBOT_04,54.75,9.302,2.542,45.935,35.83,26,정상
2026-07-27 07:47:18,ROBOT_01,60.88,10.283,2.56,46.7,40.4,40,정상
2026-07-27 07:47:18,ROBOT_02,53.93,11.418,2.231,47.327,32.96,33,정상
2026-07-27 07:47:18,ROBOT_03,56.15,10.991,2.446,47.302,37.89,45,정상
2026-07-27 07:47:18,ROBOT_04,51.83,9.304,2.182,47.137,35.5,26,정상
2026-07-27 08:40:19,ROBOT_01,54.5,11.997,2.699,47.325,39.77,40,정상
2026-07-27 08:40:19,ROBOT_02,52.75,8.438,2.33,48.489,35.27,33,정상
2026-07-27 08:40:19,ROBOT_03,52.51,10.179,2.835,47.682,38,45,정상
2026-07-27 08:40:19,ROBOT_04,51.67,8.842,2.06,46.828,33.34,26,정상
2026-07-27 09:33:20,ROBOT_01,55.2,10.621,2.301,46.967,37.26,40,정상
2026-07-27 09:33:20,ROBOT_02,53.69,10.307,2.388,46.871,34.78,33,정상
2026-07-27 09:33:20,ROBOT_03,54.66,10.398,2.38,47.35,37.33,45,정상
2026-07-27 09:33:20,ROBOT_04,52.99,10.058,1.883,46.858,34.72,26,정상
2026-07-27 10:26:20,ROBOT_01,55.45,9.456,2.346,47.375,36.07,40,정상
2026-07-27 10:26:20,ROBOT_02,61.33,11.303,2.5,46.735,37.56,33,정상
2026-07-27 10:26:20,ROBOT_03,57.88,10.71,2.439,47.945,36.24,45,정상
2026-07-27 10:26:20,ROBOT_04,55.17,9.891,2.831,47.627,37.71,26,정상
2026-07-27 11:19:21,ROBOT_01,51.06,10.349,2.404,47.781,40.39,40,정상
2026-07-27 11:19:21,ROBOT_02,56.66,12.095,2.515,47.148,38.91,33,정상
2026-07-27 11:19:21,ROBOT_03,55.67,11.447,2.564,47.867,36.06,45,정상
2026-07-27 11:19:21,ROBOT_04,56.56,10.721,2.079,46.334,36.02,26,정상
2026-07-27 12:12:22,ROBOT_01,58.74,11.485,3.008,46.882,38.55,40,주의
2026-07-27 12:12:22,ROBOT_02,56.52,10.733,2.916,46.886,38.5,33,정상
2026-07-27 12:12:22,ROBOT_03,55.93,11.492,2.954,47.255,38.97,45,정상
2026-07-27 12:12:22,ROBOT_04,55.92,10.761,2.539,46.077,35.73,26,정상
2026-07-27 13:05:23,ROBOT_01,55.18,11.725,2.663,48.098,42.22,40,정상
2026-07-27 13:05:23,ROBOT_02,56.66,11.363,2.513,46.85,37.76,33,정상
2026-07-27 13:05:23,ROBOT_03,57.14,11.835,2.856,46.292,38.48,45,정상
2026-07-27 13:05:23,ROBOT_04,59.7,10.651,2.545,46.596,40.2,26,정상
2026-07-27 13:58:23,ROBOT_01,56.4,11.49,2.798,46.754,39.66,40,주의
2026-07-27 13:58:23,ROBOT_02,56.97,11.07,2.612,47.285,37.7,33,정상
2026-07-27 13:58:23,ROBOT_03,59,10.822,3.333,47.71,38.62,45,정상
2026-07-27 13:58:23,ROBOT_04,55.31,10.149,2.285,47.345,35.92,26,정상
2026-07-27 14:51:24,ROBOT_01,54.66,11.072,2.731,46.374,38.53,40,정상
2026-07-27 14:51:24,ROBOT_02,59.09,11.518,2.775,46.806,39.57,33,정상
2026-07-27 14:51:24,ROBOT_03,63.69,11.207,2.868,46.645,40.3,45,주의
2026-07-27 14:51:24,ROBOT_04,56.05,10.264,2.537,46.175,41.93,26,정상
2026-07-27 15:44:25,ROBOT_01,56.25,11.09,2.653,46.948,36.98,40,정상
2026-07-27 15:44:25,ROBOT_02,55.97,9.883,2.325,47.87,37.81,33,정상
2026-07-27 15:44:25,ROBOT_03,61.97,12.139,2.63,46.025,39.73,45,주의
2026-07-27 15:44:25,ROBOT_04,54.95,10.19,2.72,47.207,37.04,26,정상
2026-07-27 16:37:26,ROBOT_01,59.68,10.613,2.76,46.486,37.39,40,정상
2026-07-27 16:37:26,ROBOT_02,62.62,10.222,2.817,46.928,41.26,33,정상
2026-07-27 16:37:26,ROBOT_03,57.2,10.666,2.858,46.274,39.83,45,주의
2026-07-27 16:37:26,ROBOT_04,54.36,10.684,2.637,45.983,40.94,26,정상
2026-07-27 17:30:27,ROBOT_01,60.72,11.122,2.735,46.266,43.5,40,정상
2026-07-27 17:30:27,ROBOT_02,56.75,10.989,2.702,46.471,40.12,33,정상
2026-07-27 17:30:27,ROBOT_03,61.29,12.319,2.535,46.397,41.21,45,정상
2026-07-27 17:30:27,ROBOT_04,58.71,10.918,2.654,47.07,38.09,26,정상
2026-07-27 18:23:27,ROBOT_01,58.44,11.27,2.78,47.371,37.25,40,정상
2026-07-27 18:23:27,ROBOT_02,59.26,10.681,2.813,47.189,39.53,33,정상
2026-07-27 18:23:27,ROBOT_03,58.33,11.741,2.441,47.784,40.29,45,정상
2026-07-27 18:23:27,ROBOT_04,53.23,10.09,2.011,46.892,35.26,26,정상
2026-07-27 19:16:28,ROBOT_01,63.93,10.899,2.653,46.22,40.54,40,주의
2026-07-27 19:16:28,ROBOT_02,57.55,10.569,2.524,46.902,37.98,33,정상
2026-07-27 19:16:28,ROBOT_03,58.88,12.129,2.893,46.336,37.87,45,주의
2026-07-27 19:16:28,ROBOT_04,55.7,9.681,2.69,46.4,38.99,26,주의
2026-07-27 20:09:29,ROBOT_01,58.68,10.631,2.556,46.89,37.77,40,정상
2026-07-27 20:09:29,ROBOT_02,61.58,12.106,2.823,47.291,37.95,33,주의
2026-07-27 20:09:29,ROBOT_03,53.66,11.86,2.337,47.137,38.39,45,정상
2026-07-27 20:09:29,ROBOT_04,59.96,11.029,2.853,46.594,39.81,26,정상
2026-07-27 21:02:30,ROBOT_01,59.06,12.237,3.187,46.133,42.76,40,주의
2026-07-27 21:02:30,ROBOT_02,55.79,11.938,2.527,46.99,37.87,33,정상
2026-07-27 21:02:30,ROBOT_03,61,10.821,3.05,46.413,39.23,45,주의
2026-07-27 21:02:30,ROBOT_04,55.83,10.581,2.241,46.663,39.42,26,정상
2026-07-27 21:55:31,ROBOT_01,60.59,11.604,3.093,46.68,38.64,40,정상
2026-07-27 21:55:31,ROBOT_02,60.56,11.588,2.181,46.209,39.84,33,정상
2026-07-27 21:55:31,ROBOT_03,53.33,11.677,3.015,47.185,39.87,45,정상
2026-07-27 21:55:31,ROBOT_04,56.87,11.161,2.867,47.125,42.64,26,주의
2026-07-27 22:48:31,ROBOT_01,59.48,11.319,3.205,46.524,37.9,40,주의
2026-07-27 22:48:31,ROBOT_02,59.31,9.5,2.503,46.847,41.13,33,정상
2026-07-27 22:48:31,ROBOT_03,63.41,12.211,2.903,46.79,40.5,45,정상
2026-07-27 22:48:31,ROBOT_04,57.16,9.341,2.271,47.031,36.06,26,정상
2026-07-27 23:41:32,ROBOT_01,59.56,11.858,3.183,46.434,39.39,40,정상
2026-07-27 23:41:32,ROBOT_02,61.27,11.648,3.149,46.781,34.9,33,정상
2026-07-27 23:41:32,ROBOT_03,57.82,11.251,2.784,46.969,37.83,45,정상
2026-07-27 23:41:32,ROBOT_04,52.89,11.231,2.132,47.2,36.71,26,정상
2026-07-28 00:34:33,ROBOT_01,59.38,12.249,2.562,47.019,40.25,41,주의
2026-07-28 00:34:33,ROBOT_02,60.15,10.881,2.994,46.636,39.3,34,정상
2026-07-28 00:34:33,ROBOT_03,58.95,12.756,3.078,46.636,45.49,46,주의
2026-07-28 00:34:33,ROBOT_04,56.05,10.55,2.421,46.951,40.09,27,정상
2026-07-28 01:27:34,ROBOT_01,60.62,10.782,2.637,46.571,35.94,41,주의
2026-07-28 01:27:34,ROBOT_02,53.31,9.318,2.552,46.385,38.04,34,정상
2026-07-28 01:27:34,ROBOT_03,56.6,10.162,3.199,47.243,41.5,46,정상
2026-07-28 01:27:34,ROBOT_04,54.41,11.06,2.253,46.262,36.41,27,정상
2026-07-28 02:20:35,ROBOT_01,51.45,10.249,2.595,46.794,39.41,41,정상
2026-07-28 02:20:35,ROBOT_02,55.13,10.525,2.703,46.771,38.28,34,정상
2026-07-28 02:20:35,ROBOT_03,63.41,10.844,2.914,46.867,41.38,46,정상
2026-07-28 02:20:35,ROBOT_04,52.56,8.82,1.809,46.753,34.39,27,정상
2026-07-28 03:13:35,ROBOT_01,56.64,11.154,3.007,47.447,39.94,41,정상
2026-07-28 03:13:35,ROBOT_02,55.54,9.833,2.726,46.776,38.08,34,정상
2026-07-28 03:13:35,ROBOT_03,51.32,10.792,2.718,47.169,38.25,46,정상
2026-07-28 03:13:35,ROBOT_04,54.1,10.497,2.538,46.49,35.42,27,정상
2026-07-28 04:06:36,ROBOT_01,52.43,11.123,2.855,47.095,39.1,41,정상
2026-07-28 04:06:36,ROBOT_02,52.97,9.375,2.543,46.992,33.58,34,정상
2026-07-28 04:06:36,ROBOT_03,54.69,10.86,2.923,47.652,35.95,46,정상
2026-07-28 04:06:36,ROBOT_04,52.21,10.081,2.562,47.578,34.33,27,정상
2026-07-28 04:59:37,ROBOT_01,52.68,9.993,2.653,46.822,36.82,41,정상
2026-07-28 04:59:37,ROBOT_02,53.37,10.163,2.691,47.05,37.35,34,정상
2026-07-28 04:59:37,ROBOT_03,51.25,10.234,2.876,47.155,34.65,46,정상
2026-07-28 04:59:37,ROBOT_04,55.42,9.384,2.418,46.985,37.43,27,정상
2026-07-28 05:52:38,ROBOT_01,51.11,10.017,2.006,47.993,37.03,41,정상
2026-07-28 05:52:38,ROBOT_02,54.33,8.822,2.241,47.445,35.06,34,정상
2026-07-28 05:52:38,ROBOT_03,51.26,11.339,2.567,46.705,36.7,46,정상
2026-07-28 05:52:38,ROBOT_04,51.63,8.923,2.195,47.338,36.69,27,정상
2026-07-28 06:45:39,ROBOT_01,52.54,10.329,2.663,47.289,36.46,41,정상
2026-07-28 06:45:39,ROBOT_02,54.8,9.551,2.506,47.784,39.7,34,정상
2026-07-28 06:45:39,ROBOT_03,56.99,11.225,3.041,47.53,38.13,46,주의
2026-07-28 06:45:39,ROBOT_04,53.63,9.798,2.948,46.989,35.16,27,정상
2026-07-28 07:38:39,ROBOT_01,56.57,9.822,3.218,46.971,36.43,41,정상
2026-07-28 07:38:39,ROBOT_02,54.76,10.205,2.548,47.676,37.58,34,정상
2026-07-28 07:38:39,ROBOT_03,57.65,10.726,2.63,46.791,39.13,46,정상
2026-07-28 07:38:39,ROBOT_04,52.72,9.746,2.608,46.983,34.56,27,정상
2026-07-28 08:31:40,ROBOT_01,55.88,10.556,3.089,47.275,34.04,41,주의
2026-07-28 08:31:40,ROBOT_02,59.88,9.523,2.474,46.948,38.83,34,정상
2026-07-28 08:31:40,ROBOT_03,54.72,10.825,2.73,47.091,39.01,46,정상
2026-07-28 08:31:40,ROBOT_04,49.87,10.15,2.412,46.742,33.28,27,정상
2026-07-28 09:24:41,ROBOT_01,54.68,10.105,2.637,47.433,35.61,41,정상
2026-07-28 09:24:41,ROBOT_02,55.01,10.671,2.137,48.093,37.21,34,정상
2026-07-28 09:24:41,ROBOT_03,53.54,10.647,2.466,46.871,39.92,46,정상
2026-07-28 09:24:41,ROBOT_04,56.43,9.769,2.432,47.365,36.49,27,정상
2026-07-28 10:17:42,ROBOT_01,56.14,9.464,2.748,47.18,35.8,41,정상
2026-07-28 10:17:42,ROBOT_02,55.52,9.97,2.284,46.684,38.29,34,정상
2026-07-28 10:17:42,ROBOT_03,54.88,10.603,2.506,47.203,36.75,46,정상
2026-07-28 10:17:42,ROBOT_04,53.52,10.384,2.521,47.152,37.59,27,정상
2026-07-28 11:10:42,ROBOT_01,58.08,10.706,2.228,46.893,38.57,41,정상
2026-07-28 11:10:42,ROBOT_02,52.65,10.5,2.113,47.542,40.04,34,정상
2026-07-28 11:10:42,ROBOT_03,58.86,10.103,3.143,47.78,34.71,46,정상
2026-07-28 11:10:42,ROBOT_04,55.64,10.085,2.239,47.28,37.5,27,정상
2026-07-28 12:03:43,ROBOT_01,57.96,10.905,2.802,46.3,39.05,41,주의
2026-07-28 12:03:43,ROBOT_02,58.26,11.241,2.981,46.495,38.76,34,주의
2026-07-28 12:03:43,ROBOT_03,57.92,10.658,2.994,47.548,40.92,46,정상
2026-07-28 12:03:43,ROBOT_04,51.32,9.098,1.941,47.111,33.18,27,정상
2026-07-28 12:56:44,ROBOT_01,56.12,11.842,3.011,46.936,37.25,41,주의
2026-07-28 12:56:44,ROBOT_02,56.98,10.097,2.128,46.511,38.31,34,정상
2026-07-28 12:56:44,ROBOT_03,57.45,10.738,3.238,46.863,42.02,46,정상
2026-07-28 12:56:44,ROBOT_04,54.65,9.866,2.669,46.468,39.18,27,정상
2026-07-28 13:49:45,ROBOT_01,57.03,10.828,2.81,47.454,42.44,41,주의
2026-07-28 13:49:45,ROBOT_02,53.88,11.129,2.663,46.738,37.85,34,정상
2026-07-28 13:49:45,ROBOT_03,63.13,12,2.816,46.667,41.17,46,주의
2026-07-28 13:49:45,ROBOT_04,56.24,12.067,2.24,47.067,37.38,27,정상
2026-07-28 14:42:46,ROBOT_01,59.22,12.298,3.054,46.803,41.08,41,정상
2026-07-28 14:42:46,ROBOT_02,57.47,10.607,2.639,46.479,38.04,34,정상
2026-07-28 14:42:46,ROBOT_03,55.4,11.253,3.553,46.601,43.14,46,주의
2026-07-28 14:42:46,ROBOT_04,57.97,11.678,2.358,45.887,38.74,27,주의
2026-07-28 15:35:46,ROBOT_01,60.95,12.061,2.709,46.874,39.83,41,정상
2026-07-28 15:35:46,ROBOT_02,62.15,11.283,2.991,46.19,34.66,34,정상
2026-07-28 15:35:46,ROBOT_03,63.2,11.596,2.727,45.846,43.96,46,정상
2026-07-28 15:35:46,ROBOT_04,58.05,9.729,2.494,47.404,41.07,27,정상
2026-07-28 16:28:47,ROBOT_01,56.77,11.534,2.816,47.427,37.25,41,정상
2026-07-28 16:28:47,ROBOT_02,58.72,10.606,2.741,46.422,39.21,34,정상
2026-07-28 16:28:47,ROBOT_03,53.91,11.658,3.091,47.149,39.59,46,정상
2026-07-28 16:28:47,ROBOT_04,56.66,10.999,2.623,47.796,40.38,27,정상
2026-07-28 17:21:48,ROBOT_01,62.91,10.284,2.44,46.201,41.99,41,주의
2026-07-28 17:21:48,ROBOT_02,61.47,11.908,2.5,46.95,43.14,34,정상
2026-07-28 17:21:48,ROBOT_03,56.15,12.199,2.88,47.515,38.6,46,정상
2026-07-28 17:21:48,ROBOT_04,55.62,10.701,2.784,46.371,39.05,27,정상
2026-07-28 18:14:49,ROBOT_01,55.46,12.28,3.143,46.847,39.76,41,정상
2026-07-28 18:14:49,ROBOT_02,64.01,12.259,3.206,46.566,42.45,34,주의
2026-07-28 18:14:49,ROBOT_03,63.02,11.45,2.755,47.118,41.36,46,정상
2026-07-28 18:14:49,ROBOT_04,71.39,12.842,3.743,45.989,46.23,27,주의
2026-07-28 19:07:50,ROBOT_01,59.18,11.164,2.74,47.464,42.34,41,정상
2026-07-28 19:07:50,ROBOT_02,62.2,9.735,2.985,46.959,43.66,34,정상
2026-07-28 19:07:50,ROBOT_03,59.74,12.275,3.025,46.481,42.9,46,정상
2026-07-28 19:07:50,ROBOT_04,57.24,9.764,2.078,46.431,41.58,27,정상
2026-07-28 20:00:50,ROBOT_01,59.8,10.914,2.389,46.213,39.38,41,정상
2026-07-28 20:00:50,ROBOT_02,58.72,10.165,3.309,47.051,36.11,34,정상
2026-07-28 20:00:50,ROBOT_03,60.63,12.677,2.563,46.91,40.73,46,정상
2026-07-28 20:00:50,ROBOT_04,57.96,11.41,2.07,46.433,39.89,27,정상
2026-07-28 20:53:51,ROBOT_01,61.88,12.095,3.122,46.64,40.03,41,주의
2026-07-28 20:53:51,ROBOT_02,57.07,10.556,2.499,46.16,40.59,34,정상
2026-07-28 20:53:51,ROBOT_03,60.49,12.567,2.803,46.258,41.72,46,주의
2026-07-28 20:53:51,ROBOT_04,55.75,10.365,2.412,47.019,39.89,27,정상
2026-07-28 21:46:52,ROBOT_01,58.72,11.053,2.701,46.96,38.74,41,주의
2026-07-28 21:46:52,ROBOT_02,58.27,10.133,2.688,47.239,34.52,34,정상
2026-07-28 21:46:52,ROBOT_03,56.87,11.524,3.071,46.811,38.79,46,정상
2026-07-28 21:46:52,ROBOT_04,57.25,10.062,2.048,46.905,39.26,27,정상
2026-07-28 22:39:53,ROBOT_01,55.78,11.269,2.949,46.388,40.32,41,정상
2026-07-28 22:39:53,ROBOT_02,58.84,11.064,2.499,46.414,36.8,34,주의
2026-07-28 22:39:53,ROBOT_03,57.24,11.722,2.783,46.601,37.9,46,정상
2026-07-28 22:39:53,ROBOT_04,52.13,9.631,2.627,46.991,35.61,27,정상
2026-07-28 23:32:54,ROBOT_01,56.63,9.994,2.555,47.873,39.8,41,정상
2026-07-28 23:32:54,ROBOT_02,56.94,10.765,2.804,46.856,37.17,34,정상
2026-07-28 23:32:54,ROBOT_03,59.34,10.889,3.21,47.098,37.45,46,정상
2026-07-28 23:32:54,ROBOT_04,61.06,10.865,2.629,46.25,40.16,27,정상
2026-07-29 00:25:54,ROBOT_01,57.48,10.7,2.829,47.779,38.4,42,정상
2026-07-29 00:25:54,ROBOT_02,52.33,10.486,2.626,46.942,37.23,35,정상
2026-07-29 00:25:54,ROBOT_03,61.41,11.672,2.772,47.13,38.02,47,정상
2026-07-29 00:25:54,ROBOT_04,57.93,10.526,2.813,46.287,38.29,28,정상
2026-07-29 01:18:55,ROBOT_01,57.76,10.684,2.546,46.427,39.47,42,주의
2026-07-29 01:18:55,ROBOT_02,58.41,9.066,2.09,47.952,38.65,35,정상
2026-07-29 01:18:55,ROBOT_03,57.55,11.429,3.471,47.058,38.44,47,정상
2026-07-29 01:18:55,ROBOT_04,56.45,10.37,2.492,46.676,37.85,28,정상
2026-07-29 02:11:56,ROBOT_01,56.16,10.318,2.373,46.893,39.18,42,정상
2026-07-29 02:11:56,ROBOT_02,60.85,9.632,2.509,47.066,38.13,35,주의
2026-07-29 02:11:56,ROBOT_03,59.15,10.717,2.881,47.502,38.45,47,정상
2026-07-29 02:11:56,ROBOT_04,56.56,10.163,1.915,47.149,36.65,28,정상
2026-07-29 03:04:57,ROBOT_01,56.18,10.822,2.952,47.276,41.09,42,정상
2026-07-29 03:04:57,ROBOT_02,54.62,10.092,2.987,47.548,38.41,35,정상
2026-07-29 03:04:57,ROBOT_03,60.69,11.582,2.808,47.047,41.71,47,정상
2026-07-29 03:04:57,ROBOT_04,56.84,9.777,2.439,46.968,38.89,28,정상
2026-07-29 03:57:58,ROBOT_01,58.6,10.221,2.477,46.544,39.53,42,정상
2026-07-29 03:57:58,ROBOT_02,55.74,10.019,2.662,46.988,37.62,35,정상
2026-07-29 03:57:58,ROBOT_03,58.26,11.52,2.987,47.248,35.88,47,정상
2026-07-29 03:57:58,ROBOT_04,55.4,9.526,2.856,47.543,37.09,28,정상
2026-07-29 04:50:58,ROBOT_01,56.54,11.234,2.557,47.661,35.89,42,정상
2026-07-29 04:50:58,ROBOT_02,53.66,9.828,2.558,47.012,34.11,35,정상
2026-07-29 04:50:58,ROBOT_03,57.1,10.481,2.93,47.945,34.04,47,정상
2026-07-29 04:50:58,ROBOT_04,55.78,10.362,2.7,47.005,38.97,28,정상
2026-07-29 05:43:59,ROBOT_01,53.87,9.49,2.748,47.874,33.88,42,정상
2026-07-29 05:43:59,ROBOT_02,53.92,10.299,2.467,46.38,37.33,35,정상
2026-07-29 05:43:59,ROBOT_03,51.26,10.263,2.992,47.853,39.61,47,정상
2026-07-29 05:43:59,ROBOT_04,52.16,9.932,2.394,47.329,38.68,28,정상
2026-07-29 06:37:00,ROBOT_01,55.72,11.16,2.509,46.752,39.89,42,정상
2026-07-29 06:37:00,ROBOT_02,55.51,9.483,1.972,47.474,35.56,35,정상
2026-07-29 06:37:00,ROBOT_03,54.21,10.425,2.846,47.468,37.75,47,정상
2026-07-29 06:37:00,ROBOT_04,49.42,9.565,2.38,47.133,32.66,28,정상
2026-07-29 07:30:01,ROBOT_01,56.02,10.557,2.955,46.885,37.89,42,주의
2026-07-29 07:30:01,ROBOT_02,58.17,9.44,2.275,47.262,40.62,35,정상
2026-07-29 07:30:01,ROBOT_03,55.96,10.192,2.73,46.43,34.61,47,정상
2026-07-29 07:30:01,ROBOT_04,52.73,10.069,2.181,47.558,37.26,28,정상
2026-07-29 08:23:01,ROBOT_01,55.03,10.453,2.466,47.285,36.68,42,정상
2026-07-29 08:23:01,ROBOT_02,53.78,11.117,2.288,46.742,35.8,35,정상
2026-07-29 08:23:01,ROBOT_03,61.25,11.573,2.842,46.609,40.45,47,주의
2026-07-29 08:23:01,ROBOT_04,51.72,8.979,2.158,47.387,36.99,28,정상
2026-07-29 09:16:02,ROBOT_01,58.27,10.628,2.944,47.103,37.93,42,주의
2026-07-29 09:16:02,ROBOT_02,53.99,10.09,2.176,47.182,34.68,35,정상
2026-07-29 09:16:02,ROBOT_03,60.16,12.636,2.825,46.492,37.2,47,정상
2026-07-29 09:16:02,ROBOT_04,54.24,9.693,2.233,47.448,35.75,28,정상
2026-07-29 10:09:03,ROBOT_01,57.82,10.4,2.546,46.694,38.33,42,정상
2026-07-29 10:09:03,ROBOT_02,55.94,9.201,2.341,47.615,34.94,35,정상
2026-07-29 10:09:03,ROBOT_03,53.94,9.606,2.875,47.342,35.26,47,정상
2026-07-29 10:09:03,ROBOT_04,52.38,9.437,2.314,47.08,35.3,28,정상
2026-07-29 11:02:04,ROBOT_01,59.68,9.794,2.596,47.58,35.21,42,정상
2026-07-29 11:02:04,ROBOT_02,54.56,11.024,2.222,46.749,34.8,35,정상
2026-07-29 11:02:04,ROBOT_03,55.1,12,2.609,46.881,37.99,47,정상
2026-07-29 11:02:04,ROBOT_04,51.58,9.146,2.296,47.681,35.69,28,정상
2026-07-29 11:55:05,ROBOT_01,60.37,10.111,3.017,47.466,40.2,42,정상
2026-07-29 11:55:05,ROBOT_02,57.41,10.713,2.772,46.555,38.29,35,정상
2026-07-29 11:55:05,ROBOT_03,54.31,10.677,3.191,46.918,40.78,47,주의
2026-07-29 11:55:05,ROBOT_04,54.69,9.956,2.805,46.366,38.51,28,정상
2026-07-29 12:48:05,ROBOT_01,57.98,10.561,2.49,46.739,37.35,42,주의
2026-07-29 12:48:05,ROBOT_02,50.81,9.007,2.787,47.354,38.05,35,정상
2026-07-29 12:48:05,ROBOT_03,57.58,11.78,2.814,47.338,40.2,47,정상
2026-07-29 12:48:05,ROBOT_04,56.25,10.347,2.232,46.791,34.69,28,정상
2026-07-29 13:41:06,ROBOT_01,56.54,11.122,3.1,46.845,41.91,42,정상
2026-07-29 13:41:06,ROBOT_02,58.45,11.257,2.908,46.923,38.45,35,정상
2026-07-29 13:41:06,ROBOT_03,57.88,11.077,2.461,46.638,38.33,47,정상
2026-07-29 13:41:06,ROBOT_04,56.71,9.997,2.246,46.171,36.99,28,정상
2026-07-29 14:34:07,ROBOT_01,62.15,11.097,2.928,46.551,39.71,42,정상
2026-07-29 14:34:07,ROBOT_02,53.11,10.651,2.42,46.54,36.99,35,정상
2026-07-29 14:34:07,ROBOT_03,62.01,11.85,2.87,46.604,43.26,47,주의
2026-07-29 14:34:07,ROBOT_04,54.92,10.216,2.242,46.755,38.95,28,정상
2026-07-29 15:27:08,ROBOT_01,57.19,12.694,2.905,46.192,40.94,42,정상
2026-07-29 15:27:08,ROBOT_02,58.12,10.889,2.943,46.739,36.13,35,정상
2026-07-29 15:27:08,ROBOT_03,57.18,11.327,2.87,46.872,38.95,47,정상
2026-07-29 15:27:08,ROBOT_04,53.6,10.889,2.736,47.525,40.1,28,정상
2026-07-29 16:20:09,ROBOT_01,56.1,11.346,2.784,47.349,40.12,42,정상
2026-07-29 16:20:09,ROBOT_02,56.01,10.247,2.872,46.763,37.56,35,정상
2026-07-29 16:20:09,ROBOT_03,49.51,11.755,2.634,47.38,37.16,47,정상
2026-07-29 16:20:09,ROBOT_04,57.59,10.996,2.562,46.902,38.14,28,정상
2026-07-29 17:13:09,ROBOT_01,63.57,9.812,2.971,45.93,40.42,42,정상
2026-07-29 17:13:09,ROBOT_02,62.77,13.429,2.677,45.505,40.08,35,주의
2026-07-29 17:13:09,ROBOT_03,60.09,11.097,2.811,46.631,42.6,47,정상
2026-07-29 17:13:09,ROBOT_04,54.92,11.138,2.074,46.369,38.32,28,정상
2026-07-29 18:06:10,ROBOT_01,61.09,10.527,2.669,46.511,39.32,42,주의
2026-07-29 18:06:10,ROBOT_02,54.69,11.358,2.798,46.453,38.95,35,정상
2026-07-29 18:06:10,ROBOT_03,63.53,11.268,2.969,46.668,42.11,47,정상
2026-07-29 18:06:10,ROBOT_04,60.34,10.027,2.315,46.184,40.5,28,정상
2026-07-29 18:59:11,ROBOT_01,60.42,11.056,3.289,46.37,39.51,42,주의
2026-07-29 18:59:11,ROBOT_02,66.62,13.913,3.411,46.44,44.51,35,주의
2026-07-29 18:59:11,ROBOT_03,63.39,12.366,2.557,46.882,42.77,47,주의
2026-07-29 18:59:11,ROBOT_04,57.98,10.586,3.009,46.825,37.08,28,정상
2026-07-29 19:52:12,ROBOT_01,60.27,12.658,3.026,46.99,38.98,42,주의
2026-07-29 19:52:12,ROBOT_02,55.52,9.598,2.731,47.238,39.9,35,정상
2026-07-29 19:52:12,ROBOT_03,60.81,12.177,2.934,46.674,36.94,47,정상
2026-07-29 19:52:12,ROBOT_04,65.26,11.345,2.528,46.285,38.34,28,정상
2026-07-29 20:45:13,ROBOT_01,62.94,10.841,3.602,46.432,40.13,42,정상
2026-07-29 20:45:13,ROBOT_02,56.38,9.799,2.831,46.905,39.24,35,정상
2026-07-29 20:45:13,ROBOT_03,55.43,11.65,3.217,47.317,38.07,47,정상
2026-07-29 20:45:13,ROBOT_04,55.19,11.958,2.954,47.349,39.41,28,정상
2026-07-29 21:38:13,ROBOT_01,61.45,10.207,2.741,46.181,38.29,42,정상
2026-07-29 21:38:13,ROBOT_02,55.2,11.416,2.841,47.251,39.33,35,주의
2026-07-29 21:38:13,ROBOT_03,62.65,12.593,2.618,45.877,42.24,47,주의
2026-07-29 21:38:13,ROBOT_04,53.69,11.346,1.945,46.707,39.04,28,정상
2026-07-29 22:31:14,ROBOT_01,56.41,10.951,2.704,47.149,41.67,42,정상
2026-07-29 22:31:14,ROBOT_02,61.88,11.324,3.024,46.287,40.51,35,주의
2026-07-29 22:31:14,ROBOT_03,60.83,11.978,3.106,46.399,41.58,47,정상
2026-07-29 22:31:14,ROBOT_04,55.25,11.077,2.428,46.373,39.05,28,정상
2026-07-29 23:24:15,ROBOT_01,66.12,11.283,2.712,47.185,40.96,42,주의
2026-07-29 23:24:15,ROBOT_02,58.07,10.625,2.989,46.931,38.62,35,정상
2026-07-29 23:24:15,ROBOT_03,56.42,10.909,2.786,47.122,38.95,47,정상
2026-07-29 23:24:15,ROBOT_04,57.86,10.046,2.78,45.615,39.03,28,정상
2026-07-30 00:17:16,ROBOT_01,61.4,10.863,2.55,46.366,41.31,43,주의
2026-07-30 00:17:16,ROBOT_02,56.58,11.231,3.095,46.572,37.85,36,정상
2026-07-30 00:17:16,ROBOT_03,60.26,11.394,2.799,46.421,42.39,48,주의
2026-07-30 00:17:16,ROBOT_04,56.08,11.341,2.748,46.446,38.56,29,정상
2026-07-30 01:10:17,ROBOT_01,53.07,11.947,2.865,46.22,40.73,43,주의
2026-07-30 01:10:17,ROBOT_02,53.42,9.251,2.796,47.263,40.66,36,정상
2026-07-30 01:10:17,ROBOT_03,58.77,10.681,3.371,46.823,39.56,48,정상
2026-07-30 01:10:17,ROBOT_04,61.02,10.127,2.636,47.286,36.27,29,정상
2026-07-30 02:03:17,ROBOT_01,55.04,11.336,2.572,47.046,38.36,43,정상
2026-07-30 02:03:17,ROBOT_02,58.86,10.286,2.441,47.151,38.78,36,주의
2026-07-30 02:03:17,ROBOT_03,58.49,11.055,3.183,47.161,40.18,48,정상
2026-07-30 02:03:17,ROBOT_04,59.51,10.236,2.126,46.098,37.19,29,주의
2026-07-30 02:56:18,ROBOT_01,60.34,11.06,2.589,47.028,39.68,43,정상
2026-07-30 02:56:18,ROBOT_02,57.31,10.736,2.296,47.342,37.03,36,정상
2026-07-30 02:56:18,ROBOT_03,57.65,10.567,2.721,46.851,39.38,48,정상
2026-07-30 02:56:18,ROBOT_04,56.93,9.824,1.915,46.395,37.78,29,정상
2026-07-30 03:49:19,ROBOT_01,53.08,10.269,2.872,47.542,41.43,43,정상
2026-07-30 03:49:19,ROBOT_02,54.56,10.241,2.639,46.75,36.04,36,정상
2026-07-30 03:49:19,ROBOT_03,56.42,10.238,2.966,46.71,39.08,48,정상
2026-07-30 03:49:19,ROBOT_04,50.67,8.948,2.293,47.109,36.22,29,정상
2026-07-30 04:42:20,ROBOT_01,56.16,10.044,2.419,47.523,35.67,43,정상
2026-07-30 04:42:20,ROBOT_02,54.04,9.158,2.674,46.235,34.2,36,정상
2026-07-30 04:42:20,ROBOT_03,55.07,10.401,2.718,46.591,37.63,48,정상
2026-07-30 04:42:20,ROBOT_04,59.11,10.562,2.428,47.128,36.73,29,정상
2026-07-30 05:35:20,ROBOT_01,56.43,9.393,2.687,47.085,38,43,정상
2026-07-30 05:35:20,ROBOT_02,53.42,11.052,2.959,47.547,35.88,36,정상
2026-07-30 05:35:20,ROBOT_03,54.18,10.132,2.003,47.04,38.95,48,정상
2026-07-30 05:35:20,ROBOT_04,49.82,9.298,2.616,47.025,35.14,29,정상
2026-07-30 06:28:21,ROBOT_01,55.41,10.008,2.572,46.714,38.15,43,정상
2026-07-30 06:28:21,ROBOT_02,59.81,9.994,2.507,46.607,36.38,36,정상
2026-07-30 06:28:21,ROBOT_03,60.29,10.152,3.043,47.513,39.94,48,정상
2026-07-30 06:28:21,ROBOT_04,54.16,10.675,1.64,47.265,38.23,29,정상
2026-07-30 07:21:22,ROBOT_01,58.46,10.453,2.713,46.587,40.62,43,정상
2026-07-30 07:21:22,ROBOT_02,54.04,10.619,2.632,47.608,37.34,36,정상
2026-07-30 07:21:22,ROBOT_03,53.64,10.488,2.631,47.169,35.99,48,정상
2026-07-30 07:21:22,ROBOT_04,55.03,9.029,2.01,47.387,34.19,29,정상
2026-07-30 08:14:23,ROBOT_01,58.15,10.106,2.901,46.626,36.72,43,정상
2026-07-30 08:14:23,ROBOT_02,54.77,10.404,2.799,47.231,40.54,36,정상
2026-07-30 08:14:23,ROBOT_03,51.42,10.538,2.684,46.756,36.02,48,정상
2026-07-30 08:14:23,ROBOT_04,53.96,10.576,2.303,47.334,38.46,29,정상
2026-07-30 09:07:24,ROBOT_01,53.57,9.213,2.591,47.588,37.33,43,정상
2026-07-30 09:07:24,ROBOT_02,54.75,9.926,2.459,47.633,39.3,36,정상
2026-07-30 09:07:24,ROBOT_03,53.79,10.459,2.794,46.183,38.25,48,주의
2026-07-30 09:07:24,ROBOT_04,59.04,9.53,2.345,47.124,39.73,29,정상
2026-07-30 10:00:24,ROBOT_01,53.68,11.137,3.057,47.489,32.52,43,정상
2026-07-30 10:00:24,ROBOT_02,56.73,11.327,3.085,46.448,40.5,36,주의
2026-07-30 10:00:24,ROBOT_03,55.62,11.005,3.079,47.928,36.96,48,정상
2026-07-30 10:00:24,ROBOT_04,54.91,9.459,2.232,47.081,34.58,29,정상
2026-07-30 10:53:25,ROBOT_01,50.92,9.175,2.515,47.462,38.67,43,정상
2026-07-30 10:53:25,ROBOT_02,60.51,10.919,2.306,46.128,38.47,36,정상
2026-07-30 10:53:25,ROBOT_03,58.03,9.937,2.585,46.854,39.75,48,정상
2026-07-30 10:53:25,ROBOT_04,58.41,11.162,1.781,46.25,35.03,29,정상
2026-07-30 11:46:26,ROBOT_01,56.1,10.406,2.948,47.51,37.43,43,정상
2026-07-30 11:46:26,ROBOT_02,56.29,9.307,2.762,47.566,40.27,36,정상
2026-07-30 11:46:26,ROBOT_03,59.02,10.152,2.87,47.094,40.34,48,정상
2026-07-30 11:46:26,ROBOT_04,65.29,13.519,4.295,44.84,44.91,29,주의
2026-07-30 12:39:27,ROBOT_01,56.96,10.562,2.669,46.679,38.46,43,정상
2026-07-30 12:39:27,ROBOT_02,57.73,10.673,2.888,47.106,41.89,36,정상
2026-07-30 12:39:27,ROBOT_03,59.31,10.039,2.956,47.04,39.09,48,정상
2026-07-30 12:39:27,ROBOT_04,58.56,10.779,2.195,46.844,39.19,29,정상
2026-07-30 13:32:28,ROBOT_01,58.76,9.956,2.855,46.8,37.54,43,정상
2026-07-30 13:32:28,ROBOT_02,56.9,12.015,2.713,46.78,39.43,36,정상
2026-07-30 13:32:28,ROBOT_03,61.61,10.636,2.567,46.676,39.81,48,정상
2026-07-30 13:32:28,ROBOT_04,60.34,11.003,2.814,46.524,39.51,29,주의
2026-07-30 14:25:28,ROBOT_01,58.98,10.97,2.734,47.171,39.85,43,정상
2026-07-30 14:25:28,ROBOT_02,56.67,10.433,2.295,46.877,37.7,36,정상
2026-07-30 14:25:28,ROBOT_03,60.28,11.158,3.402,46.733,37.45,48,정상
2026-07-30 14:25:28,ROBOT_04,53.85,9.718,2.975,47,38.59,29,정상
2026-07-30 15:18:29,ROBOT_01,59.76,11.579,2.756,46.384,39.93,43,정상
2026-07-30 15:18:29,ROBOT_02,63.03,10.737,2.406,46.309,41.64,36,주의
2026-07-30 15:18:29,ROBOT_03,63.11,12.3,2.563,46.621,41.87,48,정상
2026-07-30 15:18:29,ROBOT_04,54.24,11.231,2.186,46.968,39.98,29,정상
2026-07-30 16:11:30,ROBOT_01,56.11,11.17,3.283,47.287,40.65,43,정상
2026-07-30 16:11:30,ROBOT_02,63.54,11.245,3.582,46.904,42.65,36,주의
2026-07-30 16:11:30,ROBOT_03,59.72,11.184,2.99,46.775,40.3,48,정상
2026-07-30 16:11:30,ROBOT_04,56.92,10.389,2.726,46.592,39.37,29,정상
2026-07-30 17:04:31,ROBOT_01,63.73,12.779,2.894,46.855,40.66,43,정상
2026-07-30 17:04:31,ROBOT_02,58.27,11.473,2.699,46.749,39.5,36,정상
2026-07-30 17:04:31,ROBOT_03,60.84,12.552,2.888,47.183,40.26,48,정상
2026-07-30 17:04:31,ROBOT_04,58.6,10.96,2.474,46.789,39.52,29,정상
2026-07-30 17:57:32,ROBOT_01,64.16,11.147,2.803,45.946,43.29,43,주의
2026-07-30 17:57:32,ROBOT_02,54.64,10.553,2.407,47.279,40.2,36,정상
2026-07-30 17:57:32,ROBOT_03,59.45,12.473,3.642,46.98,41.94,48,주의
2026-07-30 17:57:32,ROBOT_04,56.1,10.802,2.361,45.99,39.23,29,정상
2026-07-30 18:50:32,ROBOT_01,58.32,10.945,2.376,46.475,37.82,43,주의
2026-07-30 18:50:32,ROBOT_02,64.28,11.309,2.483,46.138,37.8,36,주의
2026-07-30 18:50:32,ROBOT_03,62.14,11.151,3.222,46.911,43.21,48,정상
2026-07-30 18:50:32,ROBOT_04,54.29,11.084,2.348,46.741,41.64,29,정상
2026-07-30 19:43:33,ROBOT_01,63.73,11.595,2.891,46.82,40.02,43,주의
2026-07-30 19:43:33,ROBOT_02,59.16,10.605,2.641,46.524,38.72,36,정상
2026-07-30 19:43:33,ROBOT_03,62.37,11.45,2.725,46.448,40.64,48,정상
2026-07-30 19:43:33,ROBOT_04,54.96,11.702,2.623,46.538,38.81,29,정상
2026-07-30 20:36:34,ROBOT_01,59.42,11.966,3.026,47.248,42.84,43,정상
2026-07-30 20:36:34,ROBOT_02,60.96,12.184,2.707,46.359,43.43,36,정상
2026-07-30 20:36:34,ROBOT_03,63.71,12.646,2.974,47.926,39.25,48,정상
2026-07-30 20:36:34,ROBOT_04,57.43,10.173,2.625,46.562,43.36,29,정상
2026-07-30 21:29:35,ROBOT_01,58.5,9.662,2.579,46.116,40.84,43,정상
2026-07-30 21:29:35,ROBOT_02,62.02,11.029,2.213,45.514,41.41,36,주의
2026-07-30 21:29:35,ROBOT_03,66.17,12.855,3.13,47.327,40.71,48,주의
2026-07-30 21:29:35,ROBOT_04,57.92,10.156,2.248,46.67,41.2,29,정상
2026-07-30 22:22:36,ROBOT_01,56.88,9.761,2.922,46.592,36.05,43,정상
2026-07-30 22:22:36,ROBOT_02,58.05,11.207,2.629,45.959,37.55,36,정상
2026-07-30 22:22:36,ROBOT_03,58.72,12.225,2.923,47.043,39.93,48,주의
2026-07-30 22:22:36,ROBOT_04,56.95,11.667,2.601,46.162,39.58,29,정상
2026-07-30 23:15:36,ROBOT_01,60.24,10.734,3.062,47.022,40.21,43,주의
2026-07-30 23:15:36,ROBOT_02,58.83,11.396,2.454,46.61,40.2,36,주의
2026-07-30 23:15:36,ROBOT_03,60.28,9.834,2.745,47.236,40.43,48,정상
2026-07-30 23:15:36,ROBOT_04,54.5,9.753,2.511,48.116,36.43,29,정상
2026-07-31 00:08:37,ROBOT_01,56.32,11.134,2.611,46.521,36.42,44,정상
2026-07-31 00:08:37,ROBOT_02,57.87,10.783,2.106,46.509,40.24,37,정상
2026-07-31 00:08:37,ROBOT_03,61.19,11.52,3.22,46.798,41.68,49,주의
2026-07-31 00:08:37,ROBOT_04,56.67,10.438,2.688,45.247,41.33,30,정상
2026-07-31 01:01:38,ROBOT_01,58.86,11.511,2.812,46.066,39.7,44,정상
2026-07-31 01:01:38,ROBOT_02,56.52,11.252,2.867,46.315,38.42,37,정상
2026-07-31 01:01:38,ROBOT_03,57.08,10.78,2.92,46.894,39.18,49,정상
2026-07-31 01:01:38,ROBOT_04,60.53,10.758,2.496,47.254,38.64,30,정상
2026-07-31 01:54:39,ROBOT_01,60.28,10.961,2.895,47.187,38.73,44,정상
2026-07-31 01:54:39,ROBOT_02,55.73,8.637,2.774,47.63,38.19,37,정상
2026-07-31 01:54:39,ROBOT_03,61.37,11.761,2.791,46.332,39.31,49,주의
2026-07-31 01:54:39,ROBOT_04,57.44,10.57,2.43,47.519,41.81,30,정상
2026-07-31 02:47:39,ROBOT_01,58.36,11.715,2.92,47.808,38.33,44,정상
2026-07-31 02:47:39,ROBOT_02,59.6,10.522,2.635,47.046,36.88,37,정상
2026-07-31 02:47:39,ROBOT_03,53.52,9.792,3.334,47.289,37.74,49,정상
2026-07-31 02:47:39,ROBOT_04,55.67,10.122,2.687,47.866,35.23,30,정상
2026-07-31 03:40:40,ROBOT_01,57.07,10.004,2.64,47.364,37.92,44,정상
2026-07-31 03:40:40,ROBOT_02,59.03,11.124,2.919,46.665,38.95,37,정상
2026-07-31 03:40:40,ROBOT_03,55.71,10.643,3.492,47.33,38.95,49,정상
2026-07-31 03:40:40,ROBOT_04,60.23,10.41,2.572,46.178,36.84,30,정상
2026-07-31 04:33:41,ROBOT_01,52.89,9.644,2.851,47.176,35.87,44,정상
2026-07-31 04:33:41,ROBOT_02,57.95,11.317,2.642,46.679,35.71,37,주의
2026-07-31 04:33:41,ROBOT_03,55.45,11.594,2.753,47.095,35.55,49,정상
2026-07-31 04:33:41,ROBOT_04,55.67,10.921,2.718,47.411,41.08,30,정상
2026-07-31 05:26:42,ROBOT_01,50.47,10.928,2.678,46.233,40.61,44,정상
2026-07-31 05:26:42,ROBOT_02,57.82,10.465,2.617,47.053,39.19,37,정상
2026-07-31 05:26:42,ROBOT_03,53.52,10.246,2.756,48.186,35.07,49,정상
2026-07-31 05:26:42,ROBOT_04,53.73,10.54,2.924,47.3,36.38,30,정상
2026-07-31 06:19:43,ROBOT_01,51.25,10.141,2.444,46.416,38.81,44,정상
2026-07-31 06:19:43,ROBOT_02,56.24,10.494,2.864,47.203,38.39,37,정상
2026-07-31 06:19:43,ROBOT_03,53.07,9.128,3.156,47.121,38.46,49,정상
2026-07-31 06:19:43,ROBOT_04,57.93,9.583,2.46,47.137,36.91,30,정상
2026-07-31 07:12:43,ROBOT_01,55.96,10.423,2.714,47.227,36.15,44,정상
2026-07-31 07:12:43,ROBOT_02,57.12,9.671,2.555,46.461,38.36,37,정상
2026-07-31 07:12:43,ROBOT_03,57.09,11.031,2.516,46.877,38.13,49,주의
2026-07-31 07:12:43,ROBOT_04,55.48,9.834,2.588,46.58,38.39,30,정상
2026-07-31 08:05:44,ROBOT_01,57.52,11.213,2.662,47.408,38.95,44,정상
2026-07-31 08:05:44,ROBOT_02,56,10.828,2.669,47.58,34.27,37,정상
2026-07-31 08:05:44,ROBOT_03,58.06,12.204,3.161,46.896,42.02,49,정상
2026-07-31 08:05:44,ROBOT_04,52.34,9.234,2.008,47.194,35.82,30,정상
2026-07-31 08:58:45,ROBOT_01,57.12,10.925,2.942,47.961,37.74,44,정상
2026-07-31 08:58:45,ROBOT_02,55.25,11.085,2.984,46.902,38.19,37,정상
2026-07-31 08:58:45,ROBOT_03,55.49,11.079,2.762,46.611,40.7,49,정상
2026-07-31 08:58:45,ROBOT_04,59.51,9.875,2.484,47.243,37.52,30,정상
2026-07-31 09:51:46,ROBOT_01,58.33,11.058,2.976,47.011,39.21,44,주의
2026-07-31 09:51:46,ROBOT_02,56.67,10.217,2.807,47.332,36.76,37,정상
2026-07-31 09:51:46,ROBOT_03,53.86,9.759,2.35,47.622,33.99,49,정상
2026-07-31 09:51:46,ROBOT_04,52.52,10.497,2.587,47.458,38.09,30,정상
2026-07-31 10:44:47,ROBOT_01,57.29,10.517,2.252,46.998,40.13,44,정상
2026-07-31 10:44:47,ROBOT_02,58.67,10.609,2.295,46.535,39.95,37,정상
2026-07-31 10:44:47,ROBOT_03,57.94,11.792,3.084,46.965,39.24,49,주의
2026-07-31 10:44:47,ROBOT_04,60.73,9.903,2.61,46.337,37.13,30,정상
2026-07-31 11:37:47,ROBOT_01,59.72,10.857,2.53,47.706,37.13,44,주의
2026-07-31 11:37:47,ROBOT_02,61.92,10.435,2.825,46.676,38.98,37,주의
2026-07-31 11:37:47,ROBOT_03,57.28,11.152,3.186,47.24,36.4,49,정상
2026-07-31 11:37:47,ROBOT_04,52.01,8.834,2.513,47.151,36.3,30,정상
2026-07-31 12:30:48,ROBOT_01,57.4,11.855,2.757,47.09,38.09,44,주의
2026-07-31 12:30:48,ROBOT_02,56.63,10.302,2.959,46.608,41.2,37,정상
2026-07-31 12:30:48,ROBOT_03,54.51,10.952,2.586,46.519,40.87,49,정상
2026-07-31 12:30:48,ROBOT_04,58.79,10.571,2.485,46.43,39.11,30,정상
2026-07-31 13:23:49,ROBOT_01,59.74,11.914,2.695,46.903,40.81,44,정상
2026-07-31 13:23:49,ROBOT_02,62.27,10.145,2.867,46.417,42.21,37,주의
2026-07-31 13:23:49,ROBOT_03,58.3,10.758,2.929,47.067,37.18,49,정상
2026-07-31 13:23:49,ROBOT_04,53.87,10.206,2.087,46.682,40.09,30,정상
2026-07-31 14:16:50,ROBOT_01,61.13,11.754,2.6,46.73,42.72,44,주의
2026-07-31 14:16:50,ROBOT_02,60.12,11.538,3.007,46.841,40.87,37,주의
2026-07-31 14:16:50,ROBOT_03,62.66,11.815,2.873,46.159,43.96,49,주의
2026-07-31 14:16:50,ROBOT_04,59.18,10.705,2.643,46.811,37.39,30,정상
2026-07-31 15:09:51,ROBOT_01,59.54,11.92,3.191,46.26,41.87,44,주의
2026-07-31 15:09:51,ROBOT_02,59.85,12.099,3.008,46.993,37.49,37,주의
2026-07-31 15:09:51,ROBOT_03,53.38,11.066,2.613,46.596,40.17,49,정상
2026-07-31 15:09:51,ROBOT_04,58.06,12.299,2.453,46.31,40.46,30,정상
2026-07-31 16:02:51,ROBOT_01,60.22,11.524,2.935,46.651,42.1,44,주의
2026-07-31 16:02:51,ROBOT_02,59.43,11.982,3.516,47.035,41.2,37,정상
2026-07-31 16:02:51,ROBOT_03,60.57,11.59,2.487,47.296,39.58,49,정상
2026-07-31 16:02:51,ROBOT_04,64.24,11.953,2.768,46.962,40.46,30,주의
2026-07-31 16:55:52,ROBOT_01,62.44,11.31,3.002,46.556,40.69,44,주의
2026-07-31 16:55:52,ROBOT_02,57.17,11.061,2.771,46.838,42.67,37,정상
2026-07-31 16:55:52,ROBOT_03,64.84,13.395,2.568,46.805,39.22,49,주의
2026-07-31 16:55:52,ROBOT_04,61.24,11.057,2.747,46.51,40.19,30,정상
2026-07-31 17:48:53,ROBOT_01,62.65,12.477,2.878,47.144,40.18,44,정상
2026-07-31 17:48:53,ROBOT_02,60.08,10.433,2.544,46.965,40.84,37,정상
2026-07-31 17:48:53,ROBOT_03,61.84,11.608,3.067,46.304,43.73,49,주의
2026-07-31 17:48:53,ROBOT_04,58.13,11.567,2.513,46.499,39.69,30,주의
2026-07-31 18:41:54,ROBOT_01,57.12,11.848,2.461,47.064,41.89,44,정상
2026-07-31 18:41:54,ROBOT_02,61.95,12.495,2.435,46.605,41.44,37,주의
2026-07-31 18:41:54,ROBOT_03,57.72,11.103,2.547,46.865,40.91,49,정상
2026-07-31 18:41:54,ROBOT_04,60.02,11.267,2.739,46.233,38.56,30,정상
2026-07-31 19:34:55,ROBOT_01,61.78,12.003,3.102,47.351,37.49,44,정상
2026-07-31 19:34:55,ROBOT_02,59.6,10.849,2.833,46.11,39.46,37,정상
2026-07-31 19:34:55,ROBOT_03,63.52,12.52,2.985,46.15,42.29,49,주의
2026-07-31 19:34:55,ROBOT_04,59.11,10.272,2.632,47.419,38.15,30,정상
2026-07-31 20:27:55,ROBOT_01,59.27,10.695,2.932,46.515,38.61,44,정상
2026-07-31 20:27:55,ROBOT_02,57.76,11.156,2.835,46.584,41.03,37,정상
2026-07-31 20:27:55,ROBOT_03,59.63,11.635,2.94,46.885,37.49,49,정상
2026-07-31 20:27:55,ROBOT_04,60.52,10.773,2.681,46.273,40.39,30,주의
2026-07-31 21:20:56,ROBOT_01,59.55,12.172,2.752,46.302,40.67,44,주의
2026-07-31 21:20:56,ROBOT_02,58.64,12.683,2.348,46.01,41.23,37,주의
2026-07-31 21:20:56,ROBOT_03,64.32,11.088,3.236,46.366,41.96,49,주의
2026-07-31 21:20:56,ROBOT_04,57.29,10.668,3.029,45.248,41.04,30,정상
2026-07-31 22:13:57,ROBOT_01,63.74,11.246,3.39,46.188,39.78,44,주의
2026-07-31 22:13:57,ROBOT_02,62.55,11.606,2.43,46.979,43.07,37,주의
2026-07-31 22:13:57,ROBOT_03,59.56,12.347,3.008,46.103,42.46,49,주의
2026-07-31 22:13:57,ROBOT_04,56.54,10.704,2.22,46.798,38.25,30,주의
2026-07-31 23:06:58,ROBOT_01,63.45,11.444,2.268,46.926,36.31,44,정상
2026-07-31 23:06:58,ROBOT_02,58.44,11.545,3.055,46.036,39.29,37,정상
2026-07-31 23:06:58,ROBOT_03,61.48,11.603,2.989,46.518,41.82,49,주의
2026-07-31 23:06:58,ROBOT_04,58.25,10.734,2.52,45.956,41.22,30,정상
2026-07-31 23:59:59,ROBOT_01,64.27,11.121,2.577,46.783,39.95,44,정상
2026-07-31 23:59:59,ROBOT_02,62.77,10.855,2.652,46.095,40.08,37,정상
2026-07-31 23:59:59,ROBOT_03,55.22,12.222,2.874,47.278,38.99,49,정상
2026-07-31 23:59:59,ROBOT_04,55.99,10.403,2.918,46.442,38.84,30,정상
